skolkod,andel_med_gr_behorighet
93221031,..
17474377,..
74776778,"96,4"
18345915,"64,4"
68229719,"85,1"
61004230,"85,0"
71262305,"80,2"
55795961,"84,2"
84947634,"52,1"
23517336,"100,0"
48009865,"89,6"
97870412,"26,2"
68564903,"35,7"
82840198,"89,9"
18208087,"52,1"
89982804,"59,4"
19464342,"88,9"
60743463,"85,7"
32960825,"91,8"
43609520,"72,7"
41416934,"37,5"
97968599,"94,1"
21567982,..
91748148,"88,5"
49379603,..
80167319,..
42218661,"84,8"
73171934,..
83474173,..
91487291,..
21866405,..
74434644,"74,2"
42022406,"86,4"
88445871,"10,7"
65192707,"95,7"
18425335,"29,8"
93281974,"62,2"
23424275,"41,7"
43634528,"96,2"
36263479,"95,4"
56679384,"97,4"
30538202,"89,3"
19150273,"90,0"
69018222,"77,6"
25624692,..
88534520,"65,6"
12889940,"92,6"
16554575,"40,7"
34076477,"88,6"
54896448,"100,0"
25356960,"23,0"
64284020,"52,1"
98132436,"22,1"
53400472,"65,0"
60096875,..
97758137,"71,7"
26334561,"85,8"
40386043,"75,2"
29324709,..
26864271,.
59483268,"66,0"
33685428,"78,8"
32879845,"100,0"
88573795,"93,3"
20699742,"96,3"
21663998,"89,0"
20595770,"90,5"
82814120,"92,1"
45164827,"94,9"
10924758,"85,7"
34153869,"88,9"
88259298,"72,7"
73098153,..
44240250,..
17846181,"89,5"
75082798,"65,1"
23555409,"86,1"
91333138,"38,5"
30341162,"77,1"
39936461,"85,2"
72266906,"83,5"
27030026,"90,7"
12154972,"28,2"
16950252,"78,0"
34637764,"62,1"
19912478,"91,7"
73255276,"75,0"
15077883,"55,7"
48434184,"64,2"
58724424,"55,2"
95684185,"97,1"
51138448,"78,6"
19647256,..
56421429,"72,0"
39911065,"85,5"
17008320,"88,7"
56737496,"61,3"
88850910,..
93939982,"65,0"
25720752,"85,3"
55155562,"60,2"
31533003,"89,7"
31429031,"58,1"
16361868,..
23164911,"97,0"
24008049,"71,9"
19981611,"94,7"
54481243,"100,0"
36680097,..
87756916,..
59734510,..
19586169,"41,2"
24273261,"68,6"
95683850,"75,6"
59455288,"52,6"
82163292,"42,6"
25679488,"71,6"
25677996,"78,8"
89888648,"56,6"
90003262,..
88163512,..
35063170,"86,4"
31279294,"62,8"
36782335,"70,8"
23897040,..
20666515,"68,5"
37906565,"52,0"
67279303,"21,7"
21648755,"68,1"
11111710,"74,4"
90551279,"54,0"
93062368,..
69686851,"45,1"
49616977,"74,2"
54965510,"92,7"
90267145,"41,9"
72998905,..
84835666,"78,2"
25872338,..
54164490,"72,0"
69481650,"63,2"
20319353,"73,5"
92194545,"98,4"
88153340,..
94353434,..
59396229,"25,8"
95165649,"43,1"
64740897,..
78979604,..
69626109,"44,2"
10974852,..
85068812,"63,6"
78397312,"97,4"
36444853,"77,5"
15414001,.
38311488,..
16819383,..
89837629,"84,5"
12994441,"70,8"
53660780,"83,8"
88774402,"98,9"
75141151,"64,6"
61701709,"96,6"
61469192,"93,7"
84306392,"98,9"
28627819,"89,3"
30086854,"50,0"
26627862,"97,9"
48847282,"86,7"
72517762,..
79094701,"92,7"
38684438,"77,8"
31251822,"85,7"
90099336,..
96590873,"61,2"
35647481,"85,1"
39549479,"81,0"
73147554,"100,0"
65752105,..
69983740,"100,0"
66491596,"100,0"
12052268,"78,9"
71597051,"100,0"
53231578,"97,9"
11274830,"41,7"
51321260,..
96279444,"86,1"
40690520,"100,0"
61880907,..
91011325,"86,7"
97382366,"87,2"
35006050,"68,2"
88886610,..
10638939,"31,5"
21505555,"98,3"
34336190,"100,0"
21052710,"98,3"
88556189,..
35236491,"67,2"
69739484,"77,5"
92887917,"94,7"
88834120,"92,0"
70066748,"85,9"
19207279,"99,4"
53640774,"94,2"
58502307,"100,0"
97177328,"46,9"
72127035,"69,7"
70969714,"52,8"
85003442,"43,2"
22752398,"49,1"
68734112,"95,0"
71922787,"86,8"
31843016,..
74148070,"81,4"
50696507,"48,1"
92507006,"97,0"
44653962,"80,3"
20100577,"87,2"
81993306,"62,8"
19051089,"97,2"
29097621,..
47264019,"96,8"
87764775,..
50198492,"90,9"
48438396,"53,7"
98052678,"89,3"
20099064,"92,5"
44341171,"41,4"
32671805,"46,8"
38448056,"73,3"
16313848,"60,0"
79606767,"51,5"
11294673,"63,5"
86327236,"65,6"
41745951,"100,0"
83137205,"88,4"
28398531,"49,3"
66335258,"58,8"
54172830,"78,4"
86310217,..
83085136,"94,2"
75458014,"88,5"
65136104,..
61826221,.
79033948,"81,5"
56330385,"67,2"
20228162,"100,0"
68240485,"100,0"
95046058,"94,7"
44392995,"67,3"
53462953,"91,3"
69241230,..
60730660,"100,0"
85544331,"86,2"
80327946,"17,4"
82592568,"86,7"
78875918,"81,1"
78023197,"50,0"
86385479,"63,2"
40991561,..
49862313,"76,2"
99838438,"76,1"
42859669,"69,0"
70923626,..
92905347,"21,7"
99592025,"93,6"
34247736,"87,3"
47550455,"62,3"
30329172,"58,3"
76877530,"70,6"
47046103,"50,0"
56664512,.
38167912,"93,3"
43826783,..
58125096,"80,6"
82914148,..
20620556,"72,4"
77839100,..
17173461,"53,6"
55535552,.
19560192,"59,6"
30468157,"91,0"
98053087,"28,4"
92533079,"95,9"
61528940,"94,8"
23681822,"94,4"
66861851,"92,9"
72206824,"94,3"
92858957,"86,5"
46660042,"23,4"
86296935,..
44113417,"79,1"
67783774,..
38917647,..
21363125,.
39555838,"73,9"
85214294,"64,3"
82084961,"58,0"
46162400,"37,8"
98369689,..
56529916,"36,7"
40810950,..
67279263,"91,9"
40037982,"46,7"
51210136,"97,5"
73829818,"86,2"
54395430,.
18881773,..
50908408,"90,9"
18594470,"89,5"
78295411,"78,2"
80686587,"82,0"
72232853,"93,8"
12279302,"69,1"
17849518,..
64205087,"89,1"
50500028,"89,3"
94570025,..
91984508,"72,1"
78659008,"30,6"
12448823,..
40667807,"66,1"
18091973,"50,0"
88466776,"97,8"
36539945,..
40634612,"66,7"
62439199,..
66132676,"63,2"
57942242,"89,7"
80762863,"39,7"
77688926,"82,4"
14508922,"90,7"
69629086,..
88624631,..
35390185,..
37358234,"59,3"
31657916,..
21008461,"98,3"
54606928,"90,2"
53893730,"88,1"
46241804,.
42573391,"79,2"
64574972,"81,5"
19741742,"60,5"
29032715,"71,1"
45830583,"100,0"
48931433,"81,1"
97270136,..
19909435,"50,7"
30530571,"83,1"
78839208,"98,5"
96024712,"78,1"
30458073,..
40829056,..
85800840,"59,3"
68920727,"85,7"
27115998,"80,7"
41867682,"61,5"
79516949,"90,3"
65662401,"42,1"
39583059,"24,5"
38645259,..
96684210,"95,4"
87207941,"83,1"
11673760,"71,2"
46574937,"93,8"
23836342,"87,9"
63791419,"61,1"
39805497,"48,6"
38400227,"47,0"
81619482,"98,4"
83829189,..
46145886,"29,3"
12395564,"100,0"
90006712,"100,0"
43649848,"75,0"
75344502,..
84247499,..
27041885,"42,1"
39149668,"95,8"
97064126,..
32580162,"65,2"
38233622,"87,5"
48722826,"54,2"
73063662,"71,4"
40766349,"89,7"
71571158,..
53691739,"73,3"
43251309,"100,0"
97596286,"31,0"
67554405,"73,0"
86473502,..
73944169,"96,0"
98239050,"82,9"
94455820,..
58368956,"35,7"
73567152,..
61547652,"41,7"
60209222,..
62104139,"85,7"
87034307,"90,8"
78872213,"84,8"
84286698,..
62490359,..
64725297,..
43362941,..
23350817,..
76860623,"95,3"
58191646,"89,4"
80405898,"95,2"
56021320,"90,0"
41358402,..
63179610,"73,9"
64569393,"61,4"
87262566,..
64160122,"100,0"
48217580,"93,0"
41844601,"23,3"
51620045,"76,9"
86888278,"78,9"
23457902,..
27597104,"78,3"
57397381,"66,7"
56947954,"58,0"
72022487,"55,6"
71512894,"91,9"
70969556,..
28248021,"62,3"
44417214,"72,3"
25025681,"76,5"
88776535,"89,3"
49488344,"75,6"
74408578,"67,5"
71043974,"90,7"
57777751,..
38732602,"91,7"
89807183,"93,9"
86724994,"28,9"
61161774,"93,4"
86158933,"70,7"
14102256,"71,3"
75082280,..
75914181,"82,3"
39302565,"23,3"
96818167,"94,1"
36072799,..
61432781,..
78287294,..
74316305,..
39096170,..
79527481,"89,6"
67300857,"90,9"
99279503,"75,7"
63653488,..
84476205,"95,6"
24544503,"90,4"
25392789,"96,5"
72109637,.
69240218,"89,5"
14057258,..
38460895,"66,7"
31199511,"91,1"
12934438,"96,5"
43313366,"78,2"
86787111,"94,3"
97868185,"100,0"
81551726,..
77823650,"63,2"
37550979,"75,0"
52634142,"28,0"
76195214,..
54839753,..
32705515,"29,1"
60214465,"54,1"
70137084,"36,4"
82002016,"79,1"
21901328,..
23306658,"59,7"
57350392,..
97535124,"100,0"
11102578,"93,1"
69306209,"57,0"
92651253,..
31740319,"67,6"
10129345,"98,9"
17944628,"87,7"
82826083,"56,3"
94468610,"91,9"
94090461,"87,6"
12954099,"83,3"
80931789,"85,8"
84098842,"65,5"
90473340,"74,2"
26167236,"26,8"
69807202,"85,1"
64648904,"86,3"
75939593,"94,2"
63035915,"25,2"
26324896,"73,9"
56639389,"98,5"
95700485,"95,2"
51449748,"90,1"
28267726,"94,0"
28848709,..
12613085,"66,0"
53896162,"93,7"
17779637,"85,1"
11185244,"31,4"
56211717,"50,0"
66824652,"80,9"
49168016,"62,1"
32042066,"48,1"
50821167,..
71929526,"93,5"
92814975,"30,0"
60873719,"96,3"
28085125,"87,5"
28770304,..
21938183,"94,2"
78986228,.
71472793,"93,5"
64123241,..
69063711,"81,4"
77609073,"25,0"
35894996,"72,2"
12926770,"86,8"
17119840,..
68748767,"31,9"
23548714,"69,8"
48593439,"70,0"
91773491,"65,7"
30361243,"91,6"
25596917,"89,8"
65722876,"92,7"
20984584,..
52129378,"68,5"
65381163,"74,3"
98541468,.
31155312,"46,0"
25648215,"20,8"
61823258,..
84424083,"97,7"
39178171,"69,0"
49231191,"89,4"
78231062,"99,2"
79994304,..
10481541,"87,7"
68006362,"37,7"
11608031,"19,6"
86762103,"39,3"
68381790,"68,7"
13006857,"71,7"
76007769,..
16956086,"73,5"
58187973,"85,0"
88894245,"52,4"
31870541,"94,7"
71160225,"60,0"
67752682,"37,5"
47884009,"38,7"
44672598,"84,9"
75340089,..
36670439,..
22220001,"27,1"
31822012,"83,2"
83161201,"91,4"
15100079,.
55421481,..
99356671,..
16702464,"78,3"
71353314,..
29449669,"89,8"
62855448,"88,9"
36252055,"83,2"
91812793,"94,0"
14355031,"82,2"
72891848,..
46611859,"91,1"
58907711,"100,0"
68285560,"96,0"
58544422,"92,8"
65150019,"91,7"
31796890,..
22426680,..
83805032,.
48862305,..
32887559,..
71541108,"65,0"
53832505,"61,0"
47537928,"75,9"
69471748,"53,0"
49750031,"98,0"
76485705,"98,2"
93239262,"78,9"
25745773,"50,7"
99976753,"87,1"
14278480,..
75575321,"97,7"
28023078,"64,6"
43284031,"71,1"
13963517,..
24194577,..
26267406,"45,8"
31255918,"39,7"
51955293,"87,4"
57690933,"95,8"
35035671,.
12130801,"78,0"
51736304,"65,6"
53180719,"14,9"
27489137,"85,2"
15609112,"50,0"
44285075,"82,9"
60424371,"47,1"
95785055,"100,0"
68655578,"51,2"
17062663,"29,1"
68741484,"74,6"
56267421,..
34990065,"28,6"
37054246,"58,3"
39199869,"93,7"
62216381,"24,5"
31179045,"70,8"
72421673,"81,4"
15763669,..
59655752,"82,7"
88750078,"38,8"
41878314,..
41555549,"76,8"
32003298,"50,0"
22383788,"87,0"
85459854,"65,0"
81876614,"86,2"
18711877,"75,0"
67071618,"71,6"
75324351,"54,3"
61229217,"52,8"
58929357,"91,7"
42517257,..
70376604,"87,9"
59575030,"92,9"
93503103,.
18617410,"85,1"
41697930,"40,5"
28025244,"62,2"
17184072,.
40338843,"86,7"
77440824,"70,9"
71069359,"64,7"
86896907,..
14292382,"38,2"
51981332,"100,0"
87859089,"78,0"
54764253,"34,0"
98908403,"71,8"
16493131,"54,6"
41119610,"98,2"
83272868,"96,3"
11526364,"96,2"
48304166,"40,4"
24982097,..
45552626,"82,5"
50906954,.
97104132,..
16748680,"87,9"
68597767,..
27964873,..
30706655,..
65674821,"67,7"
92332557,"88,0"
46332927,"32,4"
78690637,"67,3"
24653673,..
38048202,"75,6"
90990441,..
86319615,..
87303004,"35,1"
97835550,..
22446331,..
26671095,"53,1"
42911621,..
40575001,"29,8"
75027822,"62,5"
26508763,"58,4"
14504503,"46,2"
21850904,"100,0"
65320354,"100,0"
77544055,"86,7"
49112879,"88,0"
30279258,"94,4"
16198647,"52,8"
12496135,..
76903284,"50,0"
68649663,"64,9"
43623146,..
49141105,"71,2"
15870428,"62,7"
26646080,"91,2"
26750052,"82,4"
18974693,"92,5"
26996566,..
27704246,"90,9"
81997762,"37,7"
28967085,..
69747871,..
70119254,..
31151740,"81,0"
79346084,"75,0"
34222422,..
84230226,..
42060237,..
89816391,"69,4"
14448619,"67,5"
12546590,"79,7"
43565270,"80,2"
77176811,"93,5"
52791537,"97,6"
85152591,"100,0"
85819857,"100,0"
40600798,"96,2"
52942981,"91,8"
54117171,"95,2"
48120273,"97,3"
33233228,..
94167577,"61,5"
27023528,"61,7"
53903798,"51,9"
85782695,..
98815582,"56,0"
97770837,"83,8"
21312503,"84,6"
69650864,"100,0"
59581397,"95,8"
14926020,..
41938272,"96,2"
29423248,"97,0"
76054399,"93,9"
33132452,"51,6"
56942970,..
60142020,..
70811222,"100,0"
17911161,"59,0"
35084976,"88,0"
25525759,.
77632411,"95,9"
56653353,"56,3"
49068301,"76,8"
59898194,"82,4"
38195284,"89,9"
97510495,"91,3"
89461767,"86,7"
94717858,"90,8"
53760158,"100,0"
78422467,"94,6"
37802196,..
38683336,..
36288955,"98,4"
74812809,"97,8"
88839172,"98,7"
48412612,"88,6"
95618280,"67,0"
75075402,"89,5"
26326048,"76,7"
37839488,"78,0"
46256929,"92,1"
83374651,"100,0"
59796774,"100,0"
17675502,"31,6"
75600007,"74,3"
73812226,"77,1"
30762346,..
82964090,"98,8"
88955893,"97,6"
15278518,"77,8"
15390992,"91,1"
63943560,"57,4"
85516596,"55,1"
31998226,..
38236800,..
16784385,"87,5"
59026584,"42,7"
79829846,"47,6"
89963319,..
24339566,"95,8"
20061769,..
65458415,..
95154882,"71,4"
52333875,"72,2"
24663703,..
28519815,"74,5"
65666808,"18,7"
69543519,"59,3"
24397215,"31,8"
30677562,"32,5"
85054102,..
87274273,..
89693952,.
24759907,"56,4"
78433202,"84,7"
41631104,..
35366805,"85,7"
31315191,"91,7"
80357110,..
42775003,"99,3"
56670842,"100,0"
89370947,"97,5"
18451445,..
48555205,"86,9"
31313926,"72,4"
30312720,"92,6"
32116280,"92,2"
57143976,"86,0"
93367005,"60,6"
53175499,"100,0"
64388538,"100,0"
52153758,"100,0"
16501673,"55,3"
26298615,..
22116645,"95,2"
99755443,"97,0"
30167976,"88,4"
50104466,"70,0"
28004794,..
32071849,"99,0"
79845033,"73,3"
41099519,"68,0"
59386837,"45,9"
21627442,"38,2"
17276047,"69,8"
73217812,..
21382451,"90,7"
48244956,"74,5"
36769815,"92,6"
16931486,..
92489953,"70,4"
43873969,"93,5"
55825382,"72,4"
19306558,"80,0"
35301145,"87,5"
24993048,"76,0"
70132092,"27,1"
65034473,.
13084253,"62,7"
32321364,..
59942080,"72,5"
66273269,"62,5"
82888663,..
11275959,"31,8"
58518163,"67,5"
50615280,"77,8"
19035583,..
27993549,"31,5"
37912396,"81,8"
45593337,"85,5"
90312942,"23,8"
10226870,"95,0"
19839859,"46,2"
80280597,..
67628478,"100,0"
37517404,"58,8"
29159460,"52,0"
32057701,"95,7"
43601850,..
30615080,"69,0"
89630851,"65,1"
25178582,"87,0"
70543431,"100,0"
23476801,..
86351879,"62,1"
56041144,"84,9"
14586562,..
74322969,"48,2"
90260899,"70,4"
69302313,..
31057219,"42,3"
27079521,"72,4"
33572033,"85,4"
64579522,"71,0"
65234368,"71,4"
34381901,"53,5"
55150847,"93,0"
90076461,"91,8"
96414537,..
53069733,"87,8"
99394620,"97,9"
95368476,"83,0"
14853321,"78,4"
76448076,"37,8"
31537066,"70,0"
86488203,"67,6"
25156286,"80,0"
28081446,"96,7"
21400668,"92,9"
92949043,"76,6"
92818240,"53,7"
84329061,"70,3"
71969230,"47,6"
91048178,"32,6"
82718660,"100,0"
76942525,"42,3"
12399380,"100,0"
31486865,"98,0"
97265732,"98,1"
10373112,..
61720981,"80,1"
25698509,..
50424828,"61,8"
82931004,"64,3"
83584125,"76,5"
95024660,"90,3"
32263814,"94,7"
16496466,..
12075195,..
62300682,..
47393891,"89,3"
48414975,"100,0"
65265211,..
11533776,"82,7"
47108751,..
97191332,"69,0"
71938440,..
28829503,"91,1"
22811839,..
33205596,..
99622695,..
19930101,..
60727136,..
45132264,..
61647360,..
98651664,"98,7"
33657492,"74,5"
61622991,..
66644568,"44,4"
93659517,"21,1"
79309485,"98,9"
61175914,..
73316818,"31,3"
37078868,..
27859889,.
16130958,"95,7"
29161632,.
82195565,"97,6"
33596572,"97,3"
45541222,..
77713695,"97,5"
63451147,..
51131594,"85,7"
89680395,"100,0"
53696633,"100,0"
27440210,"89,6"
62758285,"100,0"
16218090,"100,0"
61197669,..
64667996,"97,2"
17812651,"71,4"
23544320,"100,0"
57668673,"70,5"
69040241,"78,9"
63993414,"100,0"
49136871,..
91905819,..
20855811,"72,1"
54882637,"62,5"
53923398,"53,9"
74560191,"100,0"
47844862,"88,6"
22239675,"66,7"
72984079,"66,9"
36480690,"64,5"
24787883,..
32995170,"86,1"
52048443,"88,4"
61674097,"93,4"
32550660,"97,0"
93488613,"82,4"
45600034,"100,0"
59599256,"92,5"
69865450,..
31112935,..
26957025,"96,2"
90509211,"74,0"
43277545,"69,6"
37316242,"23,0"
20173336,"25,8"
49872493,"69,0"
39147056,"24,5"
11953769,..
28646435,..
50393060,"77,6"
85788659,"37,8"
95340745,"54,5"
59521477,"46,5"
92442684,"45,0"
66095163,"80,4"
38544187,..
54599691,"77,5"
54004368,"94,7"
54467211,"48,9"
23517683,"73,7"
31975673,"95,1"
82251333,"48,6"
99864908,"81,1"
27106031,"76,1"
59463950,"69,7"
63931325,"43,4"
57391913,"77,3"
75374280,"42,6"
46148350,"66,7"
50133877,"76,1"
49868916,"89,2"
74919147,"88,7"
90240730,..
84908877,..
78389879,"88,0"
24277564,"45,7"
88956420,..
44412461,"97,3"
34002355,..
36355200,"76,5"
96920524,"79,7"
18217765,"84,0"
60919765,..
14677676,"45,5"
96152872,..
77835341,..
70803636,"83,1"
49576295,"100,0"
66028861,"100,0"
23797825,"60,8"
45293715,"78,8"
44738639,..
77712952,"67,7"
92009807,..
10433896,"91,5"
10342448,..
43154449,"76,3"
49170638,"79,1"
46379730,"97,4"
25379974,"81,8"
98032567,..
96194948,"37,0"
25955541,"75,0"
88025221,"90,0"
18042101,"96,5"
14799321,..
56041699,"38,2"
45111086,"100,0"
70955448,"94,1"
68824244,"69,9"
90685868,"52,5"
24501884,"58,1"
46707989,"92,0"
46986216,"89,4"
67924816,"93,7"
92805465,"87,4"
56084099,..
80711021,"49,5"
17648596,"40,0"
16720048,"60,6"
13960635,"93,7"
39341381,..
61176909,"100,0"
43479922,"95,5"
60088179,"44,3"
28391147,"63,0"
29209307,..
21778322,"92,4"
31380193,..
90290154,"33,3"
25847233,"32,4"
62612992,"85,7"
85485803,"85,9"
92816527,"11,6"
16848652,"95,2"
88429477,"95,8"
94975733,"69,7"
56802300,"76,2"
15149235,"78,5"
77379848,..
13981977,"55,6"
24538846,"74,3"
36886750,..
67422309,"28,6"
67058407,"78,6"
34421265,..
15791044,"77,5"
65392939,"95,5"
98696836,"81,6"
82160887,"50,0"
23175129,.
64908550,"96,8"
77358716,"91,5"
49739986,"89,0"
29225010,"54,9"
92192566,"78,2"
56886667,"96,1"
33249781,"28,8"
64648566,"65,8"
18691102,.
70302356,..
65421426,"84,9"
62394916,"100,0"
67908927,"87,5"
72071234,"99,4"
24349146,"55,9"
83605345,"47,6"
15933512,"67,4"
12198363,..
47692481,"28,3"
64693272,"66,7"
18072172,..
65833454,"96,2"
85188855,..
11341077,"93,5"
39528347,..
34988313,"95,5"
85473846,"16,2"
29744774,.
89690587,"40,4"
28045567,"98,1"
20768651,"75,4"
32239920,"38,5"
98781765,..
38880984,"89,6"
28872974,"78,4"
87112995,"46,4"
18686599,"89,1"
93779220,"83,3"
77797484,"92,6"
53279140,"40,4"
80785976,"58,9"
47559319,"94,1"
21532545,"91,3"
56187883,"35,3"
20752831,"79,5"
51023367,"43,5"
34739511,"100,0"
95069937,"61,1"
52690153,"68,8"
74776778,"96,4"
18345915,"98,0"
68229719,"98,3"
61004230,"89,8"
71262305,"94,1"
55795961,"100,0"
84947634,"100,0"
23517336,"100,0"
48009865,"89,6"
82840198,"100,0"
18208087,"90,0"
89982804,..
19464342,"100,0"
60743463,"100,0"
32960825,"93,4"
43609520,"93,3"
97968599,"94,1"
91748148,"88,5"
42218661,"84,8"
74434644,"87,5"
42022406,"91,1"
65192707,"95,7"
43634528,"96,2"
36263479,"95,4"
56679384,"97,4"
30538202,"89,3"
19150273,"90,9"
69018222,"77,6"
12889940,"92,6"
16554575,.
34076477,"88,6"
54896448,"100,0"
64284020,..
53400472,"65,0"
97758137,"71,7"
26334561,"89,9"
40386043,"85,8"
59483268,"79,5"
33685428,"94,4"
32879845,"100,0"
88573795,..
20699742,"96,3"
21663998,"89,0"
20595770,"90,5"
82814120,"100,0"
45164827,"94,9"
10924758,"94,6"
34153869,"97,2"
88259298,"80,0"
17846181,"91,2"
75082798,"89,7"
23555409,"97,5"
30341162,"86,2"
72266906,"84,9"
27030026,"91,3"
16950252,"96,9"
34637764,"89,0"
19912478,"91,7"
15077883,"87,8"
48434184,"91,8"
58724424,"85,7"
95684185,"97,1"
51138448,"85,0"
56421429,"100,0"
39911065,"91,2"
17008320,"96,9"
56737496,"86,8"
93939982,"95,5"
25720752,"93,9"
55155562,"83,7"
31533003,"97,8"
16361868,.
23164911,"97,0"
24008049,"98,4"
19981611,"94,7"
54481243,"100,0"
36680097,..
19586169,"83,3"
24273261,"100,0"
95683850,"98,5"
59455288,"85,7"
25679488,"90,8"
25677996,"91,2"
89888648,"89,4"
35063170,"94,1"
31279294,"76,9"
36782335,"96,0"
23897040,..
20666515,"100,0"
37906565,..
67279303,..
21648755,"84,8"
11111710,..
90551279,"89,2"
69686851,..
49616977,"84,9"
54965510,"92,7"
84835666,"78,2"
25872338,..
54164490,"72,0"
20319353,"73,5"
92194545,"98,4"
64740897,..
78979604,..
10974852,..
85068812,"68,0"
78397312,"97,4"
36444853,"82,9"
16819383,..
89837629,"84,5"
12994441,"79,6"
88774402,"98,9"
75141151,"64,6"
61701709,"96,6"
61469192,"93,7"
84306392,"98,9"
28627819,"89,3"
30086854,.
26627862,"97,9"
48847282,"86,7"
72517762,..
79094701,"100,0"
38684438,"86,4"
31251822,"85,7"
90099336,..
35647481,"85,1"
39549479,"81,0"
73147554,"100,0"
69983740,"100,0"
66491596,"100,0"
12052268,"78,9"
71597051,"100,0"
53231578,"97,9"
96279444,"83,6"
40690520,"100,0"
91011325,"86,7"
97382366,"87,2"
35006050,"84,8"
10638939,"36,4"
21505555,"98,3"
34336190,"100,0"
21052710,"98,3"
69739484,"77,5"
92887917,"94,7"
88834120,"92,0"
70066748,"85,9"
19207279,"99,4"
53640774,"94,2"
58502307,"100,0"
97177328,"68,8"
72127035,"95,5"
70969714,"96,6"
68734112,"95,0"
71922787,"92,9"
74148070,"97,2"
92507006,"97,0"
44653962,"100,0"
20100577,"87,2"
81993306,"88,9"
19051089,"97,2"
47264019,"96,8"
50198492,"90,9"
98052678,"89,4"
20099064,"92,5"
16313848,"77,5"
79606767,"72,1"
11294673,"100,0"
86327236,"100,0"
41745951,"100,0"
83137205,"88,4"
28398531,"81,8"
66335258,"81,0"
54172830,"92,3"
75458014,"88,2"
65136104,..
61826221,.
79033948,"97,2"
56330385,"81,4"
20228162,"100,0"
68240485,"100,0"
95046058,"94,7"
44392995,"88,9"
53462953,"91,3"
60730660,"100,0"
82592568,"86,7"
78875918,"90,2"
86385479,"93,5"
49862313,"76,2"
99838438,"75,0"
42859669,"78,9"
99592025,"98,6"
34247736,"95,2"
47550455,"95,4"
30329172,"100,0"
76877530,"68,8"
47046103,"94,4"
38167912,"94,7"
43826783,..
58125096,"80,6"
82914148,..
20620556,"89,5"
77839100,..
17173461,"83,3"
55535552,.
30468157,"91,0"
92533079,"95,9"
61528940,"94,8"
23681822,"94,4"
66861851,"92,9"
72206824,"94,3"
92858957,"89,9"
86296935,..
44113417,"94,3"
67783774,..
39555838,"85,0"
85214294,"77,8"
82084961,"71,4"
46162400,"94,1"
67279263,"91,9"
51210136,"97,5"
73829818,"98,2"
54395430,.
18881773,..
50908408,"90,9"
18594470,"89,5"
78295411,"78,2"
80686587,"93,1"
72232853,"93,8"
12279302,"76,9"
64205087,"89,1"
50500028,"89,3"
91984508,"97,1"
40667807,"91,9"
18091973,"100,0"
88466776,"97,8"
36539945,..
40634612,"87,8"
66132676,"90,2"
57942242,"89,7"
77688926,"97,7"
14508922,"96,6"
37358234,"92,3"
21008461,"98,3"
54606928,"97,7"
53893730,"88,1"
42573391,..
64574972,"93,2"
19741742,"95,5"
29032715,"87,9"
45830583,"100,0"
48931433,"84,5"
19909435,"96,6"
30530571,"94,6"
78839208,"98,5"
96024712,"95,6"
30458073,..
85800840,"92,7"
68920727,"85,7"
27115998,"92,8"
41867682,"81,3"
79516949,"90,3"
96684210,"95,4"
87207941,"88,9"
11673760,"94,0"
46574937,"93,8"
23836342,"87,9"
63791419,"93,1"
39805497,"86,7"
38400227,"83,7"
81619482,"98,4"
12395564,"100,0"
90006712,"100,0"
39149668,"95,8"
38233622,"87,5"
48722826,"89,7"
73063662,"71,4"
40766349,"89,7"
53691739,"100,0"
43251309,"100,0"
67554405,"98,8"
73944169,"96,0"
98239050,"90,5"
94455820,..
61547652,..
62104139,"86,5"
87034307,"90,8"
78872213,"97,3"
76860623,"100,0"
58191646,"89,4"
80405898,"95,2"
56021320,"94,7"
63179610,"73,9"
64569393,"84,6"
64160122,"100,0"
48217580,"93,0"
51620045,"92,9"
86888278,"78,9"
57397381,"81,5"
56947954,"91,1"
72022487,"91,7"
71512894,"91,9"
28248021,"82,6"
44417214,"94,6"
25025681,"85,5"
88776535,"89,3"
49488344,"91,7"
74408578,"92,3"
71043974,"90,7"
57777751,..
38732602,"91,7"
89807183,"93,9"
61161774,"93,4"
86158933,"92,3"
75914181,"82,2"
39302565,"78,6"
96818167,"94,1"
79527481,"89,6"
67300857,"90,9"
99279503,"83,3"
63653488,..
84476205,"95,6"
24544503,"90,4"
25392789,"96,5"
69240218,"93,2"
38460895,"66,7"
31199511,"91,1"
12934438,"96,5"
43313366,"94,8"
86787111,"94,3"
97868185,"100,0"
77823650,..
37550979,"100,0"
60214465,"76,9"
70137084,"92,9"
82002016,"96,2"
23306658,"100,0"
97535124,"100,0"
11102578,"98,7"
69306209,"89,5"
10129345,"98,9"
17944628,"91,4"
94468610,"91,9"
94090461,"95,9"
12954099,"94,2"
80931789,"95,0"
90473340,"91,7"
69807202,"86,4"
64648904,"100,0"
75939593,"94,2"
26324896,"90,0"
56639389,"98,5"
95700485,"95,2"
51449748,"90,1"
28267726,"94,0"
12613085,"87,5"
53896162,"94,7"
17779637,"85,1"
66824652,"86,2"
49168016,"94,4"
71929526,"93,5"
60873719,"96,3"
28085125,"87,5"
21938183,"94,2"
78986228,.
71472793,"93,5"
69063711,"100,0"
77609073,..
35894996,"76,7"
12926770,"86,8"
68748767,"71,9"
23548714,"69,8"
48593439,"70,0"
91773491,"65,7"
30361243,"91,6"
25596917,"93,7"
65722876,"92,7"
52129378,"85,3"
65381163,"74,3"
31155312,"55,3"
84424083,"97,7"
49231191,"89,4"
78231062,"99,2"
10481541,"87,7"
68381790,"93,2"
13006857,"96,2"
16956086,"90,6"
58187973,"96,6"
88894245,..
31870541,"94,7"
44672598,"95,9"
31822012,"83,2"
83161201,"91,4"
99356671,..
16702464,"100,0"
29449669,"89,8"
62855448,"88,9"
36252055,"95,0"
91812793,"97,8"
14355031,"96,8"
46611859,"91,1"
58907711,"100,0"
68285560,"96,0"
58544422,"92,8"
65150019,"91,7"
71541108,"81,8"
53832505,"61,0"
47537928,"75,9"
69471748,"76,5"
49750031,"98,0"
76485705,"98,2"
93239262,"86,2"
99976753,"88,0"
75575321,"97,7"
28023078,"87,5"
43284031,"93,3"
24194577,..
26267406,..
51955293,"96,4"
57690933,"95,8"
12130801,"91,2"
51736304,"95,2"
44285075,"82,9"
95785055,"100,0"
68655578,"76,1"
68741484,"88,6"
37054246,"97,7"
39199869,"98,3"
31179045,"73,1"
72421673,"95,7"
15763669,..
59655752,"90,7"
88750078,"93,3"
41555549,"94,4"
85459854,"98,5"
81876614,"98,0"
18711877,"96,2"
67071618,"100,0"
75324351,"100,0"
61229217,"68,4"
70376604,"92,9"
59575030,"92,9"
18617410,"82,8"
28025244,"92,6"
40338843,"93,3"
77440824,"94,8"
14292382,"94,1"
51981332,"100,0"
87859089,"97,5"
98908403,"75,0"
16493131,"93,9"
83272868,"96,3"
11526364,"96,2"
45552626,"82,5"
50906954,.
16748680,"87,9"
65674821,"94,7"
92332557,"88,0"
78690637,"86,9"
38048202,"98,6"
90990441,..
26671095,"100,0"
65320354,"100,0"
77544055,"98,4"
49112879,"88,0"
30279258,"94,4"
76903284,"87,7"
43623146,..
49141105,"71,2"
15870428,"87,5"
26646080,"91,2"
26750052,"97,8"
18974693,"92,5"
26996566,..
27704246,"90,9"
28967085,..
69747871,..
31151740,"81,0"
79346084,"87,2"
89816391,"95,1"
14448619,"94,6"
12546590,"90,7"
43565270,"80,2"
77176811,"93,5"
52791537,"97,6"
85152591,"100,0"
85819857,"100,0"
40600798,"96,2"
52942981,"91,8"
54117171,"95,2"
48120273,"97,3"
33233228,..
94167577,"66,9"
27023528,"75,5"
53903798,"64,1"
97770837,"84,8"
69650864,"100,0"
59581397,"95,8"
41938272,"96,2"
29423248,"97,0"
76054399,"93,9"
33132452,"66,7"
60142020,..
70811222,"100,0"
17911161,"59,0"
35084976,"88,0"
25525759,.
77632411,"95,9"
49068301,"76,8"
59898194,"88,4"
38195284,"89,9"
97510495,"90,1"
89461767,"86,7"
94717858,"90,8"
53760158,"100,0"
78422467,"94,6"
37802196,..
36288955,"98,4"
74812809,"97,8"
88839172,"98,7"
48412612,"88,6"
95618280,"86,3"
75075402,"89,5"
26326048,"76,7"
37839488,"78,0"
46256929,"92,1"
83374651,"100,0"
59796774,"100,0"
17675502,..
75600007,"81,4"
73812226,"77,1"
30762346,..
82964090,"98,8"
88955893,"97,6"
15278518,"85,2"
15390992,"94,8"
63943560,"80,6"
85516596,"81,6"
16784385,"87,5"
89963319,..
24339566,"95,8"
65458415,..
95154882,..
52333875,"76,9"
24663703,..
28519815,"74,5"
65666808,.
69543519,"59,3"
89693952,.
24759907,"60,6"
78433202,"84,7"
35366805,"85,7"
31315191,"91,7"
42775003,"99,3"
56670842,"100,0"
89370947,"97,5"
48555205,"86,9"
31313926,"72,4"
30312720,"92,6"
32116280,"92,2"
57143976,"86,0"
93367005,"80,7"
53175499,"100,0"
64388538,"100,0"
52153758,"100,0"
22116645,"95,2"
99755443,"97,0"
30167976,"88,4"
50104466,"100,0"
28004794,..
32071849,"99,0"
79845033,"93,2"
41099519,"92,0"
59386837,"100,0"
17276047,"87,9"
21382451,"90,7"
48244956,"74,3"
36769815,..
43873969,"95,0"
55825382,"83,3"
19306558,"95,2"
35301145,"87,5"
24993048,"87,5"
13084253,"84,2"
59942080,"77,8"
66273269,"96,2"
11275959,"100,0"
58518163,"80,8"
27993549,"80,0"
37912396,"100,0"
45593337,"85,5"
10226870,"95,0"
19839859,"100,0"
67628478,"100,0"
37517404,..
32057701,"95,7"
30615080,"69,0"
25178582,"87,0"
70543431,"100,0"
23476801,..
86351879,"87,8"
56041144,"84,9"
74322969,"95,5"
90260899,"92,3"
31057219,"88,6"
27079521,"100,0"
33572033,"85,4"
64579522,"97,3"
34381901,"96,3"
55150847,"93,0"
90076461,"91,8"
53069733,"87,8"
99394620,"100,0"
95368476,"94,3"
14853321,"95,7"
76448076,"78,1"
31537066,"93,3"
86488203,"87,7"
25156286,"92,0"
28081446,"96,7"
21400668,"92,9"
92949043,"86,8"
92818240,"81,8"
84329061,"88,5"
91048178,"88,9"
82718660,"100,0"
12399380,"100,0"
31486865,"98,1"
97265732,"98,1"
61720981,"90,3"
50424828,"71,4"
82931004,..
95024660,"90,3"
32263814,"94,7"
47393891,"89,3"
48414975,"100,0"
11533776,"82,7"
47108751,..
28829503,"91,1"
99622695,..
98651664,"98,7"
33657492,"93,6"
79309485,"98,9"
37078868,..
16130958,"95,7"
82195565,"97,6"
33596572,"97,3"
77713695,"97,5"
51131594,"85,7"
89680395,"100,0"
53696633,"100,0"
27440210,"89,6"
62758285,"100,0"
16218090,"100,0"
64667996,"97,2"
23544320,"100,0"
57668673,"94,7"
69040241,..
63993414,"100,0"
49136871,..
20855811,"72,1"
53923398,"84,2"
74560191,"100,0"
47844862,"93,4"
72984079,"75,5"
36480690,"86,0"
24787883,..
32995170,"86,1"
52048443,"98,1"
61674097,"93,4"
32550660,"98,8"
93488613,"82,4"
45600034,"100,0"
59599256,"95,6"
26957025,"96,2"
90509211,"89,6"
43277545,"69,6"
11953769,.
50393060,"96,7"
85788659,"78,9"
95340745,..
59521477,"90,6"
92442684,..
66095163,"80,4"
54599691,"91,6"
54004368,"94,7"
31975673,"95,1"
82251333,"95,0"
99864908,"89,2"
27106031,"93,6"
59463950,"100,0"
63931325,"100,0"
57391913,"98,1"
75374280,"95,0"
46148350,"90,7"
50133877,"95,5"
49868916,"94,4"
74919147,"88,7"
78389879,"88,0"
24277564,..
44412461,"97,3"
36355200,"88,5"
96920524,"90,0"
18217765,"92,3"
70803636,"97,9"
49576295,"100,0"
66028861,"100,0"
23797825,"75,5"
45293715,"78,8"
77712952,"81,0"
10433896,"92,3"
43154449,"100,0"
49170638,"79,1"
46379730,"97,4"
25379974,"81,8"
88025221,"91,6"
18042101,"96,5"
56041699,..
45111086,"100,0"
70955448,"99,4"
68824244,"90,3"
46707989,"92,0"
46986216,"89,4"
67924816,"93,7"
92805465,"87,4"
56084099,..
16720048,"96,3"
13960635,"93,7"
61176909,"100,0"
43479922,"95,5"
28391147,"88,2"
21778322,"95,0"
31380193,..
62612992,"85,7"
85485803,"85,9"
16848652,"100,0"
88429477,"95,8"
94975733,"97,1"
56802300,"100,0"
15149235,"91,1"
13981977,"100,0"
24538846,"92,9"
67058407,"81,4"
15791044,"93,8"
65392939,"95,5"
98696836,"100,0"
64908550,"96,8"
77358716,"93,8"
49739986,"89,0"
29225010,"87,5"
92192566,"78,2"
56886667,"96,1"
64648566,"85,7"
65421426,"91,7"
62394916,"100,0"
67908927,"87,5"
72071234,"99,4"
24349146,"95,3"
83605345,..
15933512,"95,6"
64693272,"78,6"
18072172,..
65833454,"96,2"
11341077,"93,5"
34988313,"95,5"
28045567,"98,1"
20768651,"87,5"
38880984,"89,6"
28872974,"78,4"
18686599,"94,2"
93779220,"91,2"
77797484,"92,6"
80785976,"86,1"
47559319,"94,6"
21532545,"88,2"
56187883,"83,3"
20752831,"79,5"
51023367,"100,0"
34739511,"100,0"
52690153,"100,0"
93221031,..
17474377,..
18345915,..
68229719,..
61004230,..
71262305,..
55795961,..
84947634,..
97870412,"26,2"
68564903,"35,7"
82840198,"65,0"
18208087,..
89982804,"48,0"
19464342,..
60743463,..
32960825,"83,3"
43609520,..
41416934,"37,5"
21567982,..
49379603,..
80167319,..
73171934,..
83474173,..
91487291,..
21866405,..
74434644,"40,0"
42022406,"76,0"
88445871,"10,7"
18425335,"29,8"
93281974,"62,2"
23424275,"41,7"
19150273,"89,5"
25624692,..
88534520,"65,6"
16554575,"40,7"
25356960,"23,0"
64284020,"46,0"
98132436,"22,1"
60096875,..
26334561,..
40386043,..
29324709,..
26864271,.
59483268,.
33685428,..
88573795,..
82814120,"86,0"
10924758,"68,4"
34153869,..
88259298,.
73098153,..
44240250,..
17846181,..
75082798,"20,0"
23555409,..
91333138,"38,5"
30341162,..
39936461,"85,2"
72266906,"76,2"
27030026,"88,2"
12154972,"28,2"
16950252,..
34637764,"23,5"
73255276,"75,0"
15077883,"22,9"
48434184,"29,2"
58724424,..
51138448,"62,5"
19647256,..
56421429,..
39911065,..
17008320,.
56737496,"35,1"
88850910,..
93939982,"27,8"
25720752,"50,0"
55155562,..
31533003,"61,5"
31429031,"58,1"
16361868,..
24008049,"47,8"
36680097,.
87756916,..
59734510,..
19586169,..
24273261,..
95683850,"51,6"
59455288,..
82163292,"42,6"
25679488,..
25677996,"55,6"
89888648,..
90003262,..
88163512,..
35063170,..
31279294,..
36782335,"29,7"
20666515,..
37906565,..
67279303,..
21648755,..
11111710,"83,3"
90551279,"30,0"
93062368,..
69686851,"41,7"
49616977,..
90267145,"41,9"
72998905,..
69481650,"63,2"
88153340,..
94353434,..
59396229,"25,8"
95165649,"43,1"
69626109,"44,2"
85068812,..
36444853,"62,1"
15414001,.
38311488,..
16819383,.
12994441,..
53660780,"83,8"
30086854,"50,0"
79094701,"56,0"
38684438,..
96590873,"61,2"
73147554,"100,0"
65752105,..
11274830,"41,7"
51321260,..
96279444,"94,1"
61880907,..
35006050,"43,2"
88886610,..
10638939,"27,5"
88556189,..
35236491,"67,2"
58502307,"100,0"
97177328,..
72127035,"34,4"
70969714,.
85003442,"43,2"
22752398,"49,1"
71922787,..
31843016,..
74148070,.
50696507,"48,1"
44653962,"66,7"
81993306,..
29097621,..
87764775,..
48438396,"53,7"
98052678,..
44341171,"41,4"
32671805,"46,8"
38448056,"73,3"
16313848,"30,1"
79606767,..
11294673,..
86327236,..
28398531,"35,3"
66335258,"43,3"
54172830,..
86310217,..
83085136,"94,2"
75458014,..
65136104,.
79033948,"62,1"
56330385,..
44392995,..
69241230,..
85544331,"86,2"
80327946,"17,4"
78875918,"38,5"
78023197,"50,0"
86385479,..
40991561,..
99838438,"78,9"
42859669,"45,9"
70923626,..
92905347,"21,7"
99592025,..
34247736,"47,6"
47550455,"40,2"
30329172,"41,2"
76877530,..
47046103,..
56664512,.
38167912,"90,9"
20620556,..
17173461,.
19560192,"59,6"
98053087,"28,4"
92858957,..
46660042,"23,4"
44113417,..
67783774,.
38917647,..
21363125,.
39555838,.
85214294,"54,2"
82084961,"34,2"
46162400,"24,7"
98369689,..
56529916,"36,7"
40810950,..
40037982,"46,7"
73829818,.
18881773,.
80686587,"66,7"
12279302,"63,6"
17849518,..
94570025,..
91984508,"45,5"
78659008,"30,6"
12448823,..
40667807,..
18091973,..
40634612,..
62439199,..
66132676,.
80762863,"39,7"
77688926,.
14508922,..
69629086,..
88624631,..
35390185,..
37358234,..
31657916,..
54606928,..
46241804,.
42573391,"72,2"
64574972,"57,1"
19741742,..
29032715,"40,6"
48931433,"70,4"
97270136,..
19909435,..
30530571,"36,6"
96024712,"36,2"
40829056,..
85800840,"38,9"
27115998,"38,9"
41867682,..
65662401,"42,1"
39583059,"24,5"
38645259,..
87207941,..
11673760,"43,2"
63791419,"47,0"
39805497,..
38400227,"19,3"
83829189,..
46145886,"29,3"
43649848,"75,0"
75344502,..
84247499,..
27041885,"42,1"
97064126,..
32580162,"65,2"
48722826,"21,0"
71571158,..
53691739,"61,3"
97596286,"31,0"
67554405,"47,6"
86473502,..
98239050,"71,4"
94455820,..
58368956,"35,7"
73567152,..
61547652,"40,4"
60209222,..
62104139,..
78872213,"48,0"
84286698,..
62490359,..
64725297,..
43362941,..
23350817,..
76860623,"85,7"
56021320,..
41358402,..
64569393,..
87262566,..
41844601,"23,3"
51620045,"58,3"
23457902,..
27597104,"78,3"
57397381,"28,8"
56947954,"24,4"
72022487,"21,6"
70969556,..
28248021,"32,3"
44417214,"42,9"
25025681,..
49488344,..
74408578,..
86724994,"28,9"
86158933,..
14102256,"71,3"
75082280,..
75914181,"82,4"
39302565,..
36072799,..
61432781,..
78287294,..
74316305,..
39096170,..
99279503,"71,7"
72109637,.
69240218,..
14057258,..
43313366,..
97868185,..
81551726,..
77823650,"58,0"
37550979,..
52634142,"28,0"
76195214,..
54839753,..
32705515,"29,1"
60214465,.
70137084,..
82002016,..
21901328,..
23306658,"32,4"
57350392,..
11102578,"75,0"
69306209,"26,8"
92651253,..
31740319,"67,6"
17944628,..
82826083,"56,3"
94090461,..
12954099,.
80931789,"51,9"
84098842,"65,5"
90473340,..
26167236,"26,8"
69807202,"84,6"
64648904,..
63035915,"25,2"
26324896,..
28848709,..
12613085,"46,2"
53896162,..
11185244,"31,4"
56211717,"50,0"
66824652,"72,2"
49168016,..
32042066,"48,1"
50821167,..
92814975,"30,0"
28770304,..
64123241,..
69063711,..
77609073,..
35894996,"69,4"
17119840,..
68748767,..
25596917,"64,7"
20984584,..
52129378,"53,8"
98541468,.
31155312,..
25648215,"20,8"
61823258,..
39178171,"69,0"
79994304,..
68006362,"37,7"
11608031,"19,6"
86762103,"39,3"
68381790,"41,0"
13006857,"23,9"
76007769,..
16956086,"43,1"
58187973,..
88894245,..
71160225,"60,0"
67752682,"37,5"
47884009,"38,7"
44672598,"40,0"
75340089,..
36670439,..
22220001,"27,1"
15100079,.
55421481,..
99356671,..
16702464,..
71353314,..
36252055,"30,2"
91812793,"48,1"
14355031,..
72891848,..
31796890,..
22426680,..
83805032,.
48862305,..
32887559,..
71541108,..
69471748,..
93239262,"74,5"
25745773,"50,7"
99976753,.
14278480,..
28023078,"57,1"
43284031,"58,5"
13963517,..
26267406,..
31255918,"39,7"
51955293,"74,4"
35035671,.
12130801,..
51736304,..
53180719,"14,9"
27489137,"85,2"
15609112,"50,0"
60424371,"47,1"
68655578,"22,4"
17062663,"29,1"
68741484,..
56267421,..
34990065,"28,6"
37054246,.
39199869,.
62216381,"24,5"
31179045,"69,6"
72421673,..
59655752,..
88750078,..
41878314,..
41555549,..
32003298,"50,0"
22383788,"87,0"
85459854,..
81876614,.
18711877,"53,8"
67071618,..
75324351,..
61229217,"35,3"
58929357,"91,7"
42517257,..
70376604,"79,2"
93503103,.
18617410,"93,8"
41697930,"40,5"
28025244,..
17184072,.
40338843,"69,6"
77440824,..
71069359,"64,7"
86896907,..
14292382,"13,2"
87859089,..
54764253,"34,0"
98908403,"54,2"
16493131,"22,0"
41119610,"98,2"
48304166,"40,4"
24982097,..
97104132,..
68597767,..
27964873,..
30706655,..
65674821,..
46332927,"32,4"
78690637,"18,2"
24653673,..
38048202,"47,9"
90990441,..
86319615,..
87303004,"35,1"
97835550,..
22446331,..
26671095,..
42911621,..
40575001,"29,8"
75027822,"62,5"
26508763,"58,4"
14504503,"46,2"
21850904,"100,0"
77544055,"60,7"
16198647,"52,8"
12496135,..
76903284,"16,0"
68649663,"64,9"
15870428,"45,7"
26750052,"41,2"
81997762,"37,7"
69747871,..
70119254,..
79346084,"36,2"
34222422,..
84230226,..
42060237,..
89816391,..
14448619,..
12546590,"57,1"
94167577,..
27023528,"43,9"
53903798,"40,0"
85782695,..
98815582,"56,0"
97770837,"77,8"
21312503,"84,6"
14926020,..
33132452,"44,6"
56942970,..
56653353,"56,3"
59898194,..
97510495,"100,0"
38683336,..
95618280,"49,1"
17675502,..
75600007,..
15278518,"73,3"
15390992,"80,0"
63943560,..
85516596,"40,6"
31998226,..
38236800,..
59026584,"42,7"
79829846,"47,6"
20061769,..
65458415,.
95154882,..
52333875,"65,1"
65666808,"18,9"
24397215,"31,8"
30677562,"32,5"
85054102,..
87274273,..
24759907,..
41631104,..
80357110,..
18451445,..
93367005,"29,7"
16501673,"55,3"
26298615,..
50104466,.
79845033,..
41099519,..
59386837,"21,6"
21627442,"38,2"
17276047,..
73217812,..
48244956,"75,0"
36769815,"91,3"
16931486,..
92489953,"70,4"
43873969,"78,6"
55825382,..
19306558,.
24993048,..
70132092,"27,1"
65034473,.
13084253,.
32321364,..
59942080,..
66273269,.
82888663,..
11275959,..
58518163,..
50615280,"77,8"
19035583,..
27993549,"21,6"
37912396,..
90312942,"23,8"
19839859,..
80280597,..
67628478,..
37517404,..
29159460,"52,0"
43601850,..
89630851,"65,1"
86351879,"28,9"
14586562,..
74322969,..
90260899,..
69302313,..
31057219,..
27079521,"27,0"
64579522,..
65234368,"71,4"
34381901,..
96414537,..
99394620,"93,3"
95368476,..
14853321,"64,3"
76448076,..
31537066,..
86488203,..
25156286,..
92949043,"54,2"
92818240,"38,0"
84329061,"30,2"
71969230,"47,6"
91048178,..
76942525,"42,3"
31486865,"96,0"
10373112,..
61720981,"49,3"
25698509,..
50424828,"58,1"
82931004,"57,9"
83584125,"76,5"
16496466,..
12075195,..
62300682,..
65265211,..
97191332,"69,0"
71938440,..
22811839,..
33205596,..
19930101,..
60727136,..
45132264,..
61647360,..
33657492,"25,6"
61622991,..
66644568,"44,4"
93659517,"21,1"
61175914,..
73316818,"31,3"
27859889,.
29161632,.
45541222,..
63451147,..
61197669,..
17812651,"71,4"
57668673,"52,0"
69040241,..
91905819,..
54882637,"62,5"
53923398,..
47844862,"48,1"
22239675,"66,7"
72984079,..
36480690,..
24787883,..
52048443,..
32550660,"68,8"
59599256,"64,5"
69865450,..
31112935,..
90509211,"42,4"
37316242,"23,0"
20173336,"25,8"
49872493,"69,0"
39147056,"24,5"
11953769,..
28646435,..
50393060,..
85788659,..
95340745,"42,3"
59521477,..
92442684,"37,5"
38544187,..
54599691,..
54467211,"48,9"
23517683,"73,7"
82251333,"30,0"
99864908,"62,5"
27106031,"41,7"
59463950,..
63931325,"29,5"
57391913,..
75374280,..
46148350,..
50133877,"45,2"
49868916,"79,6"
90240730,..
84908877,..
24277564,..
88956420,..
34002355,..
36355200,"45,8"
96920524,"52,6"
18217765,..
60919765,..
14677676,"45,5"
96152872,..
77835341,..
70803636,..
23797825,..
44738639,..
77712952,..
92009807,..
10433896,"84,6"
10342448,..
43154449,..
98032567,..
96194948,"37,0"
25955541,"75,0"
88025221,"69,2"
14799321,..
56041699,..
70955448,..
68824244,"39,0"
90685868,"52,5"
24501884,"58,1"
56084099,..
80711021,"49,5"
17648596,"40,0"
16720048,"35,9"
39341381,..
60088179,"44,3"
28391147,"37,3"
29209307,..
21778322,"84,2"
31380193,.
90290154,"33,3"
25847233,"32,4"
92816527,"11,6"
16848652,"87,5"
94975733,"38,7"
56802300,..
15149235,"47,8"
77379848,..
13981977,.
24538846,.
36886750,..
67422309,"28,6"
67058407,..
34421265,..
15791044,..
98696836,..
82160887,"50,0"
23175129,.
77358716,"83,3"
29225010,.
33249781,"28,8"
64648566,"54,2"
18691102,.
70302356,..
65421426,"33,3"
24349146,"25,9"
83605345,..
15933512,"41,1"
12198363,..
47692481,"28,3"
64693272,..
18072172,.
85188855,..
39528347,..
85473846,"16,2"
29744774,.
89690587,"40,4"
20768651,..
32239920,"38,5"
98781765,..
87112995,"46,4"
18686599,.
93779220,..
53279140,"40,4"
80785976,..
47559319,"92,9"
21532545,..
56187883,"25,0"
51023367,"25,5"
95069937,"61,1"
52690153,..
93221031,.
68229719,..
84947634,..
89982804,..
60743463,..
73171934,..
74434644,..
93281974,..
23424275,..
16554575,"40,7"
60096875,..
40386043,..
33685428,..
10924758,"68,4"
75082798,..
16950252,..
15077883,..
48434184,..
51138448,"62,5"
93939982,"35,7"
31533003,"60,0"
24273261,..
59455288,.
25677996,..
31279294,..
36782335,..
90551279,"57,6"
93062368,.
69626109,"44,2"
10638939,..
72127035,..
85003442,..
98052678,..
32671805,..
16313848,"50,0"
54172830,..
75458014,..
78023197,"57,9"
40991561,..
70923626,..
76877530,..
47046103,..
19560192,..
98053087,..
46660042,..
67783774,.
85214294,"64,7"
12279302,..
91984508,"45,5"
40667807,..
40634612,.
80762863,"42,5"
64574972,..
30530571,..
96024712,..
27115998,..
39583059,"68,4"
38645259,..
46145886,..
27041885,..
48722826,"70,6"
97596286,"40,7"
67554405,"76,9"
56021320,..
23457902,.
57397381,..
72022487,..
70969556,..
28248021,..
44417214,..
25025681,..
14102256,"70,0"
75082280,..
39096170,..
69240218,..
82002016,..
23306658,..
94090461,..
63035915,"36,8"
50821167,..
68748767,..
20984584,.
25648215,..
11608031,..
13006857,..
16956086,..
58187973,.
88894245,..
71160225,"72,2"
44672598,"63,2"
22220001,..
71353314,..
69471748,..
93239262,"74,5"
13963517,..
68655578,"43,5"
31179045,"76,2"
59655752,..
18711877,..
67071618,..
18617410,"93,8"
40338843,"80,0"
14292382,.
87859089,..
98908403,..
24982097,..
68597767,..
38048202,"56,5"
90990441,..
40575001,"58,3"
26508763,..
76903284,.
69747871,..
79346084,..
89816391,..
53903798,..
33132452,"66,7"
17675502,..
75600007,..
85516596,..
50104466,.
59386837,..
43873969,"78,6"
24993048,..
58518163,..
29159460,..
89630851,"92,6"
86351879,..
74322969,..
64579522,..
14853321,..
86488203,..
84329061,..
71969230,..
31486865,"96,0"
61720981,"62,5"
50424828,..
83584125,"76,5"
65265211,..
66644568,"44,4"
61175914,..
29161632,.
36480690,..
32550660,"68,8"
37316242,.
50393060,..
95340745,..
59521477,..
46148350,.
49868916,"86,7"
84908877,..
24277564,..
36355200,..
88025221,"69,2"
56041699,.
70955448,..
60088179,..
25847233,..
16848652,..
56802300,..
36886750,.
67422309,..
82160887,..
64648566,..
15933512,..
12198363,..
64693272,..
89690587,..
18686599,.
93779220,..
80785976,..
47559319,"92,9"
52690153,..
93221031,.
18345915,..
97870412,..
18208087,..
41416934,"67,9"
21567982,.
83474173,..
88445871,..
25624692,..
25356960,..
98132436,"26,4"
60096875,.
29324709,..
26864271,.
44240250,..
75082798,.
91333138,..
12154972,"41,7"
15077883,.
48434184,.
19647256,..
56737496,..
55155562,..
24008049,..
59734510,..
19586169,..
24273261,.
59455288,..
89888648,.
36782335,..
20666515,.
90551279,..
93062368,..
90267145,..
88153340,..
94353434,..
88886610,..
88556189,..
72127035,..
22752398,"48,8"
31843016,..
29097621,..
16313848,..
11294673,.
86327236,..
69241230,.
80327946,.
86385479,.
70923626,.
92905347,..
47550455,..
56664512,.
19560192,..
46660042,..
38917647,..
82084961,..
98369689,.
56529916,"40,8"
17849518,.
18091973,.
69629086,..
31657916,.
19741742,..
40829056,.
85800840,"22,2"
39583059,"25,0"
39805497,..
46145886,.
84247499,..
71571158,.
86473502,.
58368956,"35,7"
23350817,.
41358402,..
87262566,.
23457902,.
56947954,..
72022487,..
28248021,..
74408578,.
86724994,..
39302565,.
61432781,..
14057258,..
81551726,..
76195214,.
70137084,..
57350392,..
92651253,..
82826083,"65,0"
26167236,.
63035915,..
32042066,..
92814975,..
64123241,..
20984584,..
98541468,.
25648215,..
79994304,..
86762103,..
68381790,.
13006857,.
16956086,..
88894245,.
67752682,..
75340089,.
22220001,..
15100079,.
36252055,..
72891848,..
48862305,..
13963517,.
31255918,..
53180719,..
68655578,..
37054246,.
62216381,..
18711877,.
61229217,..
41697930,"37,5"
77440824,.
14292382,.
54764253,..
98908403,..
16493131,..
24982097,.
27964873,..
30706655,..
78690637,..
24653673,.
87303004,.
97835550,.
22446331,.
42911621,..
14504503,..
76903284,..
81997762,.
70119254,..
42060237,..
85782695,..
38236800,.
41631104,..
16501673,..
26298615,..
41099519,.
59386837,.
73217812,..
16931486,.
70132092,..
27993549,..
90312942,..
19839859,.
29159460,..
43601850,..
74322969,.
31057219,.
34381901,.
96414537,.
99394620,"92,3"
76448076,..
92818240,"41,2"
84329061,.
71969230,..
91048178,.
65265211,..
22811839,..
61622991,..
61175914,.
91905819,..
54882637,"76,9"
53923398,.
69865450,..
20173336,..
49872493,..
39147056,..
11953769,..
85788659,.
59521477,.
54467211,"66,7"
82251333,"33,3"
90240730,..
34002355,..
96920524,..
96152872,..
92009807,.
10342448,..
90685868,..
17648596,"40,0"
39341381,..
29209307,.
90290154,..
92816527,..
24538846,.
67422309,..
34421265,.
82160887,"41,7"
33249781,..
18691102,.
24349146,"31,6"
83605345,..
47692481,..
85188855,..
85473846,..
32239920,"47,2"
56187883,..
52690153,.
74776778,"96,4"
71262305,"92,6"
84947634,"100,0"
48009865,"87,2"
89982804,..
97968599,"95,0"
91748148,"92,3"
42218661,..
74434644,"84,3"
42022406,..
34076477,"88,6"
54896448,"100,0"
97758137,..
26334561,"100,0"
40386043,"85,2"
20699742,"96,3"
82814120,"100,0"
45164827,"96,7"
10924758,"100,0"
34153869,"92,3"
17846181,..
75082798,"88,5"
23555409,"96,7"
27030026,"91,3"
15077883,"84,6"
48434184,"90,9"
58724424,..
39911065,"91,2"
56737496,"86,8"
55155562,"93,1"
31533003,"98,0"
19981611,"100,0"
25679488,"87,5"
35063170,"92,9"
31279294,..
36782335,"96,4"
67279303,..
21648755,"85,2"
11111710,..
49616977,"80,6"
84835666,"74,1"
20319353,"88,0"
85068812,..
78397312,"96,8"
36444853,"88,9"
89837629,..
12994441,"93,3"
88774402,"100,0"
75141151,"53,1"
61701709,"96,6"
38684438,"76,9"
39549479,"81,0"
73147554,"100,0"
69983740,"100,0"
12052268,"72,7"
71597051,"100,0"
40690520,"100,0"
35006050,"94,7"
10638939,..
34336190,"100,0"
88834120,"94,4"
53640774,"94,7"
72127035,"92,9"
71922787,"92,9"
92507006,"100,0"
20100577,"87,2"
79606767,"72,1"
11294673,..
86327236,"100,0"
66335258,..
54172830,"95,7"
56330385,"84,2"
44392995,"96,9"
60730660,"100,0"
82592568,"83,3"
86385479,"100,0"
49862313,"66,7"
42859669,"88,5"
99592025,"98,3"
34247736,"95,2"
76877530,..
38167912,"100,0"
43826783,..
58125096,"86,5"
17173461,..
30468157,"96,7"
23681822,"94,4"
92858957,"87,9"
82084961,..
73829818,"98,3"
18881773,..
12279302,"82,4"
64205087,"89,1"
18091973,"100,0"
88466776,"91,7"
54606928,"97,7"
19741742,"95,5"
45830583,"100,0"
30530571,"90,3"
78839208,"96,3"
30458073,..
27115998,"93,9"
79516949,..
87207941,"96,2"
11673760,"94,0"
38400227,"83,7"
81619482,"95,5"
39149668,"96,3"
67554405,"100,0"
73944169,"91,1"
78872213,"94,4"
64569393,..
48217580,"93,9"
57397381,"77,0"
72022487,"90,7"
71512894,"100,0"
28248021,"90,9"
44417214,"90,0"
74408578,"92,3"
71043974,"90,9"
61161774,"95,8"
75914181,..
24544503,"88,6"
69240218,"100,0"
12934438,"94,2"
43313366,"92,1"
37550979,"100,0"
60214465,"76,9"
23306658,"100,0"
11102578,"100,0"
10129345,"98,9"
94090461,"100,0"
26324896,"94,1"
56639389,"100,0"
53896162,"95,3"
17779637,"91,2"
71929526,"100,0"
60873719,"100,0"
68748767,..
23548714,"73,1"
48593439,"61,1"
91773491,.
30361243,"93,3"
25596917,"100,0"
31155312,..
84424083,"98,2"
10481541,"87,5"
68381790,..
13006857,"92,9"
16956086,"97,4"
58187973,..
31870541,"93,1"
44672598,"98,0"
31822012,"88,0"
62855448,"96,6"
91812793,"97,5"
58907711,"100,0"
68285560,"93,4"
69471748,"73,5"
99976753,"88,0"
75575321,"98,1"
57690933,"92,9"
12130801,"100,0"
95785055,"100,0"
68741484,"96,0"
37054246,"100,0"
31179045,"73,1"
59655752,"90,9"
41555549,"94,1"
85459854,"100,0"
67071618,"100,0"
28025244,"92,6"
40338843,"95,7"
14292382,..
87859089,"100,0"
98908403,"96,3"
83272868,"81,3"
45552626,"79,5"
92332557,"89,7"
78690637,"90,7"
77544055,"98,4"
76903284,"90,9"
49141105,..
26646080,"91,2"
79346084,"94,5"
14448619,"96,2"
43565270,"80,0"
85152591,"100,0"
40600798,"96,2"
48120273,"100,0"
94167577,"100,0"
53903798,"58,8"
97770837,"77,1"
70811222,..
17911161,"55,4"
35084976,"91,7"
77632411,"93,3"
59898194,"87,5"
38195284,"91,2"
97510495,"87,8"
89461767,"93,1"
94717858,"85,7"
75075402,"88,9"
26326048,"73,9"
37839488,"75,4"
73812226,"75,0"
15278518,"85,2"
85516596,"78,9"
16784385,"90,6"
24339566,"96,7"
65458415,..
52333875,"89,5"
24759907,"60,0"
31315191,"92,1"
48555205,"86,1"
32116280,"92,5"
64388538,..
52153758,"100,0"
99755443,"95,4"
30167976,"84,4"
32071849,"100,0"
79845033,..
41099519,"92,3"
59386837,..
21382451,"83,3"
55825382,"83,3"
59942080,"86,4"
37912396,..
45593337,"92,3"
19839859,..
30615080,"81,1"
86351879,"77,8"
90260899,"100,0"
31057219,..
27079521,"100,0"
64579522,..
34381901,"100,0"
55150847,"96,4"
53069733,..
14853321,"95,7"
86488203,"84,3"
25156286,..
28081446,"93,8"
92818240,"81,8"
12399380,..
31486865,"98,3"
97265732,"98,7"
61720981,"91,7"
50424828,..
95024660,"90,3"
32263814,"94,7"
33657492,"89,7"
79309485,"98,9"
77713695,"100,0"
23544320,"100,0"
69040241,..
20855811,"79,5"
53923398,"95,8"
74560191,..
47844862,"97,8"
72984079,"95,5"
61674097,"96,9"
93488613,"91,7"
59599256,"93,9"
90509211,"90,0"
50393060,"100,0"
85788659,..
59521477,"90,0"
54599691,"89,7"
31975673,"94,5"
27106031,"93,6"
46148350,..
49868916,"89,3"
74919147,"85,0"
78389879,"91,7"
44412461,"95,7"
96920524,"90,0"
70803636,"97,3"
23797825,"75,5"
10433896,"92,9"
49170638,"78,6"
25379974,..
18042101,"100,0"
70955448,"100,0"
92805465,"87,4"
61176909,"100,0"
21778322,"100,0"
31380193,..
62612992,"90,7"
16848652,"100,0"
15149235,"92,9"
24538846,"100,0"
67058407,"85,0"
98696836,"100,0"
49739986,"95,0"
92192566,"76,9"
65421426,"95,3"
72071234,"100,0"
65833454,..
28045567,"98,7"
38880984,"85,9"
18686599,"92,9"
47559319,"100,0"
20752831,"82,5"
51023367,..
52690153,..
93221031,.
18345915,..
71262305,..
97870412,..
82840198,..
41416934,..
21866405,..
42022406,"76,0"
25624692,..
64284020,"48,8"
40386043,..
26864271,.
75082798,..
23555409,..
30341162,..
72266906,"76,2"
15077883,.
48434184,..
56421429,.
56737496,..
24008049,"76,0"
36680097,.
59734510,.
19586169,..
95683850,"75,0"
89888648,..
36782335,..
37906565,..
90551279,..
69686851,"52,0"
90267145,..
85068812,.
16819383,.
79094701,"56,0"
11274830,"41,7"
35006050,..
88556189,..
97177328,..
72127035,..
22752398,..
71922787,.
81993306,..
16313848,..
11294673,..
28398531,..
79033948,"62,1"
69241230,..
80327946,..
86385479,..
99838438,"78,9"
42859669,"60,7"
92905347,..
99592025,..
30329172,"64,7"
47046103,..
19560192,..
98053087,..
46660042,..
44113417,..
39555838,.
82084961,"29,4"
46162400,"28,6"
12448823,..
18091973,.
40634612,..
69629086,.
31657916,.
42573391,..
29032715,"85,7"
19909435,..
85800840,"81,3"
27115998,..
41867682,..
39583059,..
38645259,.
63791419,..
46145886,..
84247499,..
48722826,..
53691739,"61,3"
60209222,..
78872213,..
51620045,"58,3"
56947954,..
72022487,..
70969556,..
28248021,..
74408578,..
86724994,"56,5"
39302565,..
74316305,..
72109637,.
97868185,..
77823650,"41,7"
76195214,..
70137084,..
69306209,"42,3"
80931789,"51,9"
90473340,..
26167236,.
63035915,..
12613085,"46,2"
66824652,"73,3"
32042066,..
92814975,..
69063711,..
77609073,.
68748767,.
52129378,"53,8"
61823258,.
68006362,"29,5"
86762103,..
68381790,.
13006857,..
16956086,"59,3"
58187973,..
88894245,..
67752682,..
44672598,.
22220001,..
16702464,..
36252055,"31,4"
72891848,..
32887559,..
43284031,"44,4"
13963517,.
26267406,.
31255918,"53,8"
51736304,..
53180719,..
27489137,"85,2"
37054246,.
62216381,..
88750078,..
22383788,"87,0"
81876614,.
75324351,.
61229217,..
41697930,"73,1"
17184072,.
77440824,..
14292382,..
87859089,..
16493131,..
24982097,..
68597767,..
30706655,..
38048202,..
87303004,..
97835550,..
26671095,..
42911621,..
15870428,"60,0"
26750052,"41,2"
81997762,..
79346084,..
14448619,..
94167577,..
21312503,"84,6"
33132452,..
15390992,"80,0"
38236800,..
95154882,..
65666808,..
93367005,"29,7"
16501673,..
79845033,..
41099519,.
59386837,.
17276047,..
48244956,"75,0"
70132092,..
27993549,"62,5"
90312942,..
37517404,..
29159460,..
43601850,..
86351879,..
74322969,..
90260899,..
31057219,..
27079521,..
96414537,..
95368476,..
76448076,..
91048178,..
76942525,..
61720981,"38,2"
82931004,"57,9"
33205596,..
60727136,..
33657492,..
93659517,"21,1"
57668673,..
91905819,.
54882637,.
36480690,..
52048443,..
69865450,..
37316242,..
50393060,.
59521477,..
54467211,"70,0"
59463950,..
63931325,..
75374280,..
50133877,"56,7"
34002355,..
18217765,..
96152872,..
10433896,"84,6"
43154449,..
96194948,.
68824244,"51,7"
90685868,..
39341381,.
28391147,"37,3"
31380193,.
90290154,..
92816527,..
94975733,"52,2"
77379848,..
13981977,.
67422309,.
82160887,..
23175129,.
29225010,.
24349146,"53,7"
85188855,..
39528347,..
32239920,..
80785976,.
21532545,..
56187883,..
51023367,..
52690153,..
61004230,"88,0"
23517336,"100,0"
48009865,..
82840198,..
19464342,..
43609520,"93,3"
42218661,"88,9"
42022406,"95,7"
56679384,"97,4"
69018222,"81,3"
64284020,..
97758137,"92,3"
40386043,"89,8"
33685428,"94,4"
34153869,..
75082798,"100,0"
23555409,..
30341162,"92,3"
19912478,"87,0"
58724424,..
95684185,"97,2"
93939982,..
55155562,..
24008049,"98,4"
54481243,"100,0"
36680097,..
25677996,"85,7"
31279294,..
36782335,"93,8"
21648755,..
69686851,..
54965510,"84,4"
25872338,..
10974852,..
85068812,.
78397312,"93,1"
36444853,"85,7"
61469192,"93,7"
79094701,"100,0"
71597051,"100,0"
53231578,"100,0"
91011325,"86,7"
97382366,"88,7"
10638939,..
69739484,"77,5"
92887917,"94,7"
68734112,..
44653962,..
47264019,"96,7"
20099064,"92,5"
16313848,"80,0"
79033948,"92,9"
68240485,"100,0"
95046058,"94,7"
44392995,"82,5"
99838438,"76,9"
30329172,"100,0"
76877530,..
38167912,..
77839100,..
55535552,.
92533079,"95,9"
92858957,"89,5"
82084961,..
50908408,"90,9"
18594470,"94,1"
72232853,"93,8"
18091973,..
36539945,..
40634612,..
66132676,"90,2"
64574972,"95,0"
48931433,..
85800840,"92,7"
68920727,"89,7"
27115998,..
79516949,"86,7"
96684210,"99,0"
23836342,"92,6"
81619482,"100,0"
39149668,..
48722826,..
73063662,"71,4"
43251309,"100,0"
67554405,..
94455820,..
78872213,..
56021320,"94,7"
64569393,..
86888278,..
57397381,"85,2"
44417214,..
49488344,"91,7"
57777751,..
38732602,"91,7"
86158933,"92,3"
75914181,"83,3"
84476205,"95,2"
24544503,"96,2"
86787111,"95,2"
97868185,"100,0"
70137084,..
23306658,..
11102578,"100,0"
94468610,"91,9"
90473340,"100,0"
64648904,"100,0"
75939593,"94,1"
51449748,"90,4"
28267726,"94,0"
71929526,"100,0"
71472793,"93,5"
69063711,"100,0"
35894996,..
65722876,"90,3"
49231191,"89,4"
13006857,..
16956086,..
88894245,..
44672598,..
99356671,..
29449669,"91,5"
91812793,"100,0"
14355031,"100,0"
46611859,"91,1"
65150019,"91,7"
47537928,"75,9"
44285075,"80,8"
68741484,..
72421673,..
15763669,..
18711877,"96,2"
61229217,..
70376604,"92,9"
40338843,..
16493131,"87,0"
83272868,"100,0"
16748680,"93,3"
92332557,"91,9"
78690637,"80,9"
90990441,..
49112879,"88,0"
43623146,..
18974693,"80,0"
28967085,..
33233228,..
94167577,"72,7"
27023528,"84,6"
97770837,..
29423248,"89,5"
33132452,..
17911161,..
35084976,..
77632411,"92,6"
53760158,"100,0"
78422467,"94,6"
75075402,"80,8"
46256929,"93,2"
83374651,"100,0"
30762346,..
15390992,"93,6"
85516596,..
95154882,..
24663703,..
28519815,"82,5"
65666808,.
24759907,"63,1"
35366805,"85,7"
89370947,"97,5"
64388538,"100,0"
17276047,..
48244956,"92,3"
43873969,"79,2"
19306558,"95,2"
45593337,..
25178582,"90,5"
70543431,"100,0"
56041144,"91,7"
90260899,..
33572033,"85,4"
95368476,"95,2"
76448076,..
28081446,"95,8"
21400668,"92,6"
92949043,"84,6"
31486865,"97,8"
97265732,"96,2"
50424828,..
11533776,"82,7"
99622695,..
51131594,"85,7"
89680395,"100,0"
53696633,"100,0"
27440210,"89,6"
62758285,"100,0"
57668673,..
63993414,..
49136871,..
53923398,..
74560191,..
36480690,"81,3"
24787883,..
52048443,"100,0"
43277545,"69,6"
66095163,"83,3"
54004368,"96,4"
31975673,..
99864908,..
49868916,"100,0"
44412461,"93,3"
49576295,..
45293715,"78,8"
77712952,..
10433896,"84,6"
43154449,"100,0"
46379730,"100,0"
46986216,"87,2"
16720048,"96,3"
31380193,..
85485803,"91,7"
88429477,..
98696836,"100,0"
49739986,"84,6"
29225010,"87,5"
56886667,"97,2"
62394916,..
67908927,"87,5"
18072172,..
11341077,"93,5"
77797484,"90,9"
80785976,"86,7"
21532545,"84,6"
51023367,..
43649848,"75,0"
74316305,.
84098842,"92,3"
17062663,"86,7"
71069359,"64,7"
48304166,.
92009807,..
93221031,.
17474377,..
55795961,..
84947634,..
68564903,.
18208087,.
41416934,..
21866405,.
25624692,..
25356960,"25,4"
98132436,.
40386043,.
44240250,..
75082798,..
91333138,..
12154972,..
15077883,.
48434184,.
19647256,.
93939982,.
55155562,..
24008049,..
59734510,..
19586169,..
24273261,.
89888648,.
90003262,..
36782335,.
67279303,.
21648755,..
90267145,..
61880907,..
88556189,.
72127035,.
70969714,.
31843016,..
29097621,..
16313848,..
86327236,.
86310217,..
69241230,.
80327946,..
70923626,.
92905347,..
30329172,..
47046103,..
17173461,.
19560192,..
98053087,.
46660042,..
38917647,..
98369689,..
17849518,.
40667807,.
69629086,..
31657916,..
46241804,.
29032715,..
19909435,.
85800840,.
39583059,..
38645259,..
39805497,..
83829189,..
84247499,..
97064126,.
48722826,.
71571158,..
73567152,..
84286698,.
23350817,..
87262566,..
56947954,..
72022487,..
70969556,.
86724994,..
39302565,.
61432781,.
14057258,..
81551726,.
52634142,.
76195214,.
70137084,..
92651253,..
26167236,.
28848709,..
49168016,..
28770304,..
17119840,..
61823258,..
86762103,.
76007769,..
88894245,.
47884009,..
75340089,.
36670439,..
72891848,..
83805032,.
31255918,..
35035671,.
53180719,.
17062663,..
88750078,.
85459854,.
61229217,..
93503103,.
14292382,.
87859089,.
16493131,..
48304166,..
27964873,..
30706655,.
78690637,.
24653673,..
87303004,..
97835550,..
22446331,..
40575001,..
76903284,..
81997762,.
42060237,.
89816391,.
38236800,.
85054102,..
87274273,..
16501673,..
26298615,.
50104466,.
59386837,.
73217812,.
16931486,..
13084253,.
82888663,..
11275959,.
27993549,.
90312942,..
19839859,.
29159460,..
43601850,..
14586562,.
74322969,..
90260899,.
31057219,.
27079521,.
34381901,.
95368476,..
84329061,.
71969230,.
91048178,..
10373112,..
65265211,.
19930101,..
33657492,.
53923398,.
69865450,..
37316242,.
20173336,.
49872493,..
39147056,..
85788659,..
95340745,.
59521477,.
54467211,..
82251333,..
63931325,..
75374280,.
46148350,..
50133877,..
90240730,..
84908877,.
34002355,..
18217765,..
92009807,..
90685868,..
56084099,..
39341381,.
29209307,..
92816527,.
15149235,..
77379848,.
34421265,..
18691102,.
70302356,..
24349146,..
83605345,..
47692481,.
85188855,.
85473846,..
98781765,..
56187883,.
51023367,.
52690153,.
93221031,..
61004230,..
71262305,..
68564903,..
89982804,..
74434644,..
18425335,"35,9"
23424275,.
34153869,..
75082798,..
27030026,"88,2"
15077883,..
39911065,..
56737496,..
87756916,..
19586169,.
24273261,..
59455288,..
25679488,..
35063170,..
36782335,..
37906565,.
21648755,..
49616977,..
72998905,.
69481650,"50,0"
12994441,..
30086854,"50,0"
38684438,..
73147554,"100,0"
35006050,"61,1"
10638939,.
71922787,..
44341171,..
32671805,..
79606767,..
11294673,..
86327236,..
28398531,.
54172830,..
56330385,..
42859669,..
92905347,.
47550455,..
17173461,.
98053087,"48,1"
92858957,..
44113417,..
18881773,.
94570025,..
54606928,..
42573391,..
97270136,.
30530571,..
40829056,.
38645259,..
87207941,..
11673760,"53,3"
38400227,..
27041885,..
97064126,..
67554405,..
86473502,..
98239050,"71,4"
94455820,..
78872213,..
23350817,.
87262566,..
41844601,..
23457902,.
57397381,..
72022487,..
28248021,.
44417214,"75,0"
49488344,..
14102256,"68,8"
43313366,..
37550979,..
76195214,..
60214465,.
11102578,"75,0"
84098842,..
63035915,..
26324896,..
50821167,.
77609073,..
68748767,.
25596917,"64,7"
20984584,..
25648215,..
11608031,..
86762103,..
68381790,..
16956086,.
22220001,..
15100079,.
16702464,..
72891848,..
69471748,..
99976753,.
14278480,..
51955293,"66,7"
12130801,..
53180719,..
68741484,..
41555549,..
75324351,.
28025244,..
40338843,..
16493131,..
48304166,"100,0"
24982097,.
68597767,..
30706655,..
78690637,..
87303004,..
14504503,..
77544055,"60,7"
76903284,..
15870428,..
81997762,..
42060237,..
14448619,..
27023528,.
33132452,..
56942970,..
97510495,"100,0"
15278518,"73,3"
38236800,.
24759907,..
16501673,..
79845033,.
41099519,..
59386837,..
55825382,.
59942080,..
90312942,..
14586562,..
27079521,..
34381901,.
96414537,..
14853321,..
86488203,.
92818240,..
71969230,..
76942525,..
50424828,..
12075195,..
65265211,.
33657492,..
61175914,..
57668673,..
69040241,..
53923398,..
47844862,"48,1"
69865450,..
90509211,"42,4"
37316242,.
50393060,..
85788659,..
54599691,..
27106031,..
63931325,..
57391913,..
46148350,..
96920524,..
70803636,..
23797825,..
90685868,..
80711021,"43,8"
39341381,.
31380193,.
25847233,..
16848652,..
36886750,..
67058407,..
98696836,..
64648566,..
83605345,..
15933512,..
47692481,..
85188855,..
85473846,..
53279140,..
51023367,..
52690153,..
17474377,..
18425335,"24,4"
19150273,"93,3"
64284020,..
23555409,.
73255276,..
58724424,..
31429031,..
87756916,..
59734510,.
19586169,.
31279294,.
11111710,"83,3"
90551279,..
69686851,"33,3"
59396229,"25,8"
85068812,..
36444853,"62,1"
65752105,..
10638939,..
88556189,.
44653962,"58,8"
87764775,.
66335258,..
44392995,..
80327946,.
42859669,.
92905347,.
19560192,..
56529916,..
12279302,..
17849518,..
77688926,.
37358234,..
42573391,..
97270136,..
30530571,.
96024712,..
40829056,..
39583059,"30,8"
46145886,..
48722826,.
97596286,..
67554405,..
86473502,.
64569393,..
87262566,.
23457902,..
44417214,..
86158933,..
36072799,..
81551726,..
76195214,.
23306658,..
17944628,..
26167236,"58,8"
64648904,..
53896162,..
11185244,..
69063711,..
35894996,"47,8"
68748767,.
20984584,.
31155312,..
61823258,..
79994304,..
11608031,..
67752682,..
91812793,.
14355031,..
72891848,.
25745773,..
14278480,.
28023078,"43,8"
13963517,.
51736304,.
53180719,..
72421673,..
41878314,..
18711877,..
90990441,..
42911621,.
26508763,..
14504503,..
81997762,..
34222422,..
84230226,..
94167577,..
33132452,.
63943560,..
85516596,"33,3"
38236800,.
59026584,"21,5"
65666808,"31,8"
80357110,..
16501673,..
73217812,..
36769815,"91,3"
65034473,.
29159460,..
14586562,.
95368476,.
86488203,.
25156286,..
71969230,..
91048178,.
76942525,..
50424828,..
60727136,..
45132264,..
73316818,"31,3"
91905819,..
36480690,.
24787883,..
69865450,..
31112935,..
49872493,..
92442684,..
82251333,..
84908877,.
24277564,..
96152872,..
44738639,..
96194948,"45,5"
25955541,..
90685868,..
80711021,"60,9"
31380193,.
90290154,.
92816527,..
98696836,..
64648566,..
18691102,.
15933512,"38,1"
47692481,.
85188855,.
85473846,.
53279140,..
80785976,.
56187883,..
71262305,..
19464342,..
23424275,..
88573795,..
73255276,"86,4"
58724424,..
31429031,"61,1"
25679488,.
36782335,..
21648755,..
69481650,"81,3"
95165649,"38,9"
12994441,.
10638939,..
44341171,..
32671805,.
28398531,"40,0"
80327946,"50,0"
70923626,..
47550455,"55,0"
38167912,..
80686587,"66,7"
62439199,..
19741742,..
30530571,..
11673760,"64,0"
38400227,..
83829189,.
97064126,.
62104139,..
41844601,..
70969556,.
44417214,.
14102256,"66,7"
54839753,..
26167236,..
63035915,"56,5"
77609073,..
68748767,..
20984584,.
11608031,..
68381790,"85,7"
75340089,.
91812793,"81,3"
72891848,..
22426680,..
53180719,.
60424371,..
41555549,..
78690637,..
87303004,..
26508763,"72,7"
76903284,..
81997762,..
14448619,..
27023528,"60,0"
38236800,..
30677562,"44,2"
55825382,..
92949043,..
84329061,..
91048178,..
76942525,..
16496466,..
69865450,..
37316242,..
28646435,..
92442684,..
84908877,..
14799321,..
56041699,.
80711021,"50,0"
15149235,..
15791044,.
15933512,"85,0"
47692481,..
85188855,.
53279140,..
68229719,..
65192707,"92,3"
30538202,"89,3"
40386043,"83,3"
34153869,..
51138448,..
25720752,"100,0"
31533003,"90,9"
36782335,..
54965510,"100,0"
69983740,..
70066748,"92,1"
68734112,..
53462953,..
30468157,..
96684210,"93,8"
40766349,..
31199511,..
11102578,..
17944628,"89,5"
75939593,"96,0"
56639389,"100,0"
69063711,..
65722876,"96,2"
31822012,"83,3"
58544422,"92,9"
12130801,..
78690637,"93,8"
30279258,"95,8"
26996566,..
94167577,..
41938272,"100,0"
49068301,..
88839172,"100,0"
88955893,"89,7"
42775003,"98,4"
32071849,..
90076461,"91,7"
31486865,..
63993414,..
32995170,"100,0"
32550660,"100,0"
49868916,..
74919147,..
36355200,..
88025221,"100,0"
46986216,"94,7"
65392939,..
56886667,"100,0"
77797484,"100,0"
47559319,..
93221031,.
71262305,.
97870412,..
18208087,.
83474173,.
88445871,.
64284020,..
98132436,.
88259298,.
17846181,..
16950252,.
48434184,.
56421429,..
17008320,.
56737496,.
55155562,..
95683850,..
35063170,.
67279303,..
90267145,..
16819383,.
53660780,"83,8"
51321260,..
58502307,"100,0"
70969714,.
81993306,.
16313848,..
54172830,..
86385479,.
92905347,.
47550455,"76,2"
20620556,..
17173461,.
46660042,.
46162400,.
18091973,.
19909435,.
30530571,..
38645259,..
39805497,.
83829189,..
48722826,.
60209222,..
84286698,.
87262566,..
56947954,..
72022487,.
74316305,.
72109637,.
81551726,.
82002016,.
23306658,..
69306209,.
12954099,.
26167236,..
66824652,..
49168016,.
92814975,.
25648215,.
13006857,..
16956086,.
47884009,.
55421481,..
16702464,.
32887559,.
15609112,..
39199869,.
88750078,.
41555549,.
81876614,.
67071618,.
75324351,.
58929357,"91,7"
93503103,.
17184072,.
77440824,.
16493131,.
41119610,"98,2"
97835550,..
42911621,.
75027822,"62,5"
21850904,"100,0"
12546590,"57,1"
18451445,..
59386837,..
16931486,.
70132092,..
66273269,.
37912396,.
90312942,..
19839859,.
67628478,..
86351879,.
69302313,..
31057219,.
64579522,.
34381901,.
96414537,.
95368476,.
31537066,..
84329061,..
65265211,.
71938440,..
33657492,..
27859889,.
69865450,.
49872493,..
95340745,.
59521477,.
54467211,..
59463950,..
75374280,.
46148350,.
60919765,..
96152872,.
68824244,.
56084099,.
39341381,.
94975733,.
56802300,.
77379848,.
13981977,.
34421265,..
23175129,.
18691102,.
47692481,.
20768651,..
98781765,..
95069937,"61,1"
42218661,.
16554575,.
19912478,.
30086854,.
26627862,.
98052678,.
61826221,.
54395430,.
80686587,.
46574937,.
98239050,.
56021320,.
31199511,.
56639389,.
78986228,.
30361243,.
50906954,.
65674821,.
26671095,.
25525759,.
77632411,.
89693952,.
30615080,.
32550660,.
77712952,.
92805465,.
65421426,.
82814120,"61,1"
13006857,..
21567982,..
49379603,..
80167319,..
88534520,"65,6"
82814120,"92,6"
39936461,"85,2"
59734510,..
59455288,..
82163292,"42,6"
88163512,..
31279294,..
36782335,..
69686851,"45,5"
95165649,..
35236491,"67,2"
50696507,"48,1"
38448056,"73,3"
83085136,"94,2"
85544331,"86,2"
19560192,..
21363125,.
78659008,"30,6"
18091973,..
88624631,..
35390185,..
40829056,..
65662401,"42,1"
75344502,..
32580162,"65,2"
61547652,"40,4"
62490359,..
64725297,..
43362941,..
23457902,..
27597104,"78,3"
77823650,"73,1"
52634142,"40,0"
32705515,"34,2"
23306658,"42,9"
26167236,.
11185244,..
56211717,"50,0"
32042066,..
92814975,..
20984584,.
61823258,..
39178171,"69,0"
25745773,"50,0"
43284031,"73,1"
26267406,..
53180719,.
56267421,..
34990065,"28,6"
32003298,"50,0"
42517257,..
86896907,..
14292382,..
54764253,"38,5"
97104132,..
46332927,"32,4"
86319615,..
22446331,..
76903284,.
34222422,..
98815582,"56,0"
59026584,"60,9"
52333875,"65,1"
92489953,"70,4"
82888663,..
11275959,..
50615280,"77,8"
19035583,..
80280597,..
89630851,..
14586562,.
65234368,"71,4"
76942525,..
25698509,..
16496466,.
65265211,.
61175914,.
63451147,..
31112935,..
20173336,"28,2"
38544187,..
23517683,"73,7"
88956420,..
14677676,"45,5"
98032567,..
25955541,"85,7"
24501884,"58,1"
25847233,..
34421265,..
33249781,"33,3"
64693272,..
61004230,"91,7"
71262305,..
55795961,..
84947634,..
48009865,"80,0"
18208087,"91,7"
19464342,..
60743463,..
32960825,"91,3"
91748148,"90,5"
42022406,..
65192707,"96,8"
43634528,"96,2"
53400472,..
97758137,"71,4"
26334561,"86,6"
40386043,"96,9"
59483268,"70,0"
21663998,"90,3"
20595770,"96,0"
45164827,"92,0"
34153869,"96,0"
17846181,..
75082798,"88,5"
34637764,"90,1"
48434184,"93,8"
95684185,"96,9"
17008320,"100,0"
25720752,"96,3"
55155562,"92,3"
23164911,"98,7"
19981611,..
19586169,..
24273261,..
59455288,..
25677996,"100,0"
35063170,"94,7"
31279294,..
36782335,"95,9"
23897040,..
20666515,"100,0"
54965510,"92,2"
84835666,"82,1"
64740897,..
78979604,..
85068812,..
78397312,"100,0"
89837629,"93,8"
12994441,"68,2"
88774402,"100,0"
75141151,..
84306392,"98,9"
26627862,"100,0"
72517762,..
38684438,"95,5"
35647481,"85,1"
69983740,"100,0"
66491596,"100,0"
12052268,"85,2"
71597051,"100,0"
40690520,"100,0"
21505555,"98,3"
70066748,"80,0"
19207279,"98,9"
53640774,"100,0"
72127035,"100,0"
74148070,"97,2"
19051089,"97,2"
98052678,"89,4"
16313848,"80,0"
11294673,"100,0"
86327236,..
83137205,"94,7"
54172830,"100,0"
65136104,..
56330385,..
20228162,"100,0"
53462953,"100,0"
60730660,"100,0"
82592568,"89,5"
78875918,"93,5"
86385479,..
49862313,"76,9"
42859669,"85,7"
99592025,"98,1"
47550455,"97,5"
47046103,"90,9"
58125096,"82,4"
82914148,..
20620556,..
17173461,..
30468157,"96,0"
61528940,"94,8"
92858957,"100,0"
86296935,..
44113417,"92,3"
39555838,..
85214294,..
82084961,"79,0"
51210136,"97,5"
80686587,"93,1"
91984508,"97,1"
40667807,"90,3"
88466776,"100,0"
57942242,"89,7"
77688926,"97,7"
29032715,"86,2"
48931433,"96,3"
96024712,"95,8"
30458073,..
27115998,"100,0"
79516949,"93,3"
87207941,"90,9"
46574937,"95,8"
63791419,"93,1"
81619482,"100,0"
90006712,"100,0"
39149668,"100,0"
38233622,"87,5"
48722826,"90,9"
98239050,"90,5"
61547652,..
87034307,"95,1"
78872213,"100,0"
76860623,"100,0"
64160122,"100,0"
56947954,"94,2"
72022487,..
71512894,"100,0"
28248021,..
44417214,"93,3"
88776535,"97,7"
71043974,"98,9"
57777751,..
89807183,"98,0"
96818167,"94,1"
67300857,"90,9"
99279503,..
63653488,..
84476205,"95,8"
69240218,..
12934438,"97,3"
43313366,"93,8"
82002016,"96,6"
23306658,"100,0"
69306209,"91,7"
94090461,"100,0"
80931789,"95,0"
69807202,"86,4"
75939593,"97,3"
56639389,"99,4"
95700485,"100,0"
53896162,"96,7"
17779637,"73,7"
66824652,..
49168016,"100,0"
60873719,"91,4"
21938183,"96,3"
69063711,..
12926770,"90,5"
68748767,..
23548714,"70,6"
48593439,"62,5"
91773491,"69,2"
30361243,"92,2"
25596917,"92,0"
65722876,"96,3"
65381163,"80,0"
84424083,"100,0"
78231062,"99,1"
10481541,"92,3"
68381790,..
13006857,"96,0"
16956086,"100,0"
58187973,"100,0"
31870541,..
44672598,"92,3"
31822012,..
83161201,"93,8"
16702464,..
36252055,"98,0"
58907711,"100,0"
71541108,"81,8"
69471748,..
76485705,"98,2"
93239262,"83,3"
75575321,"94,6"
24194577,..
51955293,"96,6"
51736304,"100,0"
95785055,"100,0"
68655578,"80,6"
37054246,..
39199869,"100,0"
59655752,"83,3"
41555549,..
81876614,"96,0"
67071618,..
75324351,..
61229217,"81,3"
59575030,"100,0"
77440824,"91,7"
14292382,"91,7"
87859089,"100,0"
98908403,"100,0"
16493131,"100,0"
83272868,"100,0"
45552626,"80,0"
16748680,"89,5"
65674821,"94,7"
38048202,"100,0"
65320354,"100,0"
76903284,"84,2"
49141105,..
26996566,..
27704246,"90,9"
69747871,..
79346084,"89,3"
14448619,"90,9"
43565270,"69,6"
52791537,"96,7"
85819857,"100,0"
54117171,"98,1"
48120273,"95,5"
94167577,"44,0"
53903798,..
69650864,"100,0"
41938272,"94,1"
76054399,"93,9"
60142020,..
70811222,..
17911161,"64,3"
35084976,"86,4"
77632411,"97,6"
49068301,"75,0"
38195284,"100,0"
97510495,"95,0"
89461767,"64,7"
94717858,"95,0"
53760158,"100,0"
37802196,..
36288955,"100,0"
74812809,"96,8"
88839172,"97,9"
95618280,"86,3"
26326048,"90,0"
37839488,"84,6"
59796774,..
75600007,"72,7"
73812226,"91,2"
82964090,"98,8"
24339566,"97,9"
65458415,..
52333875,"71,7"
69543519,"61,5"
24759907,"60,0"
31315191,"88,5"
56670842,"100,0"
48555205,"83,3"
31313926,..
30312720,"88,5"
32116280,..
53175499,"100,0"
52153758,"100,0"
22116645,"95,1"
30167976,"100,0"
50104466,..
28004794,..
32071849,"100,0"
41099519,"91,7"
59386837,..
21382451,"93,5"
43873969,"100,0"
24993048,"87,5"
66273269,..
11275959,"100,0"
58518163,..
37912396,"100,0"
45593337,"71,4"
10226870,"95,0"
32057701,"95,7"
30615080,"68,0"
70543431,..
23476801,..
86351879,"100,0"
74322969,..
90260899,..
31057219,"92,9"
27079521,"100,0"
64579522,..
34381901,"100,0"
55150847,"91,4"
53069733,"93,3"
99394620,"100,0"
76448076,"85,7"
84329061,"91,5"
82718660,..
31486865,"100,0"
97265732,"100,0"
61720981,"98,4"
98651664,"98,7"
33657492,"100,0"
37078868,..
16130958,"95,7"
77713695,"96,9"
16218090,"100,0"
23544320,"100,0"
49136871,..
20855811,"80,0"
53923398,"72,0"
74560191,..
47844862,"94,6"
72984079,"68,8"
52048443,..
61674097,..
32550660,"98,3"
93488613,..
45600034,..
59599256,"95,7"
26957025,"95,0"
90509211,..
11953769,.
50393060,..
95340745,..
54004368,"93,8"
31975673,"95,2"
82251333,"95,0"
63931325,..
57391913,"95,2"
46148350,"88,9"
50133877,"96,4"
74919147,"96,0"
24277564,..
44412461,"99,3"
18217765,"93,9"
49576295,"100,0"
49170638,"90,9"
25379974,..
88025221,"92,0"
18042101,"87,5"
56041699,..
70955448,"100,0"
46707989,"92,0"
61176909,"100,0"
21778322,"100,0"
62612992,"86,2"
94975733,"96,6"
56802300,..
15149235,"94,4"
13981977,..
67058407,"76,5"
15791044,"100,0"
64908550,"96,8"
77358716,"100,0"
92192566,..
56886667,"93,8"
65421426,"92,7"
62394916,..
72071234,"98,0"
64693272,..
65833454,"100,0"
34988313,"95,5"
38880984,"94,4"
18686599,"100,0"
47559319,"90,9"
20752831,"68,8"
51023367,..
34739511,"100,0"
52690153,..
61004230,.
19464342,..
43609520,..
83474173,..
91487291,..
88445871,..
23424275,..
40386043,.
33685428,..
75082798,..
34637764,..
15077883,..
19647256,..
16361868,..
19586169,..
25679488,..
31279294,.
36782335,..
90551279,..
93062368,..
15414001,.
38311488,..
74148070,.
32671805,"42,4"
79606767,.
65136104,.
80327946,"28,6"
86385479,..
70923626,.
47550455,..
20620556,..
19560192,..
46660042,..
40810950,..
17849518,.
66132676,.
19741742,..
97270136,..
30530571,..
11673760,..
38400227,..
60209222,..
23350817,..
87262566,.
41844601,..
57397381,.
72022487,..
44417214,..
86158933,..
78287294,..
32705515,..
23306658,.
31740319,"59,1"
63035915,"24,5"
50821167,..
92814975,..
68748767,..
20984584,.
11608031,..
76007769,..
88894245,.
47884009,"41,7"
75340089,.
31796890,..
69471748,.
60424371,..
37054246,.
18711877,..
28025244,..
16493131,.
48304166,..
68597767,.
38048202,..
40575001,.
12496135,.
42060237,.
56653353,"56,3"
31998226,.
24397215,"31,8"
30677562,..
79845033,.
21627442,"38,2"
16931486,..
19306558,.
37912396,.
29159460,..
89630851,..
69302313,.
27079521,..
14853321,..
92949043,..
71969230,..
61720981,..
16496466,.
62300682,..
61175914,..
61197669,..
37316242,..
54599691,.
27106031,..
63931325,..
57391913,..
70803636,..
14799321,..
16720048,"35,9"
31380193,.
92816527,..
15149235,..
82160887,..
15933512,"35,5"
12198363,.
18072172,.
85188855,..
39528347,..
53279140,..
56187883,.
51023367,.
68229719,"98,1"
71262305,"93,3"
55795961,..
84947634,..
48009865,"91,7"
82840198,"100,0"
19464342,..
60743463,..
97968599,"93,5"
42218661,..
74434644,"89,6"
36263479,"95,4"
19150273,"90,9"
53400472,..
97758137,..
26334561,"89,4"
40386043,"83,0"
59483268,"89,5"
32879845,"100,0"
88573795,..
20595770,"88,8"
82814120,"100,0"
45164827,"100,0"
10924758,"87,5"
34153869,"100,0"
17846181,..
75082798,"92,5"
23555409,"98,3"
72266906,"84,9"
34637764,..
19912478,"95,2"
15077883,"86,7"
48434184,"89,5"
51138448,"81,8"
93939982,"94,7"
25720752,"93,9"
55155562,"70,4"
31533003,"100,0"
16361868,.
19981611,..
19586169,"78,6"
24273261,"100,0"
59455288,..
25679488,"92,7"
35063170,..
31279294,..
36782335,"95,8"
20666515,"100,0"
21648755,"89,0"
11111710,..
49616977,"90,9"
54965510,"94,7"
54164490,"72,0"
20319353,"65,1"
92194545,"98,4"
64740897,..
78979604,..
85068812,..
78397312,"96,9"
36444853,"74,1"
89837629,"77,3"
12994441,"82,4"
88774402,"96,6"
75141151,"82,9"
28627819,"89,3"
26627862,"94,1"
48847282,"86,7"
72517762,..
38684438,"92,2"
31251822,"85,7"
90099336,..
69983740,"100,0"
12052268,"75,0"
71597051,"100,0"
40690520,"100,0"
97382366,"84,0"
10638939,..
21052710,"96,4"
88834120,"91,2"
19207279,"100,0"
53640774,"87,0"
72127035,"94,7"
68734112,"93,8"
92507006,"95,8"
44653962,"100,0"
50198492,"90,9"
16313848,"76,6"
11294673,"100,0"
86327236,..
41745951,"100,0"
83137205,"83,3"
28398531,..
66335258,"93,8"
54172830,"80,0"
75458014,"88,2"
65136104,..
56330385,"68,8"
20228162,"100,0"
53462953,"87,4"
60730660,"100,0"
82592568,"93,8"
86385479,..
49862313,"78,0"
99838438,..
42859669,"72,4"
99592025,"100,0"
34247736,"95,3"
76877530,..
47046103,..
58125096,"61,5"
82914148,..
20620556,..
17173461,..
30468157,"83,9"
66861851,"92,9"
92858957,"85,9"
44113417,"100,0"
67783774,..
39555838,..
85214294,..
82084961,..
73829818,"98,1"
18881773,..
78295411,"78,2"
12279302,"72,7"
50500028,"89,3"
18091973,"100,0"
88466776,"100,0"
40634612,"91,7"
37358234,"92,3"
21008461,"98,3"
53893730,"88,1"
42573391,..
64574972,"91,7"
45830583,..
48931433,"79,6"
30530571,"97,1"
78839208,"100,0"
30458073,.
68920727,"80,0"
27115998,"89,3"
79516949,"92,9"
96684210,"92,8"
87207941,"80,8"
23836342,"84,6"
12395564,"100,0"
39149668,"88,2"
48722826,"88,9"
40766349,"86,4"
67554405,"98,3"
73944169,"100,0"
94455820,..
62104139,"86,5"
78872213,"100,0"
58191646,"89,4"
63179610,"73,9"
64569393,..
48217580,"89,3"
57397381,"89,2"
72022487,"86,7"
71512894,"83,3"
28248021,"75,0"
44417214,"100,0"
25025681,"85,5"
71043974,"83,1"
57777751,..
61161774,"90,8"
75914181,"79,2"
99279503,"81,3"
63653488,..
25392789,"96,5"
69240218,"88,9"
38460895,"66,7"
31199511,"91,4"
43313366,"97,7"
37550979,..
70137084,"96,2"
23306658,"100,0"
11102578,"97,3"
17944628,"91,8"
94090461,"85,7"
64648904,"100,0"
75939593,"90,4"
26324896,"84,6"
56639389,"95,7"
95700485,"90,0"
53896162,"92,0"
17779637,"85,3"
71929526,..
60873719,"100,0"
28085125,"87,5"
21938183,"92,9"
69063711,..
77609073,..
35894996,"66,7"
12926770,"82,4"
68748767,"75,0"
23548714,"65,0"
48593439,"80,8"
91773491,"76,0"
30361243,"88,0"
25596917,"90,9"
65722876,"94,9"
65381163,"75,3"
31155312,"51,5"
84424083,"95,9"
78231062,"99,2"
10481541,"85,4"
68381790,"95,8"
13006857,"98,1"
16956086,"75,0"
58187973,..
31870541,"94,4"
44672598,"100,0"
31822012,"75,0"
99356671,..
16702464,..
29449669,"95,0"
62855448,"80,0"
91812793,"97,8"
58907711,"100,0"
68285560,"100,0"
58544422,"92,8"
69471748,"79,2"
49750031,"98,0"
93239262,"88,2"
75575321,"100,0"
28023078,"87,5"
24194577,..
57690933,"97,0"
12130801,"86,4"
95785055,"100,0"
68741484,"87,3"
37054246,"92,9"
72421673,"97,5"
15763669,..
59655752,"95,0"
41555549,"90,9"
85459854,"97,9"
67071618,..
75324351,..
61229217,..
18617410,"82,8"
40338843,"100,0"
14292382,"94,1"
87859089,"100,0"
98908403,"65,1"
16493131,"89,7"
83272868,"100,0"
11526364,"94,1"
45552626,"94,4"
16748680,"83,3"
92332557,"76,5"
78690637,"87,1"
30279258,"94,0"
76903284,"84,6"
49141105,"84,0"
18974693,"94,1"
26996566,..
69747871,..
31151740,"81,0"
79346084,"80,3"
89816391,"95,1"
43565270,"86,8"
77176811,"93,5"
52791537,"98,5"
52942981,"91,8"
48120273,"96,4"
94167577,"65,4"
27023528,"68,8"
53903798,"63,2"
97770837,"91,1"
69650864,"100,0"
59581397,"95,8"
41938272,"97,7"
29423248,"98,8"
33132452,"71,4"
70811222,..
17911161,"60,0"
35084976,..
77632411,"96,4"
49068301,"89,5"
59898194,"89,5"
38195284,"84,9"
97510495,"90,4"
89461767,"93,1"
94717858,"93,1"
36288955,"96,8"
74812809,"100,0"
88839172,"100,0"
48412612,"88,6"
75075402,"93,4"
26326048,"70,5"
37839488,"74,5"
59796774,..
17675502,..
75600007,"86,5"
73812226,"60,0"
88955893,"100,0"
63943560,"68,8"
85516596,"82,4"
16784385,"81,5"
89963319,..
24339566,"93,2"
65458415,..
95154882,..
28519815,"50,0"
69543519,.
24759907,"56,4"
31315191,"93,8"
42775003,"100,0"
48555205,"90,3"
32116280,..
57143976,"81,8"
53175499,..
64388538,"100,0"
52153758,"100,0"
22116645,..
99755443,"100,0"
30167976,..
50104466,..
28004794,..
32071849,"97,2"
79845033,"91,7"
41099519,"90,9"
59386837,..
21382451,"93,5"
36769815,..
43873969,"96,4"
35301145,"87,5"
59942080,..
66273269,"100,0"
11275959,..
58518163,"84,6"
37912396,"100,0"
45593337,"94,1"
19839859,..
30615080,"52,6"
25178582,"85,7"
23476801,..
56041144,"82,9"
74322969,"100,0"
90260899,"78,9"
31057219,"100,0"
27079521,"100,0"
64579522,"100,0"
34381901,"90,5"
55150847,..
90076461,"91,9"
53069733,"92,3"
95368476,"93,9"
76448076,.
86488203,"90,9"
25156286,"100,0"
28081446,"100,0"
92949043,"87,5"
91048178,"86,7"
82718660,..
12399380,..
31486865,"96,6"
97265732,"94,3"
61720981,"86,7"
50424828,..
47393891,"89,3"
48414975,"100,0"
47108751,..
33657492,"100,0"
82195565,"97,6"
77713695,"95,7"
64667996,"97,2"
23544320,"100,0"
69040241,..
63993414,..
20855811,"64,7"
53923398,"81,4"
74560191,..
47844862,"87,5"
72984079,"54,5"
36480690,"78,9"
32995170,"78,3"
52048443,..
61674097,"90,6"
32550660,"99,1"
93488613,"73,3"
45600034,..
59599256,"97,0"
26957025,"97,9"
90509211,"94,7"
50393060,"95,7"
85788659,"76,9"
95340745,..
59521477,..
92442684,..
54599691,"93,4"
31975673,"97,6"
99864908,"87,9"
63931325,..
57391913,"100,0"
46148350,"92,3"
49868916,"93,9"
74919147,"76,9"
78389879,"84,6"
24277564,..
44412461,"97,6"
36355200,"90,6"
70803636,"98,2"
77712952,"80,0"
10433896,"97,3"
49170638,"72,2"
46379730,"95,8"
25379974,..
88025221,"90,4"
18042101,"94,7"
56041699,..
45111086,"100,0"
70955448,"98,5"
67924816,"93,7"
56084099,..
13960635,"93,7"
61176909,"100,0"
21778322,"87,5"
85485803,"84,7"
88429477,"97,7"
56802300,"100,0"
15149235,"82,4"
24538846,"87,5"
67058407,"77,8"
15791044,"91,7"
65392939,"91,8"
77358716,"90,2"
49739986,"87,5"
92192566,"81,8"
56886667,"97,1"
64648566,"85,7"
65421426,"83,3"
62394916,"100,0"
72071234,"100,0"
15933512,"95,6"
64693272,..
18072172,..
65833454,..
28045567,"97,6"
18686599,"92,3"
93779220,"91,2"
80785976,"92,9"
47559319,"90,9"
56187883,"83,3"
20752831,"76,9"
51023367,..
52690153,..
36782335,..
96279444,"94,1"
19560192,..
31657916,..
85800840,"100,0"
20061769,..
77358716,"83,3"
18345915,"98,0"
71262305,"100,0"
55795961,..
48009865,"100,0"
18208087,"87,5"
60743463,..
32960825,"94,7"
91748148,"81,5"
42022406,"78,9"
65192707,"96,0"
69018222,"71,4"
12889940,"92,6"
40386043,"72,4"
21663998,"81,3"
88259298,"80,0"
17846181,..
75082798,"86,5"
23555409,"100,0"
30341162,"81,3"
16950252,"96,9"
15077883,..
48434184,..
56421429,"100,0"
17008320,"94,4"
25720752,..
55155562,"94,1"
23164911,"94,6"
36680097,..
95683850,"98,5"
89888648,"89,4"
35063170,"91,7"
31279294,..
36782335,"96,2"
23897040,..
37906565,..
90551279,"89,2"
69686851,..
85068812,.
16819383,..
89837629,"77,8"
72517762,.
79094701,"100,0"
66491596,"100,0"
12052268,"91,7"
53231578,"97,0"
96279444,"83,6"
40690520,"100,0"
35006050,"80,9"
21052710,"100,0"
58502307,"100,0"
97177328,"68,8"
70969714,"96,6"
81993306,"88,9"
47264019,"97,0"
16313848,"76,3"
86327236,..
28398531,"86,7"
79033948,"100,0"
68240485,"100,0"
78875918,"86,7"
86385479,..
49862313,..
99838438,"79,4"
42859669,"72,7"
99592025,"97,8"
47550455,"92,0"
58125096,"86,2"
30468157,"89,3"
72206824,"94,3"
92858957,"88,3"
44113417,"88,5"
39555838,..
82084961,"82,9"
46162400,"94,1"
67279263,"91,9"
18594470,"86,9"
40667807,..
88466776,..
40634612,..
14508922,"96,6"
29032715,"89,7"
19909435,"96,6"
96024712,"95,2"
27115998,"90,9"
41867682,"81,3"
79516949,"85,7"
46574937,"92,4"
39805497,"86,7"
81619482,"100,0"
90006712,..
39149668,..
48722826,"84,6"
53691739,"100,0"
43251309,"100,0"
87034307,"81,1"
78872213,..
80405898,"95,2"
51620045,"92,9"
86888278,..
56947954,"85,2"
72022487,"100,0"
71512894,"80,0"
28248021,..
44417214,"92,9"
88776535,"80,0"
71043974,"78,6"
89807183,"90,0"
39302565,"78,6"
79527481,"89,6"
69240218,..
86787111,"92,9"
77823650,..
82002016,"95,8"
97535124,"100,0"
69306209,"85,7"
12954099,"94,2"
90473340,"84,6"
51449748,"88,9"
12613085,"87,5"
53896162,"95,2"
66824652,"90,0"
49168016,"91,3"
60873719,"100,0"
69063711,..
77609073,..
52129378,"85,3"
65381163,"71,0"
68381790,..
13006857,"100,0"
16956086,"96,6"
31870541,"95,0"
44672598,"89,5"
83161201,"87,9"
16702464,..
29449669,"82,8"
36252055,"90,0"
14355031,"91,7"
53832505,"61,0"
69471748,..
43284031,"93,3"
26267406,..
51955293,"96,3"
51736304,"90,9"
44285075,..
68655578,"71,0"
37054246,..
39199869,"96,8"
88750078,"93,3"
41555549,"100,0"
81876614,"100,0"
67071618,"100,0"
75324351,..
59575030,"89,5"
77440824,"100,0"
51981332,"100,0"
87859089,.
98908403,"54,5"
16493131,"100,0"
11526364,"100,0"
38048202,"97,6"
26671095,"100,0"
65320354,"100,0"
76903284,"94,1"
15870428,"87,5"
26750052,"97,8"
12546590,"90,7"
54117171,"92,2"
94167577,"60,5"
27023528,"75,0"
17911161,..
35084976,..
49068301,..
94717858,"90,6"
46256929,"91,1"
73812226,"73,3"
15390992,"95,2"
63943560,"93,3"
78433202,"84,7"
31313926,"69,2"
30312720,"100,0"
32116280,"89,7"
57143976,"96,7"
93367005,"80,7"
50104466,..
79845033,"92,9"
41099519,..
59386837,..
17276047,"88,5"
48244956,"63,6"
13084253,"84,2"
58518163,..
27993549,"80,0"
37912396,..
45593337,"83,9"
67628478,"100,0"
37517404,..
25178582,"76,9"
86351879,..
74322969,..
90260899,..
31057219,"76,9"
27079521,"100,0"
64579522,..
53069733,..
99394620,"100,0"
31537066,"93,3"
21400668,"93,3"
84329061,"85,3"
91048178,"91,7"
31486865,"100,0"
97265732,"100,0"
61720981,"85,9"
82931004,..
28829503,"91,1"
33657492,"88,9"
33596572,"97,3"
57668673,..
20855811,"65,2"
53923398,"88,9"
72984079,"84,6"
36480690,"100,0"
52048443,"97,1"
50393060,"100,0"
95340745,..
59521477,..
66095163,"76,2"
54004368,"94,9"
31975673,"85,0"
59463950,"100,0"
63931325,..
75374280,"95,0"
46148350,..
50133877,"94,9"
44412461,"92,3"
18217765,"89,7"
66028861,"100,0"
10433896,"88,5"
43154449,"100,0"
68824244,"90,3"
43479922,"95,5"
28391147,"88,2"
62612992,"77,8"
94975733,..
56802300,..
15149235,..
13981977,..
67058407,..
15791044,..
65392939,"98,2"
29225010,"87,5"
24349146,"95,3"
83605345,..
64693272,.
18072172,..
20768651,"87,5"
28872974,"78,4"
80785976,..
21532545,..
20752831,"84,6"
34739511,"100,0"
68824244,..
68564903,..
88445871,.
98132436,..
59483268,.
12154972,..
59734510,.
59455288,..
89888648,.
36782335,..
20666515,..
90551279,.
93062368,.
90267145,..
16819383,.
51321260,..
88556189,..
31843016,.
87764775,..
16313848,..
65136104,.
69241230,..
80327946,..
86385479,.
42859669,"45,5"
92905347,.
30329172,..
19560192,..
82084961,..
73829818,.
14508922,..
19741742,.
19909435,..
85800840,.
39583059,.
38645259,.
38400227,.
86473502,.
73567152,..
23457902,.
72022487,..
44417214,.
86724994,..
78287294,.
81551726,..
76195214,.
82826083,..
26167236,.
63035915,..
17119840,..
20984584,.
25648215,..
68006362,..
86762103,.
58187973,..
88894245,..
22220001,.
72891848,..
48862305,..
26267406,.
53180719,..
15609112,..
62216381,.
85459854,..
41697930,..
78690637,.
97835550,.
42911621,.
42060237,.
14926020,..
31998226,..
79829846,"47,6"
41631104,..
16931486,.
19839859,.
43601850,.
96414537,.
99394620,..
84329061,..
65265211,..
61647360,..
45541222,..
91905819,.
54882637,.
72984079,..
69865450,.
49872493,..
54467211,..
82251333,.
34002355,.
10342448,..
60088179,..
90290154,..
18691102,.
24349146,..
47692481,.
18072172,.
29744774,.
32239920,..
68229719,..
84947634,..
68564903,"64,7"
82840198,..
32960825,"83,3"
83474173,..
74434644,"61,1"
93281974,"64,7"
23424275,..
19150273,..
26334561,..
59483268,.
73098153,..
17846181,..
75082798,..
34637764,..
15077883,..
48434184,.
88850910,..
25720752,"50,0"
31533003,..
31429031,"76,5"
19586169,..
95683850,"94,1"
59455288,..
25677996,..
36782335,..
37906565,.
90551279,"55,6"
90267145,..
72998905,..
96590873,"61,2"
88556189,..
72127035,..
85003442,..
44653962,"72,7"
87764775,..
48438396,"53,7"
32671805,..
16313848,"47,6"
11294673,..
66335258,..
78875918,"38,5"
78023197,"44,4"
70923626,..
92905347,..
34247736,"47,6"
38167912,..
19560192,..
46660042,"48,1"
85214294,..
40037982,"46,7"
12279302,"80,0"
40667807,..
80762863,..
31657916,..
64574972,..
48931433,"70,4"
96024712,..
40829056,..
38645259,..
11673760,..
63791419,"54,5"
46145886,..
27041885,"80,0"
97596286,"41,2"
67554405,"55,2"
86473502,..
84286698,..
76860623,"85,7"
57397381,..
72022487,..
28248021,..
44417214,.
14102256,"75,9"
75914181,"82,4"
99279503,"71,7"
76195214,..
21901328,..
23306658,.
31740319,"80,0"
69807202,"84,6"
63035915,"47,8"
32042066,"100,0"
92814975,..
35894996,"88,5"
20984584,.
25648215,..
68006362,"51,9"
13006857,..
16956086,"62,5"
71160225,..
75340089,..
36670439,..
22220001,..
99356671,..
16702464,..
72891848,..
71541108,..
28023078,"82,4"
13963517,.
51955293,"91,7"
12130801,.
53180719,..
68741484,..
31179045,"64,0"
41555549,..
18711877,..
75324351,..
70376604,"79,2"
14292382,.
16493131,"68,2"
48304166,..
65674821,..
38048202,"73,9"
87303004,..
97835550,..
26508763,"57,1"
14504503,..
16198647,"52,8"
12496135,..
76903284,..
68649663,"64,9"
81997762,..
42060237,.
53903798,..
97770837,"77,8"
33132452,"45,8"
59898194,..
95618280,"49,1"
65458415,.
16501673,..
59386837,..
16931486,..
32321364,..
27993549,..
37912396,..
90312942,..
19839859,..
29159460,..
43601850,.
14586562,.
69302313,..
31057219,..
64579522,..
34381901,..
96414537,..
31537066,..
84329061,"55,0"
71969230,..
61720981,..
50424828,"69,0"
65265211,..
97191332,"69,0"
33657492,..
17812651,"71,4"
22239675,"66,7"
59599256,"64,5"
49872493,..
11953769,.
50393060,..
95340745,..
92442684,"35,3"
54599691,..
54467211,..
99864908,"62,5"
63931325,..
46148350,..
49868916,"68,4"
84908877,.
24277564,..
36355200,..
77835341,..
77712952,..
56041699,..
90685868,..
60088179,"60,0"
21778322,"84,2"
90290154,..
25847233,..
16848652,..
56802300,..
77379848,.
67422309,..
15791044,..
65421426,"33,3"
12198363,.
47692481,..
64693272,..
89690587,"57,1"
87112995,"46,4"
51023367,..
52690153,..
38683336,..
