skolkod,gbp_examen
93221031,"12,8"
17474377,"14,1"
74776778,"14,7"
18345915,"15,0"
68229719,"14,8"
61004230,"16,2"
71262305,"16,0"
55795961,"16,0"
84947634,"13,5"
23517336,"15,1"
48009865,"15,5"
97870412,"13,9"
68564903,"13,9"
82840198,"14,3"
18208087,"13,9"
89982804,"13,5"
19464342,"14,6"
60743463,"15,3"
32960825,"15,0"
43609520,"15,6"
41416934,"12,9"
97968599,"14,9"
21567982,"12,8"
91748148,"14,6"
49379603,..
80167319,..
42218661,"15,0"
73171934,..
83474173,"13,0"
91487291,..
21866405,"12,0"
74434644,"14,2"
42022406,"13,6"
88445871,"13,7"
65192707,"15,4"
18425335,"13,8"
93281974,"13,8"
23424275,"14,3"
43634528,"15,7"
36263479,"15,1"
56679384,"13,7"
30538202,"15,1"
19150273,"13,6"
69018222,"13,2"
25624692,"12,4"
88534520,"15,0"
12889940,"14,7"
16554575,"12,8"
34076477,"13,7"
54896448,"16,6"
25356960,"14,3"
64284020,"13,2"
98132436,"13,8"
53400472,"15,3"
60096875,"12,6"
97758137,"15,8"
26334561,"14,4"
40386043,"14,5"
29324709,"14,3"
26864271,"14,0"
59483268,"15,0"
33685428,"15,6"
32879845,"14,9"
88573795,"14,0"
20699742,"14,8"
21663998,"16,1"
20595770,"15,1"
82814120,"15,1"
45164827,"17,5"
10924758,"13,3"
34153869,"15,7"
88259298,"14,6"
73098153,"15,2"
44240250,"14,6"
17846181,"15,3"
75082798,"14,6"
23555409,"15,3"
91333138,"13,7"
30341162,"13,6"
39936461,"14,3"
72266906,"15,2"
27030026,"14,1"
12154972,"13,4"
16950252,"14,5"
34637764,"15,2"
19912478,"15,4"
73255276,"14,7"
15077883,"14,0"
48434184,"14,0"
58724424,"14,7"
95684185,"15,4"
51138448,"14,7"
19647256,"13,8"
56421429,"14,4"
39911065,"14,3"
17008320,"15,3"
56737496,"13,9"
88850910,"13,1"
93939982,"14,0"
25720752,"14,7"
55155562,"14,2"
31533003,"14,8"
31429031,"13,4"
16361868,..
23164911,"15,3"
24008049,"14,7"
19981611,"15,3"
54481243,"17,9"
36680097,"13,8"
87756916,"13,3"
59734510,"13,1"
19586169,"13,6"
24273261,"14,1"
95683850,"14,5"
59455288,"14,9"
82163292,"14,3"
25679488,"14,5"
25677996,"14,8"
89888648,"14,0"
90003262,..
88163512,"14,7"
35063170,"14,5"
31279294,"13,8"
36782335,"14,6"
23897040,..
20666515,"15,1"
37906565,"14,2"
67279303,"13,5"
21648755,"14,3"
11111710,"14,9"
90551279,"14,3"
93062368,"12,4"
69686851,"14,0"
49616977,"15,3"
54965510,"15,7"
90267145,"13,6"
72998905,"12,9"
84835666,"15,2"
25872338,..
54164490,"13,2"
69481650,"13,5"
20319353,"13,5"
92194545,"13,7"
88153340,"13,2"
94353434,"13,1"
59396229,"13,7"
95165649,"13,7"
64740897,..
78979604,..
69626109,"13,4"
10974852,..
85068812,"13,7"
78397312,"16,3"
36444853,"14,3"
15414001,"14,5"
38311488,"14,2"
16819383,"14,0"
89837629,"13,5"
12994441,"13,5"
53660780,"14,7"
88774402,"17,5"
75141151,"15,0"
61701709,"14,4"
61469192,"16,6"
84306392,"16,1"
28627819,"14,6"
30086854,"12,6"
26627862,"15,5"
48847282,"15,1"
72517762,..
79094701,"15,7"
38684438,"14,2"
31251822,"14,1"
90099336,..
96590873,"14,1"
35647481,"15,4"
39549479,"15,1"
73147554,"16,6"
65752105,..
69983740,"17,1"
66491596,"16,7"
12052268,"14,8"
71597051,"16,5"
53231578,"14,0"
11274830,"12,3"
51321260,"11,8"
96279444,"14,3"
40690520,"16,8"
61880907,"12,1"
91011325,"13,8"
97382366,"15,2"
35006050,"13,8"
88886610,"12,7"
10638939,"13,9"
21505555,"16,4"
34336190,"15,4"
21052710,"15,7"
88556189,"12,3"
35236491,"14,5"
69739484,"14,7"
92887917,"14,5"
88834120,"14,1"
70066748,"15,3"
19207279,"17,2"
53640774,"14,2"
58502307,"14,4"
97177328,"14,0"
72127035,"14,4"
70969714,"13,3"
85003442,"13,5"
22752398,"12,6"
68734112,"14,5"
71922787,"13,5"
31843016,"12,5"
74148070,"15,8"
50696507,"15,2"
92507006,"14,6"
44653962,"14,6"
20100577,"15,3"
81993306,"14,3"
19051089,"17,1"
29097621,"13,4"
47264019,"14,3"
87764775,"13,7"
50198492,"14,7"
48438396,"13,3"
98052678,"14,9"
20099064,"16,0"
44341171,"15,4"
32671805,"15,5"
38448056,"15,5"
16313848,"13,8"
79606767,"14,7"
11294673,"14,7"
86327236,"14,1"
41745951,"17,0"
83137205,"16,4"
28398531,"13,2"
66335258,"14,7"
54172830,"14,1"
86310217,"12,4"
83085136,"15,2"
75458014,"13,5"
65136104,"13,5"
61826221,.
79033948,"14,9"
56330385,"15,8"
20228162,"17,3"
68240485,"15,2"
95046058,"16,2"
44392995,"15,1"
53462953,"14,2"
69241230,"12,8"
60730660,"18,4"
85544331,"14,8"
80327946,"13,4"
82592568,"15,3"
78875918,"15,2"
78023197,"13,8"
86385479,"14,8"
40991561,..
49862313,"14,4"
99838438,"13,7"
42859669,"13,8"
70923626,"14,3"
92905347,"12,4"
99592025,"16,0"
34247736,"14,7"
47550455,"14,1"
30329172,"14,6"
76877530,"15,7"
47046103,"14,1"
56664512,..
38167912,"15,8"
43826783,..
58125096,"14,9"
82914148,..
20620556,"14,5"
77839100,..
17173461,"14,3"
55535552,.
19560192,"13,8"
30468157,"15,0"
98053087,"13,4"
92533079,"15,6"
61528940,"16,0"
23681822,"15,9"
66861851,"14,6"
72206824,"14,5"
92858957,"15,0"
46660042,"13,7"
86296935,..
44113417,"14,9"
67783774,..
38917647,..
21363125,.
39555838,"14,5"
85214294,"13,7"
82084961,"14,2"
46162400,"12,9"
98369689,"13,3"
56529916,"14,3"
40810950,"15,2"
67279263,"15,0"
40037982,"13,4"
51210136,"15,9"
73829818,"14,7"
54395430,.
18881773,"13,4"
50908408,"14,7"
18594470,"14,0"
78295411,"15,1"
80686587,"15,8"
72232853,"15,7"
12279302,"13,4"
17849518,"12,5"
64205087,"14,3"
50500028,"14,6"
94570025,"14,2"
91984508,"15,7"
78659008,"15,9"
12448823,..
40667807,"14,7"
18091973,"14,4"
88466776,"15,9"
36539945,..
40634612,"14,3"
62439199,"13,4"
66132676,"15,1"
57942242,"15,5"
80762863,"13,3"
77688926,"16,3"
14508922,"14,6"
69629086,"13,2"
88624631,"12,8"
35390185,..
37358234,"14,2"
31657916,..
21008461,"14,8"
54606928,"15,1"
53893730,"14,4"
46241804,"13,7"
42573391,"13,7"
64574972,"14,4"
19741742,"14,4"
29032715,"14,5"
45830583,"14,4"
48931433,"15,3"
97270136,"14,3"
19909435,"13,7"
30530571,"14,6"
78839208,"15,3"
96024712,"15,0"
30458073,..
40829056,"12,9"
85800840,"14,4"
68920727,"15,5"
27115998,"14,3"
41867682,"12,9"
79516949,"14,3"
65662401,"14,7"
39583059,"13,7"
38645259,"12,9"
96684210,"14,8"
87207941,"14,7"
11673760,"14,2"
46574937,"15,2"
23836342,"14,9"
63791419,"14,7"
39805497,"14,1"
38400227,"13,9"
81619482,"15,8"
83829189,"13,3"
46145886,"14,9"
12395564,"15,9"
90006712,"16,7"
43649848,"13,9"
75344502,"14,8"
84247499,"13,6"
27041885,"13,5"
39149668,"14,0"
97064126,..
32580162,"14,5"
38233622,"16,1"
48722826,"13,8"
73063662,"14,9"
40766349,"14,2"
71571158,"12,7"
53691739,"12,4"
43251309,"13,5"
97596286,"13,8"
67554405,"14,1"
86473502,"12,7"
73944169,"15,1"
98239050,"15,3"
94455820,..
58368956,"14,0"
73567152,"13,7"
61547652,"13,8"
60209222,"13,9"
62104139,"14,5"
87034307,"15,6"
78872213,"15,3"
84286698,"13,8"
62490359,"14,9"
64725297,"14,0"
43362941,"14,7"
23350817,"14,1"
76860623,"15,8"
58191646,"14,3"
80405898,"14,7"
56021320,"14,5"
41358402,"11,3"
63179610,"12,6"
64569393,"14,7"
87262566,"13,1"
64160122,"16,3"
48217580,"13,6"
41844601,"14,1"
51620045,"14,3"
86888278,"14,4"
23457902,"13,1"
27597104,"13,5"
57397381,"13,9"
56947954,"14,2"
72022487,"14,3"
71512894,"15,3"
70969556,"13,4"
28248021,"14,2"
44417214,"14,2"
25025681,"13,9"
88776535,"15,8"
49488344,"14,6"
74408578,"14,1"
71043974,"15,3"
57777751,..
38732602,"15,9"
89807183,"15,8"
86724994,"13,4"
61161774,"14,8"
86158933,"15,2"
14102256,"13,9"
75082280,"13,5"
75914181,"14,2"
39302565,"12,8"
96818167,"15,1"
36072799,"15,1"
61432781,"13,1"
78287294,"13,5"
74316305,"12,8"
39096170,"14,3"
79527481,"15,1"
67300857,"16,2"
99279503,"14,0"
63653488,..
84476205,"15,6"
24544503,"15,2"
25392789,"15,0"
72109637,..
69240218,"15,5"
14057258,..
38460895,"13,8"
31199511,"15,3"
12934438,"16,5"
43313366,"14,6"
86787111,"13,5"
97868185,"15,4"
81551726,..
77823650,"14,1"
37550979,"14,3"
52634142,"14,4"
76195214,"14,6"
54839753,..
32705515,"13,6"
60214465,"14,7"
70137084,"13,9"
82002016,"15,6"
21901328,"14,2"
23306658,"14,3"
57350392,..
97535124,"15,2"
11102578,"14,7"
69306209,"14,4"
92651253,"13,2"
31740319,"14,0"
10129345,"15,0"
17944628,"15,3"
82826083,"13,2"
94468610,"15,1"
94090461,"14,3"
12954099,"14,5"
80931789,"15,6"
84098842,"13,6"
90473340,"13,6"
26167236,"13,5"
69807202,"14,8"
64648904,"15,0"
75939593,"15,9"
63035915,"13,4"
26324896,"14,1"
56639389,"16,5"
95700485,"17,0"
51449748,"15,3"
28267726,"17,6"
28848709,"12,7"
12613085,"12,7"
53896162,"15,2"
17779637,"16,5"
11185244,"14,8"
56211717,"14,0"
66824652,"14,8"
49168016,"14,2"
32042066,"14,2"
50821167,..
71929526,"15,3"
92814975,"13,4"
60873719,"15,6"
28085125,"13,6"
28770304,"13,3"
21938183,"15,4"
78986228,.
71472793,"14,4"
64123241,"12,6"
69063711,"13,6"
77609073,"13,4"
35894996,"14,2"
12926770,"13,8"
17119840,"13,2"
68748767,"13,7"
23548714,"15,0"
48593439,"14,6"
91773491,"15,3"
30361243,"15,3"
25596917,"15,2"
65722876,"15,7"
20984584,"12,3"
52129378,"14,1"
65381163,"14,3"
98541468,"11,2"
31155312,"14,1"
25648215,"12,7"
61823258,"14,0"
84424083,"17,7"
39178171,"14,4"
49231191,"14,5"
78231062,"16,7"
79994304,..
10481541,"14,8"
68006362,"13,6"
11608031,"13,4"
86762103,"12,6"
68381790,"14,7"
13006857,"14,9"
76007769,"12,8"
16956086,"14,7"
58187973,"15,7"
88894245,"13,8"
31870541,"14,3"
71160225,"12,9"
67752682,"13,5"
47884009,"13,9"
44672598,"14,5"
75340089,"13,8"
36670439,"13,0"
22220001,"13,3"
31822012,"14,2"
83161201,"15,3"
15100079,..
55421481,..
99356671,"13,9"
16702464,"14,0"
71353314,..
29449669,"14,5"
62855448,"13,5"
36252055,"15,9"
91812793,"15,3"
14355031,"15,2"
72891848,"12,7"
46611859,"16,6"
58907711,"16,0"
68285560,"14,8"
58544422,"14,4"
65150019,"16,1"
31796890,..
22426680,..
83805032,"12,3"
48862305,"12,7"
32887559,"13,3"
71541108,"15,5"
53832505,"14,3"
47537928,"15,7"
69471748,"13,9"
49750031,"15,1"
76485705,"15,3"
93239262,"14,5"
25745773,"15,4"
99976753,"14,2"
14278480,"13,8"
75575321,"16,0"
28023078,"13,9"
43284031,"13,5"
13963517,"14,7"
24194577,..
26267406,"14,1"
31255918,"14,7"
51955293,"14,9"
57690933,"14,5"
35035671,"14,1"
12130801,"15,0"
51736304,"15,2"
53180719,"13,3"
27489137,"14,3"
15609112,"12,7"
44285075,"14,5"
60424371,"14,0"
95785055,"17,0"
68655578,"13,0"
17062663,"12,7"
68741484,"12,9"
56267421,"14,4"
34990065,"13,8"
37054246,"14,1"
39199869,"15,5"
62216381,"13,7"
31179045,"13,5"
72421673,"14,6"
15763669,..
59655752,"16,0"
88750078,"14,2"
41878314,..
41555549,"14,6"
32003298,"13,9"
22383788,"13,8"
85459854,"14,1"
81876614,"16,0"
18711877,"14,5"
67071618,"15,0"
75324351,"13,9"
61229217,"13,8"
58929357,"14,8"
42517257,"15,3"
70376604,"14,7"
59575030,"14,8"
93503103,"13,6"
18617410,"14,6"
41697930,"13,3"
28025244,"14,5"
17184072,"12,5"
40338843,"14,2"
77440824,"14,4"
71069359,"12,9"
86896907,"14,1"
14292382,"15,2"
51981332,"15,5"
87859089,"14,4"
54764253,"13,0"
98908403,"14,6"
16493131,"14,7"
41119610,"15,6"
83272868,"14,6"
11526364,"13,6"
48304166,"12,9"
24982097,"14,4"
45552626,"15,0"
50906954,.
97104132,"15,3"
16748680,"14,8"
68597767,..
27964873,"12,5"
30706655,"13,7"
65674821,"14,4"
92332557,"14,9"
46332927,"14,4"
78690637,"14,6"
24653673,"13,4"
38048202,"14,3"
90990441,"13,2"
86319615,"13,3"
87303004,"12,7"
97835550,"13,1"
22446331,"14,3"
26671095,"13,4"
42911621,"13,6"
40575001,"13,3"
75027822,"13,0"
26508763,"14,0"
14504503,"13,2"
21850904,"17,2"
65320354,"16,4"
77544055,"14,8"
49112879,"15,4"
30279258,"14,6"
16198647,"14,2"
12496135,"12,5"
76903284,"13,8"
68649663,"13,7"
43623146,..
49141105,"14,2"
15870428,"13,5"
26646080,"15,2"
26750052,"14,7"
18974693,"15,0"
26996566,..
27704246,"16,3"
81997762,"12,7"
28967085,..
69747871,..
70119254,"13,5"
31151740,"15,0"
79346084,"14,6"
34222422,"14,9"
84230226,..
42060237,"13,0"
89816391,"13,6"
14448619,"13,9"
12546590,"14,7"
43565270,"14,8"
77176811,"14,8"
52791537,"16,4"
85152591,"16,9"
85819857,"16,7"
40600798,"15,7"
52942981,"14,8"
54117171,"15,8"
48120273,"17,5"
33233228,..
94167577,"14,0"
27023528,"15,0"
53903798,"13,5"
85782695,"12,8"
98815582,"14,9"
97770837,"14,6"
21312503,"14,9"
69650864,"17,7"
59581397,"13,9"
14926020,"12,6"
41938272,"16,2"
29423248,"15,9"
76054399,"16,7"
33132452,"13,3"
56942970,..
60142020,..
70811222,"17,1"
17911161,"14,1"
35084976,"15,8"
25525759,.
77632411,"16,3"
56653353,"14,9"
49068301,"15,3"
59898194,"15,4"
38195284,"14,5"
97510495,"14,6"
89461767,"14,8"
94717858,"14,9"
53760158,"16,1"
78422467,"15,4"
37802196,..
38683336,"15,9"
36288955,"18,3"
74812809,"17,3"
88839172,"18,0"
48412612,"14,8"
95618280,"15,0"
75075402,"14,5"
26326048,"14,5"
37839488,"13,7"
46256929,"14,4"
83374651,"18,2"
59796774,"17,9"
17675502,"13,4"
75600007,"14,6"
73812226,"14,8"
30762346,..
82964090,"17,3"
88955893,"16,9"
15278518,"14,5"
15390992,"15,0"
63943560,"13,5"
85516596,"14,7"
31998226,..
38236800,"13,3"
16784385,"15,7"
59026584,"14,8"
79829846,"13,7"
89963319,..
24339566,"15,4"
20061769,"13,8"
65458415,..
95154882,"13,2"
52333875,"14,7"
24663703,..
28519815,"15,3"
65666808,"13,5"
69543519,"13,6"
24397215,"14,8"
30677562,"14,1"
85054102,"13,1"
87274273,"15,1"
89693952,.
24759907,"14,9"
78433202,"14,7"
41631104,"14,8"
35366805,"15,2"
31315191,"15,5"
80357110,"16,2"
42775003,"16,8"
56670842,"17,3"
89370947,"17,2"
18451445,..
48555205,"14,8"
31313926,"14,6"
30312720,"15,2"
32116280,"14,0"
57143976,"15,2"
93367005,"13,3"
53175499,"17,1"
64388538,"16,8"
52153758,"18,0"
16501673,"13,1"
26298615,"13,4"
22116645,"16,5"
99755443,"16,8"
30167976,"16,2"
50104466,"15,0"
28004794,..
32071849,"16,0"
79845033,"13,9"
41099519,"13,8"
59386837,"14,0"
21627442,"15,3"
17276047,"13,6"
73217812,"13,4"
21382451,"15,2"
48244956,"14,4"
36769815,"13,5"
16931486,"13,4"
92489953,"13,8"
43873969,"15,7"
55825382,"14,2"
19306558,"15,4"
35301145,"14,6"
24993048,"14,7"
70132092,"11,4"
65034473,..
13084253,"14,3"
32321364,..
59942080,"14,4"
66273269,"14,9"
82888663,"14,7"
11275959,"14,0"
58518163,"14,3"
50615280,"15,3"
19035583,"13,9"
27993549,"13,7"
37912396,"15,2"
45593337,"14,5"
90312942,"13,2"
10226870,"16,7"
19839859,"14,0"
80280597,..
67628478,"17,4"
37517404,"15,4"
29159460,"13,1"
32057701,"16,0"
43601850,"12,3"
30615080,"14,4"
89630851,"15,1"
25178582,"14,8"
70543431,"16,6"
23476801,..
86351879,"14,2"
56041144,"14,1"
14586562,..
74322969,"13,3"
90260899,"14,3"
69302313,"14,5"
31057219,"14,5"
27079521,"14,2"
33572033,"14,8"
64579522,"14,6"
65234368,"14,7"
34381901,"14,8"
55150847,"15,4"
90076461,"14,9"
96414537,"13,7"
53069733,"15,7"
99394620,"15,1"
95368476,"15,1"
14853321,"14,1"
76448076,"13,7"
31537066,"13,9"
86488203,"14,5"
25156286,"14,7"
28081446,"15,6"
21400668,"13,4"
92949043,"14,7"
92818240,"13,7"
84329061,"14,7"
71969230,"11,7"
91048178,"13,1"
82718660,"14,6"
76942525,"14,2"
12399380,"13,5"
31486865,"15,3"
97265732,"17,7"
10373112,..
61720981,"14,8"
25698509,"15,2"
50424828,"14,3"
82931004,"12,1"
83584125,"14,9"
95024660,"13,7"
32263814,"13,9"
16496466,..
12075195,"13,5"
62300682,"13,8"
47393891,"14,0"
48414975,"15,3"
65265211,"13,5"
11533776,"14,9"
47108751,..
97191332,"13,9"
71938440,"13,0"
28829503,"15,0"
22811839,"12,9"
33205596,"12,2"
99622695,..
19930101,"12,5"
60727136,"13,8"
45132264,"13,8"
61647360,..
98651664,"16,7"
33657492,"14,7"
61622991,"13,1"
66644568,"13,7"
93659517,"14,1"
79309485,"14,7"
61175914,"13,9"
73316818,"16,2"
37078868,..
27859889,"14,0"
16130958,"15,4"
29161632,..
82195565,"14,5"
33596572,"14,8"
45541222,"15,5"
77713695,"15,7"
63451147,"14,1"
51131594,"14,5"
89680395,"16,1"
53696633,"15,4"
27440210,"16,3"
62758285,"15,1"
16218090,"16,5"
61197669,..
64667996,"15,7"
17812651,"13,7"
23544320,"15,9"
57668673,"14,2"
69040241,"13,7"
63993414,"16,3"
49136871,..
91905819,"12,8"
20855811,"13,7"
54882637,"12,9"
53923398,"14,2"
74560191,"14,4"
47844862,"14,6"
22239675,"14,3"
72984079,"14,4"
36480690,"14,9"
24787883,"15,4"
32995170,"14,1"
52048443,"14,3"
61674097,"16,1"
32550660,"16,6"
93488613,"14,5"
45600034,"16,3"
59599256,"14,6"
69865450,"13,1"
31112935,"14,2"
26957025,"17,2"
90509211,"13,8"
43277545,"15,3"
37316242,"13,9"
20173336,"14,3"
49872493,"14,4"
39147056,"13,5"
11953769,..
28646435,"13,3"
50393060,"14,9"
85788659,"13,5"
95340745,"14,4"
59521477,"13,5"
92442684,"13,8"
66095163,"14,2"
38544187,"14,0"
54599691,"14,1"
54004368,"15,2"
54467211,"14,1"
23517683,"14,7"
31975673,"15,1"
82251333,"15,1"
99864908,"14,2"
27106031,"14,3"
59463950,"14,5"
63931325,"14,5"
57391913,"15,7"
75374280,"14,3"
46148350,"14,9"
50133877,"14,3"
49868916,"14,9"
74919147,"16,7"
90240730,"13,5"
84908877,"13,4"
78389879,"14,3"
24277564,"14,0"
88956420,..
44412461,"16,2"
34002355,"11,5"
36355200,"14,5"
96920524,"14,4"
18217765,"14,9"
60919765,..
14677676,"14,2"
96152872,"13,6"
77835341,"14,3"
70803636,"14,7"
49576295,"16,6"
66028861,"17,8"
23797825,"14,3"
45293715,"14,8"
44738639,"14,5"
77712952,"13,9"
92009807,"13,1"
10433896,"15,1"
10342448,"13,0"
43154449,"13,4"
49170638,"14,6"
46379730,"14,6"
25379974,"15,5"
98032567,..
96194948,"15,1"
25955541,"15,3"
88025221,"14,9"
18042101,"15,1"
14799321,"12,7"
56041699,"13,4"
45111086,"14,3"
70955448,"15,8"
68824244,"13,2"
90685868,"13,5"
24501884,"15,0"
46707989,"16,3"
46986216,"16,1"
67924816,"14,9"
92805465,"15,3"
56084099,"12,7"
80711021,"13,8"
17648596,"13,3"
16720048,"14,2"
13960635,"13,8"
39341381,..
61176909,"14,9"
43479922,"13,5"
60088179,"13,4"
28391147,"13,6"
29209307,"12,9"
21778322,"14,4"
31380193,"14,8"
90290154,"14,0"
25847233,"13,4"
62612992,"14,2"
85485803,"14,2"
92816527,"13,4"
16848652,"15,1"
88429477,"15,1"
94975733,"14,4"
56802300,"14,3"
15149235,"15,2"
77379848,..
13981977,"14,0"
24538846,"14,6"
36886750,"13,2"
67422309,"13,3"
67058407,"14,6"
34421265,"13,6"
15791044,"14,4"
65392939,"15,1"
98696836,"13,8"
82160887,"13,5"
23175129,"11,1"
64908550,"17,1"
77358716,"16,5"
49739986,"14,2"
29225010,"13,3"
92192566,"15,7"
56886667,"14,8"
33249781,"13,7"
64648566,"14,9"
18691102,..
70302356,"12,6"
65421426,"15,0"
62394916,"14,8"
67908927,"14,1"
72071234,"16,1"
24349146,"13,6"
83605345,"13,1"
15933512,"14,1"
12198363,..
47692481,"13,6"
64693272,"14,8"
18072172,"13,0"
65833454,"15,4"
85188855,"13,0"
11341077,"15,0"
39528347,"13,2"
34988313,"16,0"
85473846,"13,7"
29744774,..
89690587,"14,4"
28045567,"14,4"
20768651,"14,6"
32239920,"12,8"
98781765,"13,4"
38880984,"15,8"
28872974,"14,9"
87112995,"13,9"
18686599,"14,3"
93779220,"14,8"
77797484,"15,3"
53279140,"14,5"
80785976,"13,7"
47559319,"15,4"
21532545,"13,8"
56187883,"13,3"
20752831,"15,0"
51023367,"14,0"
34739511,"14,0"
95069937,"15,0"
52690153,"15,3"
74776778,"14,7"
18345915,"15,1"
68229719,"15,1"
61004230,"16,5"
71262305,"16,7"
55795961,"16,6"
84947634,"13,9"
23517336,"15,1"
48009865,"15,5"
82840198,"14,7"
18208087,"15,5"
89982804,..
19464342,"14,7"
60743463,"16,3"
32960825,"15,2"
43609520,"16,2"
97968599,"14,9"
91748148,"14,6"
42218661,"15,0"
74434644,"14,5"
42022406,"14,3"
65192707,"15,4"
43634528,"15,7"
36263479,"15,1"
56679384,"13,7"
30538202,"15,1"
19150273,"13,1"
69018222,"13,2"
12889940,"14,7"
16554575,.
34076477,"13,7"
54896448,"16,6"
64284020,..
53400472,"15,3"
97758137,"15,8"
26334561,"14,6"
40386043,"14,8"
59483268,"15,6"
33685428,"16,5"
32879845,"14,9"
88573795,..
20699742,"14,8"
21663998,"16,1"
20595770,"15,1"
82814120,"15,8"
45164827,"17,5"
10924758,"14,1"
34153869,"16,1"
88259298,"14,6"
17846181,"15,1"
75082798,"14,9"
23555409,"15,7"
30341162,"13,5"
72266906,"15,3"
27030026,"14,3"
16950252,"14,9"
34637764,"16,1"
19912478,"15,4"
15077883,"14,5"
48434184,"14,8"
58724424,"14,8"
95684185,"15,4"
51138448,"14,8"
56421429,"14,8"
39911065,"14,3"
17008320,"15,5"
56737496,"15,2"
93939982,"14,5"
25720752,"15,0"
55155562,"14,6"
31533003,"15,3"
16361868,.
23164911,"15,3"
24008049,"16,1"
19981611,"15,3"
54481243,"17,9"
36680097,..
19586169,"14,7"
24273261,"14,0"
95683850,"15,1"
59455288,"16,6"
25679488,"14,7"
25677996,"15,1"
89888648,"14,7"
35063170,"14,7"
31279294,"14,8"
36782335,"15,3"
23897040,..
20666515,"15,6"
37906565,..
67279303,..
21648755,"14,4"
11111710,..
90551279,"14,7"
69686851,..
49616977,"15,9"
54965510,"15,7"
84835666,"15,2"
25872338,..
54164490,"13,2"
20319353,"13,5"
92194545,"13,7"
64740897,..
78979604,..
10974852,..
85068812,"13,6"
78397312,"16,3"
36444853,"14,3"
16819383,..
89837629,"13,5"
12994441,"13,4"
88774402,"17,5"
75141151,"15,0"
61701709,"14,4"
61469192,"16,6"
84306392,"16,1"
28627819,"14,6"
30086854,.
26627862,"15,5"
48847282,"15,1"
72517762,..
79094701,"16,1"
38684438,"14,6"
31251822,"14,1"
90099336,..
35647481,"15,4"
39549479,"15,1"
73147554,"16,6"
69983740,"17,1"
66491596,"16,7"
12052268,"14,8"
71597051,"16,5"
53231578,"14,0"
96279444,"14,7"
40690520,"16,8"
91011325,"13,8"
97382366,"15,2"
35006050,"14,2"
10638939,"14,2"
21505555,"16,4"
34336190,"15,4"
21052710,"15,7"
69739484,"14,7"
92887917,"14,5"
88834120,"14,1"
70066748,"15,3"
19207279,"17,2"
53640774,"14,2"
58502307,"14,9"
97177328,"14,8"
72127035,"14,9"
70969714,"14,2"
68734112,"14,5"
71922787,"13,5"
74148070,"16,3"
92507006,"14,6"
44653962,"15,2"
20100577,"15,3"
81993306,"14,9"
19051089,"17,1"
47264019,"14,3"
50198492,"14,7"
98052678,"15,3"
20099064,"16,0"
16313848,"14,1"
79606767,"15,5"
11294673,"15,4"
86327236,"14,6"
41745951,"17,0"
83137205,"16,4"
28398531,"13,4"
66335258,"15,3"
54172830,"14,7"
75458014,"13,6"
65136104,..
61826221,.
79033948,"15,6"
56330385,"15,9"
20228162,"17,3"
68240485,"15,2"
95046058,"16,2"
44392995,"15,3"
53462953,"14,2"
60730660,"18,4"
82592568,"15,3"
78875918,"15,5"
86385479,"15,5"
49862313,"14,4"
99838438,"13,9"
42859669,"14,3"
99592025,"16,1"
34247736,"14,8"
47550455,"15,4"
30329172,"14,9"
76877530,"16,3"
47046103,"16,1"
38167912,"15,4"
43826783,..
58125096,"14,9"
82914148,..
20620556,"14,4"
77839100,..
17173461,"14,9"
55535552,.
30468157,"15,0"
92533079,"15,6"
61528940,"16,0"
23681822,"15,9"
66861851,"14,6"
72206824,"14,5"
92858957,"15,0"
86296935,..
44113417,"15,3"
67783774,..
39555838,"14,8"
85214294,"14,6"
82084961,"14,9"
46162400,"14,5"
67279263,"15,0"
51210136,"15,9"
73829818,"15,1"
54395430,.
18881773,..
50908408,"14,7"
18594470,"14,0"
78295411,"15,1"
80686587,"16,9"
72232853,"15,7"
12279302,"13,9"
64205087,"14,3"
50500028,"14,6"
91984508,"16,9"
40667807,"15,8"
18091973,"15,0"
88466776,"15,9"
36539945,..
40634612,"15,4"
66132676,"15,4"
57942242,"15,5"
77688926,"16,7"
14508922,"14,8"
37358234,"14,4"
21008461,"14,8"
54606928,"15,1"
53893730,"14,4"
42573391,..
64574972,"14,7"
19741742,"15,1"
29032715,"15,0"
45830583,"14,4"
48931433,"15,2"
19909435,"14,6"
30530571,"14,6"
78839208,"15,3"
96024712,"15,7"
30458073,..
85800840,"15,6"
68920727,"15,5"
27115998,"14,7"
41867682,"13,4"
79516949,"14,3"
96684210,"14,8"
87207941,"15,0"
11673760,"14,1"
46574937,"15,2"
23836342,"14,9"
63791419,"15,7"
39805497,"15,1"
38400227,"13,5"
81619482,"15,8"
12395564,"15,9"
90006712,"16,7"
39149668,"14,0"
38233622,"16,1"
48722826,"14,8"
73063662,"14,9"
40766349,"14,2"
53691739,"13,0"
43251309,"13,5"
67554405,"14,4"
73944169,"15,1"
98239050,"15,9"
94455820,..
61547652,..
62104139,"14,7"
87034307,"15,6"
78872213,"15,9"
76860623,"16,9"
58191646,"14,3"
80405898,"14,7"
56021320,"15,2"
63179610,"12,6"
64569393,"14,9"
64160122,"16,3"
48217580,"13,6"
51620045,"14,7"
86888278,"14,4"
57397381,"14,2"
56947954,"14,8"
72022487,"14,8"
71512894,"15,3"
28248021,"14,3"
44417214,"14,5"
25025681,"14,3"
88776535,"15,8"
49488344,"15,3"
74408578,"14,5"
71043974,"15,3"
57777751,..
38732602,"15,9"
89807183,"15,8"
61161774,"14,8"
86158933,"15,5"
75914181,"14,3"
39302565,"15,0"
96818167,"15,1"
79527481,"15,1"
67300857,"16,2"
99279503,"13,9"
63653488,..
84476205,"15,6"
24544503,"15,2"
25392789,"15,0"
69240218,"15,7"
38460895,"13,8"
31199511,"15,3"
12934438,"16,5"
43313366,"14,9"
86787111,"13,5"
97868185,"15,4"
77823650,..
37550979,"14,6"
60214465,"15,7"
70137084,"15,6"
82002016,"15,9"
23306658,"15,7"
97535124,"15,2"
11102578,"15,0"
69306209,"16,3"
10129345,"15,0"
17944628,"15,1"
94468610,"15,1"
94090461,"14,4"
12954099,"14,7"
80931789,"16,2"
90473340,"13,8"
69807202,"15,5"
64648904,"15,2"
75939593,"15,9"
26324896,"14,3"
56639389,"16,5"
95700485,"17,0"
51449748,"15,3"
28267726,"17,6"
12613085,"13,7"
53896162,"15,2"
17779637,"16,5"
66824652,"15,3"
49168016,"14,9"
71929526,"15,3"
60873719,"15,6"
28085125,"13,6"
21938183,"15,4"
78986228,.
71472793,"14,4"
69063711,"13,2"
77609073,..
35894996,"14,8"
12926770,"13,8"
68748767,"14,2"
23548714,"15,0"
48593439,"14,6"
91773491,"15,3"
30361243,"15,3"
25596917,"15,3"
65722876,"15,7"
52129378,"15,1"
65381163,"14,3"
31155312,"14,2"
84424083,"17,7"
49231191,"14,5"
78231062,"16,7"
10481541,"14,8"
68381790,"16,0"
13006857,"15,5"
16956086,"15,5"
58187973,"16,1"
88894245,..
31870541,"14,3"
44672598,"14,7"
31822012,"14,2"
83161201,"15,3"
99356671,..
16702464,"14,9"
29449669,"14,5"
62855448,"13,5"
36252055,"16,5"
91812793,"15,4"
14355031,"15,6"
46611859,"16,6"
58907711,"16,0"
68285560,"14,8"
58544422,"14,4"
65150019,"16,1"
71541108,"16,2"
53832505,"14,3"
47537928,"15,7"
69471748,"14,0"
49750031,"15,1"
76485705,"15,3"
93239262,"14,8"
99976753,"14,2"
75575321,"16,0"
28023078,"15,4"
43284031,"13,9"
24194577,..
26267406,..
51955293,"15,6"
57690933,"14,5"
12130801,"14,9"
51736304,"16,5"
44285075,"14,5"
95785055,"17,0"
68655578,"13,7"
68741484,"13,1"
37054246,"14,4"
39199869,"15,5"
31179045,"14,1"
72421673,"15,1"
15763669,..
59655752,"16,1"
88750078,"14,4"
41555549,"14,7"
85459854,"14,5"
81876614,"16,5"
18711877,"14,6"
67071618,"15,6"
75324351,"14,7"
61229217,"14,7"
70376604,"14,8"
59575030,"14,8"
18617410,"14,5"
28025244,"14,9"
40338843,"14,5"
77440824,"15,0"
14292382,"15,4"
51981332,"15,5"
87859089,"14,9"
98908403,"14,8"
16493131,"15,5"
83272868,"14,6"
11526364,"13,6"
45552626,"15,0"
50906954,.
16748680,"14,8"
65674821,"14,9"
92332557,"14,9"
78690637,"15,0"
38048202,"14,9"
90990441,..
26671095,"13,9"
65320354,"16,4"
77544055,"15,3"
49112879,"15,4"
30279258,"14,6"
76903284,"14,6"
43623146,..
49141105,"14,2"
15870428,"13,7"
26646080,"15,2"
26750052,"15,3"
18974693,"15,0"
26996566,..
27704246,"16,3"
28967085,..
69747871,..
31151740,"15,0"
79346084,"15,0"
89816391,"14,1"
14448619,"14,5"
12546590,"14,7"
43565270,"14,8"
77176811,"14,8"
52791537,"16,4"
85152591,"16,9"
85819857,"16,7"
40600798,"15,7"
52942981,"14,8"
54117171,"15,8"
48120273,"17,5"
33233228,..
94167577,"14,2"
27023528,"14,7"
53903798,"13,6"
97770837,"14,5"
69650864,"17,7"
59581397,"13,9"
41938272,"16,2"
29423248,"15,9"
76054399,"16,7"
33132452,"13,5"
60142020,..
70811222,"17,1"
17911161,"14,1"
35084976,"15,8"
25525759,.
77632411,"16,3"
49068301,"15,3"
59898194,"15,4"
38195284,"14,5"
97510495,"14,4"
89461767,"14,8"
94717858,"14,9"
53760158,"16,1"
78422467,"15,4"
37802196,..
36288955,"18,3"
74812809,"17,3"
88839172,"18,0"
48412612,"14,8"
95618280,"15,3"
75075402,"14,5"
26326048,"14,5"
37839488,"13,7"
46256929,"14,4"
83374651,"18,2"
59796774,"17,9"
17675502,..
75600007,"14,8"
73812226,"14,8"
30762346,..
82964090,"17,3"
88955893,"16,9"
15278518,"14,8"
15390992,"15,0"
63943560,"14,1"
85516596,"14,1"
16784385,"15,7"
89963319,..
24339566,"15,4"
65458415,..
95154882,..
52333875,"14,9"
24663703,..
28519815,"15,3"
65666808,.
69543519,"13,6"
89693952,.
24759907,"15,0"
78433202,"14,7"
35366805,"15,2"
31315191,"15,5"
42775003,"16,8"
56670842,"17,3"
89370947,"17,2"
48555205,"14,8"
31313926,"14,6"
30312720,"15,2"
32116280,"14,0"
57143976,"15,2"
93367005,"13,6"
53175499,"17,1"
64388538,"16,8"
52153758,"18,0"
22116645,"16,5"
99755443,"16,8"
30167976,"16,2"
50104466,"15,7"
28004794,..
32071849,"16,0"
79845033,"13,9"
41099519,"14,5"
59386837,"15,4"
17276047,"14,2"
21382451,"15,2"
48244956,"15,3"
36769815,..
43873969,"15,9"
55825382,"14,3"
19306558,"15,7"
35301145,"14,6"
24993048,"15,6"
13084253,"14,8"
59942080,"14,5"
66273269,"15,9"
11275959,"14,4"
58518163,"14,3"
27993549,"14,4"
37912396,"15,6"
45593337,"14,5"
10226870,"16,7"
19839859,"15,5"
67628478,"17,5"
37517404,..
32057701,"16,0"
30615080,"14,4"
25178582,"14,8"
70543431,"16,6"
23476801,..
86351879,"15,4"
56041144,"14,1"
74322969,"14,7"
90260899,"14,8"
31057219,"15,4"
27079521,"15,1"
33572033,"14,8"
64579522,"15,2"
34381901,"16,3"
55150847,"15,4"
90076461,"14,9"
53069733,"15,7"
99394620,"15,3"
95368476,"15,5"
14853321,"14,6"
76448076,"15,7"
31537066,"14,4"
86488203,"14,6"
25156286,"15,1"
28081446,"15,6"
21400668,"13,4"
92949043,"14,5"
92818240,"13,9"
84329061,"15,4"
91048178,"13,2"
82718660,"14,6"
12399380,"13,5"
31486865,"15,4"
97265732,"17,7"
61720981,"15,3"
50424828,"15,0"
82931004,..
95024660,"13,7"
32263814,"13,9"
47393891,"14,0"
48414975,"15,3"
11533776,"14,9"
47108751,..
28829503,"15,0"
99622695,..
98651664,"16,7"
33657492,"15,1"
79309485,"14,7"
37078868,..
16130958,"15,4"
82195565,"14,5"
33596572,"14,8"
77713695,"15,7"
51131594,"14,5"
89680395,"16,1"
53696633,"15,4"
27440210,"16,3"
62758285,"15,1"
16218090,"16,5"
64667996,"15,7"
23544320,"15,9"
57668673,"15,6"
69040241,..
63993414,"16,3"
49136871,..
20855811,"13,7"
53923398,"14,8"
74560191,"14,4"
47844862,"14,9"
72984079,"14,4"
36480690,"15,4"
24787883,..
32995170,"14,1"
52048443,"14,5"
61674097,"16,1"
32550660,"16,6"
93488613,"14,5"
45600034,"16,3"
59599256,"14,7"
26957025,"17,2"
90509211,"14,3"
43277545,"15,3"
11953769,.
50393060,"15,5"
85788659,"12,9"
95340745,..
59521477,"15,3"
92442684,..
66095163,"14,2"
54599691,"14,4"
54004368,"15,2"
31975673,"15,1"
82251333,"17,3"
99864908,"14,2"
27106031,"14,5"
59463950,"15,4"
63931325,"14,5"
57391913,"16,3"
75374280,"16,2"
46148350,"15,6"
50133877,"15,3"
49868916,"15,6"
74919147,"16,7"
78389879,"14,3"
24277564,..
44412461,"16,2"
36355200,"15,1"
96920524,"14,5"
18217765,"15,3"
70803636,"14,8"
49576295,"16,6"
66028861,"17,8"
23797825,"14,6"
45293715,"14,8"
77712952,"14,5"
10433896,"15,4"
43154449,"13,9"
49170638,"14,6"
46379730,"14,6"
25379974,"15,5"
88025221,"15,0"
18042101,"15,1"
56041699,..
45111086,"14,3"
70955448,"15,9"
68824244,"13,6"
46707989,"16,3"
46986216,"16,1"
67924816,"14,9"
92805465,"15,3"
56084099,..
16720048,"14,4"
13960635,"13,8"
61176909,"14,9"
43479922,"13,5"
28391147,"14,0"
21778322,"14,4"
31380193,..
62612992,"14,2"
85485803,"14,2"
16848652,"15,6"
88429477,"15,1"
94975733,"15,6"
56802300,"14,9"
15149235,"15,4"
13981977,"15,3"
24538846,"15,0"
67058407,"15,1"
15791044,"15,1"
65392939,"15,1"
98696836,"14,0"
64908550,"17,1"
77358716,"17,1"
49739986,"14,2"
29225010,"14,0"
92192566,"15,7"
56886667,"14,8"
64648566,"14,7"
65421426,"15,2"
62394916,"14,8"
67908927,"14,1"
72071234,"16,1"
24349146,"15,0"
83605345,..
15933512,"14,2"
64693272,"15,4"
18072172,..
65833454,"15,4"
11341077,"15,0"
34988313,"16,0"
28045567,"14,4"
20768651,"14,9"
38880984,"15,8"
28872974,"14,9"
18686599,"14,4"
93779220,"15,0"
77797484,"15,3"
80785976,"14,2"
47559319,"15,4"
21532545,"14,0"
56187883,"13,0"
20752831,"15,0"
51023367,"16,2"
34739511,"14,0"
52690153,"17,0"
93221031,"12,8"
17474377,"14,1"
18345915,"14,9"
68229719,"13,7"
61004230,"14,9"
71262305,"13,7"
55795961,..
84947634,"13,2"
97870412,"13,9"
68564903,"13,9"
82840198,"13,2"
18208087,"12,0"
89982804,"13,5"
19464342,..
60743463,..
32960825,"14,0"
43609520,..
41416934,"12,9"
21567982,"12,8"
49379603,..
80167319,..
73171934,..
83474173,"13,0"
91487291,..
21866405,"12,0"
74434644,"13,2"
42022406,"12,0"
88445871,"13,7"
18425335,"13,8"
93281974,"13,8"
23424275,"14,3"
19150273,"13,9"
25624692,"12,4"
88534520,"15,0"
16554575,"12,8"
25356960,"14,3"
64284020,"13,1"
98132436,"13,8"
60096875,"12,6"
26334561,"12,8"
40386043,"12,9"
29324709,"14,3"
26864271,"14,0"
59483268,..
33685428,"14,6"
88573795,..
82814120,"14,6"
10924758,"11,7"
34153869,..
88259298,..
73098153,"15,2"
44240250,"14,6"
17846181,..
75082798,"13,8"
23555409,"13,3"
91333138,"13,7"
30341162,..
39936461,"14,3"
72266906,"14,4"
27030026,"13,5"
12154972,"13,4"
16950252,"12,7"
34637764,"13,8"
73255276,"14,7"
15077883,"13,6"
48434184,"12,8"
58724424,"14,7"
51138448,"14,3"
19647256,"13,8"
56421429,"13,2"
39911065,..
17008320,..
56737496,"12,7"
88850910,"13,1"
93939982,"13,3"
25720752,"13,7"
55155562,"13,3"
31533003,"12,9"
31429031,"13,4"
16361868,..
24008049,"13,3"
36680097,..
87756916,"13,3"
59734510,"13,1"
19586169,"13,1"
24273261,"14,3"
95683850,"14,0"
59455288,"13,5"
82163292,"14,3"
25679488,"13,9"
25677996,"14,2"
89888648,"13,1"
90003262,..
88163512,"14,7"
35063170,..
31279294,"12,4"
36782335,"13,5"
20666515,"14,2"
37906565,"14,4"
67279303,"13,3"
21648755,"13,9"
11111710,"15,0"
90551279,"14,0"
93062368,"12,4"
69686851,"13,9"
49616977,"12,4"
90267145,"13,6"
72998905,"12,9"
69481650,"13,5"
88153340,"13,2"
94353434,"13,1"
59396229,"13,7"
95165649,"13,7"
69626109,"13,4"
85068812,..
36444853,"14,2"
15414001,"14,5"
38311488,"14,2"
16819383,"13,2"
12994441,..
53660780,"14,7"
30086854,"12,6"
79094701,"13,6"
38684438,"11,8"
96590873,"14,1"
73147554,"16,7"
65752105,..
11274830,"12,3"
51321260,"11,8"
96279444,"13,3"
61880907,"12,1"
35006050,"13,1"
88886610,"12,7"
10638939,"13,9"
88556189,"12,3"
35236491,"14,5"
58502307,"13,9"
97177328,"12,7"
72127035,"13,9"
70969714,"12,1"
85003442,"13,5"
22752398,"12,6"
71922787,"13,5"
31843016,"12,5"
74148070,..
50696507,"15,2"
44653962,"14,2"
81993306,"13,0"
29097621,"13,4"
87764775,"13,7"
48438396,"13,3"
98052678,..
44341171,"15,4"
32671805,"15,5"
38448056,"15,5"
16313848,"13,3"
79606767,"13,6"
11294673,"13,8"
86327236,"13,4"
28398531,"13,1"
66335258,"14,4"
54172830,"12,1"
86310217,"12,4"
83085136,"15,2"
75458014,..
65136104,..
79033948,"14,1"
56330385,"15,5"
44392995,"14,4"
69241230,"12,8"
85544331,"14,8"
80327946,"13,4"
78875918,"13,5"
78023197,"13,8"
86385479,"14,0"
40991561,..
99838438,"13,1"
42859669,"12,7"
70923626,"14,3"
92905347,"12,4"
99592025,"14,0"
34247736,"13,8"
47550455,"13,2"
30329172,"14,4"
76877530,..
47046103,"12,7"
56664512,..
38167912,"16,6"
20620556,"14,6"
17173461,..
19560192,"13,8"
98053087,"13,4"
92858957,"14,1"
46660042,"13,7"
44113417,"13,1"
67783774,..
38917647,..
21363125,.
39555838,..
85214294,"13,0"
82084961,"13,2"
46162400,"12,5"
98369689,"13,3"
56529916,"14,3"
40810950,"15,2"
40037982,"13,4"
73829818,"12,1"
18881773,..
80686587,"14,4"
12279302,"13,1"
17849518,"12,5"
94570025,"14,2"
91984508,"13,7"
78659008,"15,9"
12448823,..
40667807,"12,9"
18091973,"13,8"
40634612,"11,4"
62439199,"13,4"
66132676,"14,6"
80762863,"13,3"
77688926,"14,3"
14508922,..
69629086,"13,2"
88624631,"12,8"
35390185,..
37358234,..
31657916,..
54606928,"15,2"
46241804,"13,7"
42573391,"13,8"
64574972,"13,7"
19741742,"13,3"
29032715,"13,6"
48931433,"15,3"
97270136,"14,3"
19909435,"13,1"
30530571,"14,4"
96024712,"13,3"
40829056,"12,9"
85800840,"13,7"
27115998,"13,0"
41867682,"12,3"
65662401,"14,7"
39583059,"13,7"
38645259,"12,9"
87207941,..
11673760,"14,3"
63791419,"14,1"
39805497,"13,5"
38400227,"14,3"
83829189,"13,3"
46145886,"14,9"
43649848,"13,9"
75344502,"14,8"
84247499,"13,6"
27041885,"13,5"
97064126,..
32580162,"14,5"
48722826,"13,0"
71571158,"12,7"
53691739,"12,1"
97596286,"13,8"
67554405,"13,7"
86473502,"12,7"
98239050,"14,4"
94455820,..
58368956,"14,0"
73567152,"13,7"
61547652,"13,7"
60209222,"13,9"
62104139,"13,7"
78872213,"13,5"
84286698,"13,8"
62490359,"14,9"
64725297,"14,0"
43362941,"14,7"
23350817,"14,1"
76860623,"13,6"
56021320,"13,2"
41358402,"11,3"
64569393,"14,6"
87262566,"13,1"
41844601,"14,1"
51620045,"13,9"
23457902,"13,1"
27597104,"13,5"
57397381,"13,2"
56947954,"13,6"
72022487,"13,8"
70969556,"13,4"
28248021,"13,9"
44417214,"13,8"
25025681,"12,6"
49488344,"13,7"
74408578,"13,3"
86724994,"13,4"
86158933,"14,3"
14102256,"13,9"
75082280,"13,5"
75914181,"14,1"
39302565,"12,2"
36072799,"15,1"
61432781,"13,1"
78287294,"13,5"
74316305,"12,8"
39096170,"14,3"
99279503,"14,0"
72109637,..
69240218,"14,5"
14057258,..
43313366,"13,1"
97868185,..
81551726,..
77823650,"14,0"
37550979,..
52634142,"14,4"
76195214,"14,6"
54839753,..
32705515,"13,6"
60214465,..
70137084,"13,1"
82002016,..
21901328,"14,2"
23306658,"13,3"
57350392,..
11102578,"13,8"
69306209,"12,5"
92651253,"13,2"
31740319,"14,0"
17944628,"16,9"
82826083,"13,2"
94090461,"13,8"
12954099,..
80931789,"13,6"
84098842,"13,6"
90473340,..
26167236,"13,5"
69807202,"14,5"
64648904,"14,4"
63035915,"13,4"
26324896,"13,7"
28848709,"12,7"
12613085,"11,8"
53896162,"15,6"
11185244,"14,8"
56211717,"14,0"
66824652,"14,1"
49168016,"13,1"
32042066,"14,2"
50821167,..
92814975,"13,4"
28770304,"13,3"
64123241,"12,6"
69063711,"14,3"
77609073,"13,2"
35894996,"13,9"
17119840,"13,2"
68748767,"13,4"
25596917,"14,1"
20984584,"12,3"
52129378,"13,1"
98541468,"11,2"
31155312,"13,8"
25648215,"12,7"
61823258,"14,0"
39178171,"14,4"
79994304,..
68006362,"13,6"
11608031,"13,4"
86762103,"12,6"
68381790,"13,3"
13006857,"13,7"
76007769,"12,8"
16956086,"13,4"
58187973,"14,4"
88894245,"13,8"
71160225,"12,9"
67752682,"13,5"
47884009,"13,9"
44672598,"13,6"
75340089,"13,8"
36670439,"13,0"
22220001,"13,3"
15100079,..
55421481,..
99356671,..
16702464,..
71353314,..
36252055,"13,3"
91812793,"14,3"
14355031,"14,4"
72891848,"12,7"
31796890,..
22426680,..
83805032,"12,3"
48862305,"12,7"
32887559,"13,3"
71541108,"14,5"
69471748,"13,7"
93239262,"14,3"
25745773,"15,4"
99976753,..
14278480,"13,8"
28023078,"13,4"
43284031,"13,2"
13963517,"14,7"
26267406,"12,8"
31255918,"14,7"
51955293,"14,1"
35035671,"14,1"
12130801,..
51736304,"12,7"
53180719,"13,3"
27489137,"14,3"
15609112,"12,7"
60424371,"14,0"
68655578,"12,4"
17062663,"12,7"
68741484,"12,5"
56267421,"14,4"
34990065,"13,8"
37054246,"13,5"
39199869,..
62216381,"13,7"
31179045,"13,2"
72421673,"12,8"
59655752,..
88750078,"14,2"
41878314,..
41555549,"14,2"
32003298,"13,9"
22383788,"13,8"
85459854,"13,4"
81876614,..
18711877,"14,4"
67071618,"14,0"
75324351,"13,2"
61229217,"13,1"
58929357,"14,8"
42517257,"15,3"
70376604,"14,6"
93503103,"13,6"
18617410,"14,9"
41697930,"13,3"
28025244,"13,8"
17184072,"12,5"
40338843,"13,5"
77440824,"12,9"
71069359,"12,9"
86896907,"14,1"
14292382,"15,1"
87859089,"12,4"
54764253,"13,0"
98908403,"13,8"
16493131,"14,1"
41119610,"15,6"
48304166,"12,9"
24982097,"14,4"
97104132,"15,3"
68597767,..
27964873,"12,5"
30706655,"13,7"
65674821,..
46332927,"14,4"
78690637,"13,9"
24653673,"13,4"
38048202,"13,5"
90990441,..
86319615,"13,3"
87303004,"12,7"
97835550,"13,1"
22446331,"14,3"
26671095,"13,0"
42911621,"13,6"
40575001,"13,3"
75027822,"13,0"
26508763,"14,0"
14504503,"13,2"
21850904,"17,2"
77544055,"13,5"
16198647,"14,2"
12496135,"12,5"
76903284,"13,0"
68649663,"13,7"
15870428,"13,5"
26750052,"13,1"
81997762,"12,7"
69747871,..
70119254,"13,5"
79346084,"13,4"
34222422,"14,9"
84230226,..
42060237,"13,0"
89816391,"12,7"
14448619,"12,6"
12546590,"14,6"
94167577,"11,9"
27023528,"15,5"
53903798,"13,4"
85782695,"12,8"
98815582,"14,9"
97770837,"14,9"
21312503,"14,9"
14926020,"12,6"
33132452,"13,3"
56942970,..
56653353,"14,9"
59898194,..
97510495,"15,5"
38683336,"15,9"
95618280,"14,6"
17675502,"13,7"
75600007,..
15278518,"14,3"
15390992,"15,0"
63943560,"12,4"
85516596,"14,9"
31998226,..
38236800,"13,3"
59026584,"14,8"
79829846,"13,7"
20061769,"13,8"
65458415,..
95154882,..
52333875,"14,3"
65666808,"13,5"
24397215,"14,8"
30677562,"14,1"
85054102,"13,1"
87274273,"15,1"
24759907,..
41631104,"14,8"
80357110,"16,2"
18451445,..
93367005,"12,8"
16501673,"13,1"
26298615,"13,4"
50104466,..
79845033,"13,7"
41099519,"12,4"
59386837,"13,4"
21627442,"15,3"
17276047,"12,4"
73217812,"13,4"
48244956,"13,0"
36769815,"13,5"
16931486,"13,4"
92489953,"13,8"
43873969,"12,4"
55825382,"14,1"
19306558,..
24993048,..
70132092,"11,4"
65034473,..
13084253,"12,5"
32321364,..
59942080,..
66273269,"12,9"
82888663,"14,7"
11275959,"13,9"
58518163,"14,3"
50615280,"15,3"
19035583,"13,9"
27993549,"13,5"
37912396,"13,9"
90312942,"13,2"
19839859,"12,8"
80280597,..
67628478,..
37517404,..
29159460,"13,1"
43601850,"12,3"
89630851,"15,1"
86351879,"12,8"
14586562,..
74322969,"12,3"
90260899,"13,0"
69302313,"14,5"
31057219,"13,9"
27079521,"12,6"
64579522,"13,6"
65234368,"14,7"
34381901,"13,0"
96414537,"13,7"
99394620,"14,6"
95368476,"13,8"
14853321,"13,7"
76448076,"12,4"
31537066,"13,2"
86488203,"14,2"
25156286,..
92949043,"15,2"
92818240,"13,7"
84329061,"13,3"
71969230,"11,7"
91048178,"13,1"
76942525,"14,2"
31486865,"14,1"
10373112,..
61720981,"13,3"
25698509,"15,2"
50424828,"14,1"
82931004,"11,3"
83584125,"14,9"
16496466,..
12075195,"13,5"
62300682,"13,8"
65265211,"13,5"
97191332,"13,9"
71938440,"13,0"
22811839,"12,9"
33205596,"12,2"
19930101,"12,5"
60727136,"13,8"
45132264,"13,8"
61647360,..
33657492,"13,3"
61622991,"13,1"
66644568,"13,7"
93659517,"14,1"
61175914,"13,9"
73316818,"16,2"
27859889,"14,0"
29161632,..
45541222,"15,5"
63451147,"14,1"
61197669,..
17812651,"13,7"
57668673,"13,0"
69040241,..
91905819,"12,8"
54882637,"12,9"
53923398,"13,2"
47844862,"12,2"
22239675,"14,3"
72984079,..
36480690,"14,0"
24787883,"15,3"
52048443,"13,6"
32550660,"16,1"
59599256,"13,4"
69865450,"13,1"
31112935,"14,2"
90509211,"12,7"
37316242,"13,9"
20173336,"14,3"
49872493,"14,4"
39147056,"13,5"
11953769,..
28646435,"13,3"
50393060,"13,2"
85788659,"14,0"
95340745,"14,2"
59521477,"12,0"
92442684,"13,3"
38544187,"14,0"
54599691,"13,0"
54467211,"14,1"
23517683,"14,7"
82251333,"14,2"
99864908,"14,4"
27106031,"14,0"
59463950,"13,2"
63931325,"14,5"
57391913,"13,9"
75374280,"12,4"
46148350,"13,4"
50133877,"12,6"
49868916,"13,7"
90240730,"13,5"
84908877,"13,4"
24277564,"14,4"
88956420,..
34002355,"11,5"
36355200,"13,0"
96920524,"14,0"
18217765,"13,2"
60919765,..
14677676,"14,2"
96152872,"13,6"
77835341,"14,3"
70803636,"14,1"
23797825,"13,5"
44738639,"14,5"
77712952,"12,7"
92009807,"13,1"
10433896,"13,0"
10342448,"13,0"
43154449,"12,7"
98032567,..
96194948,"15,1"
25955541,"15,3"
88025221,"13,0"
14799321,"12,7"
56041699,"12,7"
70955448,"14,5"
68824244,"12,5"
90685868,"13,5"
24501884,"15,0"
56084099,"12,6"
80711021,"13,8"
17648596,"13,3"
16720048,"14,1"
39341381,..
60088179,"13,4"
28391147,"13,0"
29209307,"12,9"
21778322,"14,4"
31380193,"14,5"
90290154,"14,0"
25847233,"13,4"
92816527,"13,4"
16848652,"14,3"
94975733,"13,1"
56802300,"13,5"
15149235,"14,6"
77379848,..
13981977,..
24538846,..
36886750,"13,2"
67422309,"13,3"
67058407,"12,7"
34421265,"13,6"
15791044,..
98696836,"13,0"
82160887,"13,5"
23175129,"11,1"
77358716,"14,4"
29225010,"12,2"
33249781,"13,7"
64648566,"15,0"
18691102,..
70302356,"12,6"
65421426,"13,7"
24349146,"12,6"
83605345,"12,9"
15933512,"14,1"
12198363,..
47692481,"13,6"
64693272,"14,2"
18072172,..
85188855,"13,0"
39528347,"13,2"
85473846,"13,7"
29744774,..
89690587,"14,4"
20768651,..
32239920,"12,8"
98781765,"13,4"
87112995,"13,9"
18686599,..
93779220,"13,0"
53279140,"14,5"
80785976,"12,8"
47559319,"15,6"
21532545,..
56187883,"13,4"
51023367,"13,2"
95069937,"15,0"
52690153,"13,6"
93221031,..
68229719,..
84947634,..
89982804,"13,1"
60743463,..
73171934,..
74434644,"13,0"
93281974,"14,1"
23424275,..
16554575,"12,8"
60096875,"13,1"
40386043,..
33685428,..
10924758,"11,7"
75082798,"14,0"
16950252,"11,9"
15077883,"13,4"
48434184,..
51138448,"14,3"
93939982,"13,6"
31533003,"13,0"
24273261,..
59455288,..
25677996,..
31279294,..
36782335,"14,0"
90551279,"13,9"
93062368,..
69626109,"13,4"
10638939,"14,1"
72127035,..
85003442,"13,0"
98052678,..
32671805,..
16313848,"12,8"
54172830,..
75458014,..
78023197,"13,3"
40991561,..
70923626,..
76877530,..
47046103,..
19560192,"14,3"
98053087,"13,5"
46660042,"12,7"
67783774,..
85214294,"12,9"
12279302,"12,3"
91984508,"13,7"
40667807,..
40634612,..
80762863,"12,9"
64574972,..
30530571,..
96024712,"13,0"
27115998,"12,9"
39583059,"13,7"
38645259,..
46145886,..
27041885,..
48722826,"13,2"
97596286,"12,8"
67554405,"14,3"
56021320,"13,2"
23457902,..
57397381,"13,2"
72022487,..
70969556,..
28248021,..
44417214,"13,6"
25025681,"12,6"
14102256,"14,2"
75082280,"13,5"
39096170,"14,3"
69240218,"14,5"
82002016,..
23306658,..
94090461,"13,8"
63035915,"14,1"
50821167,..
68748767,"13,6"
20984584,..
25648215,"13,3"
11608031,"12,2"
13006857,..
16956086,..
58187973,..
88894245,..
71160225,"13,4"
44672598,"14,0"
22220001,..
71353314,..
69471748,..
93239262,"14,3"
13963517,..
68655578,"12,9"
31179045,"13,0"
59655752,..
18711877,..
67071618,"13,8"
18617410,"14,9"
40338843,"13,9"
14292382,..
87859089,..
98908403,"14,0"
24982097,..
68597767,..
38048202,"13,6"
90990441,..
40575001,"14,1"
26508763,"15,3"
76903284,..
69747871,..
79346084,"13,1"
89816391,..
53903798,"12,8"
33132452,"12,6"
17675502,"13,7"
75600007,..
85516596,..
50104466,..
59386837,..
43873969,"12,4"
24993048,..
58518163,"14,3"
29159460,"12,0"
89630851,"14,7"
86351879,"13,5"
74322969,..
64579522,"13,3"
14853321,..
86488203,"14,4"
84329061,..
71969230,..
31486865,"14,1"
61720981,"14,0"
50424828,..
83584125,"14,9"
65265211,..
66644568,"13,7"
61175914,..
29161632,..
36480690,..
32550660,"16,1"
37316242,..
50393060,..
95340745,..
59521477,..
46148350,..
49868916,"13,6"
84908877,"14,0"
24277564,..
36355200,..
88025221,"13,0"
56041699,..
70955448,"14,5"
60088179,"13,1"
25847233,"12,9"
16848652,..
56802300,..
36886750,..
67422309,..
82160887,"12,5"
64648566,..
15933512,"12,3"
12198363,..
64693272,..
89690587,"13,8"
18686599,..
93779220,"13,0"
80785976,..
47559319,"15,6"
52690153,..
93221031,..
18345915,"15,2"
97870412,"14,4"
18208087,"12,6"
41416934,"13,9"
21567982,"12,4"
83474173,"11,6"
88445871,"13,2"
25624692,..
25356960,"15,2"
98132436,"14,0"
60096875,"12,1"
29324709,"14,3"
26864271,"14,0"
44240250,"16,2"
75082798,"14,8"
91333138,..
12154972,"14,1"
15077883,"13,8"
48434184,"11,1"
19647256,"13,2"
56737496,"12,6"
55155562,"13,0"
24008049,"13,0"
59734510,..
19586169,"11,9"
24273261,..
59455288,..
89888648,..
36782335,"13,0"
20666515,"13,1"
90551279,"13,9"
93062368,..
90267145,"14,0"
88153340,"13,2"
94353434,"13,1"
88886610,"12,7"
88556189,..
72127035,"13,9"
22752398,"12,4"
31843016,"13,3"
29097621,"13,6"
16313848,"13,4"
11294673,..
86327236,..
69241230,..
80327946,"12,4"
86385479,..
70923626,"13,8"
92905347,..
47550455,"12,5"
56664512,..
19560192,..
46660042,"13,3"
38917647,..
82084961,"13,6"
98369689,"12,4"
56529916,"14,3"
17849518,..
18091973,"13,4"
69629086,"12,9"
31657916,.
19741742,"13,7"
40829056,..
85800840,"13,4"
39583059,"14,3"
39805497,"14,0"
46145886,"14,7"
84247499,"13,5"
71571158,..
86473502,..
58368956,"14,0"
23350817,.
41358402,"11,3"
87262566,..
23457902,..
56947954,"15,0"
72022487,"13,5"
28248021,..
74408578,"13,8"
86724994,"12,9"
39302565,"12,0"
61432781,"12,9"
14057258,..
81551726,..
76195214,..
70137084,"13,6"
57350392,..
92651253,"12,1"
82826083,"12,9"
26167236,..
63035915,"13,3"
32042066,"14,1"
92814975,..
64123241,"12,6"
20984584,..
98541468,"11,2"
25648215,..
79994304,..
86762103,..
68381790,..
13006857,"13,1"
16956086,..
88894245,..
67752682,"14,1"
75340089,"13,9"
22220001,"13,5"
15100079,..
36252055,"12,6"
72891848,..
48862305,"12,8"
13963517,..
31255918,"14,1"
53180719,"14,1"
68655578,"12,0"
37054246,..
62216381,"14,2"
18711877,..
61229217,"13,3"
41697930,"14,0"
77440824,..
14292382,"14,3"
54764253,"12,6"
98908403,"13,7"
16493131,"15,0"
24982097,.
27964873,..
30706655,"15,1"
78690637,"15,3"
24653673,..
87303004,..
97835550,..
22446331,..
42911621,"14,5"
14504503,..
76903284,..
81997762,"12,3"
70119254,"13,5"
42060237,"13,5"
85782695,"12,8"
38236800,..
41631104,..
16501673,..
26298615,"13,5"
41099519,..
59386837,..
73217812,..
16931486,..
70132092,"12,1"
27993549,"13,9"
90312942,"13,0"
19839859,..
29159460,..
43601850,"13,5"
74322969,..
31057219,..
34381901,"12,2"
96414537,..
99394620,"14,7"
76448076,"12,9"
92818240,"14,1"
84329061,..
71969230,..
91048178,..
65265211,..
22811839,"12,9"
61622991,"13,1"
61175914,..
91905819,..
54882637,"12,9"
53923398,..
69865450,..
20173336,"13,3"
49872493,..
39147056,"13,0"
11953769,..
85788659,..
59521477,..
54467211,"14,0"
82251333,"14,7"
90240730,"13,4"
34002355,..
96920524,"14,2"
96152872,"14,3"
92009807,..
10342448,"13,0"
90685868,"13,8"
17648596,"13,3"
39341381,..
29209307,..
90290154,..
92816527,"13,7"
24538846,..
67422309,"12,2"
34421265,"12,8"
82160887,"13,7"
33249781,"12,4"
18691102,..
24349146,"12,7"
83605345,..
47692481,..
85188855,..
85473846,"14,2"
32239920,"12,8"
56187883,..
52690153,..
74776778,"14,7"
71262305,"17,0"
84947634,"13,7"
48009865,"15,9"
89982804,..
97968599,"14,7"
91748148,"14,6"
42218661,..
74434644,"14,3"
42022406,..
34076477,"13,7"
54896448,"16,6"
97758137,..
26334561,"14,2"
40386043,"15,1"
20699742,"14,8"
82814120,"15,1"
45164827,"17,1"
10924758,"14,1"
34153869,"15,6"
17846181,..
75082798,"15,0"
23555409,"16,3"
27030026,"14,3"
15077883,"14,9"
48434184,"14,8"
58724424,..
39911065,"14,3"
56737496,"15,2"
55155562,"14,0"
31533003,"14,7"
19981611,"15,5"
25679488,"14,2"
35063170,"14,0"
31279294,..
36782335,"14,3"
67279303,..
21648755,"14,3"
11111710,..
49616977,"15,9"
84835666,"15,1"
20319353,"13,9"
85068812,..
78397312,"15,9"
36444853,"15,0"
89837629,..
12994441,"13,1"
88774402,"17,5"
75141151,"15,0"
61701709,"14,4"
38684438,"14,2"
39549479,"15,1"
73147554,"16,6"
69983740,"16,4"
12052268,"15,1"
71597051,"16,5"
40690520,"16,6"
35006050,"14,4"
10638939,..
34336190,"15,4"
88834120,"13,7"
53640774,"14,5"
72127035,"14,8"
71922787,"13,5"
92507006,"15,6"
20100577,"15,3"
79606767,"15,5"
11294673,..
86327236,"14,0"
66335258,..
54172830,"15,1"
56330385,"15,0"
44392995,"15,3"
60730660,"18,0"
82592568,"15,4"
86385479,"15,5"
49862313,"13,2"
42859669,"14,1"
99592025,"16,1"
34247736,"15,0"
76877530,..
38167912,"15,4"
43826783,..
58125096,"14,2"
17173461,..
30468157,"14,8"
23681822,"15,9"
92858957,"14,8"
82084961,..
73829818,"15,6"
18881773,..
12279302,"13,3"
64205087,"14,3"
18091973,"15,0"
88466776,"15,6"
54606928,"15,1"
19741742,"15,1"
45830583,"15,1"
30530571,"14,5"
78839208,"16,1"
30458073,..
27115998,"14,6"
79516949,..
87207941,"14,9"
11673760,"14,1"
38400227,"13,5"
81619482,"15,2"
39149668,"13,8"
67554405,"15,6"
73944169,"15,5"
78872213,"15,1"
64569393,..
48217580,"13,4"
57397381,"14,0"
72022487,"14,6"
71512894,"14,8"
28248021,"14,6"
44417214,"14,7"
74408578,"14,5"
71043974,"15,0"
61161774,"14,9"
75914181,..
24544503,"15,0"
69240218,"15,9"
12934438,"15,3"
43313366,"15,1"
37550979,"14,7"
60214465,"15,7"
23306658,"16,0"
11102578,"14,6"
10129345,"15,0"
94090461,"14,5"
26324896,"15,0"
56639389,"15,7"
53896162,"14,8"
17779637,"17,2"
71929526,"15,3"
60873719,"14,9"
68748767,..
23548714,"15,1"
48593439,"15,6"
91773491,.
30361243,"15,3"
25596917,"16,0"
31155312,..
84424083,"17,5"
10481541,"14,6"
68381790,..
13006857,"15,2"
16956086,"14,3"
58187973,..
31870541,"14,4"
44672598,"14,2"
31822012,"13,6"
62855448,"14,0"
91812793,"16,0"
58907711,"16,2"
68285560,"15,1"
69471748,"14,8"
99976753,"14,2"
75575321,"16,2"
57690933,"14,5"
12130801,"14,5"
95785055,"17,0"
68741484,"12,2"
37054246,"15,2"
31179045,"14,1"
59655752,"15,6"
41555549,"14,6"
85459854,"15,1"
67071618,"16,8"
28025244,"14,9"
40338843,"13,6"
14292382,..
87859089,"14,8"
98908403,"15,1"
83272868,"13,8"
45552626,"14,6"
92332557,"14,2"
78690637,"14,6"
77544055,"15,3"
76903284,"15,4"
49141105,..
26646080,"15,2"
79346084,"15,5"
14448619,"14,0"
43565270,"15,3"
85152591,"16,9"
40600798,"15,7"
48120273,"17,4"
94167577,"13,8"
53903798,"13,3"
97770837,"14,1"
70811222,..
17911161,"13,4"
35084976,"15,8"
77632411,"16,4"
59898194,"14,7"
38195284,"14,3"
97510495,"14,0"
89461767,"14,4"
94717858,"13,2"
75075402,"14,0"
26326048,"13,6"
37839488,"13,5"
73812226,"14,4"
15278518,"14,8"
85516596,"14,8"
16784385,"15,6"
24339566,"16,2"
65458415,..
52333875,"14,6"
24759907,"15,2"
31315191,"15,5"
48555205,"15,0"
32116280,"14,1"
64388538,..
52153758,"18,4"
99755443,"17,2"
30167976,"16,3"
32071849,"16,2"
79845033,..
41099519,"14,4"
59386837,..
21382451,"14,8"
55825382,"14,3"
59942080,"14,1"
37912396,..
45593337,"14,4"
19839859,..
30615080,"13,8"
86351879,"15,3"
90260899,"14,9"
31057219,..
27079521,"14,5"
64579522,..
34381901,"16,4"
55150847,"15,2"
53069733,..
14853321,"14,6"
86488203,"14,8"
25156286,..
28081446,"15,3"
92818240,"13,9"
12399380,..
31486865,"14,7"
97265732,"17,4"
61720981,"14,1"
50424828,..
95024660,"13,7"
32263814,"13,9"
33657492,"13,8"
79309485,"14,7"
77713695,"14,8"
23544320,"15,2"
69040241,..
20855811,"13,2"
53923398,"14,6"
74560191,..
47844862,"14,6"
72984079,"14,0"
61674097,"16,9"
93488613,"15,7"
59599256,"14,4"
90509211,"14,2"
50393060,"16,3"
85788659,..
59521477,"14,9"
54599691,"14,3"
31975673,"15,3"
27106031,"14,5"
46148350,..
49868916,"15,2"
74919147,"14,5"
78389879,"14,4"
44412461,"16,0"
96920524,"14,5"
70803636,"14,7"
23797825,"14,6"
10433896,"16,8"
49170638,"14,4"
25379974,..
18042101,"14,7"
70955448,"15,2"
92805465,"15,3"
61176909,"14,9"
21778322,"14,1"
31380193,..
62612992,"13,9"
16848652,"15,6"
15149235,"15,1"
24538846,"16,3"
67058407,"14,9"
98696836,"14,0"
49739986,"12,6"
92192566,"14,0"
65421426,"15,3"
72071234,"16,0"
65833454,..
28045567,"14,4"
38880984,"15,8"
18686599,"13,2"
47559319,"14,2"
20752831,"14,9"
51023367,..
52690153,..
93221031,..
18345915,"14,7"
71262305,..
97870412,"14,3"
82840198,"12,9"
41416934,..
21866405,"12,0"
42022406,"12,0"
25624692,..
64284020,"12,6"
40386043,"12,7"
26864271,.
75082798,"12,7"
23555409,"12,9"
30341162,..
72266906,"14,4"
15077883,..
48434184,..
56421429,"12,9"
56737496,..
24008049,"12,9"
36680097,..
59734510,..
19586169,..
95683850,"14,3"
89888648,"13,4"
36782335,"12,5"
37906565,"14,7"
90551279,"13,5"
69686851,"11,9"
90267145,..
85068812,..
16819383,"13,4"
79094701,"13,6"
11274830,"12,3"
35006050,"12,3"
88556189,..
97177328,"12,7"
72127035,..
22752398,"13,4"
71922787,..
81993306,"12,7"
16313848,"13,0"
11294673,..
28398531,..
79033948,"14,1"
69241230,..
80327946,"13,7"
86385479,"13,7"
99838438,"13,1"
42859669,"12,8"
92905347,..
99592025,"14,0"
30329172,"13,6"
47046103,..
19560192,..
98053087,"12,8"
46660042,"15,1"
44113417,"12,8"
39555838,..
82084961,"12,9"
46162400,"12,4"
12448823,..
18091973,..
40634612,"11,3"
69629086,"13,3"
31657916,..
42573391,..
29032715,"14,2"
19909435,"13,4"
85800840,"15,1"
27115998,"13,0"
41867682,"12,3"
39583059,"12,8"
38645259,..
63791419,"13,9"
46145886,"14,6"
84247499,"13,1"
48722826,"13,5"
53691739,"12,1"
60209222,"13,2"
78872213,"13,3"
51620045,"13,9"
56947954,"12,3"
72022487,"13,5"
70969556,..
28248021,..
74408578,"12,8"
86724994,"14,5"
39302565,"12,2"
74316305,"13,0"
72109637,..
97868185,..
77823650,"12,8"
76195214,..
70137084,"12,4"
69306209,"11,8"
80931789,"13,6"
90473340,..
26167236,..
63035915,"12,6"
12613085,"11,8"
66824652,"13,8"
32042066,"14,1"
92814975,"11,9"
69063711,..
77609073,..
68748767,..
52129378,"13,1"
61823258,..
68006362,"12,6"
86762103,..
68381790,..
13006857,"13,5"
16956086,"13,1"
58187973,..
88894245,..
67752682,"12,4"
44672598,"13,0"
22220001,"13,3"
16702464,..
36252055,"13,6"
72891848,"12,0"
32887559,"13,3"
43284031,"12,0"
13963517,..
26267406,..
31255918,"14,8"
51736304,..
53180719,"12,7"
27489137,"14,3"
37054246,"13,7"
62216381,"13,1"
88750078,"14,1"
22383788,"13,8"
81876614,..
75324351,..
61229217,"13,1"
41697930,"13,4"
17184072,..
77440824,"13,1"
14292382,"14,1"
87859089,..
16493131,"12,8"
24982097,..
68597767,..
30706655,"12,6"
38048202,"12,7"
87303004,..
97835550,..
26671095,"13,0"
42911621,"12,7"
15870428,"13,0"
26750052,"13,1"
81997762,"11,9"
79346084,"13,7"
14448619,"12,4"
94167577,"11,9"
21312503,"14,9"
33132452,"13,7"
15390992,"15,0"
38236800,"12,0"
95154882,..
65666808,"12,1"
93367005,"12,8"
16501673,..
79845033,"13,5"
41099519,..
59386837,..
17276047,"12,4"
48244956,"13,0"
70132092,"10,6"
27993549,"12,2"
90312942,"13,1"
37517404,..
29159460,"12,8"
43601850,"11,1"
86351879,"13,1"
74322969,..
90260899,..
31057219,"13,9"
27079521,"12,4"
96414537,..
95368476,..
76448076,"12,0"
91048178,"13,2"
76942525,..
61720981,"12,4"
82931004,"11,3"
33205596,"12,2"
60727136,..
33657492,"12,4"
93659517,"14,1"
57668673,"13,1"
91905819,..
54882637,..
36480690,..
52048443,"13,6"
69865450,..
37316242,"12,9"
50393060,..
59521477,"11,7"
54467211,"14,4"
59463950,"13,6"
63931325,"13,8"
75374280,..
50133877,"12,1"
34002355,..
18217765,..
96152872,"12,7"
10433896,"13,0"
43154449,"12,7"
96194948,..
68824244,"12,5"
90685868,"12,2"
39341381,..
28391147,"13,0"
31380193,..
90290154,..
92816527,"12,7"
94975733,"12,8"
77379848,..
13981977,..
67422309,..
82160887,..
23175129,..
29225010,"12,2"
24349146,"12,8"
85188855,..
39528347,"13,3"
32239920,"13,0"
80785976,"12,1"
21532545,..
56187883,"12,8"
51023367,"13,1"
52690153,..
61004230,"16,0"
23517336,"15,1"
48009865,..
82840198,..
19464342,..
43609520,"16,2"
42218661,"15,6"
42022406,"13,6"
56679384,"13,7"
69018222,"13,0"
64284020,..
97758137,"16,3"
40386043,"14,8"
33685428,"16,5"
34153869,..
75082798,"14,9"
23555409,..
30341162,"14,0"
19912478,"16,1"
58724424,..
95684185,"15,2"
93939982,..
55155562,..
24008049,"16,1"
54481243,"17,9"
36680097,..
25677996,"14,6"
31279294,..
36782335,"15,7"
21648755,..
69686851,..
54965510,"15,4"
25872338,..
10974852,..
85068812,.
78397312,"15,2"
36444853,"14,2"
61469192,"16,6"
79094701,"14,7"
71597051,"16,5"
53231578,"13,7"
91011325,"13,8"
97382366,"15,2"
10638939,..
69739484,"14,7"
92887917,"14,5"
68734112,..
44653962,..
47264019,"13,7"
20099064,"16,0"
16313848,"13,9"
79033948,"14,5"
68240485,"15,9"
95046058,"16,2"
44392995,"15,3"
99838438,"14,3"
30329172,"14,9"
76877530,..
38167912,..
77839100,..
55535552,.
92533079,"15,6"
92858957,"16,0"
82084961,..
50908408,"14,7"
18594470,"13,8"
72232853,"15,7"
18091973,..
36539945,..
40634612,..
66132676,"15,4"
64574972,"15,3"
48931433,..
85800840,"15,6"
68920727,"15,5"
27115998,..
79516949,"14,0"
96684210,"14,9"
23836342,"15,0"
81619482,"15,1"
39149668,..
48722826,..
73063662,"14,9"
43251309,"13,5"
67554405,..
94455820,..
78872213,..
56021320,"15,2"
64569393,..
86888278,..
57397381,"14,6"
44417214,..
49488344,"15,3"
57777751,..
38732602,"15,9"
86158933,"15,5"
75914181,"14,3"
84476205,"15,2"
24544503,"16,0"
86787111,"13,6"
97868185,"15,4"
70137084,..
23306658,..
11102578,"14,1"
94468610,"15,1"
90473340,"13,1"
64648904,"15,7"
75939593,"15,8"
51449748,"15,0"
28267726,"17,6"
71929526,"15,4"
71472793,"14,4"
69063711,"13,2"
35894996,..
65722876,"16,0"
49231191,"14,5"
13006857,..
16956086,..
88894245,..
44672598,..
99356671,..
29449669,"14,1"
91812793,"14,9"
14355031,"15,6"
46611859,"16,6"
65150019,"16,1"
47537928,"15,7"
44285075,"14,7"
68741484,..
72421673,..
15763669,..
18711877,"14,6"
61229217,..
70376604,"14,8"
40338843,..
16493131,"14,7"
83272868,"13,3"
16748680,"17,2"
92332557,"15,6"
78690637,"15,5"
90990441,..
49112879,"15,4"
43623146,..
18974693,"14,5"
28967085,..
33233228,..
94167577,"14,4"
27023528,"14,7"
97770837,..
29423248,"16,2"
33132452,..
17911161,..
35084976,..
77632411,"16,0"
53760158,"15,8"
78422467,"15,4"
75075402,"15,2"
46256929,"14,6"
83374651,"18,2"
30762346,..
15390992,"14,4"
85516596,..
95154882,..
24663703,..
28519815,"15,7"
65666808,.
24759907,"15,2"
35366805,"15,2"
89370947,"17,2"
64388538,"16,4"
17276047,..
48244956,"15,5"
43873969,"15,0"
19306558,"15,7"
45593337,..
25178582,"14,6"
70543431,"16,7"
56041144,"13,9"
90260899,..
33572033,"14,8"
95368476,"16,5"
76448076,..
28081446,"15,3"
21400668,"13,5"
92949043,"15,0"
31486865,"15,8"
97265732,"17,4"
50424828,..
11533776,"14,9"
99622695,..
51131594,"14,5"
89680395,"16,1"
53696633,"15,4"
27440210,"16,3"
62758285,"15,1"
57668673,..
63993414,..
49136871,..
53923398,..
74560191,..
36480690,"15,8"
24787883,..
52048443,"14,7"
43277545,"15,3"
66095163,"14,9"
54004368,"15,0"
31975673,..
99864908,..
49868916,"17,0"
44412461,"16,1"
49576295,..
45293715,"14,8"
77712952,..
10433896,"15,0"
43154449,"12,8"
46379730,"13,9"
46986216,"16,0"
16720048,"14,4"
31380193,..
85485803,"14,6"
88429477,..
98696836,"14,5"
49739986,"15,5"
29225010,"13,7"
56886667,"15,1"
62394916,..
67908927,"14,1"
18072172,..
11341077,"15,0"
77797484,"15,2"
80785976,"14,0"
21532545,"14,2"
51023367,..
43649848,"13,9"
74316305,"12,7"
84098842,"13,6"
17062663,"14,8"
71069359,"12,9"
48304166,"13,0"
92009807,"14,6"
93221031,..
17474377,"14,0"
55795961,..
84947634,"13,0"
68564903,"13,3"
18208087,"11,6"
41416934,"12,3"
21866405,"12,0"
25624692,..
25356960,"14,1"
98132436,.
40386043,"12,4"
44240250,"13,8"
75082798,..
91333138,"14,2"
12154972,"13,1"
15077883,..
48434184,..
19647256,..
93939982,..
55155562,"13,6"
24008049,"14,4"
59734510,..
19586169,..
24273261,..
89888648,..
90003262,..
36782335,"12,0"
67279303,"12,7"
21648755,"14,2"
90267145,..
61880907,"12,1"
88556189,..
72127035,..
70969714,"12,1"
31843016,"11,8"
29097621,"13,0"
16313848,"13,0"
86327236,..
86310217,"12,4"
69241230,..
80327946,"12,3"
70923626,..
92905347,..
30329172,"15,3"
47046103,"12,3"
17173461,..
19560192,..
98053087,..
46660042,"14,0"
38917647,..
98369689,"13,6"
17849518,..
40667807,..
69629086,"13,4"
31657916,..
46241804,"13,7"
29032715,"13,0"
19909435,..
85800840,"13,9"
39583059,"13,8"
38645259,..
39805497,"12,7"
83829189,"12,4"
84247499,"13,8"
97064126,.
48722826,"11,2"
71571158,"12,8"
73567152,"14,0"
84286698,"12,7"
23350817,..
87262566,"12,4"
56947954,"14,0"
72022487,"15,0"
70969556,..
86724994,"12,8"
39302565,"12,6"
61432781,..
14057258,..
81551726,.
52634142,"13,4"
76195214,..
70137084,"13,0"
92651253,..
26167236,..
28848709,"12,7"
49168016,"13,4"
28770304,"13,3"
17119840,"13,7"
61823258,..
86762103,..
76007769,"12,4"
88894245,..
47884009,..
75340089,..
36670439,..
72891848,..
83805032,"12,3"
31255918,"15,2"
35035671,"14,1"
53180719,..
17062663,"11,9"
88750078,"15,3"
85459854,"13,9"
61229217,..
93503103,"14,0"
14292382,..
87859089,..
16493131,"12,2"
48304166,"12,1"
27964873,"12,4"
30706655,..
78690637,..
24653673,"13,1"
87303004,"12,1"
97835550,..
22446331,"14,7"
40575001,"12,9"
76903284,"12,8"
81997762,..
42060237,..
89816391,"11,7"
38236800,..
85054102,"13,1"
87274273,"15,1"
16501673,..
26298615,"13,4"
50104466,..
59386837,"13,7"
73217812,..
16931486,..
13084253,"12,5"
82888663,"14,1"
11275959,"13,3"
27993549,..
90312942,"13,7"
19839859,..
29159460,..
43601850,..
14586562,..
74322969,..
90260899,"14,0"
31057219,"14,0"
27079521,..
34381901,"12,7"
95368476,..
84329061,..
71969230,..
91048178,..
10373112,..
65265211,..
19930101,"12,5"
33657492,..
53923398,"12,7"
69865450,..
37316242,..
20173336,..
49872493,..
39147056,"13,8"
85788659,"14,3"
95340745,..
59521477,..
54467211,"14,0"
82251333,..
63931325,"14,7"
75374280,..
46148350,..
50133877,"13,8"
90240730,"13,7"
84908877,..
34002355,..
18217765,..
92009807,"12,8"
90685868,..
56084099,"12,4"
39341381,..
29209307,"12,4"
92816527,"14,2"
15149235,..
77379848,..
34421265,"13,7"
18691102,..
70302356,"12,6"
24349146,"12,0"
83605345,..
47692481,..
85188855,..
85473846,"13,7"
98781765,"13,6"
56187883,..
51023367,..
52690153,..
93221031,..
61004230,..
71262305,..
68564903,"13,8"
89982804,"14,2"
74434644,"12,2"
18425335,"12,7"
23424275,..
34153869,..
75082798,..
27030026,"13,5"
15077883,..
39911065,..
56737496,"12,3"
87756916,"13,0"
19586169,..
24273261,..
59455288,..
25679488,..
35063170,..
36782335,"13,6"
37906565,..
21648755,"12,8"
49616977,"12,4"
72998905,..
69481650,"12,5"
12994441,..
30086854,"12,6"
38684438,"11,8"
73147554,"16,7"
35006050,"14,5"
10638939,..
71922787,..
44341171,..
32671805,..
79606767,"13,7"
11294673,..
86327236,..
28398531,"12,7"
54172830,..
56330385,"15,5"
42859669,"14,2"
92905347,..
47550455,"12,4"
17173461,..
98053087,"13,5"
92858957,"14,1"
44113417,..
18881773,..
94570025,"14,2"
54606928,"15,2"
42573391,..
97270136,..
30530571,..
40829056,..
38645259,..
87207941,..
11673760,"13,2"
38400227,..
27041885,..
97064126,..
67554405,"12,6"
86473502,..
98239050,"14,4"
94455820,..
78872213,"13,7"
23350817,..
87262566,..
41844601,"13,5"
23457902,.
57397381,"13,3"
72022487,..
28248021,..
44417214,"14,0"
49488344,"13,7"
14102256,"13,3"
43313366,"13,1"
37550979,..
76195214,"15,3"
60214465,..
11102578,"13,8"
84098842,"13,7"
63035915,"12,7"
26324896,"13,7"
50821167,..
77609073,"13,0"
68748767,..
25596917,"14,1"
20984584,..
25648215,..
11608031,..
86762103,..
68381790,"11,6"
16956086,..
22220001,..
15100079,..
16702464,..
72891848,..
69471748,"13,4"
99976753,..
14278480,"13,2"
51955293,"13,9"
12130801,..
53180719,..
68741484,"12,7"
41555549,..
75324351,..
28025244,..
40338843,..
16493131,"14,2"
48304166,"13,3"
24982097,..
68597767,..
30706655,..
78690637,"12,2"
87303004,..
14504503,..
77544055,"13,5"
76903284,..
15870428,"14,1"
81997762,..
42060237,..
14448619,..
27023528,..
33132452,..
56942970,..
97510495,"15,5"
15278518,"14,3"
38236800,..
24759907,..
16501673,"14,2"
79845033,..
41099519,"12,4"
59386837,..
55825382,..
59942080,..
90312942,..
14586562,..
27079521,..
34381901,..
96414537,..
14853321,"14,4"
86488203,"13,5"
92818240,"12,7"
71969230,..
76942525,..
50424828,"13,0"
12075195,"13,5"
65265211,..
33657492,"13,2"
61175914,..
57668673,..
69040241,..
53923398,"13,9"
47844862,"12,2"
69865450,"13,6"
90509211,"12,7"
37316242,..
50393060,..
85788659,..
54599691,"12,4"
27106031,"14,0"
63931325,..
57391913,"12,9"
46148350,..
96920524,..
70803636,"14,6"
23797825,"13,5"
90685868,"14,2"
80711021,"13,5"
39341381,..
31380193,..
25847233,"14,0"
16848652,..
36886750,"12,5"
67058407,"12,7"
98696836,"11,9"
64648566,"14,9"
83605345,..
15933512,"14,5"
47692481,"13,1"
85188855,..
85473846,"13,3"
53279140,"14,8"
51023367,..
52690153,..
17474377,..
18425335,"14,7"
19150273,"14,3"
64284020,..
23555409,..
73255276,..
58724424,..
31429031,..
87756916,"13,6"
59734510,..
19586169,..
31279294,..
11111710,"15,0"
90551279,"15,2"
69686851,"15,0"
59396229,"13,7"
85068812,..
36444853,"14,2"
65752105,..
10638939,..
88556189,..
44653962,"15,0"
87764775,..
66335258,"13,9"
44392995,"14,4"
80327946,..
42859669,..
92905347,..
19560192,..
56529916,..
12279302,"12,9"
17849518,..
77688926,"14,3"
37358234,..
42573391,..
97270136,..
30530571,..
96024712,"13,9"
40829056,..
39583059,"13,9"
46145886,..
48722826,..
97596286,"14,6"
67554405,"13,2"
86473502,..
64569393,"14,6"
87262566,..
23457902,..
44417214,..
86158933,..
36072799,"15,1"
81551726,..
76195214,..
23306658,..
17944628,"16,9"
26167236,"13,5"
64648904,"14,4"
53896162,"15,6"
11185244,"14,4"
69063711,..
35894996,"13,6"
68748767,..
20984584,..
31155312,"13,8"
61823258,"15,1"
79994304,..
11608031,..
67752682,"14,3"
91812793,"15,0"
14355031,"14,4"
72891848,..
25745773,..
14278480,"14,2"
28023078,"12,7"
13963517,..
51736304,..
53180719,"13,2"
72421673,"12,8"
41878314,..
18711877,..
90990441,..
42911621,..
26508763,"14,2"
14504503,..
81997762,..
34222422,..
84230226,..
94167577,..
33132452,..
63943560,"12,4"
85516596,"14,9"
38236800,..
59026584,"14,4"
65666808,"14,8"
80357110,"16,2"
16501673,..
73217812,"13,4"
36769815,"13,5"
65034473,..
29159460,..
14586562,..
95368476,..
86488203,..
25156286,..
71969230,..
91048178,..
76942525,..
50424828,..
60727136,..
45132264,"13,8"
73316818,"16,2"
91905819,"13,9"
36480690,"14,9"
24787883,"15,3"
69865450,..
31112935,..
49872493,..
92442684,..
82251333,..
84908877,..
24277564,..
96152872,..
44738639,"14,5"
96194948,"15,6"
25955541,"14,8"
90685868,..
80711021,"14,0"
31380193,..
90290154,..
92816527,"13,7"
98696836,..
64648566,..
18691102,..
15933512,"14,5"
47692481,..
85188855,..
85473846,"13,3"
53279140,..
80785976,..
56187883,"14,2"
71262305,..
19464342,..
23424275,"13,9"
88573795,..
73255276,"15,1"
58724424,..
31429031,"13,6"
25679488,.
36782335,..
21648755,"15,0"
69481650,"14,7"
95165649,"13,7"
12994441,.
10638939,..
44341171,"16,0"
32671805,.
28398531,"13,2"
80327946,"14,2"
70923626,..
47550455,"13,5"
38167912,..
80686587,"14,4"
62439199,"13,4"
19741742,"12,6"
30530571,..
11673760,"15,7"
38400227,"14,5"
83829189,..
97064126,.
62104139,"13,7"
41844601,"15,0"
70969556,..
44417214,..
14102256,"15,2"
54839753,..
26167236,"13,9"
63035915,"15,0"
77609073,"13,4"
68748767,..
20984584,..
11608031,..
68381790,"14,6"
75340089,..
91812793,"13,8"
72891848,..
22426680,..
53180719,..
60424371,"12,7"
41555549,..
78690637,"14,1"
87303004,..
26508763,"14,4"
76903284,"15,2"
81997762,"12,9"
14448619,..
27023528,"16,2"
38236800,..
30677562,"13,4"
55825382,..
92949043,"14,5"
84329061,..
91048178,..
76942525,..
16496466,..
69865450,..
37316242,"14,5"
28646435,"13,3"
92442684,"14,0"
84908877,..
14799321,..
56041699,..
80711021,"14,4"
15149235,..
15791044,..
15933512,"15,8"
47692481,..
85188855,..
53279140,"13,2"
68229719,..
65192707,"16,2"
30538202,"15,1"
40386043,"15,0"
34153869,..
51138448,..
25720752,"16,3"
31533003,"15,8"
36782335,..
54965510,"15,7"
69983740,..
70066748,"15,8"
68734112,..
53462953,..
30468157,..
96684210,"16,1"
40766349,..
31199511,..
11102578,..
17944628,"16,4"
75939593,"15,8"
56639389,"16,3"
69063711,..
65722876,"15,9"
31822012,"16,2"
58544422,"15,9"
12130801,..
78690637,"15,8"
30279258,"16,0"
26996566,..
94167577,..
41938272,"16,3"
49068301,..
88839172,"17,1"
88955893,"16,2"
42775003,"16,5"
32071849,..
90076461,"14,7"
31486865,..
63993414,..
32995170,"14,5"
32550660,"17,5"
49868916,..
74919147,..
36355200,..
88025221,"16,2"
46986216,"16,2"
65392939,..
56886667,"15,9"
77797484,"15,6"
47559319,..
93221031,..
71262305,..
97870412,"13,1"
18208087,..
83474173,..
88445871,..
64284020,"13,7"
98132436,..
88259298,..
17846181,..
16950252,"13,5"
48434184,..
56421429,..
17008320,..
56737496,..
55155562,..
95683850,"13,5"
35063170,.
67279303,"14,2"
90267145,..
16819383,"13,1"
53660780,"14,7"
51321260,"11,7"
58502307,"13,9"
70969714,..
81993306,"13,3"
16313848,..
54172830,..
86385479,..
92905347,..
47550455,"14,1"
20620556,..
17173461,..
46660042,..
46162400,..
18091973,..
19909435,"11,8"
30530571,..
38645259,..
39805497,..
83829189,"13,7"
48722826,..
60209222,..
84286698,..
87262566,..
56947954,"14,0"
72022487,..
74316305,..
72109637,..
81551726,..
82002016,..
23306658,"12,7"
69306209,"13,7"
12954099,..
26167236,..
66824652,..
49168016,..
92814975,..
25648215,..
13006857,..
16956086,..
47884009,.
55421481,..
16702464,..
32887559,"13,2"
15609112,..
39199869,..
88750078,..
41555549,..
81876614,..
67071618,..
75324351,..
58929357,"14,8"
93503103,"13,2"
17184072,..
77440824,..
16493131,"15,1"
41119610,"15,6"
97835550,..
42911621,"13,6"
75027822,"13,0"
21850904,"17,2"
12546590,"14,6"
18451445,..
59386837,..
16931486,..
70132092,..
66273269,"12,9"
37912396,..
90312942,..
19839859,..
67628478,..
86351879,"11,6"
69302313,..
31057219,..
64579522,..
34381901,"14,5"
96414537,..
95368476,..
31537066,..
84329061,"13,4"
65265211,..
71938440,"13,0"
33657492,..
27859889,"14,0"
69865450,..
49872493,..
95340745,..
59521477,..
54467211,"13,5"
59463950,"12,5"
75374280,..
46148350,..
60919765,..
96152872,..
68824244,..
56084099,..
39341381,..
94975733,..
56802300,..
77379848,.
13981977,..
34421265,..
23175129,..
18691102,..
47692481,..
20768651,..
98781765,..
95069937,"15,0"
42218661,.
16554575,.
19912478,.
30086854,.
26627862,.
98052678,.
61826221,.
54395430,.
80686587,.
46574937,.
98239050,.
56021320,.
31199511,.
56639389,.
78986228,.
30361243,.
50906954,.
65674821,.
26671095,.
25525759,.
77632411,.
89693952,.
30615080,.
32550660,.
77712952,.
92805465,.
65421426,.
82814120,"13,7"
13006857,..
21567982,..
49379603,..
80167319,..
88534520,"15,0"
82814120,"14,8"
39936461,"14,3"
59734510,..
59455288,..
82163292,"14,3"
88163512,"14,7"
31279294,..
36782335,"14,3"
69686851,"14,0"
95165649,"13,9"
35236491,"14,5"
50696507,"15,2"
38448056,"15,5"
83085136,"15,2"
85544331,"14,8"
19560192,..
21363125,.
78659008,"15,9"
18091973,"13,6"
88624631,"12,8"
35390185,..
40829056,..
65662401,"14,7"
75344502,"14,8"
32580162,"14,5"
61547652,"13,7"
62490359,"14,9"
64725297,"14,0"
43362941,"14,7"
23457902,..
27597104,"13,5"
77823650,"15,1"
52634142,"14,9"
32705515,"13,2"
23306658,"13,6"
26167236,..
11185244,"15,3"
56211717,"14,0"
32042066,..
92814975,"14,7"
20984584,..
61823258,..
39178171,"14,4"
25745773,"15,3"
43284031,"14,4"
26267406,..
53180719,..
56267421,"14,4"
34990065,"13,8"
32003298,"13,9"
42517257,"15,3"
86896907,"14,1"
14292382,"16,0"
54764253,"13,3"
97104132,"15,3"
46332927,"14,4"
86319615,"13,3"
22446331,..
76903284,..
34222422,..
98815582,"14,9"
59026584,"15,0"
52333875,"14,3"
92489953,"13,8"
82888663,"15,7"
11275959,"14,7"
50615280,"15,3"
19035583,"13,9"
80280597,..
89630851,..
14586562,..
65234368,"14,7"
76942525,..
25698509,"15,2"
16496466,..
65265211,..
61175914,..
63451147,"14,1"
31112935,"13,7"
20173336,"15,2"
38544187,"14,0"
23517683,"14,7"
88956420,..
14677676,"14,2"
98032567,..
25955541,"15,5"
24501884,"15,0"
25847233,..
34421265,"14,0"
33249781,"14,1"
64693272,..
61004230,"17,0"
71262305,..
55795961,..
84947634,..
48009865,"16,4"
18208087,"16,0"
19464342,..
60743463,..
32960825,"16,0"
91748148,"15,2"
42022406,..
65192707,"15,4"
43634528,"15,7"
53400472,..
97758137,"14,7"
26334561,"15,1"
40386043,"15,2"
59483268,"15,7"
21663998,"16,4"
20595770,"16,0"
45164827,"17,8"
34153869,"17,1"
17846181,..
75082798,"15,5"
34637764,"16,1"
48434184,"16,1"
95684185,"15,7"
17008320,"16,0"
25720752,"16,1"
55155562,"16,0"
23164911,"15,4"
19981611,..
19586169,..
24273261,..
59455288,..
25677996,"15,8"
35063170,"15,7"
31279294,..
36782335,"16,4"
23897040,..
20666515,"16,2"
54965510,"16,6"
84835666,"15,3"
64740897,..
78979604,..
85068812,..
78397312,"17,3"
89837629,"14,1"
12994441,"14,2"
88774402,"18,1"
75141151,..
84306392,"16,1"
26627862,"15,9"
72517762,..
38684438,"15,5"
35647481,"15,4"
69983740,"17,5"
66491596,"17,0"
12052268,"14,8"
71597051,"17,3"
40690520,"17,5"
21505555,"16,4"
70066748,"14,8"
19207279,"17,8"
53640774,"14,2"
72127035,"16,0"
74148070,"16,3"
19051089,"17,1"
98052678,"15,3"
16313848,"14,5"
11294673,"15,7"
86327236,..
83137205,"16,9"
54172830,"15,1"
65136104,..
56330385,..
20228162,"17,6"
53462953,"14,7"
60730660,"18,6"
82592568,"14,6"
78875918,"15,8"
86385479,..
49862313,"15,1"
42859669,"15,0"
99592025,"16,7"
47550455,"15,8"
47046103,"16,8"
58125096,"16,1"
82914148,..
20620556,..
17173461,..
30468157,"15,8"
61528940,"16,0"
92858957,"16,5"
86296935,..
44113417,"16,4"
39555838,..
85214294,..
82084961,"15,1"
51210136,"15,9"
80686587,"16,9"
91984508,"16,9"
40667807,"16,1"
88466776,"16,9"
57942242,"15,5"
77688926,"16,7"
29032715,"16,0"
48931433,"16,6"
96024712,"16,4"
30458073,..
27115998,"15,7"
79516949,"15,8"
87207941,"17,1"
46574937,"15,9"
63791419,"15,7"
81619482,"16,9"
90006712,"16,7"
39149668,"15,6"
38233622,"16,1"
48722826,"15,1"
98239050,"15,9"
61547652,..
87034307,"16,1"
78872213,"17,2"
76860623,"16,9"
64160122,"16,3"
56947954,"14,6"
72022487,..
71512894,"16,8"
28248021,..
44417214,"15,7"
88776535,"16,4"
71043974,"16,2"
57777751,..
89807183,"16,5"
96818167,"15,1"
67300857,"16,2"
99279503,..
63653488,..
84476205,"15,9"
69240218,..
12934438,"16,9"
43313366,"17,4"
82002016,"16,3"
23306658,"15,2"
69306209,"16,8"
94090461,"16,7"
80931789,"16,2"
69807202,"15,5"
75939593,"16,6"
56639389,"17,3"
95700485,"17,5"
53896162,"16,4"
17779637,"15,8"
66824652,..
49168016,"14,7"
60873719,"15,8"
21938183,"16,0"
69063711,..
12926770,"13,9"
68748767,..
23548714,"14,1"
48593439,"15,2"
91773491,"16,3"
30361243,"16,3"
25596917,"16,3"
65722876,"16,0"
65381163,"15,0"
84424083,"19,1"
78231062,"17,0"
10481541,"15,6"
68381790,..
13006857,"15,6"
16956086,"16,8"
58187973,"17,5"
31870541,..
44672598,"15,6"
31822012,..
83161201,"15,6"
16702464,..
36252055,"16,5"
58907711,"16,8"
71541108,"16,2"
69471748,..
76485705,"15,3"
93239262,"15,6"
75575321,"15,8"
24194577,..
51955293,"15,3"
51736304,"16,4"
95785055,"17,3"
68655578,"13,8"
37054246,..
39199869,"16,2"
59655752,"15,7"
41555549,..
81876614,"17,1"
67071618,..
75324351,..
61229217,"15,1"
59575030,"16,5"
77440824,"16,1"
14292382,"14,8"
87859089,"16,3"
98908403,"15,7"
16493131,"16,5"
83272868,"15,6"
45552626,"15,9"
16748680,"14,3"
65674821,"14,9"
38048202,"15,8"
65320354,"16,6"
76903284,"14,9"
49141105,..
26996566,..
27704246,"16,3"
69747871,..
79346084,"15,3"
14448619,"15,6"
43565270,"14,2"
52791537,"16,5"
85819857,"16,7"
54117171,"16,4"
48120273,"17,6"
94167577,"14,5"
53903798,..
69650864,"17,7"
41938272,"16,4"
76054399,"16,7"
60142020,..
70811222,..
17911161,"14,4"
35084976,"16,6"
77632411,"16,5"
49068301,"14,7"
38195284,"15,4"
97510495,"15,8"
89461767,"14,9"
94717858,"15,2"
53760158,"16,4"
37802196,..
36288955,"18,7"
74812809,"17,8"
88839172,"18,0"
95618280,"15,3"
26326048,"15,9"
37839488,"14,7"
59796774,..
75600007,"16,3"
73812226,"15,1"
82964090,"17,3"
24339566,"15,3"
65458415,..
52333875,"15,1"
69543519,"13,6"
24759907,"16,1"
31315191,"16,1"
56670842,"17,3"
48555205,"14,8"
31313926,..
30312720,"15,2"
32116280,..
53175499,"17,4"
52153758,"17,9"
22116645,"16,6"
30167976,"16,2"
50104466,..
28004794,..
32071849,"16,0"
41099519,"16,3"
59386837,..
21382451,"15,7"
43873969,"16,6"
24993048,"15,6"
66273269,..
11275959,"14,7"
58518163,..
37912396,"16,4"
45593337,"16,3"
10226870,"16,7"
32057701,"16,0"
30615080,"15,3"
70543431,..
23476801,..
86351879,"15,8"
74322969,..
90260899,..
31057219,"15,2"
27079521,"17,2"
64579522,..
34381901,"16,9"
55150847,"15,9"
53069733,"17,6"
99394620,"15,9"
76448076,"15,6"
84329061,"15,7"
82718660,..
31486865,"16,5"
97265732,"18,1"
61720981,"17,3"
98651664,"16,7"
33657492,"16,4"
37078868,..
16130958,"15,4"
77713695,"16,7"
16218090,"16,5"
23544320,"16,6"
49136871,..
20855811,"14,5"
53923398,"15,9"
74560191,..
47844862,"16,3"
72984079,"13,9"
52048443,..
61674097,..
32550660,"16,9"
93488613,..
45600034,..
59599256,"15,1"
26957025,"17,3"
90509211,..
11953769,.
50393060,..
95340745,..
54004368,"15,9"
31975673,"15,6"
82251333,"17,3"
63931325,..
57391913,"17,6"
46148350,"16,7"
50133877,"16,2"
74919147,"18,1"
24277564,..
44412461,"16,7"
18217765,"15,7"
49576295,"16,6"
49170638,"14,7"
25379974,..
88025221,"15,3"
18042101,"15,8"
56041699,..
70955448,"16,5"
46707989,"16,3"
61176909,"15,4"
21778322,"15,1"
62612992,"14,5"
94975733,"15,4"
56802300,..
15149235,"16,4"
13981977,..
67058407,"16,4"
15791044,"16,0"
64908550,"17,1"
77358716,"17,3"
92192566,..
56886667,"15,0"
65421426,"15,6"
62394916,..
72071234,"16,4"
64693272,..
65833454,"15,8"
34988313,"16,0"
38880984,"15,9"
18686599,"15,2"
47559319,"17,6"
20752831,"15,7"
51023367,..
34739511,"15,6"
52690153,..
61004230,..
19464342,..
43609520,..
83474173,..
91487291,..
88445871,"14,5"
23424275,"14,5"
40386043,..
33685428,..
75082798,..
34637764,"14,3"
15077883,..
19647256,..
16361868,..
19586169,..
25679488,"14,7"
31279294,..
36782335,..
90551279,"14,3"
93062368,..
15414001,"14,5"
38311488,"14,2"
74148070,..
32671805,"15,7"
79606767,..
65136104,..
80327946,"14,6"
86385479,..
70923626,..
47550455,..
20620556,..
19560192,..
46660042,..
40810950,"15,2"
17849518,..
66132676,"14,6"
19741742,..
97270136,..
30530571,"13,9"
11673760,"13,6"
38400227,..
60209222,"15,0"
23350817,..
87262566,..
41844601,..
57397381,..
72022487,..
44417214,"14,9"
86158933,..
78287294,"13,8"
32705515,"14,5"
23306658,..
31740319,"13,8"
63035915,"14,2"
50821167,..
92814975,..
68748767,..
20984584,..
11608031,"14,5"
76007769,"13,1"
88894245,..
47884009,"14,4"
75340089,..
31796890,..
69471748,"14,8"
60424371,"15,0"
37054246,..
18711877,..
28025244,..
16493131,..
48304166,..
68597767,..
38048202,..
40575001,..
12496135,..
42060237,..
56653353,"14,9"
31998226,..
24397215,"14,8"
30677562,"15,1"
79845033,..
21627442,"15,3"
16931486,..
19306558,..
37912396,..
29159460,..
89630851,"16,0"
69302313,..
27079521,..
14853321,..
92949043,"15,9"
71969230,..
61720981,..
16496466,..
62300682,"13,8"
61175914,..
61197669,..
37316242,"14,1"
54599691,.
27106031,..
63931325,..
57391913,..
70803636,"13,6"
14799321,"12,4"
16720048,"14,1"
31380193,..
92816527,..
15149235,..
82160887,..
15933512,"13,7"
12198363,..
18072172,..
85188855,..
39528347,..
53279140,..
56187883,..
51023367,..
68229719,"14,9"
71262305,"15,4"
55795961,..
84947634,..
48009865,"14,5"
82840198,"14,7"
19464342,..
60743463,..
97968599,"15,0"
42218661,..
74434644,"14,7"
36263479,"15,1"
19150273,"13,1"
53400472,..
97758137,..
26334561,"14,1"
40386043,"13,4"
59483268,"15,4"
32879845,"14,9"
88573795,..
20595770,"14,8"
82814120,"16,4"
45164827,"17,2"
10924758,"14,2"
34153869,"14,9"
17846181,..
75082798,"14,6"
23555409,"16,1"
72266906,"15,3"
34637764,..
19912478,"14,9"
15077883,"13,6"
48434184,"13,8"
51138448,"14,4"
93939982,"14,9"
25720752,"14,0"
55155562,"15,0"
31533003,"16,3"
16361868,.
19981611,..
19586169,"14,5"
24273261,"13,5"
59455288,..
25679488,"15,0"
35063170,..
31279294,..
36782335,"15,0"
20666515,"15,4"
21648755,"14,5"
11111710,..
49616977,"16,0"
54965510,"15,2"
54164490,"13,2"
20319353,"13,2"
92194545,"13,7"
64740897,..
78979604,..
85068812,..
78397312,"15,8"
36444853,"13,5"
89837629,"13,2"
12994441,"12,9"
88774402,"16,8"
75141151,"14,9"
28627819,"14,6"
26627862,"14,7"
48847282,"15,1"
72517762,..
38684438,"14,7"
31251822,"14,1"
90099336,..
69983740,"16,9"
12052268,"14,6"
71597051,"15,6"
40690520,"16,2"
97382366,"15,2"
10638939,..
21052710,"14,4"
88834120,"14,2"
19207279,"16,5"
53640774,"13,5"
72127035,"14,2"
68734112,"14,4"
92507006,"14,3"
44653962,"15,1"
50198492,"14,7"
16313848,"13,9"
11294673,"15,8"
86327236,..
41745951,"17,0"
83137205,"15,9"
28398531,..
66335258,"15,0"
54172830,"13,5"
75458014,"13,6"
65136104,..
56330385,"16,5"
20228162,"16,9"
53462953,"13,8"
60730660,"18,9"
82592568,"15,6"
86385479,..
49862313,"14,4"
99838438,..
42859669,"14,3"
99592025,"16,0"
34247736,"14,6"
76877530,..
47046103,..
58125096,"14,1"
82914148,..
20620556,..
17173461,..
30468157,"14,9"
66861851,"14,6"
92858957,"14,2"
44113417,"14,4"
67783774,..
39555838,..
85214294,..
82084961,..
73829818,"14,6"
18881773,..
78295411,"15,1"
12279302,"14,6"
50500028,"14,6"
18091973,"14,9"
88466776,"15,2"
40634612,"15,3"
37358234,"14,4"
21008461,"14,8"
53893730,"14,4"
42573391,..
64574972,"14,2"
45830583,..
48931433,"14,6"
30530571,"14,6"
78839208,"14,7"
30458073,.
68920727,"15,4"
27115998,"14,4"
79516949,"13,8"
96684210,"14,6"
87207941,"14,1"
23836342,"14,9"
12395564,"15,9"
39149668,"13,2"
48722826,"14,8"
40766349,"13,7"
67554405,"14,1"
73944169,"14,9"
94455820,..
62104139,"14,7"
78872213,"15,6"
58191646,"14,3"
63179610,"12,6"
64569393,..
48217580,"14,3"
57397381,"14,2"
72022487,"14,8"
71512894,"14,6"
28248021,"13,4"
44417214,"14,5"
25025681,"14,3"
71043974,"14,2"
57777751,..
61161774,"14,6"
75914181,"14,0"
99279503,"13,8"
63653488,..
25392789,"15,0"
69240218,"15,4"
38460895,"13,8"
31199511,"15,1"
43313366,"13,9"
37550979,..
70137084,"15,6"
23306658,"15,3"
11102578,"15,3"
17944628,"14,9"
94090461,"13,0"
64648904,"15,0"
75939593,"15,1"
26324896,"13,3"
56639389,"15,8"
95700485,"16,3"
53896162,"14,6"
17779637,"16,0"
71929526,..
60873719,"16,2"
28085125,"13,6"
21938183,"14,9"
69063711,..
77609073,..
35894996,"14,2"
12926770,"13,7"
68748767,"13,7"
23548714,"15,7"
48593439,"13,8"
91773491,"14,0"
30361243,"14,3"
25596917,"14,4"
65722876,"14,9"
65381163,"13,4"
31155312,"14,0"
84424083,"17,5"
78231062,"16,4"
10481541,"14,6"
68381790,"16,4"
13006857,"15,5"
16956086,"16,1"
58187973,..
31870541,"14,0"
44672598,"14,8"
31822012,"14,4"
99356671,..
16702464,..
29449669,"14,6"
62855448,"13,0"
91812793,"15,1"
58907711,"15,4"
68285560,"14,3"
58544422,"14,2"
69471748,"12,6"
49750031,"15,1"
93239262,"14,3"
75575321,"15,8"
28023078,"15,4"
24194577,..
57690933,"14,5"
12130801,"15,2"
95785055,"16,7"
68741484,"13,0"
37054246,"13,4"
72421673,"15,1"
15763669,..
59655752,"16,6"
41555549,"14,7"
85459854,"14,2"
67071618,..
75324351,..
61229217,..
18617410,"14,5"
40338843,"15,0"
14292382,"15,9"
87859089,"14,3"
98908403,"14,9"
16493131,"15,7"
83272868,"14,3"
11526364,"13,2"
45552626,"14,5"
16748680,"13,6"
92332557,"14,7"
78690637,"14,7"
30279258,"14,1"
76903284,"14,0"
49141105,"14,4"
18974693,"15,1"
26996566,..
69747871,..
31151740,"15,0"
79346084,"14,4"
89816391,"14,1"
43565270,"14,5"
77176811,"14,8"
52791537,"16,2"
52942981,"14,8"
48120273,"17,4"
94167577,"13,6"
27023528,"14,6"
53903798,"13,9"
97770837,"14,8"
69650864,"17,6"
59581397,"13,9"
41938272,"15,9"
29423248,"15,8"
33132452,"13,5"
70811222,..
17911161,"15,1"
35084976,..
77632411,"16,1"
49068301,"15,8"
59898194,"16,3"
38195284,"14,2"
97510495,"14,3"
89461767,"15,1"
94717858,"16,1"
36288955,"17,9"
74812809,"16,2"
88839172,"18,6"
48412612,"14,8"
75075402,"14,5"
26326048,"14,1"
37839488,"12,9"
59796774,..
17675502,..
75600007,"14,1"
73812226,"14,9"
88955893,"17,1"
63943560,"13,7"
85516596,"12,9"
16784385,"16,0"
89963319,..
24339566,"14,6"
65458415,..
95154882,..
28519815,"13,1"
69543519,.
24759907,"13,8"
31315191,"15,1"
42775003,"16,9"
48555205,"14,2"
32116280,..
57143976,"14,9"
53175499,..
64388538,"17,1"
52153758,"17,7"
22116645,..
99755443,"16,0"
30167976,..
50104466,..
28004794,..
32071849,"16,0"
79845033,"13,6"
41099519,"13,4"
59386837,..
21382451,"15,0"
36769815,..
43873969,"15,5"
35301145,"14,6"
59942080,..
66273269,"15,1"
11275959,..
58518163,"14,0"
37912396,"15,2"
45593337,"14,3"
19839859,..
30615080,"14,7"
25178582,"16,0"
23476801,..
56041144,"14,1"
74322969,"14,1"
90260899,"15,2"
31057219,"16,7"
27079521,"14,9"
64579522,"15,2"
34381901,"15,5"
55150847,..
90076461,"15,0"
53069733,"14,8"
95368476,"15,1"
76448076,.
86488203,"14,4"
25156286,"15,3"
28081446,"16,1"
92949043,"14,3"
91048178,"13,4"
82718660,..
12399380,..
31486865,"15,4"
97265732,"17,7"
61720981,"14,0"
50424828,..
47393891,"14,0"
48414975,"15,3"
47108751,..
33657492,"14,7"
82195565,"14,5"
77713695,"15,5"
64667996,"15,7"
23544320,"14,6"
69040241,..
63993414,..
20855811,"14,0"
53923398,"14,6"
74560191,..
47844862,"14,2"
72984079,"14,3"
36480690,"15,0"
32995170,"13,8"
52048443,..
61674097,"15,7"
32550660,"16,1"
93488613,"12,7"
45600034,..
59599256,"14,6"
26957025,"17,0"
90509211,"13,6"
50393060,"15,2"
85788659,"13,5"
95340745,..
59521477,..
92442684,..
54599691,"14,5"
31975673,"14,8"
99864908,"14,1"
63931325,..
57391913,"15,5"
46148350,"14,6"
49868916,"14,8"
74919147,"16,9"
78389879,"14,2"
24277564,..
44412461,"16,1"
36355200,"14,9"
70803636,"14,9"
77712952,"14,4"
10433896,"15,5"
49170638,"14,7"
46379730,"15,1"
25379974,..
88025221,"14,6"
18042101,"15,5"
56041699,..
45111086,"14,3"
70955448,"15,6"
67924816,"14,9"
56084099,..
13960635,"13,8"
61176909,"14,3"
21778322,"14,2"
85485803,"14,2"
88429477,"15,2"
56802300,"14,7"
15149235,"13,9"
24538846,"13,8"
67058407,"14,1"
15791044,"13,8"
65392939,"15,0"
77358716,"17,0"
49739986,"14,8"
92192566,"16,3"
56886667,"14,2"
64648566,"14,7"
65421426,"14,6"
62394916,"14,9"
72071234,"16,0"
15933512,"14,2"
64693272,..
18072172,..
65833454,..
28045567,"14,4"
18686599,"14,7"
93779220,"15,0"
80785976,"14,8"
47559319,"13,6"
56187883,"13,0"
20752831,"14,9"
51023367,..
52690153,..
36782335,..
96279444,"13,3"
19560192,..
31657916,..
85800840,"13,7"
20061769,"13,8"
77358716,"14,4"
18345915,"15,1"
71262305,"17,5"
55795961,..
48009865,"15,6"
18208087,"14,7"
60743463,..
32960825,"14,7"
91748148,"14,2"
42022406,"14,1"
65192707,"15,1"
69018222,"13,6"
12889940,"14,7"
40386043,"15,3"
21663998,"14,0"
88259298,"14,6"
17846181,..
75082798,"14,8"
23555409,"14,0"
30341162,"13,1"
16950252,"14,9"
15077883,..
48434184,..
56421429,"14,8"
17008320,"15,1"
25720752,..
55155562,"14,8"
23164911,"15,2"
36680097,..
95683850,"15,1"
89888648,"14,7"
35063170,"13,7"
31279294,..
36782335,"15,0"
23897040,..
37906565,..
90551279,"14,7"
69686851,..
85068812,.
16819383,..
89837629,"12,7"
72517762,.
79094701,"16,7"
66491596,"16,2"
12052268,"15,5"
53231578,"14,2"
96279444,"14,7"
40690520,"16,4"
35006050,"14,1"
21052710,"16,7"
58502307,"14,9"
97177328,"14,8"
70969714,"14,2"
81993306,"14,9"
47264019,"14,9"
16313848,"14,1"
86327236,..
28398531,"13,6"
79033948,"16,2"
68240485,"14,6"
78875918,"15,2"
86385479,..
49862313,..
99838438,"13,6"
42859669,"14,5"
99592025,"15,4"
47550455,"14,7"
58125096,"16,0"
30468157,"14,0"
72206824,"14,5"
92858957,"14,7"
44113417,"14,9"
39555838,..
82084961,"14,7"
46162400,"14,5"
67279263,"15,0"
18594470,"14,1"
40667807,..
88466776,..
40634612,..
14508922,"14,8"
29032715,"14,1"
19909435,"14,6"
96024712,"14,5"
27115998,"14,9"
41867682,"13,4"
79516949,"13,6"
46574937,"14,7"
39805497,"15,1"
81619482,"16,1"
90006712,..
39149668,..
48722826,"15,2"
53691739,"13,0"
43251309,"13,6"
87034307,"14,3"
78872213,..
80405898,"14,7"
51620045,"14,7"
86888278,..
56947954,"15,1"
72022487,"15,0"
71512894,"14,8"
28248021,..
44417214,"13,4"
88776535,"14,9"
71043974,"15,6"
89807183,"15,1"
39302565,"15,0"
79527481,"15,1"
69240218,..
86787111,"13,5"
77823650,..
82002016,"15,5"
97535124,"15,2"
69306209,"15,5"
12954099,"14,7"
90473340,"14,5"
51449748,"16,4"
12613085,"13,7"
53896162,"14,7"
66824652,"15,0"
49168016,"15,0"
60873719,"15,1"
69063711,..
77609073,..
52129378,"15,1"
65381163,"15,3"
68381790,..
13006857,"15,6"
16956086,"15,4"
31870541,"13,7"
44672598,"13,9"
83161201,"14,9"
16702464,..
29449669,"15,2"
36252055,"16,3"
14355031,"15,7"
53832505,"14,3"
69471748,..
43284031,"13,9"
26267406,..
51955293,"15,9"
51736304,"16,6"
44285075,..
68655578,"13,6"
37054246,..
39199869,"14,9"
88750078,"14,4"
41555549,"14,3"
81876614,"16,0"
67071618,"13,9"
75324351,..
59575030,"13,9"
77440824,"13,4"
51981332,"15,5"
87859089,.
98908403,"12,6"
16493131,"14,4"
11526364,"14,2"
38048202,"14,3"
26671095,"13,9"
65320354,"16,2"
76903284,"14,8"
15870428,"13,7"
26750052,"15,3"
12546590,"14,7"
54117171,"15,1"
94167577,"14,2"
27023528,"14,6"
17911161,..
35084976,..
49068301,..
94717858,"14,9"
46256929,"14,2"
73812226,"14,6"
15390992,"15,2"
63943560,"14,5"
78433202,"14,7"
31313926,"14,5"
30312720,"15,2"
32116280,"14,1"
57143976,"15,7"
93367005,"13,6"
50104466,..
79845033,"14,7"
41099519,..
59386837,..
17276047,"14,2"
48244956,"15,2"
13084253,"14,8"
58518163,..
27993549,"14,4"
37912396,..
45593337,"14,0"
67628478,"17,5"
37517404,..
25178582,"14,0"
86351879,..
74322969,..
90260899,..
31057219,"14,8"
27079521,"14,9"
64579522,..
53069733,..
99394620,"14,9"
31537066,"14,4"
21400668,"13,3"
84329061,"15,1"
91048178,"13,0"
31486865,"15,7"
97265732,"17,5"
61720981,"14,5"
82931004,..
28829503,"15,0"
33657492,"15,8"
33596572,"14,8"
57668673,..
20855811,"13,7"
53923398,"14,5"
72984079,"14,9"
36480690,"15,5"
52048443,"14,4"
50393060,"14,0"
95340745,..
59521477,..
66095163,"13,1"
54004368,"14,5"
31975673,"14,7"
59463950,"15,4"
63931325,..
75374280,"16,2"
46148350,..
50133877,"14,7"
44412461,"14,8"
18217765,"14,6"
66028861,"17,8"
10433896,"13,9"
43154449,"15,0"
68824244,"13,6"
43479922,"13,5"
28391147,"14,0"
62612992,"14,5"
94975733,..
56802300,..
15149235,..
13981977,..
67058407,..
15791044,..
65392939,"15,2"
29225010,"14,4"
24349146,"15,0"
83605345,..
64693272,.
18072172,..
20768651,"14,9"
28872974,"14,9"
80785976,..
21532545,..
20752831,"15,1"
34739511,"12,9"
68824244,..
68564903,"14,5"
88445871,"14,1"
98132436,"13,4"
59483268,..
12154972,"12,1"
59734510,..
59455288,..
89888648,..
36782335,..
20666515,..
90551279,"12,7"
93062368,..
90267145,..
16819383,..
51321260,"11,9"
88556189,..
31843016,..
87764775,..
16313848,..
65136104,..
69241230,..
80327946,"12,0"
86385479,.
42859669,"11,5"
92905347,"11,5"
30329172,..
19560192,..
82084961,..
73829818,"12,1"
14508922,..
19741742,..
19909435,"13,3"
85800840,..
39583059,"12,8"
38645259,..
38400227,"14,6"
86473502,..
73567152,..
23457902,..
72022487,..
44417214,..
86724994,..
78287294,..
81551726,..
76195214,..
82826083,"13,8"
26167236,..
63035915,"12,4"
17119840,"12,0"
20984584,..
25648215,..
68006362,"13,9"
86762103,..
58187973,..
88894245,..
22220001,..
72891848,..
48862305,"12,7"
26267406,..
53180719,..
15609112,"12,5"
62216381,..
85459854,"12,6"
41697930,"12,6"
78690637,..
97835550,..
42911621,"12,3"
42060237,..
14926020,"12,6"
31998226,..
79829846,"13,7"
41631104,..
16931486,..
19839859,..
43601850,..
96414537,..
99394620,..
84329061,"12,4"
65265211,..
61647360,..
45541222,"15,5"
91905819,..
54882637,.
72984079,..
69865450,..
49872493,..
54467211,"14,7"
82251333,..
34002355,..
10342448,..
60088179,"13,2"
90290154,"14,2"
18691102,..
24349146,"13,1"
47692481,..
18072172,..
29744774,..
32239920,..
68229719,"14,1"
84947634,..
68564903,"14,0"
82840198,..
32960825,"14,0"
83474173,"13,1"
74434644,"14,2"
93281974,"13,7"
23424275,..
19150273,..
26334561,"12,8"
59483268,..
73098153,"15,2"
17846181,..
75082798,..
34637764,"13,5"
15077883,..
48434184,..
88850910,"13,1"
25720752,"13,7"
31533003,..
31429031,"12,8"
19586169,..
95683850,"14,3"
59455288,..
25677996,..
36782335,"13,6"
37906565,..
90551279,"14,8"
90267145,..
72998905,"13,5"
96590873,"14,1"
88556189,..
72127035,..
85003442,"13,9"
44653962,"13,5"
87764775,..
48438396,"13,3"
32671805,..
16313848,"14,0"
11294673,..
66335258,..
78875918,"13,5"
78023197,"14,1"
70923626,..
92905347,..
34247736,"13,8"
38167912,..
19560192,..
46660042,"14,2"
85214294,..
40037982,"13,4"
12279302,"13,6"
40667807,..
80762863,"14,4"
31657916,..
64574972,"13,9"
48931433,"15,3"
96024712,..
40829056,..
38645259,..
11673760,"14,6"
63791419,"14,2"
46145886,..
27041885,"14,4"
97596286,"13,8"
67554405,"14,8"
86473502,..
84286698,..
76860623,"13,6"
57397381,"12,2"
72022487,"13,5"
28248021,..
44417214,..
14102256,"13,5"
75914181,"14,1"
99279503,"14,0"
76195214,"14,3"
21901328,"14,2"
23306658,..
31740319,"14,3"
69807202,"14,5"
63035915,"12,7"
32042066,"14,9"
92814975,..
35894996,"14,1"
20984584,..
25648215,..
68006362,"14,3"
13006857,"14,8"
16956086,"14,4"
71160225,..
75340089,..
36670439,"13,1"
22220001,..
99356671,..
16702464,..
72891848,..
71541108,"14,5"
28023078,"14,4"
13963517,..
51955293,"14,5"
12130801,..
53180719,"13,2"
68741484,..
31179045,"13,4"
41555549,..
18711877,"14,0"
75324351,..
70376604,"14,6"
14292382,..
16493131,"15,5"
48304166,..
65674821,..
38048202,"14,2"
87303004,"12,7"
97835550,..
26508763,"12,7"
14504503,..
16198647,"14,2"
12496135,..
76903284,"12,3"
68649663,"13,7"
81997762,..
42060237,..
53903798,..
97770837,"14,9"
33132452,"14,0"
59898194,..
95618280,"14,6"
65458415,..
16501673,..
59386837,..
16931486,..
32321364,..
27993549,..
37912396,..
90312942,"13,2"
19839859,..
29159460,..
43601850,..
14586562,..
69302313,..
31057219,..
64579522,..
34381901,..
96414537,..
31537066,..
84329061,"13,3"
71969230,..
61720981,"13,6"
50424828,"14,7"
65265211,..
97191332,"13,9"
33657492,..
17812651,"13,7"
22239675,"14,3"
59599256,"13,4"
49872493,..
11953769,..
50393060,..
95340745,..
92442684,"12,8"
54599691,..
54467211,..
99864908,"14,4"
63931325,..
46148350,..
49868916,"13,8"
84908877,..
24277564,..
36355200,"13,0"
77835341,"14,3"
77712952,"12,7"
56041699,"12,6"
90685868,"13,5"
60088179,"13,8"
21778322,"14,4"
90290154,..
25847233,"13,5"
16848652,..
56802300,..
77379848,..
67422309,..
15791044,..
65421426,"13,7"
12198363,..
47692481,..
64693272,..
89690587,"14,8"
87112995,"13,9"
51023367,..
52690153,..
38683336,"15,9"
