skolkod,andel_minst_e_eng5
93221031,"83,3"
17474377,"94,4"
74776778,"100,0"
18345915,"98,9"
68229719,"98,6"
61004230,"100,0"
71262305,"100,0"
55795961,"100,0"
84947634,"97,9"
23517336,"100,0"
48009865,"100,0"
97870412,"100,0"
68564903,"100,0"
82840198,"100,0"
18208087,"98,6"
89982804,"100,0"
19464342,"100,0"
60743463,"100,0"
32960825,"98,6"
43609520,"100,0"
41416934,"100,0"
97968599,"100,0"
21567982,"86,7"
91748148,"100,0"
49379603,..
80167319,..
42218661,"100,0"
73171934,..
83474173,"100,0"
91487291,..
21866405,"94,9"
74434644,"99,4"
42022406,"100,0"
88445871,"96,1"
65192707,"100,0"
18425335,"95,2"
93281974,"100,0"
23424275,"98,3"
43634528,"98,5"
36263479,"100,0"
56679384,"98,7"
30538202,"100,0"
19150273,"100,0"
69018222,"98,7"
25624692,"100,0"
88534520,"100,0"
12889940,"100,0"
16554575,"100,0"
34076477,"100,0"
54896448,"100,0"
25356960,"100,0"
64284020,"97,2"
98132436,"96,1"
53400472,"90,0"
60096875,"92,3"
97758137,"95,0"
26334561,"100,0"
40386043,"99,4"
29324709,"100,0"
26864271,"82,4"
59483268,"97,9"
33685428,"100,0"
32879845,"100,0"
88573795,"93,3"
20699742,"100,0"
21663998,"100,0"
20595770,"100,0"
82814120,"99,3"
45164827,"100,0"
10924758,"98,2"
34153869,"100,0"
88259298,"100,0"
73098153,"100,0"
44240250,"83,8"
17846181,"100,0"
75082798,"95,4"
23555409,"100,0"
91333138,"100,0"
30341162,"97,1"
39936461,"100,0"
72266906,"99,2"
27030026,"100,0"
12154972,"93,6"
16950252,"100,0"
34637764,"96,8"
19912478,"99,1"
73255276,"100,0"
15077883,"100,0"
48434184,"98,2"
58724424,"100,0"
95684185,"100,0"
51138448,"100,0"
19647256,"97,7"
56421429,"100,0"
39911065,"98,4"
17008320,"100,0"
56737496,"100,0"
88850910,"100,0"
93939982,"100,0"
25720752,"100,0"
55155562,"97,3"
31533003,"99,1"
31429031,"100,0"
16361868,..
23164911,"100,0"
24008049,"97,7"
19981611,"100,0"
54481243,"100,0"
36680097,"94,1"
87756916,"100,0"
59734510,"91,2"
19586169,"95,6"
24273261,"100,0"
95683850,"100,0"
59455288,"86,8"
82163292,"100,0"
25679488,"100,0"
25677996,"98,1"
89888648,"100,0"
90003262,"100,0"
88163512,"90,9"
35063170,"98,3"
31279294,"97,7"
36782335,"99,2"
23897040,..
20666515,"100,0"
37906565,"100,0"
67279303,"95,7"
21648755,"96,6"
11111710,"100,0"
90551279,"99,6"
93062368,"93,8"
69686851,"92,0"
49616977,"98,5"
54965510,"100,0"
90267145,"100,0"
72998905,"100,0"
84835666,"100,0"
25872338,..
54164490,"100,0"
69481650,"97,4"
20319353,"98,5"
92194545,"100,0"
88153340,"100,0"
94353434,"98,2"
59396229,"100,0"
95165649,"98,0"
64740897,..
78979604,..
69626109,"95,3"
10974852,..
85068812,"97,0"
78397312,"100,0"
36444853,"99,1"
15414001,"100,0"
38311488,"100,0"
16819383,"94,7"
89837629,"99,0"
12994441,"100,0"
53660780,"100,0"
88774402,"100,0"
75141151,"97,6"
61701709,"100,0"
61469192,"100,0"
84306392,"99,4"
28627819,"100,0"
30086854,"100,0"
26627862,"100,0"
48847282,"100,0"
72517762,"100,0"
79094701,"100,0"
38684438,"99,3"
31251822,"100,0"
90099336,..
96590873,"98,8"
35647481,"100,0"
39549479,"98,8"
73147554,"100,0"
65752105,..
69983740,"100,0"
66491596,"100,0"
12052268,"99,1"
71597051,"100,0"
53231578,"100,0"
11274830,"100,0"
51321260,"98,3"
96279444,"100,0"
40690520,"100,0"
61880907,"100,0"
91011325,"100,0"
97382366,"100,0"
35006050,"99,1"
88886610,"96,3"
10638939,"97,3"
21505555,"100,0"
34336190,"100,0"
21052710,"100,0"
88556189,"93,9"
35236491,"98,4"
69739484,"98,6"
92887917,"100,0"
88834120,"100,0"
70066748,"100,0"
19207279,"100,0"
53640774,"100,0"
58502307,"100,0"
97177328,"100,0"
72127035,"97,4"
70969714,"100,0"
85003442,"100,0"
22752398,"100,0"
68734112,"100,0"
71922787,"100,0"
31843016,"97,1"
74148070,"100,0"
50696507,"100,0"
92507006,"100,0"
44653962,"100,0"
20100577,"100,0"
81993306,"100,0"
19051089,"100,0"
29097621,"100,0"
47264019,"100,0"
87764775,"94,4"
50198492,"100,0"
48438396,"95,1"
98052678,"98,2"
20099064,"100,0"
44341171,"100,0"
32671805,"91,5"
38448056,"93,3"
16313848,"98,6"
79606767,"98,5"
11294673,"100,0"
86327236,"91,8"
41745951,"100,0"
83137205,"100,0"
28398531,"100,0"
66335258,"98,0"
54172830,"97,7"
86310217,"100,0"
83085136,"100,0"
75458014,"100,0"
65136104,"100,0"
61826221,.
79033948,"100,0"
56330385,"98,4"
20228162,"100,0"
68240485,"100,0"
95046058,"100,0"
44392995,"99,0"
53462953,"99,2"
69241230,"95,7"
60730660,"100,0"
85544331,"100,0"
80327946,"97,5"
82592568,"100,0"
78875918,"99,3"
78023197,"93,5"
86385479,"98,2"
40991561,..
49862313,"99,0"
99838438,"98,6"
42859669,"98,8"
70923626,"92,1"
92905347,"100,0"
99592025,"100,0"
34247736,"100,0"
47550455,"96,3"
30329172,"100,0"
76877530,"100,0"
47046103,"100,0"
56664512,..
38167912,"100,0"
43826783,..
58125096,"99,2"
82914148,"100,0"
20620556,"100,0"
77839100,..
17173461,"96,4"
55535552,..
19560192,"96,2"
30468157,"100,0"
98053087,"94,6"
92533079,"100,0"
61528940,"100,0"
23681822,"100,0"
66861851,"100,0"
72206824,"100,0"
92858957,"98,9"
46660042,"93,8"
86296935,..
44113417,"100,0"
67783774,..
38917647,"100,0"
21363125,..
39555838,"100,0"
85214294,"92,9"
82084961,"99,5"
46162400,"100,0"
98369689,"91,9"
56529916,"98,3"
40810950,"100,0"
67279263,"100,0"
40037982,"97,8"
51210136,"100,0"
73829818,"100,0"
54395430,.
18881773,"100,0"
50908408,"100,0"
18594470,"100,0"
78295411,"100,0"
80686587,"100,0"
72232853,"100,0"
12279302,"98,9"
17849518,"100,0"
64205087,"100,0"
50500028,"100,0"
94570025,"100,0"
91984508,"100,0"
78659008,"97,2"
12448823,..
40667807,"98,4"
18091973,"100,0"
88466776,"100,0"
36539945,..
40634612,"100,0"
62439199,"100,0"
66132676,"98,9"
57942242,"97,4"
80762863,"93,1"
77688926,"100,0"
14508922,"100,0"
69629086,"99,1"
88624631,"87,0"
35390185,..
37358234,"100,0"
31657916,"91,7"
21008461,"100,0"
54606928,"97,1"
53893730,"100,0"
46241804,"100,0"
42573391,"100,0"
64574972,"98,5"
19741742,"100,0"
29032715,"100,0"
45830583,"100,0"
48931433,"100,0"
97270136,"86,2"
19909435,"100,0"
30530571,"100,0"
78839208,"100,0"
96024712,"100,0"
30458073,..
40829056,"100,0"
85800840,"100,0"
68920727,"100,0"
27115998,"100,0"
41867682,"100,0"
79516949,"100,0"
65662401,"100,0"
39583059,"94,0"
38645259,"96,9"
96684210,"100,0"
87207941,"100,0"
11673760,"96,7"
46574937,"99,7"
23836342,"97,0"
63791419,"97,9"
39805497,"95,8"
38400227,"99,0"
81619482,"100,0"
83829189,"100,0"
46145886,"100,0"
12395564,"100,0"
90006712,"100,0"
43649848,"100,0"
75344502,"95,0"
84247499,"100,0"
27041885,"81,6"
39149668,"100,0"
97064126,..
32580162,"100,0"
38233622,"100,0"
48722826,"99,2"
73063662,"100,0"
40766349,"100,0"
71571158,"93,8"
53691739,"100,0"
43251309,"100,0"
97596286,"95,2"
67554405,"100,0"
86473502,"100,0"
73944169,"100,0"
98239050,"100,0"
94455820,..
58368956,"90,5"
73567152,"85,7"
61547652,"97,9"
60209222,"100,0"
62104139,"100,0"
87034307,"100,0"
78872213,"100,0"
84286698,"100,0"
62490359,"92,3"
64725297,"100,0"
43362941,"100,0"
23350817,"100,0"
76860623,"100,0"
58191646,"100,0"
80405898,"100,0"
56021320,"100,0"
41358402,"100,0"
63179610,"100,0"
64569393,"100,0"
87262566,"95,1"
64160122,"100,0"
48217580,"100,0"
41844601,"100,0"
51620045,"98,7"
86888278,"100,0"
23457902,"100,0"
27597104,"100,0"
57397381,"99,5"
56947954,"100,0"
72022487,"98,7"
71512894,"100,0"
70969556,"100,0"
28248021,"97,4"
44417214,"99,2"
25025681,"98,5"
88776535,"100,0"
49488344,"100,0"
74408578,"100,0"
71043974,"100,0"
57777751,..
38732602,"100,0"
89807183,"100,0"
86724994,"98,8"
61161774,"100,0"
86158933,"97,3"
14102256,"98,8"
75082280,"100,0"
75914181,"100,0"
39302565,"98,3"
96818167,"100,0"
36072799,"96,2"
61432781,"91,5"
78287294,"100,0"
74316305,"97,1"
39096170,"100,0"
79527481,"100,0"
67300857,"100,0"
99279503,"98,6"
63653488,..
84476205,"100,0"
24544503,"99,1"
25392789,"100,0"
72109637,..
69240218,"98,8"
14057258,..
38460895,"100,0"
31199511,"100,0"
12934438,"100,0"
43313366,"100,0"
86787111,"98,6"
97868185,"100,0"
81551726,"88,9"
77823650,"98,2"
37550979,"100,0"
52634142,"98,9"
76195214,"98,5"
54839753,..
32705515,"98,2"
60214465,"97,3"
70137084,"96,6"
82002016,"98,5"
21901328,"89,5"
23306658,"99,2"
57350392,..
97535124,"100,0"
11102578,"100,0"
69306209,"97,5"
92651253,"95,2"
31740319,"100,0"
10129345,"100,0"
17944628,"100,0"
82826083,"100,0"
94468610,"100,0"
94090461,"100,0"
12954099,"100,0"
80931789,"100,0"
84098842,"96,6"
90473340,"100,0"
26167236,"94,6"
69807202,"100,0"
64648904,"100,0"
75939593,"99,7"
63035915,"96,4"
26324896,"100,0"
56639389,"100,0"
95700485,"100,0"
51449748,"100,0"
28267726,"100,0"
28848709,"100,0"
12613085,"98,0"
53896162,"100,0"
17779637,"100,0"
11185244,"88,6"
56211717,"100,0"
66824652,"100,0"
49168016,"100,0"
32042066,"100,0"
50821167,..
71929526,"100,0"
92814975,"100,0"
60873719,"100,0"
28085125,"100,0"
28770304,"97,3"
21938183,"100,0"
78986228,.
71472793,"100,0"
64123241,"93,3"
69063711,"100,0"
77609073,"92,3"
35894996,"100,0"
12926770,"100,0"
17119840,"100,0"
68748767,"97,9"
23548714,"100,0"
48593439,"100,0"
91773491,"98,6"
30361243,"100,0"
25596917,"100,0"
65722876,"100,0"
20984584,"100,0"
52129378,"100,0"
65381163,"99,5"
98541468,"88,9"
31155312,"100,0"
25648215,"91,7"
61823258,"100,0"
84424083,"100,0"
39178171,"100,0"
49231191,"100,0"
78231062,"100,0"
79994304,..
10481541,"100,0"
68006362,"96,7"
11608031,"98,0"
86762103,"100,0"
68381790,"98,8"
13006857,"98,0"
76007769,"100,0"
16956086,"99,0"
58187973,"100,0"
88894245,"100,0"
31870541,"100,0"
71160225,"96,0"
67752682,"100,0"
47884009,"96,8"
44672598,"100,0"
75340089,"100,0"
36670439,"100,0"
22220001,"98,3"
31822012,"94,7"
83161201,"98,8"
15100079,..
55421481,..
99356671,"94,1"
16702464,"100,0"
71353314,..
29449669,"97,2"
62855448,"96,3"
36252055,"99,7"
91812793,"100,0"
14355031,"100,0"
72891848,"97,6"
46611859,"98,9"
58907711,"100,0"
68285560,"100,0"
58544422,"100,0"
65150019,"100,0"
31796890,..
22426680,"92,3"
83805032,"79,3"
48862305,"97,5"
32887559,"100,0"
71541108,"92,5"
53832505,"100,0"
47537928,"100,0"
69471748,"96,5"
49750031,"100,0"
76485705,"100,0"
93239262,"100,0"
25745773,"100,0"
99976753,"100,0"
14278480,"91,7"
75575321,"100,0"
28023078,"98,5"
43284031,"97,6"
13963517,"100,0"
24194577,..
26267406,"100,0"
31255918,"98,5"
51955293,"100,0"
57690933,"100,0"
35035671,"100,0"
12130801,"100,0"
51736304,"100,0"
53180719,"100,0"
27489137,"100,0"
15609112,"100,0"
44285075,"100,0"
60424371,"100,0"
95785055,"100,0"
68655578,"100,0"
17062663,"98,2"
68741484,"100,0"
56267421,"100,0"
34990065,"96,4"
37054246,"98,6"
39199869,"100,0"
62216381,"100,0"
31179045,"100,0"
72421673,"100,0"
15763669,..
59655752,"100,0"
88750078,"100,0"
41878314,..
41555549,"97,9"
32003298,"100,0"
22383788,"100,0"
85459854,"100,0"
81876614,"100,0"
18711877,"100,0"
67071618,"95,5"
75324351,"100,0"
61229217,"98,6"
58929357,"100,0"
42517257,"93,8"
70376604,"100,0"
59575030,"100,0"
93503103,"100,0"
18617410,"100,0"
41697930,"100,0"
28025244,"100,0"
17184072,"100,0"
40338843,"98,8"
77440824,"100,0"
71069359,"100,0"
86896907,"93,5"
14292382,"99,1"
51981332,"100,0"
87859089,"96,6"
54764253,"100,0"
98908403,"99,4"
16493131,"99,1"
41119610,"100,0"
83272868,"100,0"
11526364,"100,0"
48304166,"100,0"
24982097,"88,9"
45552626,"100,0"
50906954,.
97104132,"100,0"
16748680,"100,0"
68597767,"100,0"
27964873,"97,2"
30706655,"95,0"
65674821,"96,8"
92332557,"98,8"
46332927,"97,3"
78690637,"99,7"
24653673,"95,2"
38048202,"98,1"
90990441,"100,0"
86319615,"93,8"
87303004,"100,0"
97835550,"90,9"
22446331,"91,9"
26671095,"100,0"
42911621,"99,0"
40575001,"94,7"
75027822,"100,0"
26508763,"97,4"
14504503,"92,3"
21850904,"100,0"
65320354,"100,0"
77544055,"98,9"
49112879,"100,0"
30279258,"100,0"
16198647,"100,0"
12496135,"100,0"
76903284,"97,4"
68649663,"100,0"
43623146,..
49141105,"100,0"
15870428,"96,6"
26646080,"100,0"
26750052,"100,0"
18974693,"100,0"
26996566,"100,0"
27704246,"99,4"
81997762,"96,7"
28967085,..
69747871,..
70119254,"100,0"
31151740,"100,0"
79346084,"100,0"
34222422,"93,3"
84230226,..
42060237,"97,7"
89816391,"98,4"
14448619,"100,0"
12546590,"96,9"
43565270,"100,0"
77176811,"100,0"
52791537,"100,0"
85152591,"100,0"
85819857,"100,0"
40600798,"99,2"
52942981,"100,0"
54117171,"100,0"
48120273,"100,0"
33233228,..
94167577,"99,4"
27023528,"97,9"
53903798,"92,4"
85782695,"92,3"
98815582,"96,0"
97770837,"100,0"
21312503,"100,0"
69650864,"100,0"
59581397,"100,0"
14926020,"84,2"
41938272,"100,0"
29423248,"100,0"
76054399,"100,0"
33132452,"95,1"
56942970,..
60142020,..
70811222,"100,0"
17911161,"98,2"
35084976,"100,0"
25525759,.
77632411,"100,0"
56653353,"100,0"
49068301,"100,0"
59898194,"98,0"
38195284,"99,2"
97510495,"100,0"
89461767,"100,0"
94717858,"100,0"
53760158,"100,0"
78422467,"100,0"
37802196,..
38683336,"100,0"
36288955,"100,0"
74812809,"100,0"
88839172,"100,0"
48412612,"100,0"
95618280,"96,2"
75075402,"100,0"
26326048,"99,2"
37839488,"99,4"
46256929,"100,0"
83374651,"100,0"
59796774,"100,0"
17675502,"92,1"
75600007,"100,0"
73812226,"100,0"
30762346,..
82964090,"100,0"
88955893,"100,0"
15278518,"98,6"
15390992,"100,0"
63943560,"100,0"
85516596,"100,0"
31998226,..
38236800,"93,8"
16784385,"100,0"
59026584,"100,0"
79829846,"100,0"
89963319,..
24339566,"100,0"
20061769,"100,0"
65458415,..
95154882,"100,0"
52333875,"99,1"
24663703,..
28519815,"98,1"
65666808,"94,5"
69543519,"100,0"
24397215,"100,0"
30677562,"98,8"
85054102,"95,2"
87274273,"100,0"
89693952,.
24759907,"96,0"
78433202,"100,0"
41631104,"87,5"
35366805,"100,0"
31315191,"100,0"
80357110,"95,7"
42775003,"100,0"
56670842,"100,0"
89370947,"100,0"
18451445,..
48555205,"100,0"
31313926,"100,0"
30312720,"100,0"
32116280,"100,0"
57143976,"99,1"
93367005,"98,9"
53175499,"100,0"
64388538,"100,0"
52153758,"100,0"
16501673,"81,6"
26298615,"100,0"
22116645,"100,0"
99755443,"100,0"
30167976,"100,0"
50104466,"100,0"
28004794,..
32071849,"100,0"
79845033,"98,8"
41099519,"100,0"
59386837,"100,0"
21627442,"100,0"
17276047,"98,1"
73217812,"94,7"
21382451,"100,0"
48244956,"100,0"
36769815,"100,0"
16931486,"100,0"
92489953,"100,0"
43873969,"100,0"
55825382,"98,7"
19306558,"100,0"
35301145,"100,0"
24993048,"100,0"
70132092,"93,2"
65034473,..
13084253,"99,0"
32321364,"90,9"
59942080,"97,5"
66273269,"97,5"
82888663,"81,4"
11275959,"97,6"
58518163,"97,5"
50615280,"100,0"
19035583,"100,0"
27993549,"94,4"
37912396,"97,7"
45593337,"100,0"
90312942,"98,8"
10226870,"100,0"
19839859,"100,0"
80280597,..
67628478,"100,0"
37517404,"100,0"
29159460,"100,0"
32057701,"100,0"
43601850,"100,0"
30615080,"98,3"
89630851,"100,0"
25178582,"100,0"
70543431,"100,0"
23476801,..
86351879,"96,6"
56041144,"100,0"
14586562,..
74322969,"98,2"
90260899,"100,0"
69302313,"91,3"
31057219,"96,4"
27079521,"98,0"
33572033,"100,0"
64579522,"98,4"
65234368,"100,0"
34381901,"99,0"
55150847,"100,0"
90076461,"100,0"
96414537,"96,8"
53069733,"100,0"
99394620,"100,0"
95368476,"100,0"
14853321,"98,0"
76448076,"100,0"
31537066,"96,7"
86488203,"99,3"
25156286,"100,0"
28081446,"100,0"
21400668,"100,0"
92949043,"100,0"
92818240,"96,7"
84329061,"100,0"
71969230,"100,0"
91048178,"95,3"
82718660,"100,0"
76942525,"100,0"
12399380,"100,0"
31486865,"100,0"
97265732,"100,0"
10373112,..
61720981,"99,3"
25698509,"94,7"
50424828,"97,1"
82931004,"100,0"
83584125,"100,0"
95024660,"100,0"
32263814,"100,0"
16496466,..
12075195,"100,0"
62300682,"100,0"
47393891,"100,0"
48414975,"100,0"
65265211,"96,6"
11533776,"100,0"
47108751,..
97191332,"100,0"
71938440,"92,9"
28829503,"100,0"
22811839,"100,0"
33205596,"100,0"
99622695,..
19930101,"100,0"
60727136,"100,0"
45132264,"100,0"
61647360,..
98651664,"100,0"
33657492,"96,7"
61622991,"100,0"
66644568,"100,0"
93659517,"98,2"
79309485,"100,0"
61175914,"100,0"
73316818,"100,0"
37078868,..
27859889,"100,0"
16130958,"100,0"
29161632,..
82195565,"100,0"
33596572,"100,0"
45541222,"100,0"
77713695,"100,0"
63451147,"100,0"
51131594,"100,0"
89680395,"100,0"
53696633,"100,0"
27440210,"100,0"
62758285,"100,0"
16218090,"100,0"
61197669,..
64667996,"100,0"
17812651,"100,0"
23544320,"100,0"
57668673,"100,0"
69040241,"100,0"
63993414,"100,0"
49136871,..
91905819,"96,7"
20855811,"100,0"
54882637,"87,5"
53923398,"95,9"
74560191,"100,0"
47844862,"100,0"
22239675,"100,0"
72984079,"100,0"
36480690,"100,0"
24787883,"100,0"
32995170,"94,4"
52048443,"100,0"
61674097,"100,0"
32550660,"100,0"
93488613,"100,0"
45600034,"100,0"
59599256,"100,0"
69865450,"96,0"
31112935,"90,0"
26957025,"100,0"
90509211,"99,0"
43277545,"98,2"
37316242,"97,7"
20173336,"93,9"
49872493,"100,0"
39147056,"94,3"
11953769,"91,7"
28646435,"100,0"
50393060,"100,0"
85788659,"97,8"
95340745,"100,0"
59521477,"100,0"
92442684,"100,0"
66095163,"100,0"
38544187,"89,4"
54599691,"99,3"
54004368,"100,0"
54467211,"100,0"
23517683,"100,0"
31975673,"100,0"
82251333,"98,6"
99864908,"98,1"
27106031,"100,0"
59463950,"100,0"
63931325,"100,0"
57391913,"97,3"
75374280,"95,7"
46148350,"98,5"
50133877,"100,0"
49868916,"99,3"
74919147,"100,0"
90240730,"92,2"
84908877,"96,8"
78389879,"100,0"
24277564,"100,0"
88956420,..
44412461,"100,0"
34002355,"87,2"
36355200,"98,8"
96920524,"100,0"
18217765,"100,0"
60919765,..
14677676,"81,8"
96152872,"93,5"
77835341,"91,7"
70803636,"100,0"
49576295,"100,0"
66028861,"100,0"
23797825,"93,2"
45293715,"100,0"
44738639,"100,0"
77712952,"100,0"
92009807,"97,4"
10433896,"100,0"
10342448,"87,0"
43154449,"100,0"
49170638,"100,0"
46379730,"100,0"
25379974,"100,0"
98032567,..
96194948,"96,3"
25955541,"100,0"
88025221,"98,9"
18042101,"100,0"
14799321,"96,6"
56041699,"94,1"
45111086,"100,0"
70955448,"100,0"
68824244,"100,0"
90685868,"100,0"
24501884,"95,3"
46707989,"100,0"
46986216,"98,5"
67924816,"100,0"
92805465,"100,0"
56084099,"100,0"
80711021,"97,8"
17648596,"98,2"
16720048,"100,0"
13960635,"100,0"
39341381,"100,0"
61176909,"100,0"
43479922,"100,0"
60088179,"95,1"
28391147,"100,0"
29209307,"96,4"
21778322,"100,0"
31380193,"100,0"
90290154,"96,7"
25847233,"94,4"
62612992,"100,0"
85485803,"100,0"
92816527,"96,5"
16848652,"100,0"
88429477,"100,0"
94975733,"98,5"
56802300,"100,0"
15149235,"100,0"
77379848,"100,0"
13981977,"100,0"
24538846,"100,0"
36886750,"100,0"
67422309,"94,3"
67058407,"97,1"
34421265,"98,4"
15791044,"100,0"
65392939,"100,0"
98696836,"98,2"
82160887,"100,0"
23175129,"100,0"
64908550,"100,0"
77358716,"100,0"
49739986,"100,0"
29225010,"98,0"
92192566,"100,0"
56886667,"100,0"
33249781,"88,5"
64648566,"100,0"
18691102,"100,0"
70302356,"100,0"
65421426,"99,7"
62394916,"42,9"
67908927,"100,0"
72071234,"100,0"
24349146,"99,0"
83605345,"81,0"
15933512,"99,3"
12198363,..
47692481,"97,8"
64693272,"96,3"
18072172,"100,0"
65833454,"100,0"
85188855,"100,0"
11341077,"100,0"
39528347,"100,0"
34988313,"100,0"
85473846,"100,0"
29744774,..
89690587,"95,7"
28045567,"100,0"
20768651,"100,0"
32239920,"100,0"
98781765,"95,7"
38880984,"100,0"
28872974,"100,0"
87112995,"89,3"
18686599,"98,2"
93779220,"100,0"
77797484,"100,0"
53279140,"100,0"
80785976,"100,0"
47559319,"100,0"
21532545,"100,0"
56187883,"94,1"
20752831,"99,1"
51023367,"100,0"
34739511,"100,0"
95069937,"100,0"
52690153,"100,0"
74776778,"100,0"
18345915,"100,0"
68229719,"98,3"
61004230,"100,0"
71262305,"100,0"
55795961,"100,0"
84947634,"100,0"
23517336,"100,0"
48009865,"100,0"
82840198,"100,0"
18208087,"100,0"
89982804,..
19464342,"100,0"
60743463,"100,0"
32960825,"100,0"
43609520,"100,0"
97968599,"100,0"
91748148,"100,0"
42218661,"100,0"
74434644,"100,0"
42022406,"100,0"
65192707,"100,0"
43634528,"98,5"
36263479,"100,0"
56679384,"98,7"
30538202,"100,0"
19150273,"100,0"
69018222,"98,7"
12889940,"100,0"
16554575,.
34076477,"100,0"
54896448,"100,0"
64284020,..
53400472,"90,0"
97758137,"95,0"
26334561,"100,0"
40386043,"99,3"
59483268,"100,0"
33685428,"100,0"
32879845,"100,0"
88573795,..
20699742,"100,0"
21663998,"100,0"
20595770,"100,0"
82814120,"100,0"
45164827,"100,0"
10924758,"100,0"
34153869,"100,0"
88259298,"100,0"
17846181,"100,0"
75082798,"99,4"
23555409,"100,0"
30341162,"100,0"
72266906,"100,0"
27030026,"100,0"
16950252,"100,0"
34637764,"100,0"
19912478,"99,1"
15077883,"100,0"
48434184,"100,0"
58724424,"100,0"
95684185,"100,0"
51138448,"100,0"
56421429,"100,0"
39911065,"100,0"
17008320,"100,0"
56737496,"100,0"
93939982,"100,0"
25720752,"100,0"
55155562,"99,2"
31533003,"100,0"
16361868,..
23164911,"100,0"
24008049,"100,0"
19981611,"100,0"
54481243,"100,0"
36680097,"100,0"
19586169,"100,0"
24273261,"100,0"
95683850,"100,0"
59455288,"100,0"
25679488,"100,0"
25677996,"100,0"
89888648,"100,0"
35063170,"100,0"
31279294,"96,2"
36782335,"100,0"
23897040,..
20666515,"100,0"
37906565,..
67279303,..
21648755,"98,9"
11111710,"100,0"
90551279,"100,0"
69686851,"100,0"
49616977,"100,0"
54965510,"100,0"
84835666,"100,0"
25872338,..
54164490,"100,0"
20319353,"98,5"
92194545,"100,0"
64740897,..
78979604,..
10974852,..
85068812,"96,0"
78397312,"100,0"
36444853,"100,0"
16819383,"100,0"
89837629,"99,0"
12994441,"100,0"
88774402,"100,0"
75141151,"97,6"
61701709,"100,0"
61469192,"100,0"
84306392,"99,4"
28627819,"100,0"
30086854,.
26627862,"100,0"
48847282,"100,0"
72517762,"100,0"
79094701,"100,0"
38684438,"99,2"
31251822,"100,0"
90099336,..
35647481,"100,0"
39549479,"98,8"
73147554,"100,0"
69983740,"100,0"
66491596,"100,0"
12052268,"99,1"
71597051,"100,0"
53231578,"100,0"
96279444,"100,0"
40690520,"100,0"
91011325,"100,0"
97382366,"100,0"
35006050,"100,0"
10638939,"93,9"
21505555,"100,0"
34336190,"100,0"
21052710,"100,0"
69739484,"98,6"
92887917,"100,0"
88834120,"100,0"
70066748,"100,0"
19207279,"100,0"
53640774,"100,0"
58502307,"100,0"
97177328,"100,0"
72127035,"100,0"
70969714,"100,0"
68734112,"100,0"
71922787,"100,0"
74148070,"100,0"
92507006,"100,0"
44653962,"100,0"
20100577,"100,0"
81993306,"100,0"
19051089,"100,0"
47264019,"100,0"
50198492,"100,0"
98052678,"97,9"
20099064,"100,0"
16313848,"99,0"
79606767,"97,7"
11294673,"100,0"
86327236,"100,0"
41745951,"100,0"
83137205,"100,0"
28398531,"100,0"
66335258,"95,2"
54172830,"100,0"
75458014,"100,0"
65136104,..
61826221,.
79033948,"100,0"
56330385,"100,0"
20228162,"100,0"
68240485,"100,0"
95046058,"100,0"
44392995,"100,0"
53462953,"99,2"
60730660,"100,0"
82592568,"100,0"
78875918,"100,0"
86385479,"100,0"
49862313,"99,0"
99838438,"98,1"
42859669,"98,8"
99592025,"100,0"
34247736,"100,0"
47550455,"98,5"
30329172,"100,0"
76877530,"100,0"
47046103,"100,0"
38167912,"100,0"
43826783,..
58125096,"99,2"
82914148,"100,0"
20620556,"100,0"
77839100,..
17173461,"100,0"
55535552,..
30468157,"100,0"
92533079,"100,0"
61528940,"100,0"
23681822,"100,0"
66861851,"100,0"
72206824,"100,0"
92858957,"98,9"
86296935,..
44113417,"100,0"
67783774,..
39555838,"100,0"
85214294,"100,0"
82084961,"99,3"
46162400,"100,0"
67279263,"100,0"
51210136,"100,0"
73829818,"100,0"
54395430,.
18881773,..
50908408,"100,0"
18594470,"100,0"
78295411,"100,0"
80686587,"100,0"
72232853,"100,0"
12279302,"100,0"
64205087,"100,0"
50500028,"100,0"
91984508,"100,0"
40667807,"100,0"
18091973,"100,0"
88466776,"100,0"
36539945,..
40634612,"100,0"
66132676,"100,0"
57942242,"97,4"
77688926,"100,0"
14508922,"100,0"
37358234,"100,0"
21008461,"100,0"
54606928,"100,0"
53893730,"100,0"
42573391,..
64574972,"100,0"
19741742,"100,0"
29032715,"100,0"
45830583,"100,0"
48931433,"100,0"
19909435,"100,0"
30530571,"100,0"
78839208,"100,0"
96024712,"100,0"
30458073,..
85800840,"100,0"
68920727,"100,0"
27115998,"100,0"
41867682,"100,0"
79516949,"100,0"
96684210,"100,0"
87207941,"100,0"
11673760,"100,0"
46574937,"99,7"
23836342,"97,0"
63791419,"100,0"
39805497,"100,0"
38400227,"100,0"
81619482,"100,0"
12395564,"100,0"
90006712,"100,0"
39149668,"100,0"
38233622,"100,0"
48722826,"100,0"
73063662,"100,0"
40766349,"100,0"
53691739,"100,0"
43251309,"100,0"
67554405,"100,0"
73944169,"100,0"
98239050,"100,0"
94455820,..
61547652,..
62104139,"100,0"
87034307,"100,0"
78872213,"100,0"
76860623,"100,0"
58191646,"100,0"
80405898,"100,0"
56021320,"100,0"
63179610,"100,0"
64569393,"100,0"
64160122,"100,0"
48217580,"100,0"
51620045,"100,0"
86888278,"100,0"
57397381,"99,3"
56947954,"100,0"
72022487,"100,0"
71512894,"100,0"
28248021,"100,0"
44417214,"100,0"
25025681,"100,0"
88776535,"100,0"
49488344,"100,0"
74408578,"100,0"
71043974,"100,0"
57777751,..
38732602,"100,0"
89807183,"100,0"
61161774,"100,0"
86158933,"100,0"
75914181,"100,0"
39302565,"100,0"
96818167,"100,0"
79527481,"100,0"
67300857,"100,0"
99279503,"100,0"
63653488,..
84476205,"100,0"
24544503,"99,1"
25392789,"100,0"
69240218,"100,0"
38460895,"100,0"
31199511,"100,0"
12934438,"100,0"
43313366,"100,0"
86787111,"98,6"
97868185,"100,0"
77823650,..
37550979,"100,0"
60214465,"96,2"
70137084,"100,0"
82002016,"100,0"
23306658,"100,0"
97535124,"100,0"
11102578,"100,0"
69306209,"94,7"
10129345,"100,0"
17944628,"100,0"
94468610,"100,0"
94090461,"100,0"
12954099,"100,0"
80931789,"100,0"
90473340,"100,0"
69807202,"100,0"
64648904,"100,0"
75939593,"99,7"
26324896,"100,0"
56639389,"100,0"
95700485,"100,0"
51449748,"100,0"
28267726,"100,0"
12613085,"95,8"
53896162,"100,0"
17779637,"100,0"
66824652,"100,0"
49168016,"100,0"
71929526,"100,0"
60873719,"100,0"
28085125,"100,0"
21938183,"100,0"
78986228,.
71472793,"100,0"
69063711,"100,0"
77609073,"92,3"
35894996,"100,0"
12926770,"100,0"
68748767,"100,0"
23548714,"100,0"
48593439,"100,0"
91773491,"98,6"
30361243,"100,0"
25596917,"100,0"
65722876,"100,0"
52129378,"100,0"
65381163,"99,5"
31155312,"100,0"
84424083,"100,0"
49231191,"100,0"
78231062,"100,0"
10481541,"100,0"
68381790,"100,0"
13006857,"100,0"
16956086,"100,0"
58187973,"100,0"
88894245,..
31870541,"100,0"
44672598,"100,0"
31822012,"94,7"
83161201,"98,8"
99356671,..
16702464,"100,0"
29449669,"97,2"
62855448,"96,3"
36252055,"100,0"
91812793,"100,0"
14355031,"100,0"
46611859,"98,9"
58907711,"100,0"
68285560,"100,0"
58544422,"100,0"
65150019,"100,0"
71541108,"100,0"
53832505,"100,0"
47537928,"100,0"
69471748,"98,5"
49750031,"100,0"
76485705,"100,0"
93239262,"100,0"
99976753,"100,0"
75575321,"100,0"
28023078,"100,0"
43284031,"100,0"
24194577,..
26267406,..
51955293,"100,0"
57690933,"100,0"
12130801,"100,0"
51736304,"100,0"
44285075,"100,0"
95785055,"100,0"
68655578,"100,0"
68741484,"100,0"
37054246,"100,0"
39199869,"100,0"
31179045,"100,0"
72421673,"100,0"
15763669,..
59655752,"100,0"
88750078,"100,0"
41555549,"100,0"
85459854,"100,0"
81876614,"100,0"
18711877,"100,0"
67071618,"100,0"
75324351,"100,0"
61229217,"100,0"
70376604,"100,0"
59575030,"100,0"
18617410,"100,0"
28025244,"100,0"
40338843,"100,0"
77440824,"100,0"
14292382,"100,0"
51981332,"100,0"
87859089,"100,0"
98908403,"99,2"
16493131,"100,0"
83272868,"100,0"
11526364,"100,0"
45552626,"100,0"
50906954,.
16748680,"100,0"
65674821,"100,0"
92332557,"98,8"
78690637,"100,0"
38048202,"100,0"
90990441,..
26671095,"100,0"
65320354,"100,0"
77544055,"100,0"
49112879,"100,0"
30279258,"100,0"
76903284,"100,0"
43623146,..
49141105,"100,0"
15870428,"100,0"
26646080,"100,0"
26750052,"100,0"
18974693,"100,0"
26996566,"100,0"
27704246,"99,4"
28967085,..
69747871,..
31151740,"100,0"
79346084,"100,0"
89816391,"100,0"
14448619,"100,0"
12546590,"100,0"
43565270,"100,0"
77176811,"100,0"
52791537,"100,0"
85152591,"100,0"
85819857,"100,0"
40600798,"99,2"
52942981,"100,0"
54117171,"100,0"
48120273,"100,0"
33233228,..
94167577,"100,0"
27023528,"98,1"
53903798,"97,4"
97770837,"100,0"
69650864,"100,0"
59581397,"100,0"
41938272,"100,0"
29423248,"100,0"
76054399,"100,0"
33132452,"94,9"
60142020,..
70811222,"100,0"
17911161,"98,2"
35084976,"100,0"
25525759,.
77632411,"100,0"
49068301,"100,0"
59898194,"100,0"
38195284,"99,2"
97510495,"100,0"
89461767,"100,0"
94717858,"100,0"
53760158,"100,0"
78422467,"100,0"
37802196,..
36288955,"100,0"
74812809,"100,0"
88839172,"100,0"
48412612,"100,0"
95618280,"100,0"
75075402,"100,0"
26326048,"99,2"
37839488,"99,4"
46256929,"100,0"
83374651,"100,0"
59796774,"100,0"
17675502,"100,0"
75600007,"100,0"
73812226,"100,0"
30762346,..
82964090,"100,0"
88955893,"100,0"
15278518,"100,0"
15390992,"100,0"
63943560,"100,0"
85516596,"100,0"
16784385,"100,0"
89963319,..
24339566,"100,0"
65458415,..
95154882,"100,0"
52333875,"100,0"
24663703,..
28519815,"98,1"
65666808,..
69543519,"100,0"
89693952,.
24759907,"97,6"
78433202,"100,0"
35366805,"100,0"
31315191,"100,0"
42775003,"100,0"
56670842,"100,0"
89370947,"100,0"
48555205,"100,0"
31313926,"100,0"
30312720,"100,0"
32116280,"100,0"
57143976,"99,1"
93367005,"100,0"
53175499,"100,0"
64388538,"100,0"
52153758,"100,0"
22116645,"100,0"
99755443,"100,0"
30167976,"100,0"
50104466,"100,0"
28004794,..
32071849,"100,0"
79845033,"100,0"
41099519,"100,0"
59386837,"100,0"
17276047,"100,0"
21382451,"100,0"
48244956,"100,0"
36769815,..
43873969,"100,0"
55825382,"100,0"
19306558,"100,0"
35301145,"100,0"
24993048,"100,0"
13084253,"100,0"
59942080,"100,0"
66273269,"100,0"
11275959,"100,0"
58518163,"100,0"
27993549,"100,0"
37912396,"100,0"
45593337,"100,0"
10226870,"100,0"
19839859,"100,0"
67628478,"100,0"
37517404,..
32057701,"100,0"
30615080,"98,3"
25178582,"100,0"
70543431,"100,0"
23476801,..
86351879,"100,0"
56041144,"100,0"
74322969,"100,0"
90260899,"100,0"
31057219,"100,0"
27079521,"100,0"
33572033,"100,0"
64579522,"100,0"
34381901,"100,0"
55150847,"100,0"
90076461,"100,0"
53069733,"100,0"
99394620,"100,0"
95368476,"100,0"
14853321,"100,0"
76448076,"100,0"
31537066,"100,0"
86488203,"100,0"
25156286,"100,0"
28081446,"100,0"
21400668,"100,0"
92949043,"100,0"
92818240,"97,7"
84329061,"100,0"
91048178,"100,0"
82718660,"100,0"
12399380,"100,0"
31486865,"100,0"
97265732,"100,0"
61720981,"100,0"
50424828,"96,4"
82931004,..
95024660,"100,0"
32263814,"100,0"
47393891,"100,0"
48414975,"100,0"
11533776,"100,0"
47108751,..
28829503,"100,0"
99622695,..
98651664,"100,0"
33657492,"100,0"
79309485,"100,0"
37078868,..
16130958,"100,0"
82195565,"100,0"
33596572,"100,0"
77713695,"100,0"
51131594,"100,0"
89680395,"100,0"
53696633,"100,0"
27440210,"100,0"
62758285,"100,0"
16218090,"100,0"
64667996,"100,0"
23544320,"100,0"
57668673,"100,0"
69040241,..
63993414,"100,0"
49136871,..
20855811,"100,0"
53923398,"99,2"
74560191,"100,0"
47844862,"100,0"
72984079,"100,0"
36480690,"100,0"
24787883,..
32995170,"94,4"
52048443,"100,0"
61674097,"100,0"
32550660,"100,0"
93488613,"100,0"
45600034,"100,0"
59599256,"100,0"
26957025,"100,0"
90509211,"100,0"
43277545,"98,2"
11953769,..
50393060,"100,0"
85788659,"100,0"
95340745,..
59521477,"100,0"
92442684,"100,0"
66095163,"100,0"
54599691,"100,0"
54004368,"100,0"
31975673,"100,0"
82251333,"100,0"
99864908,"100,0"
27106031,"100,0"
59463950,"100,0"
63931325,"100,0"
57391913,"100,0"
75374280,"100,0"
46148350,"100,0"
50133877,"100,0"
49868916,"100,0"
74919147,"100,0"
78389879,"100,0"
24277564,"100,0"
44412461,"100,0"
36355200,"98,4"
96920524,"100,0"
18217765,"100,0"
70803636,"100,0"
49576295,"100,0"
66028861,"100,0"
23797825,"100,0"
45293715,"100,0"
77712952,"100,0"
10433896,"100,0"
43154449,"100,0"
49170638,"100,0"
46379730,"100,0"
25379974,"100,0"
88025221,"99,7"
18042101,"100,0"
56041699,..
45111086,"100,0"
70955448,"100,0"
68824244,"100,0"
46707989,"100,0"
46986216,"98,5"
67924816,"100,0"
92805465,"100,0"
56084099,..
16720048,"100,0"
13960635,"100,0"
61176909,"100,0"
43479922,"100,0"
28391147,"100,0"
21778322,"100,0"
31380193,..
62612992,"100,0"
85485803,"100,0"
16848652,"100,0"
88429477,"100,0"
94975733,"100,0"
56802300,"100,0"
15149235,"100,0"
13981977,"100,0"
24538846,"100,0"
67058407,"96,6"
15791044,"100,0"
65392939,"100,0"
98696836,"100,0"
64908550,"100,0"
77358716,"100,0"
49739986,"100,0"
29225010,"100,0"
92192566,"100,0"
56886667,"100,0"
64648566,"100,0"
65421426,"99,6"
62394916,"42,9"
67908927,"100,0"
72071234,"100,0"
24349146,"100,0"
83605345,..
15933512,"100,0"
64693272,"100,0"
18072172,..
65833454,"100,0"
11341077,"100,0"
34988313,"100,0"
28045567,"100,0"
20768651,"100,0"
38880984,"100,0"
28872974,"100,0"
18686599,"98,1"
93779220,"100,0"
77797484,"100,0"
80785976,"100,0"
47559319,"100,0"
21532545,"100,0"
56187883,"100,0"
20752831,"99,1"
51023367,"100,0"
34739511,"100,0"
52690153,"100,0"
93221031,"83,3"
17474377,"94,4"
18345915,"97,3"
68229719,"100,0"
61004230,"100,0"
71262305,"100,0"
55795961,..
84947634,"96,3"
97870412,"100,0"
68564903,"100,0"
82840198,"100,0"
18208087,"97,0"
89982804,"100,0"
19464342,..
60743463,..
32960825,"91,7"
43609520,..
41416934,"100,0"
21567982,"86,7"
49379603,..
80167319,..
73171934,..
83474173,"100,0"
91487291,..
21866405,"94,9"
74434644,"98,0"
42022406,"100,0"
88445871,"96,1"
18425335,"95,2"
93281974,"100,0"
23424275,"98,3"
19150273,"100,0"
25624692,"100,0"
88534520,"100,0"
16554575,"100,0"
25356960,"100,0"
64284020,"96,8"
98132436,"96,1"
60096875,"92,3"
26334561,"100,0"
40386043,"100,0"
29324709,"100,0"
26864271,"82,4"
59483268,..
33685428,"100,0"
88573795,..
82814120,"98,8"
10924758,"94,7"
34153869,..
88259298,..
73098153,"100,0"
44240250,"83,8"
17846181,..
75082798,"88,2"
23555409,"100,0"
91333138,"100,0"
30341162,..
39936461,"100,0"
72266906,"95,2"
27030026,"100,0"
12154972,"93,6"
16950252,"100,0"
34637764,"92,2"
73255276,"100,0"
15077883,"100,0"
48434184,"95,8"
58724424,"100,0"
51138448,"100,0"
19647256,"97,7"
56421429,"100,0"
39911065,..
17008320,..
56737496,"100,0"
88850910,"100,0"
93939982,"100,0"
25720752,"100,0"
55155562,"93,7"
31533003,"96,2"
31429031,"100,0"
16361868,..
24008049,"95,5"
36680097,..
87756916,"100,0"
59734510,"91,2"
19586169,"93,2"
24273261,"100,0"
95683850,"100,0"
59455288,"79,2"
82163292,"100,0"
25679488,"100,0"
25677996,"94,4"
89888648,"100,0"
90003262,"100,0"
88163512,"90,9"
35063170,..
31279294,"100,0"
36782335,"97,8"
20666515,"100,0"
37906565,"100,0"
67279303,"94,9"
21648755,"89,5"
11111710,"100,0"
90551279,"99,3"
93062368,"93,8"
69686851,"91,3"
49616977,"92,3"
90267145,"100,0"
72998905,"100,0"
69481650,"97,4"
88153340,"100,0"
94353434,"98,2"
59396229,"100,0"
95165649,"98,0"
69626109,"95,3"
85068812,..
36444853,"96,6"
15414001,"100,0"
38311488,"100,0"
16819383,"93,3"
12994441,"100,0"
53660780,"100,0"
30086854,"100,0"
79094701,"100,0"
38684438,"100,0"
96590873,"98,8"
73147554,"100,0"
65752105,..
11274830,"100,0"
51321260,"98,3"
96279444,"100,0"
61880907,"100,0"
35006050,"97,7"
88886610,"96,3"
10638939,"100,0"
88556189,"93,9"
35236491,"98,4"
58502307,"100,0"
97177328,"100,0"
72127035,"93,8"
70969714,"100,0"
85003442,"100,0"
22752398,"100,0"
71922787,"100,0"
31843016,"97,1"
74148070,..
50696507,"100,0"
44653962,"100,0"
81993306,"100,0"
29097621,"100,0"
87764775,"94,4"
48438396,"95,1"
98052678,..
44341171,"100,0"
32671805,"91,5"
38448056,"93,3"
16313848,"97,8"
79606767,"100,0"
11294673,"100,0"
86327236,"82,1"
28398531,"100,0"
66335258,"100,0"
54172830,"91,3"
86310217,"100,0"
83085136,"100,0"
75458014,..
65136104,..
79033948,"100,0"
56330385,"94,4"
44392995,"96,2"
69241230,"95,7"
85544331,"100,0"
80327946,"97,5"
78875918,"96,2"
78023197,"93,5"
86385479,"96,2"
40991561,..
99838438,"100,0"
42859669,"98,6"
70923626,"92,1"
92905347,"100,0"
99592025,"100,0"
34247736,"100,0"
47550455,"94,8"
30329172,"100,0"
76877530,..
47046103,"100,0"
56664512,..
38167912,"100,0"
20620556,"100,0"
17173461,..
19560192,"96,2"
98053087,"94,6"
92858957,"100,0"
46660042,"93,8"
44113417,"100,0"
67783774,..
38917647,"100,0"
21363125,..
39555838,..
85214294,"87,5"
82084961,"100,0"
46162400,"100,0"
98369689,"91,9"
56529916,"98,3"
40810950,"100,0"
40037982,"97,8"
73829818,"100,0"
18881773,..
80686587,"100,0"
12279302,"98,2"
17849518,"100,0"
94570025,"100,0"
91984508,"100,0"
78659008,"97,2"
12448823,..
40667807,"96,0"
18091973,"100,0"
40634612,"100,0"
62439199,"100,0"
66132676,"96,2"
80762863,"93,1"
77688926,"100,0"
14508922,..
69629086,"99,1"
88624631,"87,0"
35390185,..
37358234,"100,0"
31657916,"91,7"
54606928,"81,3"
46241804,"100,0"
42573391,"100,0"
64574972,"95,2"
19741742,"100,0"
29032715,"100,0"
48931433,"100,0"
97270136,"86,2"
19909435,"100,0"
30530571,"100,0"
96024712,"100,0"
40829056,"100,0"
85800840,"100,0"
27115998,"100,0"
41867682,"100,0"
65662401,"100,0"
39583059,"94,0"
38645259,"96,9"
87207941,..
11673760,"92,6"
63791419,"97,0"
39805497,"92,9"
38400227,"98,2"
83829189,"100,0"
46145886,"100,0"
43649848,"100,0"
75344502,"95,0"
84247499,"100,0"
27041885,"81,6"
97064126,..
32580162,"100,0"
48722826,"98,4"
71571158,"93,8"
53691739,"100,0"
97596286,"95,2"
67554405,"100,0"
86473502,"100,0"
98239050,"100,0"
94455820,..
58368956,"90,5"
73567152,"85,7"
61547652,"97,9"
60209222,"100,0"
62104139,"100,0"
78872213,"100,0"
84286698,"100,0"
62490359,"92,3"
64725297,"100,0"
43362941,"100,0"
23350817,"100,0"
76860623,"100,0"
56021320,"100,0"
41358402,"100,0"
64569393,"100,0"
87262566,"95,1"
41844601,"100,0"
51620045,"97,2"
23457902,"100,0"
27597104,"100,0"
57397381,"100,0"
56947954,"100,0"
72022487,"97,4"
70969556,"100,0"
28248021,"93,5"
44417214,"98,2"
25025681,"92,3"
49488344,"100,0"
74408578,"100,0"
86724994,"98,8"
86158933,"91,3"
14102256,"98,8"
75082280,"100,0"
75914181,"100,0"
39302565,"97,8"
36072799,"96,2"
61432781,"91,5"
78287294,"100,0"
74316305,"97,1"
39096170,"100,0"
99279503,"97,8"
72109637,..
69240218,"92,3"
14057258,..
43313366,"100,0"
97868185,..
81551726,"88,9"
77823650,"98,0"
37550979,..
52634142,"98,9"
76195214,"98,5"
54839753,..
32705515,"98,2"
60214465,"100,0"
70137084,"95,0"
82002016,"92,9"
21901328,"89,5"
23306658,"98,6"
57350392,..
11102578,"100,0"
69306209,"100,0"
92651253,"95,2"
31740319,"100,0"
17944628,"100,0"
82826083,"100,0"
94090461,"100,0"
12954099,..
80931789,"100,0"
84098842,"96,6"
90473340,..
26167236,"94,6"
69807202,"100,0"
64648904,"100,0"
63035915,"96,4"
26324896,"100,0"
28848709,"100,0"
12613085,"100,0"
53896162,"100,0"
11185244,"88,6"
56211717,"100,0"
66824652,"100,0"
49168016,"100,0"
32042066,"100,0"
50821167,..
92814975,"100,0"
28770304,"97,3"
64123241,"93,3"
69063711,"100,0"
77609073,"92,3"
35894996,"100,0"
17119840,"100,0"
68748767,"96,8"
25596917,"100,0"
20984584,"100,0"
52129378,"100,0"
98541468,"88,9"
31155312,"100,0"
25648215,"91,7"
61823258,"100,0"
39178171,"100,0"
79994304,..
68006362,"96,7"
11608031,"98,0"
86762103,"100,0"
68381790,"97,4"
13006857,"94,0"
76007769,"100,0"
16956086,"97,2"
58187973,"100,0"
88894245,"100,0"
71160225,"96,0"
67752682,"100,0"
47884009,"96,8"
44672598,"100,0"
75340089,"100,0"
36670439,"100,0"
22220001,"98,3"
15100079,..
55421481,..
99356671,"92,9"
16702464,"100,0"
71353314,..
36252055,"98,1"
91812793,"100,0"
14355031,"100,0"
72891848,"97,6"
31796890,..
22426680,"92,3"
83805032,"79,3"
48862305,"97,5"
32887559,"100,0"
71541108,"83,3"
69471748,"93,6"
93239262,"100,0"
25745773,"100,0"
99976753,..
14278480,"91,7"
28023078,"98,0"
43284031,"96,2"
13963517,"100,0"
26267406,"100,0"
31255918,"98,5"
51955293,"100,0"
35035671,"100,0"
12130801,..
51736304,"100,0"
53180719,"100,0"
27489137,"100,0"
15609112,"100,0"
60424371,"100,0"
68655578,"100,0"
17062663,"98,2"
68741484,"100,0"
56267421,"100,0"
34990065,"96,4"
37054246,"96,6"
39199869,..
62216381,"100,0"
31179045,"100,0"
72421673,"100,0"
59655752,..
88750078,"100,0"
41878314,..
41555549,"91,7"
32003298,"100,0"
22383788,"100,0"
85459854,"100,0"
81876614,..
18711877,"100,0"
67071618,"89,3"
75324351,"100,0"
61229217,"97,1"
58929357,"100,0"
42517257,"93,8"
70376604,"100,0"
93503103,"100,0"
18617410,"100,0"
41697930,"100,0"
28025244,"100,0"
17184072,"100,0"
40338843,"95,7"
77440824,"100,0"
71069359,"100,0"
86896907,"93,5"
14292382,"98,7"
87859089,"89,5"
54764253,"100,0"
98908403,"100,0"
16493131,"98,3"
41119610,"100,0"
48304166,"100,0"
24982097,"88,9"
97104132,"100,0"
68597767,"100,0"
27964873,"97,2"
30706655,"95,0"
65674821,"91,7"
46332927,"97,3"
78690637,"98,9"
24653673,"95,2"
38048202,"95,7"
90990441,..
86319615,"93,8"
87303004,"100,0"
97835550,"90,9"
22446331,"91,9"
26671095,"100,0"
42911621,"99,0"
40575001,"94,7"
75027822,"100,0"
26508763,"97,4"
14504503,"92,3"
21850904,"100,0"
77544055,"96,4"
16198647,"100,0"
12496135,"100,0"
76903284,"95,1"
68649663,"100,0"
15870428,"94,3"
26750052,"100,0"
81997762,"96,7"
69747871,..
70119254,"100,0"
79346084,"100,0"
34222422,"93,3"
84230226,..
42060237,"97,7"
89816391,"95,2"
14448619,"100,0"
12546590,"90,5"
94167577,"94,7"
27023528,"97,6"
53903798,"87,5"
85782695,"92,3"
98815582,"96,0"
97770837,"100,0"
21312503,"100,0"
14926020,"84,2"
33132452,"95,2"
56942970,..
56653353,"100,0"
59898194,..
97510495,"100,0"
38683336,"100,0"
95618280,"92,7"
17675502,"89,3"
75600007,"100,0"
15278518,"97,8"
15390992,"100,0"
63943560,"100,0"
85516596,"100,0"
31998226,..
38236800,"93,8"
59026584,"100,0"
79829846,"100,0"
20061769,"100,0"
65458415,..
95154882,..
52333875,"97,7"
65666808,"94,4"
24397215,"100,0"
30677562,"98,8"
85054102,"95,2"
87274273,"100,0"
24759907,"76,5"
41631104,"87,5"
80357110,"95,7"
18451445,..
93367005,"97,3"
16501673,"81,6"
26298615,"100,0"
50104466,..
79845033,"96,3"
41099519,"100,0"
59386837,"100,0"
21627442,"100,0"
17276047,"95,0"
73217812,"94,7"
48244956,"100,0"
36769815,"100,0"
16931486,"100,0"
92489953,"100,0"
43873969,"100,0"
55825382,"93,8"
19306558,..
24993048,..
70132092,"93,2"
65034473,..
13084253,"96,2"
32321364,"90,9"
59942080,..
66273269,"92,9"
82888663,"81,4"
11275959,"97,0"
58518163,"92,9"
50615280,"100,0"
19035583,"100,0"
27993549,"93,2"
37912396,"90,9"
90312942,"98,8"
19839859,"100,0"
80280597,..
67628478,..
37517404,..
29159460,"100,0"
43601850,"100,0"
89630851,"100,0"
86351879,"92,1"
14586562,..
74322969,"97,1"
90260899,"100,0"
69302313,"91,3"
31057219,"94,0"
27079521,"94,6"
64579522,"96,0"
65234368,"100,0"
34381901,"97,9"
96414537,"96,8"
99394620,"100,0"
95368476,"100,0"
14853321,"96,4"
76448076,"100,0"
31537066,"93,3"
86488203,"97,0"
25156286,"100,0"
92949043,"100,0"
92818240,"96,2"
84329061,"100,0"
71969230,"100,0"
91048178,"93,2"
76942525,"100,0"
31486865,"100,0"
10373112,..
61720981,"97,2"
25698509,"94,7"
50424828,"97,3"
82931004,"100,0"
83584125,"100,0"
16496466,..
12075195,"100,0"
62300682,"100,0"
65265211,"96,6"
97191332,"100,0"
71938440,"92,9"
22811839,"100,0"
33205596,"100,0"
19930101,"100,0"
60727136,"100,0"
45132264,"100,0"
61647360,..
33657492,"88,4"
61622991,"100,0"
66644568,"100,0"
93659517,"98,2"
61175914,"100,0"
73316818,"100,0"
27859889,"100,0"
29161632,..
45541222,"100,0"
63451147,"100,0"
61197669,..
17812651,"100,0"
57668673,"100,0"
69040241,"100,0"
91905819,"96,7"
54882637,"87,5"
53923398,"90,4"
47844862,"100,0"
22239675,"100,0"
72984079,"100,0"
36480690,"100,0"
24787883,"100,0"
52048443,"100,0"
32550660,"100,0"
59599256,"100,0"
69865450,"96,0"
31112935,"90,0"
90509211,"97,0"
37316242,"97,7"
20173336,"93,9"
49872493,"100,0"
39147056,"94,3"
11953769,..
28646435,"100,0"
50393060,"100,0"
85788659,"96,2"
95340745,"100,0"
59521477,"100,0"
92442684,"100,0"
38544187,"89,4"
54599691,"96,9"
54467211,"100,0"
23517683,"100,0"
82251333,"98,0"
99864908,"93,8"
27106031,"100,0"
59463950,"100,0"
63931325,"100,0"
57391913,"90,5"
75374280,"92,6"
46148350,"95,7"
50133877,"100,0"
49868916,"98,0"
90240730,"92,2"
84908877,"96,8"
24277564,"100,0"
88956420,..
34002355,"87,2"
36355200,"100,0"
96920524,"100,0"
18217765,"100,0"
60919765,..
14677676,"81,8"
96152872,"93,5"
77835341,"91,7"
70803636,"100,0"
23797825,"76,2"
44738639,"100,0"
77712952,"100,0"
92009807,"97,4"
10433896,"100,0"
10342448,"87,0"
43154449,"100,0"
98032567,..
96194948,"96,3"
25955541,"100,0"
88025221,"88,5"
14799321,"96,6"
56041699,"92,0"
70955448,"100,0"
68824244,"100,0"
90685868,"100,0"
24501884,"95,3"
56084099,"100,0"
80711021,"97,8"
17648596,"98,2"
16720048,"100,0"
39341381,"100,0"
60088179,"95,1"
28391147,"100,0"
29209307,"96,4"
21778322,"100,0"
31380193,"100,0"
90290154,"96,7"
25847233,"94,4"
92816527,"96,5"
16848652,"100,0"
94975733,"96,8"
56802300,"100,0"
15149235,"100,0"
77379848,"100,0"
13981977,..
24538846,..
36886750,"100,0"
67422309,"94,3"
67058407,"100,0"
34421265,"98,4"
15791044,..
98696836,"93,1"
82160887,"100,0"
23175129,"100,0"
77358716,"100,0"
29225010,"94,7"
33249781,"88,5"
64648566,"100,0"
18691102,"100,0"
70302356,"100,0"
65421426,"100,0"
24349146,"98,2"
83605345,"77,8"
15933512,"98,6"
12198363,..
47692481,"97,8"
64693272,"92,3"
18072172,..
85188855,"100,0"
39528347,"100,0"
85473846,"100,0"
29744774,..
89690587,"95,7"
20768651,..
32239920,"100,0"
98781765,"95,7"
87112995,"89,3"
18686599,..
93779220,"100,0"
53279140,"100,0"
80785976,"100,0"
47559319,"100,0"
21532545,..
56187883,"92,9"
51023367,"100,0"
95069937,"100,0"
52690153,"100,0"
93221031,..
68229719,..
84947634,..
89982804,"100,0"
60743463,..
73171934,..
74434644,"100,0"
93281974,"100,0"
23424275,..
16554575,"100,0"
60096875,"100,0"
40386043,..
33685428,..
10924758,"94,7"
75082798,"85,7"
16950252,"100,0"
15077883,"100,0"
48434184,"100,0"
51138448,"100,0"
93939982,"100,0"
31533003,"96,0"
24273261,..
59455288,..
25677996,"100,0"
31279294,..
36782335,"100,0"
90551279,"100,0"
93062368,..
69626109,"95,3"
10638939,"100,0"
72127035,..
85003442,"100,0"
98052678,..
32671805,..
16313848,"100,0"
54172830,..
75458014,..
78023197,"89,5"
40991561,..
70923626,"78,6"
76877530,..
47046103,..
19560192,"90,9"
98053087,"100,0"
46660042,"86,1"
67783774,..
85214294,"94,1"
12279302,"100,0"
91984508,"100,0"
40667807,..
40634612,..
80762863,"92,5"
64574972,..
30530571,..
96024712,"100,0"
27115998,"100,0"
39583059,"89,5"
38645259,..
46145886,..
27041885,..
48722826,"100,0"
97596286,"92,6"
67554405,"100,0"
56021320,"100,0"
23457902,..
57397381,"100,0"
72022487,..
70969556,..
28248021,..
44417214,"100,0"
25025681,"92,3"
14102256,"95,0"
75082280,"100,0"
39096170,"100,0"
69240218,"92,3"
82002016,..
23306658,..
94090461,"100,0"
63035915,"94,7"
50821167,..
68748767,"88,9"
20984584,..
25648215,"95,0"
11608031,"93,3"
13006857,..
16956086,..
58187973,..
88894245,..
71160225,"100,0"
44672598,"100,0"
22220001,"100,0"
71353314,..
69471748,..
93239262,"100,0"
13963517,..
68655578,"100,0"
31179045,"100,0"
59655752,..
18711877,..
67071618,"94,4"
18617410,"100,0"
40338843,"93,3"
14292382,..
87859089,..
98908403,"100,0"
24982097,..
68597767,..
38048202,"100,0"
90990441,..
40575001,"91,7"
26508763,"100,0"
76903284,..
69747871,..
79346084,"100,0"
89816391,..
53903798,"96,2"
33132452,"95,2"
17675502,"89,3"
75600007,"100,0"
85516596,"100,0"
50104466,..
59386837,"100,0"
43873969,"100,0"
24993048,..
58518163,"92,9"
29159460,"100,0"
89630851,"100,0"
86351879,"86,7"
74322969,..
64579522,"92,9"
14853321,..
86488203,"100,0"
84329061,..
71969230,..
31486865,"100,0"
61720981,"87,5"
50424828,..
83584125,"100,0"
65265211,..
66644568,"100,0"
61175914,..
29161632,..
36480690,..
32550660,"100,0"
37316242,..
50393060,..
95340745,..
59521477,..
46148350,..
49868916,"100,0"
84908877,"100,0"
24277564,..
36355200,..
88025221,"88,5"
56041699,..
70955448,"100,0"
60088179,"85,0"
25847233,"87,0"
16848652,..
56802300,..
36886750,..
67422309,..
82160887,"100,0"
64648566,..
15933512,"100,0"
12198363,..
64693272,..
89690587,"100,0"
18686599,..
93779220,"100,0"
80785976,..
47559319,"100,0"
52690153,..
93221031,..
18345915,"94,1"
97870412,"100,0"
18208087,"90,9"
41416934,"100,0"
21567982,"84,6"
83474173,"100,0"
88445871,"96,4"
25624692,..
25356960,"100,0"
98132436,"96,2"
60096875,"85,7"
29324709,"100,0"
26864271,"86,7"
44240250,"92,3"
75082798,"93,3"
91333138,"100,0"
12154972,"94,4"
15077883,"100,0"
48434184,"92,3"
19647256,"100,0"
56737496,"100,0"
55155562,"97,1"
24008049,"90,9"
59734510,..
19586169,"100,0"
24273261,..
59455288,..
89888648,"100,0"
36782335,"93,3"
20666515,"100,0"
90551279,"100,0"
93062368,..
90267145,"100,0"
88153340,"100,0"
94353434,"98,2"
88886610,"96,3"
88556189,"100,0"
72127035,"92,3"
22752398,"100,0"
31843016,"100,0"
29097621,"100,0"
16313848,"89,3"
11294673,..
86327236,..
69241230,..
80327946,"94,1"
86385479,..
70923626,"100,0"
92905347,..
47550455,"96,3"
56664512,..
19560192,..
46660042,"95,0"
38917647,..
82084961,"100,0"
98369689,"94,1"
56529916,"98,0"
17849518,..
18091973,"100,0"
69629086,"100,0"
31657916,..
19741742,"100,0"
40829056,..
85800840,"100,0"
39583059,"90,0"
39805497,"100,0"
46145886,"100,0"
84247499,"100,0"
71571158,..
86473502,..
58368956,"90,5"
23350817,..
41358402,"100,0"
87262566,..
23457902,..
56947954,"100,0"
72022487,"100,0"
28248021,..
74408578,"100,0"
86724994,"100,0"
39302565,"95,0"
61432781,"91,5"
14057258,..
81551726,..
76195214,..
70137084,"96,3"
57350392,..
92651253,"91,7"
82826083,"100,0"
26167236,..
63035915,"94,9"
32042066,"100,0"
92814975,..
64123241,"93,3"
20984584,..
98541468,"88,9"
25648215,..
79994304,..
86762103,..
68381790,..
13006857,"100,0"
16956086,..
88894245,..
67752682,"100,0"
75340089,"100,0"
22220001,"96,0"
15100079,..
36252055,"94,4"
72891848,..
48862305,"98,2"
13963517,..
31255918,"100,0"
53180719,"100,0"
68655578,"100,0"
37054246,..
62216381,"100,0"
18711877,..
61229217,"92,3"
41697930,"100,0"
77440824,..
14292382,"100,0"
54764253,"100,0"
98908403,"100,0"
16493131,"100,0"
24982097,..
27964873,"92,3"
30706655,"100,0"
78690637,"100,0"
24653673,..
87303004,..
97835550,..
22446331,..
42911621,"100,0"
14504503,..
76903284,..
81997762,"100,0"
70119254,"100,0"
42060237,"100,0"
85782695,"92,3"
38236800,..
41631104,..
16501673,..
26298615,"100,0"
41099519,..
59386837,..
73217812,..
16931486,..
70132092,"96,0"
27993549,"97,0"
90312942,"100,0"
19839859,..
29159460,..
43601850,"100,0"
74322969,..
31057219,..
34381901,"100,0"
96414537,..
99394620,"100,0"
76448076,"100,0"
92818240,"100,0"
84329061,..
71969230,..
91048178,..
65265211,..
22811839,"100,0"
61622991,"100,0"
61175914,..
91905819,..
54882637,"100,0"
53923398,..
69865450,..
20173336,"100,0"
49872493,..
39147056,"94,1"
11953769,..
85788659,..
59521477,..
54467211,"100,0"
82251333,"100,0"
90240730,"94,1"
34002355,..
96920524,"100,0"
96152872,"92,3"
92009807,..
10342448,"86,1"
90685868,"100,0"
17648596,"98,2"
39341381,..
29209307,..
90290154,..
92816527,"100,0"
24538846,..
67422309,"100,0"
34421265,"100,0"
82160887,"100,0"
33249781,"100,0"
18691102,..
24349146,"94,7"
83605345,..
47692481,..
85188855,..
85473846,"100,0"
32239920,"100,0"
56187883,"85,7"
52690153,..
74776778,"100,0"
71262305,"100,0"
84947634,"100,0"
48009865,"100,0"
89982804,..
97968599,"100,0"
91748148,"100,0"
42218661,..
74434644,"100,0"
42022406,..
34076477,"100,0"
54896448,"100,0"
97758137,"100,0"
26334561,"100,0"
40386043,"100,0"
20699742,"100,0"
82814120,"100,0"
45164827,"100,0"
10924758,"100,0"
34153869,"100,0"
17846181,..
75082798,"96,2"
23555409,"100,0"
27030026,"100,0"
15077883,"100,0"
48434184,"100,0"
58724424,..
39911065,"100,0"
56737496,"100,0"
55155562,"100,0"
31533003,"100,0"
19981611,"100,0"
25679488,"100,0"
35063170,"100,0"
31279294,..
36782335,"100,0"
67279303,..
21648755,"100,0"
11111710,..
49616977,"100,0"
84835666,"100,0"
20319353,"100,0"
85068812,..
78397312,"100,0"
36444853,"100,0"
89837629,..
12994441,"100,0"
88774402,"100,0"
75141151,"100,0"
61701709,"100,0"
38684438,"100,0"
39549479,"98,8"
73147554,"100,0"
69983740,"100,0"
12052268,"100,0"
71597051,"100,0"
40690520,"100,0"
35006050,"100,0"
10638939,..
34336190,"100,0"
88834120,"100,0"
53640774,"100,0"
72127035,"100,0"
71922787,"100,0"
92507006,"100,0"
20100577,"100,0"
79606767,"97,7"
11294673,..
86327236,"100,0"
66335258,..
54172830,"100,0"
56330385,"100,0"
44392995,"100,0"
60730660,"100,0"
82592568,"100,0"
86385479,"100,0"
49862313,"95,8"
42859669,"100,0"
99592025,"100,0"
34247736,"100,0"
76877530,..
38167912,"100,0"
43826783,..
58125096,"98,1"
17173461,..
30468157,"100,0"
23681822,"100,0"
92858957,"98,3"
82084961,"100,0"
73829818,"100,0"
18881773,..
12279302,"100,0"
64205087,"100,0"
18091973,"100,0"
88466776,"100,0"
54606928,"100,0"
19741742,"100,0"
45830583,"100,0"
30530571,"100,0"
78839208,"100,0"
30458073,..
27115998,"100,0"
79516949,..
87207941,"100,0"
11673760,"100,0"
38400227,"100,0"
81619482,"100,0"
39149668,"100,0"
67554405,"100,0"
73944169,"100,0"
78872213,"100,0"
64569393,"100,0"
48217580,"100,0"
57397381,"98,9"
72022487,"100,0"
71512894,"100,0"
28248021,"100,0"
44417214,"100,0"
74408578,"100,0"
71043974,"100,0"
61161774,"100,0"
75914181,..
24544503,"100,0"
69240218,"100,0"
12934438,"100,0"
43313366,"100,0"
37550979,"100,0"
60214465,"96,2"
23306658,"100,0"
11102578,"100,0"
10129345,"100,0"
94090461,"100,0"
26324896,"100,0"
56639389,"100,0"
53896162,"100,0"
17779637,"100,0"
71929526,"100,0"
60873719,"100,0"
68748767,..
23548714,"100,0"
48593439,"100,0"
91773491,..
30361243,"100,0"
25596917,"100,0"
31155312,..
84424083,"100,0"
10481541,"100,0"
68381790,..
13006857,"100,0"
16956086,"100,0"
58187973,"100,0"
31870541,"100,0"
44672598,"100,0"
31822012,"100,0"
62855448,"96,6"
91812793,"100,0"
58907711,"100,0"
68285560,"100,0"
69471748,"97,1"
99976753,"100,0"
75575321,"100,0"
57690933,"100,0"
12130801,"100,0"
95785055,"100,0"
68741484,"100,0"
37054246,"100,0"
31179045,"100,0"
59655752,"100,0"
41555549,"100,0"
85459854,"100,0"
67071618,"100,0"
28025244,"100,0"
40338843,"100,0"
14292382,..
87859089,"100,0"
98908403,"100,0"
83272868,"100,0"
45552626,"100,0"
92332557,"100,0"
78690637,"100,0"
77544055,"100,0"
76903284,"100,0"
49141105,"100,0"
26646080,"100,0"
79346084,"100,0"
14448619,"100,0"
43565270,"100,0"
85152591,"100,0"
40600798,"99,2"
48120273,"100,0"
94167577,"100,0"
53903798,"100,0"
97770837,"100,0"
70811222,..
17911161,"98,6"
35084976,"100,0"
77632411,"100,0"
59898194,"100,0"
38195284,"100,0"
97510495,"100,0"
89461767,"100,0"
94717858,"100,0"
75075402,"100,0"
26326048,"97,8"
37839488,"98,2"
73812226,"100,0"
15278518,"100,0"
85516596,"100,0"
16784385,"100,0"
24339566,"100,0"
65458415,..
52333875,"100,0"
24759907,"96,0"
31315191,"100,0"
48555205,"100,0"
32116280,"100,0"
64388538,..
52153758,"100,0"
99755443,"100,0"
30167976,"100,0"
32071849,"100,0"
79845033,..
41099519,"100,0"
59386837,..
21382451,"100,0"
55825382,"100,0"
59942080,"100,0"
37912396,..
45593337,"100,0"
19839859,..
30615080,"98,1"
86351879,"100,0"
90260899,"100,0"
31057219,..
27079521,"100,0"
64579522,..
34381901,"100,0"
55150847,"100,0"
53069733,..
14853321,"100,0"
86488203,"100,0"
25156286,..
28081446,"100,0"
92818240,"97,7"
12399380,..
31486865,"100,0"
97265732,"100,0"
61720981,"100,0"
50424828,..
95024660,"100,0"
32263814,"100,0"
33657492,"100,0"
79309485,"100,0"
77713695,"100,0"
23544320,"100,0"
69040241,..
20855811,"100,0"
53923398,"95,8"
74560191,..
47844862,"100,0"
72984079,"100,0"
61674097,"100,0"
93488613,"100,0"
59599256,"100,0"
90509211,"100,0"
50393060,"100,0"
85788659,..
59521477,"100,0"
54599691,"100,0"
31975673,"100,0"
27106031,"100,0"
46148350,..
49868916,"100,0"
74919147,"100,0"
78389879,"100,0"
44412461,"100,0"
96920524,"100,0"
70803636,"100,0"
23797825,"100,0"
10433896,"100,0"
49170638,"100,0"
25379974,..
18042101,"100,0"
70955448,"100,0"
92805465,"100,0"
61176909,"100,0"
21778322,"100,0"
31380193,..
62612992,"100,0"
16848652,"100,0"
15149235,"100,0"
24538846,"100,0"
67058407,"100,0"
98696836,"100,0"
49739986,"100,0"
92192566,"100,0"
65421426,"99,2"
72071234,"100,0"
65833454,..
28045567,"100,0"
38880984,"100,0"
18686599,"92,9"
47559319,"100,0"
20752831,"100,0"
51023367,..
52690153,..
93221031,..
18345915,"100,0"
71262305,..
97870412,"100,0"
82840198,"100,0"
41416934,..
21866405,"90,9"
42022406,"100,0"
25624692,..
64284020,"95,3"
40386043,"100,0"
26864271,..
75082798,"100,0"
23555409,"100,0"
30341162,..
72266906,"95,2"
15077883,..
48434184,"100,0"
56421429,"100,0"
56737496,..
24008049,"100,0"
36680097,..
59734510,..
19586169,..
95683850,"100,0"
89888648,"100,0"
36782335,"100,0"
37906565,"100,0"
90551279,"100,0"
69686851,"92,0"
90267145,..
85068812,..
16819383,"95,0"
79094701,"100,0"
11274830,"100,0"
35006050,"100,0"
88556189,..
97177328,"100,0"
72127035,..
22752398,"100,0"
71922787,..
81993306,"100,0"
16313848,"97,1"
11294673,..
28398531,..
79033948,"100,0"
69241230,..
80327946,"100,0"
86385479,"100,0"
99838438,"100,0"
42859669,"100,0"
92905347,..
99592025,"100,0"
30329172,"100,0"
47046103,..
19560192,..
98053087,"92,3"
46660042,"100,0"
44113417,"100,0"
39555838,..
82084961,"100,0"
46162400,"100,0"
12448823,..
18091973,..
40634612,"100,0"
69629086,"100,0"
31657916,..
42573391,..
29032715,"100,0"
19909435,"100,0"
85800840,"100,0"
27115998,"100,0"
41867682,"100,0"
39583059,"96,7"
38645259,..
63791419,"100,0"
46145886,"100,0"
84247499,"100,0"
48722826,"100,0"
53691739,"100,0"
60209222,"100,0"
78872213,"100,0"
51620045,"97,2"
56947954,"100,0"
72022487,"100,0"
70969556,..
28248021,..
74408578,"100,0"
86724994,"100,0"
39302565,"100,0"
74316305,"100,0"
72109637,..
97868185,..
77823650,"95,8"
76195214,..
70137084,"100,0"
69306209,"100,0"
80931789,"100,0"
90473340,..
26167236,..
63035915,"100,0"
12613085,"100,0"
66824652,"100,0"
32042066,"100,0"
92814975,"100,0"
69063711,..
77609073,..
68748767,..
52129378,"100,0"
61823258,..
68006362,"100,0"
86762103,..
68381790,..
13006857,"100,0"
16956086,"100,0"
58187973,..
88894245,..
67752682,"100,0"
44672598,"100,0"
22220001,"100,0"
16702464,..
36252055,"100,0"
72891848,"100,0"
32887559,"100,0"
43284031,"100,0"
13963517,..
26267406,..
31255918,"100,0"
51736304,..
53180719,"100,0"
27489137,"100,0"
37054246,"95,2"
62216381,"100,0"
88750078,"100,0"
22383788,"100,0"
81876614,..
75324351,..
61229217,"100,0"
41697930,"100,0"
17184072,..
77440824,"100,0"
14292382,"100,0"
87859089,..
16493131,"100,0"
24982097,..
68597767,..
30706655,"100,0"
38048202,"100,0"
87303004,..
97835550,..
26671095,"100,0"
42911621,"100,0"
15870428,"95,0"
26750052,"100,0"
81997762,"100,0"
79346084,"100,0"
14448619,"100,0"
94167577,"93,8"
21312503,"100,0"
33132452,"100,0"
15390992,"100,0"
38236800,"100,0"
95154882,..
65666808,"89,1"
93367005,"97,3"
16501673,..
79845033,"100,0"
41099519,..
59386837,..
17276047,"95,0"
48244956,"100,0"
70132092,"89,3"
27993549,"100,0"
90312942,"95,7"
37517404,..
29159460,"100,0"
43601850,"100,0"
86351879,"100,0"
74322969,..
90260899,..
31057219,"94,4"
27079521,"93,3"
96414537,..
95368476,..
76448076,"100,0"
91048178,"96,2"
76942525,..
61720981,"100,0"
82931004,"100,0"
33205596,"100,0"
60727136,..
33657492,"100,0"
93659517,"98,2"
57668673,"100,0"
91905819,..
54882637,..
36480690,..
52048443,"100,0"
69865450,..
37316242,"100,0"
50393060,..
59521477,"100,0"
54467211,"100,0"
59463950,"100,0"
63931325,"100,0"
75374280,..
50133877,"100,0"
34002355,..
18217765,..
96152872,"100,0"
10433896,"100,0"
43154449,"100,0"
96194948,..
68824244,"100,0"
90685868,"100,0"
39341381,..
28391147,"100,0"
31380193,..
90290154,..
92816527,"100,0"
94975733,"100,0"
77379848,..
13981977,..
67422309,..
82160887,..
23175129,"100,0"
29225010,"94,7"
24349146,"100,0"
85188855,..
39528347,"100,0"
32239920,"100,0"
80785976,"100,0"
21532545,..
56187883,"100,0"
51023367,"100,0"
52690153,..
61004230,"100,0"
23517336,"100,0"
48009865,..
82840198,..
19464342,..
43609520,"100,0"
42218661,"100,0"
42022406,"100,0"
56679384,"98,7"
69018222,"97,9"
64284020,..
97758137,"100,0"
40386043,"98,3"
33685428,"100,0"
34153869,..
75082798,"100,0"
23555409,"100,0"
30341162,"100,0"
19912478,"97,8"
58724424,..
95684185,"100,0"
93939982,..
55155562,..
24008049,"100,0"
54481243,"100,0"
36680097,..
25677996,"100,0"
31279294,"90,9"
36782335,"100,0"
21648755,"100,0"
69686851,..
54965510,"100,0"
25872338,..
10974852,..
85068812,.
78397312,"100,0"
36444853,"100,0"
61469192,"100,0"
79094701,"100,0"
71597051,"100,0"
53231578,"100,0"
91011325,"100,0"
97382366,"100,0"
10638939,..
69739484,"98,6"
92887917,"100,0"
68734112,..
44653962,..
47264019,"100,0"
20099064,"100,0"
16313848,"100,0"
79033948,"100,0"
68240485,"100,0"
95046058,"100,0"
44392995,"100,0"
99838438,"92,3"
30329172,"100,0"
76877530,..
38167912,..
77839100,..
55535552,..
92533079,"100,0"
92858957,"100,0"
82084961,..
50908408,"100,0"
18594470,"100,0"
72232853,"100,0"
18091973,..
36539945,..
40634612,"100,0"
66132676,"100,0"
64574972,"100,0"
48931433,..
85800840,"100,0"
68920727,"100,0"
27115998,..
79516949,"100,0"
96684210,"100,0"
23836342,"92,6"
81619482,"100,0"
39149668,..
48722826,..
73063662,"100,0"
43251309,"100,0"
67554405,..
94455820,..
78872213,"100,0"
56021320,"100,0"
64569393,..
86888278,..
57397381,"100,0"
44417214,..
49488344,"100,0"
57777751,..
38732602,"100,0"
86158933,"100,0"
75914181,"100,0"
84476205,"100,0"
24544503,"96,2"
86787111,"97,6"
97868185,"100,0"
70137084,..
23306658,..
11102578,"100,0"
94468610,"100,0"
90473340,"100,0"
64648904,"100,0"
75939593,"100,0"
51449748,"100,0"
28267726,"100,0"
71929526,"100,0"
71472793,"100,0"
69063711,"100,0"
35894996,..
65722876,"100,0"
49231191,"100,0"
13006857,"100,0"
16956086,..
88894245,..
44672598,..
99356671,..
29449669,"100,0"
91812793,"100,0"
14355031,"100,0"
46611859,"98,9"
65150019,"100,0"
47537928,"100,0"
44285075,"100,0"
68741484,..
72421673,..
15763669,..
18711877,"100,0"
61229217,..
70376604,"100,0"
40338843,..
16493131,"100,0"
83272868,"100,0"
16748680,"100,0"
92332557,"97,3"
78690637,"100,0"
90990441,..
49112879,"100,0"
43623146,..
18974693,"100,0"
28967085,..
33233228,..
94167577,"100,0"
27023528,"100,0"
97770837,..
29423248,"100,0"
33132452,..
17911161,..
35084976,..
77632411,"100,0"
53760158,"100,0"
78422467,"100,0"
75075402,"100,0"
46256929,"100,0"
83374651,"100,0"
30762346,..
15390992,"100,0"
85516596,..
95154882,..
24663703,..
28519815,"98,8"
65666808,..
24759907,"98,1"
35366805,"100,0"
89370947,"100,0"
64388538,"100,0"
17276047,..
48244956,"100,0"
43873969,"100,0"
19306558,"100,0"
45593337,..
25178582,"100,0"
70543431,"100,0"
56041144,"100,0"
90260899,..
33572033,"100,0"
95368476,"100,0"
76448076,"100,0"
28081446,"100,0"
21400668,"100,0"
92949043,"100,0"
31486865,"100,0"
97265732,"100,0"
50424828,"92,9"
11533776,"100,0"
99622695,..
51131594,"100,0"
89680395,"100,0"
53696633,"100,0"
27440210,"100,0"
62758285,"100,0"
57668673,..
63993414,..
49136871,..
53923398,"100,0"
74560191,..
36480690,"100,0"
24787883,..
52048443,"100,0"
43277545,"98,2"
66095163,"100,0"
54004368,"100,0"
31975673,..
99864908,..
49868916,"100,0"
44412461,"100,0"
49576295,..
45293715,"100,0"
77712952,..
10433896,"100,0"
43154449,"100,0"
46379730,"100,0"
46986216,"97,9"
16720048,"100,0"
31380193,..
85485803,"100,0"
88429477,..
98696836,"100,0"
49739986,"100,0"
29225010,"100,0"
56886667,"100,0"
62394916,..
67908927,"100,0"
18072172,..
11341077,"100,0"
77797484,"100,0"
80785976,"100,0"
21532545,"100,0"
51023367,..
43649848,"100,0"
74316305,"94,7"
84098842,"100,0"
17062663,"100,0"
71069359,"100,0"
48304166,"100,0"
92009807,"100,0"
93221031,"90,9"
17474377,"100,0"
55795961,..
84947634,"100,0"
68564903,"100,0"
18208087,"100,0"
41416934,"100,0"
21866405,"96,4"
25624692,..
25356960,"100,0"
98132436,..
40386043,"100,0"
44240250,"79,2"
75082798,"83,3"
91333138,"100,0"
12154972,"89,3"
15077883,..
48434184,..
19647256,..
93939982,..
55155562,"85,7"
24008049,"95,0"
59734510,..
19586169,..
24273261,..
89888648,..
90003262,"100,0"
36782335,"100,0"
67279303,"92,0"
21648755,"95,5"
90267145,..
61880907,"100,0"
88556189,"90,9"
72127035,..
70969714,"100,0"
31843016,"91,7"
29097621,"100,0"
16313848,"100,0"
86327236,..
86310217,"100,0"
69241230,..
80327946,"100,0"
70923626,..
92905347,..
30329172,"100,0"
47046103,"100,0"
17173461,..
19560192,..
98053087,..
46660042,"92,3"
38917647,..
98369689,"91,1"
17849518,..
40667807,..
69629086,"92,3"
31657916,..
46241804,"100,0"
29032715,"100,0"
19909435,..
85800840,"100,0"
39583059,"92,9"
38645259,..
39805497,"88,2"
83829189,"100,0"
84247499,"100,0"
97064126,.
48722826,"100,0"
71571158,"91,3"
73567152,"95,5"
84286698,"100,0"
23350817,..
87262566,"93,1"
56947954,"100,0"
72022487,"100,0"
70969556,..
86724994,"94,4"
39302565,"100,0"
61432781,"91,7"
14057258,..
81551726,..
52634142,"100,0"
76195214,..
70137084,"88,9"
92651253,..
26167236,..
28848709,"100,0"
49168016,"100,0"
28770304,"97,3"
17119840,"100,0"
61823258,..
86762103,..
76007769,"100,0"
88894245,..
47884009,..
75340089,..
36670439,"100,0"
72891848,..
83805032,"79,3"
31255918,"95,5"
35035671,"100,0"
53180719,..
17062663,"97,5"
88750078,"100,0"
85459854,"100,0"
61229217,..
93503103,"100,0"
14292382,..
87859089,..
16493131,"100,0"
48304166,"100,0"
27964873,"100,0"
30706655,..
78690637,..
24653673,"93,8"
87303004,"100,0"
97835550,..
22446331,"100,0"
40575001,"95,8"
76903284,"89,3"
81997762,..
42060237,..
89816391,"92,3"
38236800,..
85054102,"95,2"
87274273,"100,0"
16501673,..
26298615,"100,0"
50104466,..
59386837,"100,0"
73217812,..
16931486,..
13084253,"96,2"
82888663,"90,9"
11275959,"94,3"
27993549,"83,3"
90312942,"100,0"
19839859,..
29159460,..
43601850,..
14586562,..
74322969,"100,0"
90260899,"100,0"
31057219,"95,7"
27079521,..
34381901,"100,0"
95368476,..
84329061,..
71969230,..
91048178,..
10373112,..
65265211,..
19930101,"100,0"
33657492,..
53923398,"85,7"
69865450,..
37316242,..
20173336,..
49872493,..
39147056,"94,4"
85788659,"100,0"
95340745,..
59521477,"100,0"
54467211,"100,0"
82251333,..
63931325,"100,0"
75374280,"90,9"
46148350,..
50133877,"100,0"
90240730,"90,7"
84908877,..
34002355,"100,0"
18217765,..
92009807,"98,1"
90685868,..
56084099,"100,0"
39341381,..
29209307,"100,0"
92816527,"84,6"
15149235,..
77379848,..
34421265,"100,0"
18691102,..
70302356,"100,0"
24349146,"100,0"
83605345,..
47692481,..
85188855,..
85473846,"100,0"
98781765,"96,8"
56187883,..
51023367,..
52690153,..
93221031,..
61004230,"100,0"
71262305,..
68564903,"100,0"
89982804,"100,0"
74434644,"92,3"
18425335,"92,3"
23424275,..
34153869,..
75082798,"80,0"
27030026,"100,0"
15077883,..
39911065,..
56737496,"100,0"
87756916,"100,0"
19586169,..
24273261,..
59455288,"84,6"
25679488,"100,0"
35063170,..
36782335,"100,0"
37906565,..
21648755,"78,3"
49616977,"92,3"
72998905,..
69481650,"95,5"
12994441,..
30086854,"100,0"
38684438,"100,0"
73147554,"100,0"
35006050,"94,4"
10638939,..
71922787,..
44341171,"100,0"
32671805,..
79606767,"100,0"
11294673,..
86327236,..
28398531,"100,0"
54172830,..
56330385,"94,4"
42859669,"100,0"
92905347,..
47550455,"90,5"
17173461,..
98053087,"96,3"
92858957,"100,0"
44113417,"100,0"
18881773,..
94570025,"100,0"
54606928,"81,3"
42573391,..
97270136,..
30530571,..
40829056,..
38645259,..
87207941,..
11673760,"100,0"
38400227,"100,0"
27041885,..
97064126,..
67554405,"100,0"
86473502,..
98239050,"100,0"
94455820,..
78872213,"100,0"
23350817,..
87262566,..
41844601,"100,0"
23457902,..
57397381,"100,0"
72022487,..
28248021,..
44417214,"100,0"
49488344,"100,0"
14102256,"100,0"
43313366,"100,0"
37550979,..
76195214,"100,0"
60214465,"100,0"
11102578,"100,0"
84098842,"93,8"
63035915,"95,8"
26324896,"100,0"
50821167,..
77609073,"93,3"
68748767,..
25596917,"100,0"
20984584,..
25648215,..
11608031,..
86762103,..
68381790,"100,0"
16956086,..
22220001,..
15100079,..
16702464,..
72891848,..
69471748,"93,8"
99976753,..
14278480,"82,4"
51955293,"100,0"
12130801,..
53180719,..
68741484,"100,0"
41555549,..
75324351,..
28025244,"100,0"
40338843,..
16493131,"100,0"
48304166,"100,0"
24982097,..
68597767,..
30706655,..
78690637,"100,0"
87303004,..
14504503,..
77544055,"96,4"
76903284,..
15870428,"93,3"
81997762,..
42060237,..
14448619,..
27023528,"100,0"
33132452,..
56942970,..
97510495,"100,0"
15278518,"97,8"
38236800,..
24759907,"76,5"
16501673,"92,9"
79845033,..
41099519,"100,0"
59386837,..
55825382,..
59942080,..
90312942,..
14586562,..
27079521,..
34381901,..
96414537,..
14853321,"100,0"
86488203,"100,0"
92818240,"89,3"
71969230,..
76942525,..
50424828,"100,0"
12075195,"100,0"
65265211,..
33657492,"81,8"
61175914,..
57668673,..
69040241,"100,0"
53923398,"95,5"
47844862,"100,0"
69865450,"85,7"
90509211,"97,0"
37316242,..
50393060,..
85788659,..
54599691,"100,0"
27106031,"100,0"
63931325,..
57391913,"100,0"
46148350,..
96920524,..
70803636,"100,0"
23797825,"76,2"
90685868,"100,0"
80711021,"95,8"
39341381,..
31380193,..
25847233,"93,8"
16848652,..
36886750,"100,0"
67058407,"100,0"
98696836,"95,2"
64648566,"100,0"
83605345,..
15933512,"100,0"
47692481,"100,0"
85188855,..
85473846,"100,0"
53279140,"100,0"
51023367,..
52690153,..
17474377,..
18425335,"97,8"
19150273,"100,0"
64284020,..
23555409,..
73255276,..
58724424,..
31429031,..
87756916,"100,0"
59734510,..
19586169,..
31279294,..
11111710,"100,0"
90551279,"100,0"
69686851,"86,7"
59396229,"100,0"
85068812,..
36444853,"96,6"
65752105,..
10638939,..
88556189,..
44653962,"100,0"
87764775,"90,9"
66335258,"100,0"
44392995,"96,2"
80327946,..
42859669,"90,9"
92905347,..
19560192,..
56529916,"100,0"
12279302,"100,0"
17849518,..
77688926,"100,0"
37358234,"100,0"
42573391,..
97270136,..
30530571,..
96024712,"100,0"
40829056,..
39583059,"97,4"
46145886,..
48722826,..
97596286,"100,0"
67554405,"100,0"
86473502,..
64569393,"100,0"
87262566,..
23457902,..
44417214,..
86158933,"100,0"
36072799,"96,2"
81551726,..
76195214,..
23306658,..
17944628,"100,0"
26167236,"100,0"
64648904,"100,0"
53896162,"100,0"
11185244,"82,6"
69063711,..
35894996,"100,0"
68748767,"100,0"
20984584,..
31155312,"100,0"
61823258,"100,0"
79994304,..
11608031,..
67752682,"100,0"
91812793,"100,0"
14355031,"100,0"
72891848,..
25745773,..
14278480,"100,0"
28023078,"96,9"
13963517,..
51736304,..
53180719,"100,0"
72421673,"100,0"
41878314,..
18711877,..
90990441,..
42911621,"100,0"
26508763,"100,0"
14504503,..
81997762,..
34222422,..
84230226,..
94167577,..
33132452,..
63943560,"100,0"
85516596,"100,0"
38236800,..
59026584,"100,0"
65666808,"100,0"
80357110,"95,7"
16501673,..
73217812,"100,0"
36769815,"100,0"
65034473,..
29159460,..
14586562,..
95368476,..
86488203,..
25156286,"100,0"
71969230,..
91048178,..
76942525,..
50424828,..
60727136,..
45132264,"100,0"
73316818,"100,0"
91905819,"100,0"
36480690,"100,0"
24787883,"100,0"
69865450,..
31112935,"90,9"
49872493,..
92442684,..
82251333,..
84908877,..
24277564,..
96152872,..
44738639,"100,0"
96194948,"95,5"
25955541,"100,0"
90685868,..
80711021,"100,0"
31380193,..
90290154,..
92816527,"94,1"
98696836,..
64648566,..
18691102,..
15933512,"100,0"
47692481,..
85188855,..
85473846,"100,0"
53279140,..
80785976,..
56187883,"88,9"
71262305,..
19464342,..
23424275,"100,0"
88573795,..
73255276,"100,0"
58724424,..
31429031,"100,0"
25679488,..
36782335,..
21648755,"100,0"
69481650,"100,0"
95165649,"97,2"
12994441,..
10638939,..
44341171,"100,0"
32671805,..
28398531,"100,0"
80327946,"100,0"
70923626,..
47550455,"90,0"
38167912,..
80686587,"100,0"
62439199,"100,0"
19741742,"100,0"
30530571,..
11673760,"100,0"
38400227,"100,0"
83829189,..
97064126,..
62104139,"100,0"
41844601,"100,0"
70969556,..
44417214,..
14102256,"100,0"
54839753,..
26167236,"100,0"
63035915,"100,0"
77609073,"87,5"
68748767,"100,0"
20984584,..
11608031,..
68381790,"100,0"
75340089,..
91812793,"100,0"
72891848,..
22426680,"92,3"
53180719,..
60424371,"100,0"
41555549,..
78690637,"100,0"
87303004,..
26508763,"100,0"
76903284,"100,0"
81997762,"100,0"
14448619,..
27023528,"96,7"
38236800,..
30677562,"98,1"
55825382,..
92949043,"100,0"
84329061,..
91048178,..
76942525,..
16496466,..
69865450,..
37316242,"100,0"
28646435,"100,0"
92442684,"100,0"
84908877,..
14799321,..
56041699,..
80711021,"100,0"
15149235,..
15791044,..
15933512,"95,0"
47692481,..
85188855,..
53279140,"100,0"
68229719,..
65192707,"100,0"
30538202,"100,0"
40386043,"100,0"
34153869,..
51138448,..
25720752,"100,0"
31533003,"100,0"
36782335,..
54965510,"100,0"
69983740,..
70066748,"100,0"
68734112,..
53462953,..
30468157,..
96684210,"100,0"
40766349,..
31199511,..
11102578,..
17944628,"100,0"
75939593,"96,0"
56639389,"100,0"
69063711,..
65722876,"100,0"
31822012,"100,0"
58544422,"100,0"
12130801,..
78690637,"100,0"
30279258,"100,0"
26996566,..
94167577,..
41938272,"100,0"
49068301,..
88839172,"100,0"
88955893,"100,0"
42775003,"100,0"
32071849,..
90076461,"100,0"
31486865,..
63993414,..
32995170,"100,0"
32550660,"100,0"
49868916,..
74919147,..
36355200,..
88025221,"100,0"
46986216,"100,0"
65392939,..
56886667,"100,0"
77797484,"100,0"
47559319,..
93221031,..
71262305,..
97870412,"100,0"
18208087,..
83474173,..
88445871,..
64284020,"100,0"
98132436,..
88259298,..
17846181,..
16950252,"100,0"
48434184,..
56421429,..
17008320,..
56737496,..
55155562,..
95683850,"100,0"
35063170,.
67279303,"100,0"
90267145,..
16819383,"86,7"
53660780,"100,0"
51321260,"100,0"
58502307,"100,0"
70969714,..
81993306,"100,0"
16313848,..
54172830,..
86385479,..
92905347,..
47550455,"100,0"
20620556,..
17173461,..
46660042,..
46162400,"100,0"
18091973,..
19909435,"100,0"
30530571,..
38645259,..
39805497,..
83829189,"100,0"
48722826,..
60209222,"100,0"
84286698,..
87262566,..
56947954,"100,0"
72022487,..
74316305,..
72109637,..
81551726,..
82002016,..
23306658,"100,0"
69306209,"100,0"
12954099,..
26167236,..
66824652,..
49168016,..
92814975,..
25648215,..
13006857,..
16956086,..
47884009,..
55421481,..
16702464,..
32887559,"100,0"
15609112,..
39199869,..
88750078,..
41555549,..
81876614,..
67071618,..
75324351,..
58929357,"100,0"
93503103,"100,0"
17184072,..
77440824,..
16493131,"100,0"
41119610,"100,0"
97835550,..
42911621,"91,7"
75027822,"100,0"
21850904,"100,0"
12546590,"90,5"
18451445,..
59386837,..
16931486,..
70132092,..
66273269,"92,9"
37912396,..
90312942,..
19839859,..
67628478,..
86351879,"91,7"
69302313,..
31057219,..
64579522,..
34381901,"100,0"
96414537,..
95368476,..
31537066,..
84329061,"100,0"
65265211,..
71938440,"92,9"
33657492,..
27859889,"100,0"
69865450,..
49872493,..
95340745,..
59521477,..
54467211,"100,0"
59463950,"100,0"
75374280,..
46148350,..
60919765,..
96152872,"90,9"
68824244,..
56084099,..
39341381,..
94975733,..
56802300,..
77379848,..
13981977,..
34421265,..
23175129,..
18691102,..
47692481,..
20768651,..
98781765,..
95069937,"100,0"
42218661,.
16554575,.
19912478,.
30086854,.
26627862,.
98052678,.
61826221,.
54395430,.
80686587,.
46574937,.
98239050,.
56021320,.
31199511,.
56639389,.
78986228,.
30361243,.
50906954,.
65674821,.
26671095,.
25525759,.
77632411,.
89693952,.
30615080,.
32550660,.
77712952,.
92805465,.
65421426,.
82814120,"94,4"
13006857,..
21567982,..
49379603,..
80167319,..
88534520,"100,0"
82814120,"100,0"
39936461,"100,0"
59734510,..
59455288,..
82163292,"100,0"
88163512,"90,9"
31279294,..
36782335,"86,7"
69686851,"97,0"
95165649,"100,0"
35236491,"98,4"
50696507,"100,0"
38448056,"93,3"
83085136,"100,0"
85544331,"100,0"
19560192,..
21363125,..
78659008,"97,2"
18091973,"100,0"
88624631,"87,0"
35390185,..
40829056,..
65662401,"100,0"
75344502,"95,0"
32580162,"100,0"
61547652,"97,9"
62490359,"92,3"
64725297,"100,0"
43362941,"100,0"
23457902,..
27597104,"100,0"
77823650,"100,0"
52634142,"98,5"
32705515,"97,4"
23306658,"97,1"
26167236,..
11185244,"100,0"
56211717,"100,0"
32042066,..
92814975,"100,0"
20984584,..
61823258,..
39178171,"100,0"
25745773,"100,0"
43284031,"92,3"
26267406,..
53180719,..
56267421,"100,0"
34990065,"96,4"
32003298,"100,0"
42517257,"93,8"
86896907,"93,5"
14292382,"97,7"
54764253,"100,0"
97104132,"100,0"
46332927,"97,3"
86319615,"93,8"
22446331,..
76903284,..
34222422,..
98815582,"96,0"
59026584,"100,0"
52333875,"97,7"
92489953,"100,0"
82888663,"69,2"
11275959,"100,0"
50615280,"100,0"
19035583,"100,0"
80280597,..
89630851,..
14586562,..
65234368,"100,0"
76942525,..
25698509,"94,7"
16496466,..
65265211,..
61175914,..
63451147,"100,0"
31112935,"89,5"
20173336,"92,3"
38544187,"89,4"
23517683,"100,0"
88956420,..
14677676,"81,8"
98032567,..
25955541,"100,0"
24501884,"95,3"
25847233,"100,0"
34421265,"100,0"
33249781,"85,7"
64693272,..
61004230,"100,0"
71262305,"100,0"
55795961,..
84947634,..
48009865,"100,0"
18208087,"100,0"
19464342,..
60743463,..
32960825,"100,0"
91748148,"100,0"
42022406,..
65192707,"100,0"
43634528,"98,5"
53400472,"85,7"
97758137,"90,5"
26334561,"100,0"
40386043,"100,0"
59483268,"100,0"
21663998,"100,0"
20595770,"100,0"
45164827,"100,0"
34153869,"100,0"
17846181,..
75082798,"100,0"
34637764,"100,0"
48434184,"100,0"
95684185,"100,0"
17008320,"100,0"
25720752,"100,0"
55155562,"100,0"
23164911,"100,0"
19981611,..
19586169,"100,0"
24273261,..
59455288,..
25677996,"100,0"
35063170,"100,0"
31279294,..
36782335,"100,0"
23897040,..
20666515,"100,0"
54965510,"100,0"
84835666,"100,0"
64740897,..
78979604,..
85068812,..
78397312,"100,0"
89837629,"96,9"
12994441,"100,0"
88774402,"100,0"
75141151,"100,0"
84306392,"99,4"
26627862,"100,0"
72517762,"100,0"
38684438,"100,0"
35647481,"100,0"
69983740,"100,0"
66491596,"100,0"
12052268,"100,0"
71597051,"100,0"
40690520,"100,0"
21505555,"100,0"
70066748,"100,0"
19207279,"100,0"
53640774,"100,0"
72127035,"100,0"
74148070,"100,0"
19051089,"100,0"
98052678,"97,9"
16313848,"100,0"
11294673,"100,0"
86327236,..
83137205,"100,0"
54172830,"100,0"
65136104,..
56330385,..
20228162,"100,0"
53462953,"100,0"
60730660,"100,0"
82592568,"100,0"
78875918,"100,0"
86385479,..
49862313,"100,0"
42859669,"100,0"
99592025,"100,0"
47550455,"100,0"
47046103,"100,0"
58125096,"100,0"
82914148,..
20620556,..
17173461,..
30468157,"100,0"
61528940,"100,0"
92858957,"100,0"
86296935,..
44113417,"100,0"
39555838,..
85214294,..
82084961,"100,0"
51210136,"100,0"
80686587,"100,0"
91984508,"100,0"
40667807,"100,0"
88466776,"100,0"
57942242,"97,4"
77688926,"100,0"
29032715,"100,0"
48931433,"100,0"
96024712,"100,0"
30458073,..
27115998,"100,0"
79516949,"100,0"
87207941,"100,0"
46574937,"100,0"
63791419,"100,0"
81619482,"100,0"
90006712,"100,0"
39149668,"100,0"
38233622,"100,0"
48722826,"100,0"
98239050,"100,0"
61547652,..
87034307,"100,0"
78872213,"100,0"
76860623,"100,0"
64160122,"100,0"
56947954,"100,0"
72022487,..
71512894,"100,0"
28248021,"100,0"
44417214,"100,0"
88776535,"100,0"
71043974,"100,0"
57777751,..
89807183,"100,0"
96818167,"100,0"
67300857,"100,0"
99279503,..
63653488,..
84476205,"100,0"
69240218,..
12934438,"100,0"
43313366,"100,0"
82002016,"100,0"
23306658,"100,0"
69306209,"91,7"
94090461,"100,0"
80931789,"100,0"
69807202,"100,0"
75939593,"100,0"
56639389,"100,0"
95700485,"100,0"
53896162,"100,0"
17779637,"100,0"
66824652,..
49168016,"100,0"
60873719,"100,0"
21938183,"100,0"
69063711,..
12926770,"100,0"
68748767,..
23548714,"100,0"
48593439,"100,0"
91773491,"97,4"
30361243,"100,0"
25596917,"100,0"
65722876,"100,0"
65381163,"100,0"
84424083,"100,0"
78231062,"100,0"
10481541,"100,0"
68381790,"100,0"
13006857,"100,0"
16956086,"100,0"
58187973,"100,0"
31870541,..
44672598,"100,0"
31822012,..
83161201,"100,0"
16702464,..
36252055,"100,0"
58907711,"100,0"
71541108,"100,0"
69471748,..
76485705,"100,0"
93239262,"100,0"
75575321,"100,0"
24194577,..
51955293,"100,0"
51736304,"100,0"
95785055,"100,0"
68655578,"100,0"
37054246,..
39199869,"100,0"
59655752,"100,0"
41555549,..
81876614,"100,0"
67071618,..
75324351,..
61229217,"100,0"
59575030,"100,0"
77440824,"100,0"
14292382,"100,0"
87859089,"100,0"
98908403,"100,0"
16493131,"100,0"
83272868,"100,0"
45552626,"100,0"
16748680,"100,0"
65674821,"100,0"
38048202,"100,0"
65320354,"100,0"
76903284,"100,0"
49141105,"100,0"
26996566,..
27704246,"99,4"
69747871,..
79346084,"100,0"
14448619,"100,0"
43565270,"100,0"
52791537,"100,0"
85819857,"100,0"
54117171,"100,0"
48120273,"100,0"
94167577,"100,0"
53903798,..
69650864,"100,0"
41938272,"100,0"
76054399,"100,0"
60142020,..
70811222,..
17911161,"97,6"
35084976,"100,0"
77632411,"100,0"
49068301,"100,0"
38195284,"100,0"
97510495,"100,0"
89461767,"100,0"
94717858,"100,0"
53760158,"100,0"
37802196,..
36288955,"100,0"
74812809,"100,0"
88839172,"100,0"
95618280,"100,0"
26326048,"100,0"
37839488,"100,0"
59796774,..
75600007,"100,0"
73812226,"100,0"
82964090,"100,0"
24339566,"100,0"
65458415,..
52333875,"100,0"
69543519,"100,0"
24759907,"96,0"
31315191,"100,0"
56670842,"100,0"
48555205,"100,0"
31313926,..
30312720,"100,0"
32116280,..
53175499,"100,0"
52153758,"100,0"
22116645,"100,0"
30167976,"100,0"
50104466,..
28004794,..
32071849,"100,0"
41099519,"100,0"
59386837,..
21382451,"100,0"
43873969,"100,0"
24993048,"100,0"
66273269,"100,0"
11275959,"100,0"
58518163,..
37912396,"100,0"
45593337,"100,0"
10226870,"100,0"
32057701,"100,0"
30615080,"100,0"
70543431,..
23476801,..
86351879,"100,0"
74322969,..
90260899,..
31057219,"100,0"
27079521,"100,0"
64579522,..
34381901,"100,0"
55150847,"100,0"
53069733,"100,0"
99394620,"100,0"
76448076,"100,0"
84329061,"100,0"
82718660,..
31486865,"100,0"
97265732,"100,0"
61720981,"100,0"
98651664,"100,0"
33657492,"100,0"
37078868,..
16130958,"100,0"
77713695,"100,0"
16218090,"100,0"
23544320,"100,0"
49136871,..
20855811,"100,0"
53923398,"100,0"
74560191,..
47844862,"100,0"
72984079,"100,0"
52048443,..
61674097,..
32550660,"100,0"
93488613,..
45600034,..
59599256,"100,0"
26957025,"100,0"
90509211,..
11953769,..
50393060,"100,0"
95340745,..
54004368,"100,0"
31975673,"100,0"
82251333,"100,0"
63931325,..
57391913,"100,0"
46148350,"100,0"
50133877,"100,0"
74919147,"100,0"
24277564,"100,0"
44412461,"100,0"
18217765,"100,0"
49576295,"100,0"
49170638,"100,0"
25379974,..
88025221,"99,3"
18042101,"100,0"
56041699,..
70955448,"100,0"
46707989,"100,0"
61176909,"100,0"
21778322,"100,0"
62612992,"100,0"
94975733,"100,0"
56802300,..
15149235,"100,0"
13981977,..
67058407,"100,0"
15791044,"100,0"
64908550,"100,0"
77358716,"100,0"
92192566,..
56886667,"100,0"
65421426,"100,0"
62394916,..
72071234,"100,0"
64693272,..
65833454,"100,0"
34988313,"100,0"
38880984,"100,0"
18686599,"100,0"
47559319,"100,0"
20752831,"93,8"
51023367,..
34739511,"100,0"
52690153,..
61004230,..
19464342,..
43609520,..
83474173,"100,0"
91487291,..
88445871,"96,9"
23424275,"97,1"
40386043,..
33685428,..
75082798,..
34637764,"94,1"
15077883,..
19647256,"92,9"
16361868,..
19586169,..
25679488,"100,0"
31279294,..
36782335,"100,0"
90551279,"94,7"
93062368,..
15414001,"100,0"
38311488,"100,0"
74148070,..
32671805,"97,0"
79606767,..
65136104,..
80327946,"95,2"
86385479,..
70923626,..
47550455,..
20620556,..
19560192,..
46660042,..
40810950,"100,0"
17849518,..
66132676,"96,2"
19741742,..
97270136,..
30530571,"100,0"
11673760,"90,0"
38400227,"100,0"
60209222,"100,0"
23350817,..
87262566,..
41844601,"100,0"
57397381,"100,0"
72022487,..
44417214,"100,0"
86158933,"83,3"
78287294,"100,0"
32705515,"100,0"
23306658,..
31740319,"100,0"
63035915,"96,2"
50821167,..
92814975,..
68748767,..
20984584,..
11608031,"100,0"
76007769,"100,0"
88894245,..
47884009,"100,0"
75340089,..
31796890,..
69471748,"95,2"
60424371,"100,0"
37054246,..
18711877,..
28025244,..
16493131,..
48304166,..
68597767,..
38048202,"100,0"
40575001,..
12496135,..
42060237,..
56653353,"100,0"
31998226,..
24397215,"100,0"
30677562,"100,0"
79845033,..
21627442,"100,0"
16931486,..
19306558,..
37912396,..
29159460,..
89630851,"100,0"
69302313,..
27079521,..
14853321,..
92949043,"100,0"
71969230,..
61720981,..
16496466,..
62300682,"100,0"
61175914,..
61197669,..
37316242,"95,5"
54599691,..
27106031,..
63931325,..
57391913,..
70803636,"100,0"
14799321,"96,0"
16720048,"100,0"
31380193,..
92816527,..
15149235,..
82160887,..
15933512,"96,8"
12198363,..
18072172,..
85188855,..
39528347,..
53279140,"100,0"
56187883,..
51023367,..
68229719,"98,1"
71262305,"100,0"
55795961,..
84947634,..
48009865,"100,0"
82840198,"100,0"
19464342,..
60743463,..
97968599,"100,0"
42218661,"100,0"
74434644,"100,0"
36263479,"100,0"
19150273,"100,0"
53400472,..
97758137,"92,3"
26334561,"100,0"
40386043,"97,9"
59483268,"100,0"
32879845,"100,0"
88573795,..
20595770,"100,0"
82814120,"100,0"
45164827,"100,0"
10924758,"100,0"
34153869,"100,0"
17846181,"100,0"
75082798,"100,0"
23555409,"100,0"
72266906,"100,0"
34637764,..
19912478,"100,0"
15077883,"100,0"
48434184,"100,0"
51138448,"100,0"
93939982,"100,0"
25720752,"100,0"
55155562,"100,0"
31533003,"100,0"
16361868,..
19981611,..
19586169,"100,0"
24273261,"100,0"
59455288,..
25679488,"100,0"
35063170,..
31279294,..
36782335,"100,0"
20666515,"100,0"
21648755,"97,6"
11111710,"100,0"
49616977,"100,0"
54965510,"100,0"
54164490,"100,0"
20319353,"97,7"
92194545,"100,0"
64740897,..
78979604,..
85068812,"100,0"
78397312,"100,0"
36444853,"100,0"
89837629,"100,0"
12994441,"100,0"
88774402,"100,0"
75141151,"94,3"
28627819,"100,0"
26627862,"100,0"
48847282,"100,0"
72517762,..
38684438,"98,0"
31251822,"100,0"
90099336,..
69983740,"100,0"
12052268,"97,9"
71597051,"100,0"
40690520,"100,0"
97382366,"100,0"
10638939,"91,3"
21052710,"100,0"
88834120,"100,0"
19207279,"100,0"
53640774,"100,0"
72127035,"100,0"
68734112,"100,0"
92507006,"100,0"
44653962,"100,0"
50198492,"100,0"
16313848,"99,3"
11294673,"100,0"
86327236,..
41745951,"100,0"
83137205,"100,0"
28398531,..
66335258,"100,0"
54172830,"100,0"
75458014,"100,0"
65136104,..
56330385,"100,0"
20228162,"100,0"
53462953,"98,9"
60730660,"100,0"
82592568,"100,0"
86385479,..
49862313,"100,0"
99838438,..
42859669,"97,4"
99592025,"100,0"
34247736,"100,0"
76877530,..
47046103,..
58125096,"100,0"
82914148,..
20620556,"100,0"
17173461,..
30468157,"100,0"
66861851,"100,0"
92858957,"98,7"
44113417,"100,0"
67783774,..
39555838,..
85214294,"100,0"
82084961,"100,0"
73829818,"100,0"
18881773,..
78295411,"100,0"
12279302,"100,0"
50500028,"100,0"
18091973,"100,0"
88466776,"100,0"
40634612,"100,0"
37358234,"100,0"
21008461,"100,0"
53893730,"100,0"
42573391,..
64574972,"100,0"
45830583,..
48931433,"100,0"
30530571,"100,0"
78839208,"100,0"
30458073,..
68920727,"100,0"
27115998,"100,0"
79516949,"100,0"
96684210,"100,0"
87207941,"100,0"
23836342,"100,0"
12395564,"100,0"
39149668,"100,0"
48722826,"100,0"
40766349,"100,0"
67554405,"100,0"
73944169,"100,0"
94455820,..
62104139,"100,0"
78872213,"100,0"
58191646,"100,0"
63179610,"100,0"
64569393,"100,0"
48217580,"100,0"
57397381,"100,0"
72022487,"100,0"
71512894,"100,0"
28248021,"100,0"
44417214,"100,0"
25025681,"100,0"
71043974,"100,0"
57777751,..
61161774,"100,0"
75914181,"100,0"
99279503,"100,0"
63653488,..
25392789,"100,0"
69240218,"100,0"
38460895,"100,0"
31199511,"100,0"
43313366,"100,0"
37550979,..
70137084,"100,0"
23306658,"100,0"
11102578,"100,0"
17944628,"100,0"
94090461,"100,0"
64648904,"100,0"
75939593,"100,0"
26324896,"100,0"
56639389,"100,0"
95700485,"100,0"
53896162,"100,0"
17779637,"100,0"
71929526,..
60873719,"100,0"
28085125,"100,0"
21938183,"100,0"
69063711,..
77609073,..
35894996,"100,0"
12926770,"100,0"
68748767,"100,0"
23548714,"100,0"
48593439,"100,0"
91773491,"100,0"
30361243,"100,0"
25596917,"100,0"
65722876,"100,0"
65381163,"98,9"
31155312,"100,0"
84424083,"100,0"
78231062,"100,0"
10481541,"100,0"
68381790,"100,0"
13006857,"100,0"
16956086,"100,0"
58187973,..
31870541,"100,0"
44672598,"100,0"
31822012,"84,4"
99356671,..
16702464,..
29449669,"100,0"
62855448,"96,0"
91812793,"100,0"
58907711,"100,0"
68285560,"100,0"
58544422,"100,0"
69471748,"100,0"
49750031,"100,0"
93239262,"100,0"
75575321,"100,0"
28023078,"100,0"
24194577,..
57690933,"100,0"
12130801,"100,0"
95785055,"100,0"
68741484,"100,0"
37054246,"100,0"
72421673,"100,0"
15763669,..
59655752,"100,0"
41555549,"100,0"
85459854,"100,0"
67071618,..
75324351,..
61229217,"100,0"
18617410,"100,0"
40338843,"100,0"
14292382,"100,0"
87859089,"100,0"
98908403,"98,4"
16493131,"100,0"
83272868,"100,0"
11526364,"100,0"
45552626,"100,0"
16748680,"100,0"
92332557,"100,0"
78690637,"100,0"
30279258,"100,0"
76903284,"100,0"
49141105,"100,0"
18974693,"100,0"
26996566,..
69747871,..
31151740,"100,0"
79346084,"100,0"
89816391,"100,0"
43565270,"100,0"
77176811,"100,0"
52791537,"100,0"
52942981,"100,0"
48120273,"100,0"
94167577,"100,0"
27023528,"93,8"
53903798,"94,7"
97770837,"100,0"
69650864,"100,0"
59581397,"100,0"
41938272,"100,0"
29423248,"100,0"
33132452,"97,1"
70811222,..
17911161,"100,0"
35084976,..
77632411,"100,0"
49068301,"100,0"
59898194,"100,0"
38195284,"98,1"
97510495,"100,0"
89461767,"100,0"
94717858,"100,0"
36288955,"100,0"
74812809,"100,0"
88839172,"100,0"
48412612,"100,0"
75075402,"100,0"
26326048,"100,0"
37839488,"100,0"
59796774,..
17675502,"100,0"
75600007,"100,0"
73812226,"100,0"
88955893,"100,0"
63943560,"100,0"
85516596,"100,0"
16784385,"100,0"
89963319,..
24339566,"100,0"
65458415,..
95154882,..
28519815,"96,2"
69543519,..
24759907,"98,2"
31315191,"100,0"
42775003,"100,0"
48555205,"100,0"
32116280,..
57143976,"98,7"
53175499,..
64388538,"100,0"
52153758,"100,0"
22116645,..
99755443,"100,0"
30167976,..
50104466,..
28004794,..
32071849,"100,0"
79845033,"100,0"
41099519,"100,0"
59386837,..
21382451,"100,0"
36769815,..
43873969,"100,0"
35301145,"100,0"
59942080,"100,0"
66273269,"100,0"
11275959,..
58518163,"100,0"
37912396,"100,0"
45593337,"100,0"
19839859,..
30615080,"97,4"
25178582,"100,0"
23476801,..
56041144,"100,0"
74322969,"100,0"
90260899,"100,0"
31057219,"100,0"
27079521,"100,0"
64579522,"100,0"
34381901,"100,0"
55150847,..
90076461,"100,0"
53069733,"100,0"
95368476,"100,0"
76448076,..
86488203,"100,0"
25156286,"100,0"
28081446,"100,0"
92949043,"100,0"
91048178,"100,0"
82718660,..
12399380,..
31486865,"100,0"
97265732,"100,0"
61720981,"100,0"
50424828,..
47393891,"100,0"
48414975,"100,0"
47108751,..
33657492,"100,0"
82195565,"100,0"
77713695,"100,0"
64667996,"100,0"
23544320,"100,0"
69040241,..
63993414,..
20855811,"100,0"
53923398,"100,0"
74560191,..
47844862,"100,0"
72984079,"100,0"
36480690,"100,0"
32995170,"91,3"
52048443,..
61674097,"100,0"
32550660,"100,0"
93488613,"100,0"
45600034,..
59599256,"100,0"
26957025,"100,0"
90509211,"100,0"
50393060,"100,0"
85788659,"100,0"
95340745,..
59521477,..
92442684,"100,0"
54599691,"100,0"
31975673,"100,0"
99864908,"100,0"
63931325,..
57391913,"100,0"
46148350,"100,0"
49868916,"100,0"
74919147,"100,0"
78389879,"100,0"
24277564,..
44412461,"100,0"
36355200,"98,1"
70803636,"100,0"
77712952,"100,0"
10433896,"100,0"
49170638,"100,0"
46379730,"100,0"
25379974,"100,0"
88025221,"100,0"
18042101,"100,0"
56041699,..
45111086,"100,0"
70955448,"100,0"
67924816,"100,0"
56084099,..
13960635,"100,0"
61176909,"100,0"
21778322,"100,0"
85485803,"100,0"
88429477,"100,0"
56802300,"100,0"
15149235,"100,0"
24538846,"100,0"
67058407,"88,9"
15791044,"100,0"
65392939,"100,0"
77358716,"100,0"
49739986,"100,0"
92192566,"100,0"
56886667,"100,0"
64648566,"100,0"
65421426,"100,0"
62394916,..
72071234,"100,0"
15933512,"100,0"
64693272,..
18072172,..
65833454,"100,0"
28045567,"100,0"
18686599,"100,0"
93779220,"100,0"
80785976,"100,0"
47559319,"100,0"
56187883,"100,0"
20752831,"100,0"
51023367,..
52690153,..
36782335,..
96279444,"100,0"
19560192,..
31657916,..
85800840,"100,0"
20061769,"100,0"
77358716,"100,0"
18345915,"100,0"
71262305,"100,0"
55795961,..
48009865,"100,0"
18208087,"100,0"
60743463,..
32960825,"100,0"
91748148,"100,0"
42022406,"100,0"
65192707,"100,0"
69018222,"100,0"
12889940,"100,0"
40386043,"100,0"
21663998,"100,0"
88259298,"100,0"
17846181,..
75082798,"100,0"
23555409,"100,0"
30341162,"100,0"
16950252,"100,0"
15077883,..
48434184,..
56421429,"100,0"
17008320,"100,0"
25720752,"100,0"
55155562,"100,0"
23164911,"100,0"
36680097,..
95683850,"100,0"
89888648,"100,0"
35063170,"100,0"
31279294,..
36782335,"100,0"
23897040,..
37906565,..
90551279,"100,0"
69686851,..
85068812,..
16819383,"100,0"
89837629,"100,0"
72517762,..
79094701,"100,0"
66491596,"100,0"
12052268,"100,0"
53231578,"100,0"
96279444,"100,0"
40690520,"100,0"
35006050,"100,0"
21052710,"100,0"
58502307,"100,0"
97177328,"100,0"
70969714,"100,0"
81993306,"100,0"
47264019,"100,0"
16313848,"97,5"
86327236,..
28398531,"100,0"
79033948,"100,0"
68240485,"100,0"
78875918,"100,0"
86385479,..
49862313,..
99838438,"100,0"
42859669,"100,0"
99592025,"100,0"
47550455,"96,0"
58125096,"100,0"
30468157,"100,0"
72206824,"100,0"
92858957,"98,3"
44113417,"100,0"
39555838,..
82084961,"97,1"
46162400,"100,0"
67279263,"100,0"
18594470,"100,0"
40667807,..
88466776,..
40634612,..
14508922,"100,0"
29032715,"100,0"
19909435,"100,0"
96024712,"100,0"
27115998,"100,0"
41867682,"100,0"
79516949,"100,0"
46574937,"99,4"
39805497,"100,0"
81619482,"100,0"
90006712,..
39149668,..
48722826,"100,0"
53691739,"100,0"
43251309,"100,0"
87034307,"100,0"
78872213,..
80405898,"100,0"
51620045,"100,0"
86888278,"100,0"
56947954,"100,0"
72022487,"100,0"
71512894,"100,0"
28248021,..
44417214,"100,0"
88776535,"100,0"
71043974,"100,0"
89807183,"100,0"
39302565,"100,0"
79527481,"100,0"
69240218,..
86787111,"100,0"
77823650,..
82002016,"100,0"
97535124,"100,0"
69306209,"100,0"
12954099,"100,0"
90473340,"100,0"
51449748,"100,0"
12613085,"95,8"
53896162,"100,0"
66824652,"100,0"
49168016,"100,0"
60873719,"100,0"
69063711,..
77609073,..
52129378,"100,0"
65381163,"100,0"
68381790,..
13006857,"100,0"
16956086,"100,0"
31870541,"100,0"
44672598,"100,0"
83161201,"97,0"
16702464,..
29449669,"89,7"
36252055,"100,0"
14355031,"100,0"
53832505,"100,0"
69471748,..
43284031,"100,0"
26267406,..
51955293,"100,0"
51736304,"100,0"
44285075,..
68655578,"100,0"
37054246,..
39199869,"100,0"
88750078,"100,0"
41555549,"100,0"
81876614,"100,0"
67071618,"100,0"
75324351,..
59575030,"100,0"
77440824,"100,0"
51981332,"100,0"
87859089,..
98908403,"100,0"
16493131,"100,0"
11526364,"100,0"
38048202,"100,0"
26671095,"100,0"
65320354,"100,0"
76903284,"100,0"
15870428,"100,0"
26750052,"100,0"
12546590,"100,0"
54117171,"100,0"
94167577,"100,0"
27023528,"100,0"
17911161,"100,0"
35084976,..
49068301,"100,0"
94717858,"100,0"
46256929,"100,0"
73812226,"100,0"
15390992,"100,0"
63943560,"100,0"
78433202,"100,0"
31313926,"100,0"
30312720,"100,0"
32116280,"100,0"
57143976,"100,0"
93367005,"100,0"
50104466,..
79845033,"100,0"
41099519,..
59386837,..
17276047,"100,0"
48244956,"100,0"
13084253,"100,0"
58518163,"100,0"
27993549,"100,0"
37912396,..
45593337,"100,0"
67628478,"100,0"
37517404,..
25178582,"100,0"
86351879,..
74322969,..
90260899,..
31057219,"100,0"
27079521,"100,0"
64579522,..
53069733,"100,0"
99394620,"100,0"
31537066,"100,0"
21400668,"100,0"
84329061,"100,0"
91048178,"100,0"
31486865,"100,0"
97265732,"100,0"
61720981,"100,0"
82931004,..
28829503,"100,0"
33657492,"100,0"
33596572,"100,0"
57668673,"100,0"
20855811,"100,0"
53923398,"100,0"
72984079,"100,0"
36480690,"100,0"
52048443,"100,0"
50393060,"100,0"
95340745,..
59521477,..
66095163,"100,0"
54004368,"100,0"
31975673,"100,0"
59463950,"100,0"
63931325,..
75374280,"100,0"
46148350,..
50133877,"100,0"
44412461,"100,0"
18217765,"100,0"
66028861,"100,0"
10433896,"100,0"
43154449,"100,0"
68824244,"100,0"
43479922,"100,0"
28391147,"100,0"
62612992,"100,0"
94975733,..
56802300,..
15149235,..
13981977,..
67058407,..
15791044,..
65392939,"100,0"
29225010,"100,0"
24349146,"100,0"
83605345,..
64693272,..
18072172,..
20768651,"100,0"
28872974,"100,0"
80785976,..
21532545,..
20752831,"100,0"
34739511,"100,0"
68824244,..
68564903,"100,0"
88445871,"100,0"
98132436,"95,2"
59483268,..
12154972,"100,0"
59734510,..
59455288,..
89888648,..
36782335,..
20666515,..
90551279,"100,0"
93062368,..
90267145,..
16819383,"100,0"
51321260,"97,3"
88556189,..
31843016,..
87764775,..
16313848,..
65136104,..
69241230,..
80327946,"95,5"
86385479,..
42859669,"100,0"
92905347,"100,0"
30329172,..
19560192,..
82084961,"100,0"
73829818,"100,0"
14508922,..
19741742,..
19909435,"100,0"
85800840,..
39583059,"100,0"
38645259,..
38400227,"94,1"
86473502,..
73567152,..
23457902,..
72022487,..
44417214,..
86724994,..
78287294,..
81551726,..
76195214,..
82826083,"100,0"
26167236,..
63035915,"100,0"
17119840,"100,0"
20984584,..
25648215,..
68006362,"96,2"
86762103,..
58187973,..
88894245,..
22220001,..
72891848,..
48862305,"96,0"
26267406,..
53180719,..
15609112,"100,0"
62216381,..
85459854,"100,0"
41697930,"100,0"
78690637,..
97835550,..
42911621,"100,0"
42060237,..
14926020,"84,2"
31998226,..
79829846,"100,0"
41631104,..
16931486,..
19839859,..
43601850,..
96414537,..
99394620,..
84329061,"100,0"
65265211,..
61647360,..
45541222,"100,0"
91905819,..
54882637,.
72984079,"100,0"
69865450,..
49872493,..
54467211,"100,0"
82251333,..
34002355,"100,0"
10342448,..
60088179,"100,0"
90290154,"100,0"
18691102,..
24349146,"100,0"
47692481,..
18072172,..
29744774,..
32239920,..
68229719,"100,0"
84947634,..
68564903,"100,0"
82840198,..
32960825,"91,7"
83474173,"100,0"
74434644,"100,0"
93281974,"100,0"
23424275,..
19150273,..
26334561,"100,0"
59483268,..
73098153,"100,0"
17846181,..
75082798,..
34637764,"91,2"
15077883,..
48434184,..
88850910,"100,0"
25720752,"100,0"
31533003,..
31429031,"100,0"
19586169,..
95683850,"100,0"
59455288,..
25677996,..
36782335,"100,0"
37906565,..
90551279,"100,0"
90267145,..
72998905,"100,0"
96590873,"98,8"
88556189,..
72127035,..
85003442,"100,0"
44653962,"100,0"
87764775,..
48438396,"95,1"
32671805,..
16313848,"100,0"
11294673,..
66335258,"100,0"
78875918,"96,2"
78023197,"96,3"
70923626,..
92905347,..
34247736,"100,0"
38167912,"100,0"
19560192,..
46660042,"96,3"
85214294,..
40037982,"97,8"
12279302,"96,0"
40667807,..
80762863,"94,4"
31657916,..
64574972,"92,3"
48931433,"100,0"
96024712,..
40829056,..
38645259,..
11673760,"75,0"
63791419,"95,5"
46145886,..
27041885,"93,3"
97596286,"94,1"
67554405,"100,0"
86473502,..
84286698,..
76860623,"100,0"
57397381,"100,0"
72022487,"100,0"
28248021,..
44417214,..
14102256,"100,0"
75914181,"100,0"
99279503,"97,8"
76195214,"90,9"
21901328,"89,5"
23306658,..
31740319,"100,0"
69807202,"100,0"
63035915,"87,0"
32042066,"100,0"
92814975,..
35894996,"100,0"
20984584,..
25648215,"91,7"
68006362,"94,2"
13006857,"92,9"
16956086,"100,0"
71160225,..
75340089,..
36670439,"100,0"
22220001,..
99356671,"92,9"
16702464,..
72891848,..
71541108,"83,3"
28023078,"100,0"
13963517,..
51955293,"100,0"
12130801,..
53180719,"100,0"
68741484,..
31179045,"100,0"
41555549,..
18711877,"100,0"
75324351,..
70376604,"100,0"
14292382,..
16493131,"100,0"
48304166,..
65674821,"91,7"
38048202,"89,1"
87303004,"100,0"
97835550,..
26508763,"90,5"
14504503,..
16198647,"100,0"
12496135,..
76903284,"100,0"
68649663,"100,0"
81997762,..
42060237,..
53903798,"71,4"
97770837,"100,0"
33132452,"95,8"
59898194,..
95618280,"92,7"
65458415,..
16501673,..
59386837,..
16931486,..
32321364,"90,9"
27993549,..
37912396,..
90312942,"100,0"
19839859,..
29159460,..
43601850,..
14586562,..
69302313,..
31057219,"83,3"
64579522,..
34381901,..
96414537,..
31537066,..
84329061,"100,0"
71969230,..
61720981,"100,0"
50424828,"95,2"
65265211,..
97191332,"100,0"
33657492,..
17812651,"100,0"
22239675,"100,0"
59599256,"100,0"
49872493,..
11953769,..
50393060,..
95340745,..
92442684,"100,0"
54599691,"90,9"
54467211,..
99864908,"93,8"
63931325,..
46148350,..
49868916,"94,7"
84908877,..
24277564,..
36355200,"100,0"
77835341,"91,7"
77712952,"100,0"
56041699,"93,8"
90685868,"100,0"
60088179,"100,0"
21778322,"100,0"
90290154,..
25847233,"100,0"
16848652,..
56802300,..
77379848,..
67422309,..
15791044,..
65421426,"100,0"
12198363,..
47692481,..
64693272,..
89690587,"92,9"
87112995,"89,3"
51023367,..
52690153,..
38683336,"100,0"
