skolkod,andel_minst_e_ma1
93221031,"94,4"
17474377,"100,0"
74776778,"100,0"
18345915,"100,0"
68229719,"100,0"
61004230,"100,0"
71262305,"100,0"
55795961,"100,0"
84947634,"95,8"
23517336,"100,0"
48009865,"100,0"
97870412,"100,0"
68564903,"100,0"
82840198,"98,6"
18208087,"100,0"
89982804,"100,0"
19464342,"100,0"
60743463,"100,0"
32960825,"100,0"
43609520,"100,0"
41416934,"100,0"
97968599,"100,0"
21567982,"100,0"
91748148,"100,0"
49379603,..
80167319,..
42218661,"100,0"
73171934,..
83474173,"89,1"
91487291,..
21866405,"100,0"
74434644,"97,2"
42022406,"98,8"
88445871,"98,1"
65192707,"100,0"
18425335,"96,4"
93281974,"93,3"
23424275,"100,0"
43634528,"100,0"
36263479,"100,0"
56679384,"100,0"
30538202,"100,0"
19150273,"96,7"
69018222,"98,7"
25624692,"100,0"
88534520,"100,0"
12889940,"100,0"
16554575,"100,0"
34076477,"97,3"
54896448,"100,0"
25356960,"100,0"
64284020,"100,0"
98132436,"97,4"
53400472,"95,0"
60096875,"92,3"
97758137,"100,0"
26334561,"100,0"
40386043,"99,0"
29324709,"100,0"
26864271,"70,6"
59483268,"100,0"
33685428,"100,0"
32879845,"100,0"
88573795,"100,0"
20699742,"100,0"
21663998,"100,0"
20595770,"99,0"
82814120,"100,0"
45164827,"100,0"
10924758,"98,2"
34153869,"100,0"
88259298,"100,0"
73098153,"91,7"
44240250,"78,4"
17846181,"100,0"
75082798,"94,2"
23555409,"99,3"
91333138,"76,9"
30341162,"97,1"
39936461,"100,0"
72266906,"99,2"
27030026,"100,0"
12154972,"97,4"
16950252,"99,2"
34637764,"97,6"
19912478,"98,2"
73255276,"100,0"
15077883,"97,9"
48434184,"95,4"
58724424,"100,0"
95684185,"98,5"
51138448,"98,2"
19647256,"93,2"
56421429,"100,0"
39911065,"96,8"
17008320,"98,6"
56737496,"100,0"
88850910,"100,0"
93939982,"97,5"
25720752,"99,0"
55155562,"96,2"
31533003,"99,1"
31429031,"97,7"
16361868,..
23164911,"100,0"
24008049,"100,0"
19981611,"100,0"
54481243,"100,0"
36680097,"94,1"
87756916,"89,5"
59734510,"94,1"
19586169,"94,1"
24273261,"100,0"
95683850,"100,0"
59455288,"92,1"
82163292,"98,1"
25679488,"95,5"
25677996,"92,3"
89888648,"96,4"
90003262,..
88163512,"100,0"
35063170,"100,0"
31279294,"93,0"
36782335,"97,8"
23897040,..
20666515,"100,0"
37906565,"100,0"
67279303,"95,7"
21648755,"95,7"
11111710,"100,0"
90551279,"96,0"
93062368,"87,5"
69686851,"99,1"
49616977,"98,5"
54965510,"99,7"
90267145,"97,7"
72998905,"100,0"
84835666,"98,2"
25872338,..
54164490,"84,0"
69481650,"94,7"
20319353,"95,6"
92194545,"98,4"
88153340,"100,0"
94353434,"94,7"
59396229,"98,5"
95165649,"98,0"
64740897,..
78979604,..
69626109,"93,0"
10974852,..
85068812,"90,9"
78397312,"100,0"
36444853,"96,4"
15414001,"89,1"
38311488,"100,0"
16819383,"91,2"
89837629,"99,0"
12994441,"98,5"
53660780,"100,0"
88774402,"100,0"
75141151,"95,1"
61701709,"100,0"
61469192,"98,4"
84306392,"100,0"
28627819,"100,0"
30086854,"97,5"
26627862,"100,0"
48847282,"100,0"
72517762,"80,8"
79094701,"100,0"
38684438,"98,6"
31251822,"98,1"
90099336,..
96590873,"95,3"
35647481,"100,0"
39549479,"100,0"
73147554,"100,0"
65752105,..
69983740,"100,0"
66491596,"100,0"
12052268,"97,2"
71597051,"100,0"
53231578,"100,0"
11274830,"98,6"
51321260,"94,8"
96279444,"100,0"
40690520,"100,0"
61880907,"97,6"
91011325,"93,3"
97382366,"97,4"
35006050,"100,0"
88886610,"96,3"
10638939,"86,3"
21505555,"100,0"
34336190,"100,0"
21052710,"100,0"
88556189,"87,8"
35236491,"100,0"
69739484,"91,5"
92887917,"97,4"
88834120,"100,0"
70066748,"100,0"
19207279,"100,0"
53640774,"98,3"
58502307,"100,0"
97177328,"98,0"
72127035,"100,0"
70969714,"100,0"
85003442,"100,0"
22752398,"100,0"
68734112,"100,0"
71922787,"100,0"
31843016,"88,2"
74148070,"100,0"
50696507,"100,0"
92507006,"100,0"
44653962,"100,0"
20100577,"100,0"
81993306,"98,9"
19051089,"100,0"
29097621,"93,5"
47264019,"98,4"
87764775,"83,3"
50198492,"98,6"
48438396,"85,4"
98052678,"100,0"
20099064,"93,8"
44341171,"69,0"
32671805,"78,7"
38448056,"93,3"
16313848,"98,6"
79606767,"97,0"
11294673,"100,0"
86327236,"100,0"
41745951,"100,0"
83137205,"100,0"
28398531,"100,0"
66335258,"98,0"
54172830,"100,0"
86310217,"96,4"
83085136,"100,0"
75458014,"100,0"
65136104,"100,0"
61826221,.
79033948,"98,5"
56330385,"93,4"
20228162,"100,0"
68240485,"100,0"
95046058,"94,7"
44392995,"98,0"
53462953,"100,0"
69241230,"91,3"
60730660,"100,0"
85544331,"100,0"
80327946,"97,5"
82592568,"99,3"
78875918,"99,3"
78023197,"95,7"
86385479,"94,7"
40991561,..
49862313,"88,6"
99838438,"97,2"
42859669,"99,2"
70923626,"84,1"
92905347,"100,0"
99592025,"99,6"
34247736,"97,6"
47550455,"96,3"
30329172,"100,0"
76877530,"88,2"
47046103,"90,0"
56664512,..
38167912,"93,3"
43826783,..
58125096,"100,0"
82914148,"100,0"
20620556,"100,0"
77839100,..
17173461,"92,9"
55535552,..
19560192,"92,3"
30468157,"100,0"
98053087,"95,9"
92533079,"100,0"
61528940,"100,0"
23681822,"100,0"
66861851,"100,0"
72206824,"100,0"
92858957,"98,9"
46660042,"94,5"
86296935,..
44113417,"97,7"
67783774,..
38917647,..
21363125,.
39555838,"100,0"
85214294,"95,2"
82084961,"96,8"
46162400,"100,0"
98369689,"98,4"
56529916,"98,3"
40810950,"100,0"
67279263,"100,0"
40037982,"97,8"
51210136,"100,0"
73829818,"100,0"
54395430,.
18881773,"100,0"
50908408,"90,9"
18594470,"96,8"
78295411,"98,7"
80686587,"100,0"
72232853,"100,0"
12279302,"97,9"
17849518,"100,0"
64205087,"98,6"
50500028,"100,0"
94570025,"87,5"
91984508,"94,1"
78659008,"100,0"
12448823,..
40667807,"98,4"
18091973,"100,0"
88466776,"100,0"
36539945,..
40634612,"96,5"
62439199,"95,0"
66132676,"96,6"
57942242,"100,0"
80762863,"98,3"
77688926,"100,0"
14508922,"100,0"
69629086,"100,0"
88624631,"100,0"
35390185,..
37358234,"88,9"
31657916,"100,0"
21008461,"100,0"
54606928,"99,0"
53893730,"100,0"
46241804,"95,0"
42573391,"100,0"
64574972,"96,9"
19741742,"94,7"
29032715,"97,8"
45830583,"100,0"
48931433,"94,6"
97270136,"89,7"
19909435,"100,0"
30530571,"99,5"
78839208,"100,0"
96024712,"100,0"
30458073,..
40829056,"100,0"
85800840,"99,3"
68920727,"100,0"
27115998,"98,8"
41867682,"100,0"
79516949,"98,6"
65662401,"98,2"
39583059,"98,4"
38645259,"93,8"
96684210,"100,0"
87207941,"100,0"
11673760,"93,4"
46574937,"100,0"
23836342,"98,5"
63791419,"93,7"
39805497,"100,0"
38400227,"91,0"
81619482,"100,0"
83829189,"97,6"
46145886,"98,3"
12395564,"100,0"
90006712,"100,0"
43649848,"100,0"
75344502,"75,0"
84247499,"93,2"
27041885,"97,4"
39149668,"98,6"
97064126,..
32580162,"100,0"
38233622,"100,0"
48722826,"99,2"
73063662,"90,5"
40766349,"100,0"
71571158,"93,8"
53691739,"100,0"
43251309,"100,0"
97596286,"100,0"
67554405,"100,0"
86473502,"100,0"
73944169,"100,0"
98239050,"100,0"
94455820,..
58368956,"97,6"
73567152,"85,7"
61547652,"100,0"
60209222,"96,6"
62104139,"96,8"
87034307,"98,3"
78872213,"100,0"
84286698,"100,0"
62490359,"100,0"
64725297,"100,0"
43362941,"95,7"
23350817,"91,7"
76860623,"98,4"
58191646,"98,9"
80405898,"100,0"
56021320,"100,0"
41358402,"100,0"
63179610,"95,7"
64569393,"100,0"
87262566,"95,1"
64160122,"100,0"
48217580,"99,3"
41844601,"76,7"
51620045,"100,0"
86888278,"100,0"
23457902,"100,0"
27597104,"100,0"
57397381,"96,7"
56947954,"99,4"
72022487,"98,7"
71512894,"98,4"
70969556,"95,0"
28248021,"90,9"
44417214,"99,2"
25025681,"100,0"
88776535,"100,0"
49488344,"100,0"
74408578,"97,5"
71043974,"98,9"
57777751,..
38732602,"91,7"
89807183,"100,0"
86724994,"100,0"
61161774,"99,3"
86158933,"98,7"
14102256,"97,5"
75082280,"92,9"
75914181,"98,4"
39302565,"98,3"
96818167,"100,0"
36072799,"92,3"
61432781,"93,0"
78287294,"96,3"
74316305,"97,1"
39096170,"100,0"
79527481,"100,0"
67300857,"100,0"
99279503,"98,6"
63653488,..
84476205,"100,0"
24544503,"98,2"
25392789,"100,0"
72109637,..
69240218,"100,0"
14057258,"100,0"
38460895,"94,4"
31199511,"98,7"
12934438,"100,0"
43313366,"97,6"
86787111,"100,0"
97868185,"100,0"
81551726,"83,3"
77823650,"100,0"
37550979,"100,0"
52634142,"98,9"
76195214,"100,0"
54839753,..
32705515,"98,2"
60214465,"89,2"
70137084,"88,6"
82002016,"95,5"
21901328,"89,5"
23306658,"100,0"
57350392,..
97535124,"100,0"
11102578,"99,0"
69306209,"100,0"
92651253,"100,0"
31740319,"91,9"
10129345,"100,0"
17944628,"97,7"
82826083,"96,9"
94468610,"94,6"
94090461,"97,8"
12954099,"100,0"
80931789,"99,2"
84098842,"100,0"
90473340,"100,0"
26167236,"100,0"
69807202,"100,0"
64648904,"100,0"
75939593,"99,1"
63035915,"95,3"
26324896,"95,7"
56639389,"100,0"
95700485,"100,0"
51449748,"100,0"
28267726,"100,0"
28848709,"100,0"
12613085,"98,0"
53896162,"100,0"
17779637,"100,0"
11185244,"97,1"
56211717,"100,0"
66824652,"97,9"
49168016,"100,0"
32042066,"96,2"
50821167,"100,0"
71929526,"100,0"
92814975,"100,0"
60873719,"100,0"
28085125,"100,0"
28770304,"100,0"
21938183,"98,6"
78986228,.
71472793,"100,0"
64123241,"100,0"
69063711,"100,0"
77609073,"98,1"
35894996,"94,9"
12926770,"100,0"
17119840,"97,0"
68748767,"90,4"
23548714,"92,1"
48593439,"100,0"
91773491,"97,1"
30361243,"99,3"
25596917,"99,2"
65722876,"97,9"
20984584,"100,0"
52129378,"97,3"
65381163,"97,9"
98541468,"100,0"
31155312,"96,0"
25648215,"89,6"
61823258,"95,8"
84424083,"100,0"
39178171,"100,0"
49231191,"97,9"
78231062,"100,0"
79994304,..
10481541,"98,4"
68006362,"94,3"
11608031,"100,0"
86762103,"92,9"
68381790,"98,8"
13006857,"97,0"
76007769,"100,0"
16956086,"99,0"
58187973,"100,0"
88894245,"100,0"
31870541,"100,0"
71160225,"100,0"
67752682,"100,0"
47884009,"100,0"
44672598,"98,7"
75340089,"93,8"
36670439,"88,5"
22220001,"91,5"
31822012,"97,9"
83161201,"98,8"
15100079,..
55421481,..
99356671,"76,5"
16702464,"100,0"
71353314,..
29449669,"100,0"
62855448,"100,0"
36252055,"100,0"
91812793,"100,0"
14355031,"100,0"
72891848,"92,9"
46611859,"98,3"
58907711,"100,0"
68285560,"100,0"
58544422,"99,0"
65150019,"98,6"
31796890,..
22426680,"92,3"
83805032,"82,8"
48862305,"91,4"
32887559,"93,5"
71541108,"90,0"
53832505,"100,0"
47537928,"89,7"
69471748,"92,2"
49750031,"100,0"
76485705,"100,0"
93239262,"96,1"
25745773,"98,6"
99976753,"97,8"
14278480,"88,9"
75575321,"100,0"
28023078,"95,4"
43284031,"97,6"
13963517,"100,0"
24194577,..
26267406,"100,0"
31255918,"100,0"
51955293,"98,9"
57690933,"100,0"
35035671,"88,2"
12130801,"100,0"
51736304,"100,0"
53180719,"100,0"
27489137,"100,0"
15609112,"100,0"
44285075,"91,4"
60424371,"94,1"
95785055,"100,0"
68655578,"96,8"
17062663,"100,0"
68741484,"99,3"
56267421,"100,0"
34990065,"100,0"
37054246,"97,2"
39199869,"100,0"
62216381,"100,0"
31179045,"98,6"
72421673,"98,3"
15763669,..
59655752,"100,0"
88750078,"98,0"
41878314,..
41555549,"96,8"
32003298,"100,0"
22383788,"100,0"
85459854,"100,0"
81876614,"100,0"
18711877,"100,0"
67071618,"98,5"
75324351,"100,0"
61229217,"88,9"
58929357,"100,0"
42517257,"96,9"
70376604,"97,0"
59575030,"100,0"
93503103,"100,0"
18617410,"100,0"
41697930,"100,0"
28025244,"97,8"
17184072,"100,0"
40338843,"98,8"
77440824,"100,0"
71069359,"100,0"
86896907,"100,0"
14292382,"97,3"
51981332,"100,0"
87859089,"94,9"
54764253,"100,0"
98908403,"95,5"
16493131,"98,6"
41119610,"100,0"
83272868,"100,0"
11526364,"100,0"
48304166,"100,0"
24982097,"77,8"
45552626,"99,0"
50906954,.
97104132,"100,0"
16748680,"96,6"
68597767,..
27964873,"91,7"
30706655,"90,0"
65674821,"96,8"
92332557,"97,6"
46332927,"97,3"
78690637,"100,0"
24653673,"100,0"
38048202,"100,0"
90990441,"87,5"
86319615,"100,0"
87303004,"100,0"
97835550,"90,9"
22446331,"94,6"
26671095,"100,0"
42911621,"99,0"
40575001,"100,0"
75027822,"100,0"
26508763,"100,0"
14504503,"100,0"
21850904,"100,0"
65320354,"100,0"
77544055,"98,9"
49112879,"98,0"
30279258,"99,1"
16198647,"100,0"
12496135,"100,0"
76903284,"97,4"
68649663,"89,2"
43623146,..
49141105,"96,2"
15870428,"96,6"
26646080,"100,0"
26750052,"99,2"
18974693,"100,0"
26996566,"100,0"
27704246,"100,0"
81997762,"98,4"
28967085,..
69747871,..
70119254,"100,0"
31151740,"100,0"
79346084,"99,0"
34222422,"93,3"
84230226,..
42060237,"90,9"
89816391,"98,4"
14448619,"99,1"
12546590,"96,9"
43565270,"100,0"
77176811,"98,7"
52791537,"100,0"
85152591,"100,0"
85819857,"100,0"
40600798,"100,0"
52942981,"97,6"
54117171,"100,0"
48120273,"100,0"
33233228,..
94167577,"96,9"
27023528,"90,4"
53903798,"91,1"
85782695,"100,0"
98815582,"86,7"
97770837,"95,7"
21312503,"100,0"
69650864,"100,0"
59581397,"100,0"
14926020,"94,7"
41938272,"100,0"
29423248,"99,0"
76054399,"100,0"
33132452,"91,8"
56942970,..
60142020,..
70811222,"100,0"
17911161,"94,6"
35084976,"100,0"
25525759,.
77632411,"100,0"
56653353,"97,9"
49068301,"100,0"
59898194,"100,0"
38195284,"100,0"
97510495,"95,7"
89461767,"97,3"
94717858,"100,0"
53760158,"100,0"
78422467,"98,0"
37802196,..
38683336,"100,0"
36288955,"100,0"
74812809,"100,0"
88839172,"100,0"
48412612,"97,1"
95618280,"97,2"
75075402,"96,5"
26326048,"98,3"
37839488,"99,4"
46256929,"100,0"
83374651,"100,0"
59796774,"100,0"
17675502,"84,2"
75600007,"98,6"
73812226,"97,1"
30762346,..
82964090,"100,0"
88955893,"100,0"
15278518,"93,1"
15390992,"99,6"
63943560,"100,0"
85516596,"98,1"
31998226,..
38236800,"95,8"
16784385,"96,3"
59026584,"99,4"
79829846,"100,0"
89963319,..
24339566,"100,0"
20061769,"100,0"
65458415,..
95154882,"92,9"
52333875,"96,3"
24663703,..
28519815,"95,3"
65666808,"96,7"
69543519,"100,0"
24397215,"90,9"
30677562,"97,5"
85054102,"100,0"
87274273,"100,0"
89693952,.
24759907,"88,4"
78433202,"100,0"
41631104,"75,0"
35366805,"92,9"
31315191,"100,0"
80357110,"95,7"
42775003,"100,0"
56670842,"100,0"
89370947,"100,0"
18451445,..
48555205,"97,9"
31313926,"100,0"
30312720,"100,0"
32116280,"100,0"
57143976,"95,3"
93367005,"100,0"
53175499,"100,0"
64388538,"100,0"
52153758,"100,0"
16501673,"86,8"
26298615,"100,0"
22116645,"100,0"
99755443,"100,0"
30167976,"100,0"
50104466,"100,0"
28004794,..
32071849,"99,0"
79845033,"100,0"
41099519,"100,0"
59386837,"98,6"
21627442,"100,0"
17276047,"98,1"
73217812,"78,9"
21382451,"100,0"
48244956,"98,2"
36769815,"100,0"
16931486,"95,2"
92489953,"96,3"
43873969,"98,1"
55825382,"100,0"
19306558,"100,0"
35301145,"100,0"
24993048,"100,0"
70132092,"91,5"
65034473,..
13084253,"92,2"
32321364,"90,9"
59942080,"95,0"
66273269,"100,0"
82888663,"88,1"
11275959,"95,3"
58518163,"97,5"
50615280,"100,0"
19035583,"100,0"
27993549,"76,4"
37912396,"100,0"
45593337,"100,0"
90312942,"100,0"
10226870,"100,0"
19839859,"100,0"
80280597,..
67628478,"100,0"
37517404,"100,0"
29159460,"94,0"
32057701,"100,0"
43601850,"100,0"
30615080,"95,7"
89630851,"97,7"
25178582,"98,6"
70543431,"100,0"
23476801,..
86351879,"100,0"
56041144,"98,1"
14586562,..
74322969,"98,2"
90260899,"100,0"
69302313,"100,0"
31057219,"98,2"
27079521,"100,0"
33572033,"100,0"
64579522,"96,8"
65234368,"100,0"
34381901,"97,0"
55150847,"100,0"
90076461,"100,0"
96414537,"100,0"
53069733,"100,0"
99394620,"100,0"
95368476,"98,9"
14853321,"100,0"
76448076,"92,7"
31537066,"96,7"
86488203,"96,4"
25156286,"97,1"
28081446,"100,0"
21400668,"100,0"
92949043,"97,4"
92818240,"99,2"
84329061,"98,5"
71969230,"85,7"
91048178,"98,8"
82718660,"100,0"
76942525,"88,5"
12399380,"100,0"
31486865,"99,7"
97265732,"100,0"
10373112,..
61720981,"97,9"
25698509,"94,7"
50424828,"89,2"
82931004,"96,4"
83584125,"100,0"
95024660,"100,0"
32263814,"100,0"
16496466,"100,0"
12075195,"100,0"
62300682,"100,0"
47393891,"98,7"
48414975,"100,0"
65265211,"100,0"
11533776,"98,7"
47108751,..
97191332,"82,8"
71938440,"100,0"
28829503,"100,0"
22811839,"100,0"
33205596,"100,0"
99622695,..
19930101,"100,0"
60727136,"100,0"
45132264,"95,8"
61647360,..
98651664,"100,0"
33657492,"97,4"
61622991,"100,0"
66644568,"94,4"
93659517,"100,0"
79309485,"100,0"
61175914,"94,1"
73316818,"100,0"
37078868,..
27859889,"100,0"
16130958,"100,0"
29161632,..
82195565,"100,0"
33596572,"100,0"
45541222,"100,0"
77713695,"100,0"
63451147,"100,0"
51131594,"100,0"
89680395,"100,0"
53696633,"100,0"
27440210,"97,9"
62758285,"100,0"
16218090,"100,0"
61197669,..
64667996,"100,0"
17812651,"100,0"
23544320,"100,0"
57668673,"97,7"
69040241,"100,0"
63993414,"100,0"
49136871,..
91905819,"96,7"
20855811,"93,7"
54882637,"100,0"
53923398,"97,9"
74560191,"100,0"
47844862,"99,6"
22239675,"100,0"
72984079,"97,6"
36480690,"94,7"
24787883,"100,0"
32995170,"94,4"
52048443,"100,0"
61674097,"100,0"
32550660,"99,2"
93488613,"97,1"
45600034,"100,0"
59599256,"99,3"
69865450,"96,0"
31112935,"86,7"
26957025,"100,0"
90509211,"96,0"
43277545,"100,0"
37316242,"97,7"
20173336,"90,9"
49872493,"100,0"
39147056,"98,1"
11953769,"100,0"
28646435,"100,0"
50393060,"98,8"
85788659,"93,3"
95340745,"100,0"
59521477,"97,2"
92442684,"100,0"
66095163,"98,0"
38544187,"93,6"
54599691,"99,3"
54004368,"100,0"
54467211,"98,9"
23517683,"100,0"
31975673,"100,0"
82251333,"100,0"
99864908,"98,1"
27106031,"100,0"
59463950,"100,0"
63931325,"100,0"
57391913,"98,7"
75374280,"95,7"
46148350,"100,0"
50133877,"99,1"
49868916,"99,3"
74919147,"100,0"
90240730,"90,9"
84908877,"93,5"
78389879,"100,0"
24277564,"85,7"
88956420,..
44412461,"99,8"
34002355,"94,9"
36355200,"91,8"
96920524,"95,7"
18217765,"100,0"
60919765,..
14677676,"93,9"
96152872,"100,0"
77835341,"100,0"
70803636,"100,0"
49576295,"100,0"
66028861,"100,0"
23797825,"100,0"
45293715,"87,9"
44738639,"75,0"
77712952,"96,8"
92009807,"93,6"
10433896,"100,0"
10342448,"93,5"
43154449,"100,0"
49170638,"100,0"
46379730,"100,0"
25379974,"100,0"
98032567,..
96194948,"92,6"
25955541,"100,0"
88025221,"98,6"
18042101,"100,0"
14799321,"100,0"
56041699,"91,2"
45111086,"100,0"
70955448,"100,0"
68824244,"99,0"
90685868,"96,7"
24501884,"100,0"
46707989,"100,0"
46986216,"97,0"
67924816,"99,1"
92805465,"100,0"
56084099,"100,0"
80711021,"97,8"
17648596,"98,2"
16720048,"97,0"
13960635,"100,0"
39341381,"100,0"
61176909,"100,0"
43479922,"100,0"
60088179,"90,2"
28391147,"98,5"
29209307,"100,0"
21778322,"100,0"
31380193,"100,0"
90290154,"100,0"
25847233,"91,5"
62612992,"100,0"
85485803,"95,8"
92816527,"100,0"
16848652,"100,0"
88429477,"97,9"
94975733,"98,5"
56802300,"100,0"
15149235,"100,0"
77379848,..
13981977,"100,0"
24538846,"100,0"
36886750,"100,0"
67422309,"91,4"
67058407,"97,1"
34421265,"98,4"
15791044,"100,0"
65392939,"99,1"
98696836,"100,0"
82160887,"96,3"
23175129,"100,0"
64908550,"100,0"
77358716,"100,0"
49739986,"100,0"
29225010,"100,0"
92192566,"96,4"
56886667,"99,4"
33249781,"88,5"
64648566,"100,0"
18691102,"92,3"
70302356,"92,0"
65421426,"99,4"
62394916,"100,0"
67908927,"91,7"
72071234,"100,0"
24349146,"99,7"
83605345,"95,2"
15933512,"99,3"
12198363,..
47692481,"95,7"
64693272,"96,3"
18072172,"100,0"
65833454,"100,0"
85188855,"100,0"
11341077,"100,0"
39528347,"100,0"
34988313,"100,0"
85473846,"100,0"
29744774,..
89690587,"97,9"
28045567,"100,0"
20768651,"100,0"
32239920,"100,0"
98781765,"100,0"
38880984,"98,4"
28872974,"100,0"
87112995,"82,1"
18686599,"100,0"
93779220,"94,7"
77797484,"98,5"
53279140,"89,4"
80785976,"98,2"
47559319,"98,0"
21532545,"91,3"
56187883,"86,8"
20752831,"97,3"
51023367,"98,4"
34739511,"100,0"
95069937,"100,0"
52690153,"100,0"
74776778,"100,0"
18345915,"100,0"
68229719,"100,0"
61004230,"100,0"
71262305,"100,0"
55795961,"100,0"
84947634,"100,0"
23517336,"100,0"
48009865,"100,0"
82840198,"100,0"
18208087,"100,0"
89982804,..
19464342,"100,0"
60743463,"100,0"
32960825,"100,0"
43609520,"100,0"
97968599,"100,0"
91748148,"100,0"
42218661,"100,0"
74434644,"99,2"
42022406,"100,0"
65192707,"100,0"
43634528,"100,0"
36263479,"100,0"
56679384,"100,0"
30538202,"100,0"
19150273,"90,9"
69018222,"98,7"
12889940,"100,0"
16554575,.
34076477,"97,3"
54896448,"100,0"
64284020,..
53400472,"95,0"
97758137,"100,0"
26334561,"100,0"
40386043,"99,6"
59483268,"100,0"
33685428,"100,0"
32879845,"100,0"
88573795,..
20699742,"100,0"
21663998,"100,0"
20595770,"99,0"
82814120,"100,0"
45164827,"100,0"
10924758,"97,3"
34153869,"100,0"
88259298,"100,0"
17846181,"100,0"
75082798,"98,7"
23555409,"99,2"
30341162,"96,6"
72266906,"99,1"
27030026,"100,0"
16950252,"100,0"
34637764,"95,9"
19912478,"98,2"
15077883,"100,0"
48434184,"100,0"
58724424,"100,0"
95684185,"98,5"
51138448,"97,5"
56421429,"100,0"
39911065,"98,2"
17008320,"100,0"
56737496,"100,0"
93939982,"100,0"
25720752,"100,0"
55155562,"98,4"
31533003,"98,9"
16361868,..
23164911,"100,0"
24008049,"100,0"
19981611,"100,0"
54481243,"100,0"
36680097,"100,0"
19586169,"95,8"
24273261,"100,0"
95683850,"100,0"
59455288,"92,9"
25679488,"98,5"
25677996,"97,1"
89888648,"100,0"
35063170,"100,0"
31279294,"92,3"
36782335,"100,0"
23897040,..
20666515,"100,0"
37906565,..
67279303,..
21648755,"96,6"
11111710,"100,0"
90551279,"100,0"
69686851,"100,0"
49616977,"100,0"
54965510,"99,7"
84835666,"98,2"
25872338,..
54164490,"84,0"
20319353,"95,6"
92194545,"98,4"
64740897,..
78979604,..
10974852,..
85068812,"92,0"
78397312,"100,0"
36444853,"97,6"
16819383,"100,0"
89837629,"99,0"
12994441,"98,1"
88774402,"100,0"
75141151,"95,1"
61701709,"100,0"
61469192,"98,4"
84306392,"100,0"
28627819,"100,0"
30086854,.
26627862,"100,0"
48847282,"100,0"
72517762,"80,8"
79094701,"100,0"
38684438,"98,4"
31251822,"98,1"
90099336,..
35647481,"100,0"
39549479,"100,0"
73147554,"100,0"
69983740,"100,0"
66491596,"100,0"
12052268,"97,2"
71597051,"100,0"
53231578,"100,0"
96279444,"100,0"
40690520,"100,0"
91011325,"93,3"
97382366,"97,4"
35006050,"100,0"
10638939,"72,7"
21505555,"100,0"
34336190,"100,0"
21052710,"100,0"
69739484,"91,5"
92887917,"97,4"
88834120,"100,0"
70066748,"100,0"
19207279,"100,0"
53640774,"98,3"
58502307,"100,0"
97177328,"96,9"
72127035,"100,0"
70969714,"100,0"
68734112,"100,0"
71922787,"100,0"
74148070,"100,0"
92507006,"100,0"
44653962,"100,0"
20100577,"100,0"
81993306,"98,4"
19051089,"100,0"
47264019,"98,4"
50198492,"98,6"
98052678,"100,0"
20099064,"93,8"
16313848,"98,1"
79606767,"97,7"
11294673,"100,0"
86327236,"100,0"
41745951,"100,0"
83137205,"100,0"
28398531,"100,0"
66335258,"100,0"
54172830,"100,0"
75458014,"100,0"
65136104,..
61826221,.
79033948,"97,2"
56330385,"97,7"
20228162,"100,0"
68240485,"100,0"
95046058,"94,7"
44392995,"97,2"
53462953,"100,0"
60730660,"100,0"
82592568,"99,3"
78875918,"100,0"
86385479,"96,8"
49862313,"88,6"
99838438,"98,1"
42859669,"100,0"
99592025,"100,0"
34247736,"99,0"
47550455,"100,0"
30329172,"100,0"
76877530,"87,5"
47046103,"100,0"
38167912,"94,7"
43826783,..
58125096,"100,0"
82914148,"100,0"
20620556,"100,0"
77839100,..
17173461,"100,0"
55535552,..
30468157,"100,0"
92533079,"100,0"
61528940,"100,0"
23681822,"100,0"
66861851,"100,0"
72206824,"100,0"
92858957,"99,3"
86296935,..
44113417,"100,0"
67783774,..
39555838,"100,0"
85214294,"88,9"
82084961,"97,9"
46162400,"100,0"
67279263,"100,0"
51210136,"100,0"
73829818,"100,0"
54395430,.
18881773,..
50908408,"90,9"
18594470,"96,8"
78295411,"98,7"
80686587,"100,0"
72232853,"100,0"
12279302,"94,9"
64205087,"98,6"
50500028,"100,0"
91984508,"100,0"
40667807,"100,0"
18091973,"100,0"
88466776,"100,0"
36539945,..
40634612,"100,0"
66132676,"96,7"
57942242,"100,0"
77688926,"100,0"
14508922,"100,0"
37358234,"100,0"
21008461,"100,0"
54606928,"100,0"
53893730,"100,0"
42573391,..
64574972,"100,0"
19741742,"100,0"
29032715,"100,0"
45830583,"100,0"
48931433,"92,9"
19909435,"100,0"
30530571,"99,4"
78839208,"100,0"
96024712,"100,0"
30458073,..
85800840,"98,2"
68920727,"100,0"
27115998,"98,4"
41867682,"100,0"
79516949,"98,6"
96684210,"100,0"
87207941,"100,0"
11673760,"99,1"
46574937,"100,0"
23836342,"98,5"
63791419,"100,0"
39805497,"100,0"
38400227,"100,0"
81619482,"100,0"
12395564,"100,0"
90006712,"100,0"
39149668,"98,6"
38233622,"100,0"
48722826,"100,0"
73063662,"90,5"
40766349,"100,0"
53691739,"100,0"
43251309,"100,0"
67554405,"100,0"
73944169,"100,0"
98239050,"100,0"
94455820,..
61547652,..
62104139,"98,1"
87034307,"98,3"
78872213,"100,0"
76860623,"100,0"
58191646,"98,9"
80405898,"100,0"
56021320,"100,0"
63179610,"95,7"
64569393,"100,0"
64160122,"100,0"
48217580,"99,3"
51620045,"100,0"
86888278,"100,0"
57397381,"98,7"
56947954,"100,0"
72022487,"100,0"
71512894,"98,4"
28248021,"97,8"
44417214,"100,0"
25025681,"100,0"
88776535,"100,0"
49488344,"100,0"
74408578,"98,1"
71043974,"98,9"
57777751,..
38732602,"91,7"
89807183,"100,0"
61161774,"99,3"
86158933,"98,1"
75914181,"97,8"
39302565,"100,0"
96818167,"100,0"
79527481,"100,0"
67300857,"100,0"
99279503,"95,8"
63653488,..
84476205,"100,0"
24544503,"98,2"
25392789,"100,0"
69240218,"100,0"
38460895,"94,4"
31199511,"98,7"
12934438,"100,0"
43313366,"100,0"
86787111,"100,0"
97868185,"100,0"
77823650,..
37550979,"100,0"
60214465,"96,2"
70137084,"96,4"
82002016,"100,0"
23306658,"100,0"
97535124,"100,0"
11102578,"100,0"
69306209,"100,0"
10129345,"100,0"
17944628,"98,3"
94468610,"94,6"
94090461,"100,0"
12954099,"100,0"
80931789,"100,0"
90473340,"100,0"
69807202,"100,0"
64648904,"100,0"
75939593,"99,1"
26324896,"100,0"
56639389,"100,0"
95700485,"100,0"
51449748,"100,0"
28267726,"100,0"
12613085,"95,8"
53896162,"100,0"
17779637,"100,0"
66824652,"100,0"
49168016,"100,0"
71929526,"100,0"
60873719,"100,0"
28085125,"100,0"
21938183,"98,6"
78986228,.
71472793,"100,0"
69063711,"100,0"
77609073,"100,0"
35894996,"93,3"
12926770,"100,0"
68748767,"100,0"
23548714,"92,1"
48593439,"100,0"
91773491,"97,1"
30361243,"99,3"
25596917,"100,0"
65722876,"97,9"
52129378,"100,0"
65381163,"97,9"
31155312,"94,7"
84424083,"100,0"
49231191,"97,9"
78231062,"100,0"
10481541,"98,4"
68381790,"100,0"
13006857,"99,2"
16956086,"99,2"
58187973,"100,0"
88894245,..
31870541,"100,0"
44672598,"100,0"
31822012,"97,9"
83161201,"98,8"
99356671,..
16702464,"100,0"
29449669,"100,0"
62855448,"100,0"
36252055,"100,0"
91812793,"100,0"
14355031,"100,0"
46611859,"98,3"
58907711,"100,0"
68285560,"100,0"
58544422,"99,0"
65150019,"98,6"
71541108,"100,0"
53832505,"100,0"
47537928,"89,7"
69471748,"95,6"
49750031,"100,0"
76485705,"100,0"
93239262,"96,6"
99976753,"97,8"
75575321,"100,0"
28023078,"93,8"
43284031,"96,7"
24194577,..
26267406,..
51955293,"98,2"
57690933,"100,0"
12130801,"100,0"
51736304,"100,0"
44285075,"91,4"
95785055,"100,0"
68655578,"100,0"
68741484,"100,0"
37054246,"97,7"
39199869,"100,0"
31179045,"100,0"
72421673,"97,9"
15763669,..
59655752,"100,0"
88750078,"100,0"
41555549,"98,6"
85459854,"100,0"
81876614,"100,0"
18711877,"100,0"
67071618,"100,0"
75324351,"100,0"
61229217,"84,2"
70376604,"95,2"
59575030,"100,0"
18617410,"100,0"
28025244,"100,0"
40338843,"98,3"
77440824,"100,0"
14292382,"100,0"
51981332,"100,0"
87859089,"100,0"
98908403,"94,7"
16493131,"99,0"
83272868,"100,0"
11526364,"100,0"
45552626,"99,0"
50906954,.
16748680,"96,6"
65674821,"100,0"
92332557,"97,6"
78690637,"100,0"
38048202,"100,0"
90990441,..
26671095,"100,0"
65320354,"100,0"
77544055,"100,0"
49112879,"98,0"
30279258,"99,1"
76903284,"100,0"
43623146,..
49141105,"96,2"
15870428,"100,0"
26646080,"100,0"
26750052,"100,0"
18974693,"100,0"
26996566,"100,0"
27704246,"100,0"
28967085,..
69747871,..
31151740,"100,0"
79346084,"99,3"
89816391,"100,0"
14448619,"100,0"
12546590,"100,0"
43565270,"100,0"
77176811,"98,7"
52791537,"100,0"
85152591,"100,0"
85819857,"100,0"
40600798,"100,0"
52942981,"97,6"
54117171,"100,0"
48120273,"100,0"
33233228,..
94167577,"96,5"
27023528,"96,2"
53903798,"92,3"
97770837,"97,0"
69650864,"100,0"
59581397,"100,0"
41938272,"100,0"
29423248,"99,0"
76054399,"100,0"
33132452,"87,2"
60142020,..
70811222,"100,0"
17911161,"94,6"
35084976,"100,0"
25525759,.
77632411,"100,0"
49068301,"100,0"
59898194,"100,0"
38195284,"100,0"
97510495,"95,0"
89461767,"97,3"
94717858,"100,0"
53760158,"100,0"
78422467,"98,0"
37802196,..
36288955,"100,0"
74812809,"100,0"
88839172,"100,0"
48412612,"97,1"
95618280,"100,0"
75075402,"96,5"
26326048,"98,3"
37839488,"99,4"
46256929,"100,0"
83374651,"100,0"
59796774,"100,0"
17675502,..
75600007,"98,3"
73812226,"97,1"
30762346,..
82964090,"100,0"
88955893,"100,0"
15278518,"100,0"
15390992,"99,5"
63943560,"100,0"
85516596,"100,0"
16784385,"96,3"
89963319,..
24339566,"100,0"
65458415,..
95154882,..
52333875,"98,5"
24663703,..
28519815,"95,3"
65666808,.
69543519,"100,0"
89693952,.
24759907,"89,9"
78433202,"100,0"
35366805,"92,9"
31315191,"100,0"
42775003,"100,0"
56670842,"100,0"
89370947,"100,0"
48555205,"97,9"
31313926,"100,0"
30312720,"100,0"
32116280,"100,0"
57143976,"95,3"
93367005,"100,0"
53175499,"100,0"
64388538,"100,0"
52153758,"100,0"
22116645,"100,0"
99755443,"100,0"
30167976,"100,0"
50104466,"100,0"
28004794,..
32071849,"99,0"
79845033,"100,0"
41099519,"100,0"
59386837,"100,0"
17276047,"100,0"
21382451,"100,0"
48244956,"97,1"
36769815,..
43873969,"97,9"
55825382,"100,0"
19306558,"100,0"
35301145,"100,0"
24993048,"100,0"
13084253,"98,7"
59942080,"97,2"
66273269,"100,0"
11275959,"100,0"
58518163,"100,0"
27993549,"100,0"
37912396,"100,0"
45593337,"100,0"
10226870,"100,0"
19839859,"100,0"
67628478,"100,0"
37517404,..
32057701,"100,0"
30615080,"95,7"
25178582,"98,6"
70543431,"100,0"
23476801,..
86351879,"100,0"
56041144,"98,1"
74322969,"100,0"
90260899,"100,0"
31057219,"100,0"
27079521,"100,0"
33572033,"100,0"
64579522,"100,0"
34381901,"100,0"
55150847,"100,0"
90076461,"100,0"
53069733,"100,0"
99394620,"100,0"
95368476,"98,6"
14853321,"100,0"
76448076,"100,0"
31537066,"100,0"
86488203,"100,0"
25156286,"96,0"
28081446,"100,0"
21400668,"100,0"
92949043,"100,0"
92818240,"97,7"
84329061,"99,3"
91048178,"100,0"
82718660,"100,0"
12399380,"100,0"
31486865,"99,7"
97265732,"100,0"
61720981,"99,5"
50424828,"82,1"
82931004,..
95024660,"100,0"
32263814,"100,0"
47393891,"98,7"
48414975,"100,0"
11533776,"98,7"
47108751,..
28829503,"100,0"
99622695,..
98651664,"100,0"
33657492,"100,0"
79309485,"100,0"
37078868,..
16130958,"100,0"
82195565,"100,0"
33596572,"100,0"
77713695,"100,0"
51131594,"100,0"
89680395,"100,0"
53696633,"100,0"
27440210,"97,9"
62758285,"100,0"
16218090,"100,0"
64667996,"100,0"
23544320,"100,0"
57668673,"100,0"
69040241,..
63993414,"100,0"
49136871,..
20855811,"93,7"
53923398,"99,2"
74560191,"100,0"
47844862,"99,6"
72984079,"97,3"
36480690,"94,0"
24787883,..
32995170,"94,4"
52048443,"100,0"
61674097,"100,0"
32550660,"100,0"
93488613,"97,1"
45600034,"100,0"
59599256,"99,6"
26957025,"100,0"
90509211,"100,0"
43277545,"100,0"
11953769,..
50393060,"100,0"
85788659,"100,0"
95340745,..
59521477,"100,0"
92442684,"100,0"
66095163,"98,0"
54599691,"100,0"
54004368,"100,0"
31975673,"100,0"
82251333,"100,0"
99864908,"97,3"
27106031,"100,0"
59463950,"100,0"
63931325,"100,0"
57391913,"100,0"
75374280,"100,0"
46148350,"100,0"
50133877,"100,0"
49868916,"100,0"
74919147,"100,0"
78389879,"100,0"
24277564,"100,0"
44412461,"99,8"
36355200,"96,7"
96920524,"98,0"
18217765,"100,0"
70803636,"100,0"
49576295,"100,0"
66028861,"100,0"
23797825,"100,0"
45293715,"87,9"
77712952,"97,6"
10433896,"100,0"
43154449,"100,0"
49170638,"100,0"
46379730,"100,0"
25379974,"100,0"
88025221,"99,4"
18042101,"100,0"
56041699,..
45111086,"100,0"
70955448,"100,0"
68824244,"100,0"
46707989,"100,0"
46986216,"97,0"
67924816,"99,1"
92805465,"100,0"
56084099,..
16720048,"100,0"
13960635,"100,0"
61176909,"100,0"
43479922,"100,0"
28391147,"100,0"
21778322,"100,0"
31380193,..
62612992,"100,0"
85485803,"95,8"
16848652,"100,0"
88429477,"97,9"
94975733,"100,0"
56802300,"100,0"
15149235,"100,0"
13981977,"100,0"
24538846,"100,0"
67058407,"96,6"
15791044,"100,0"
65392939,"99,1"
98696836,"100,0"
64908550,"100,0"
77358716,"100,0"
49739986,"100,0"
29225010,"100,0"
92192566,"96,4"
56886667,"99,4"
64648566,"100,0"
65421426,"99,3"
62394916,"100,0"
67908927,"91,7"
72071234,"100,0"
24349146,"100,0"
83605345,..
15933512,"100,0"
64693272,"100,0"
18072172,..
65833454,"100,0"
11341077,"100,0"
34988313,"100,0"
28045567,"100,0"
20768651,"100,0"
38880984,"98,4"
28872974,"100,0"
18686599,"100,0"
93779220,"97,4"
77797484,"98,5"
80785976,"97,2"
47559319,"100,0"
21532545,"88,2"
56187883,"100,0"
20752831,"97,3"
51023367,"100,0"
34739511,"100,0"
52690153,"100,0"
93221031,"94,4"
17474377,"100,0"
18345915,"100,0"
68229719,"100,0"
61004230,"100,0"
71262305,"100,0"
55795961,..
84947634,"92,6"
97870412,"100,0"
68564903,"100,0"
82840198,"95,0"
18208087,"100,0"
89982804,"100,0"
19464342,..
60743463,..
32960825,"100,0"
43609520,..
41416934,"100,0"
21567982,"100,0"
49379603,..
80167319,..
73171934,..
83474173,"89,1"
91487291,..
21866405,"100,0"
74434644,"92,0"
42022406,"96,0"
88445871,"98,1"
18425335,"96,4"
93281974,"93,3"
23424275,"100,0"
19150273,"100,0"
25624692,"100,0"
88534520,"100,0"
16554575,"100,0"
25356960,"100,0"
64284020,"100,0"
98132436,"97,4"
60096875,"92,3"
26334561,"100,0"
40386043,"95,3"
29324709,"100,0"
26864271,"70,6"
59483268,..
33685428,"100,0"
88573795,"100,0"
82814120,"100,0"
10924758,"100,0"
34153869,..
88259298,..
73098153,"91,7"
44240250,"78,4"
17846181,..
75082798,"85,9"
23555409,"100,0"
91333138,"76,9"
30341162,..
39936461,"100,0"
72266906,"100,0"
27030026,"100,0"
12154972,"97,4"
16950252,"96,2"
34637764,"100,0"
73255276,"100,0"
15077883,"95,8"
48434184,"89,6"
58724424,"100,0"
51138448,"100,0"
19647256,"93,2"
56421429,"100,0"
39911065,..
17008320,..
56737496,"100,0"
88850910,"100,0"
93939982,"94,4"
25720752,"95,0"
55155562,"92,1"
31533003,"100,0"
31429031,"97,7"
16361868,..
24008049,"100,0"
36680097,..
87756916,"89,5"
59734510,"94,1"
19586169,"93,2"
24273261,"100,0"
95683850,"100,0"
59455288,"91,7"
82163292,"98,1"
25679488,"87,0"
25677996,"83,3"
89888648,"91,7"
90003262,..
88163512,"100,0"
35063170,..
31279294,"94,1"
36782335,"94,2"
20666515,"100,0"
37906565,"100,0"
67279303,"94,9"
21648755,"93,0"
11111710,"100,0"
90551279,"93,3"
93062368,"87,5"
69686851,"99,0"
49616977,"92,3"
90267145,"97,7"
72998905,"100,0"
69481650,"94,7"
88153340,"100,0"
94353434,"94,7"
59396229,"98,5"
95165649,"98,0"
69626109,"93,0"
85068812,..
36444853,"93,1"
15414001,"89,1"
38311488,"100,0"
16819383,"88,9"
12994441,"100,0"
53660780,"100,0"
30086854,"97,5"
79094701,"100,0"
38684438,"100,0"
96590873,"95,3"
73147554,"100,0"
65752105,..
11274830,"98,6"
51321260,"94,8"
96279444,"100,0"
61880907,"97,6"
35006050,"100,0"
88886610,"96,3"
10638939,"97,5"
88556189,"87,8"
35236491,"100,0"
58502307,"100,0"
97177328,"100,0"
72127035,"100,0"
70969714,"100,0"
85003442,"100,0"
22752398,"100,0"
71922787,"100,0"
31843016,"88,2"
74148070,..
50696507,"100,0"
44653962,"100,0"
81993306,"100,0"
29097621,"93,5"
87764775,"83,3"
48438396,"85,4"
98052678,..
44341171,"69,0"
32671805,"78,7"
38448056,"93,3"
16313848,"99,5"
79606767,"95,7"
11294673,"100,0"
86327236,"100,0"
28398531,"100,0"
66335258,"96,7"
54172830,"100,0"
86310217,"96,4"
83085136,"100,0"
75458014,..
65136104,..
79033948,"100,0"
56330385,"83,3"
44392995,"100,0"
69241230,"91,3"
85544331,"100,0"
80327946,"97,5"
78875918,"96,2"
78023197,"95,7"
86385479,"92,3"
40991561,..
99838438,"94,7"
42859669,"97,3"
70923626,"84,1"
92905347,"100,0"
99592025,"92,3"
34247736,"90,5"
47550455,"93,8"
30329172,"100,0"
76877530,..
47046103,"84,4"
56664512,..
38167912,"90,9"
20620556,"100,0"
17173461,..
19560192,"92,3"
98053087,"95,9"
92858957,"93,3"
46660042,"94,5"
44113417,"87,5"
67783774,..
38917647,..
21363125,.
39555838,..
85214294,"100,0"
82084961,"94,9"
46162400,"100,0"
98369689,"98,4"
56529916,"98,3"
40810950,"100,0"
40037982,"97,8"
73829818,"100,0"
18881773,..
80686587,"100,0"
12279302,"100,0"
17849518,"100,0"
94570025,"87,5"
91984508,"87,9"
78659008,"100,0"
12448823,..
40667807,"96,0"
18091973,"100,0"
40634612,"87,5"
62439199,"95,0"
66132676,"96,2"
80762863,"98,3"
77688926,"100,0"
14508922,..
69629086,"100,0"
88624631,"100,0"
35390185,..
37358234,"78,6"
31657916,"100,0"
54606928,"93,8"
46241804,"95,0"
42573391,"100,0"
64574972,"90,5"
19741742,"87,5"
29032715,"93,8"
48931433,"100,0"
97270136,"89,7"
19909435,"100,0"
30530571,"100,0"
96024712,"100,0"
40829056,"100,0"
85800840,"100,0"
27115998,"100,0"
41867682,"100,0"
65662401,"98,2"
39583059,"98,4"
38645259,"93,8"
87207941,..
11673760,"86,3"
63791419,"90,9"
39805497,"100,0"
38400227,"84,2"
83829189,"97,6"
46145886,"98,3"
43649848,"100,0"
75344502,"75,0"
84247499,"93,2"
27041885,"97,4"
97064126,..
32580162,"100,0"
48722826,"98,4"
71571158,"93,8"
53691739,"100,0"
97596286,"100,0"
67554405,"100,0"
86473502,"100,0"
98239050,"100,0"
94455820,..
58368956,"97,6"
73567152,"85,7"
61547652,"100,0"
60209222,"96,6"
62104139,"90,9"
78872213,"100,0"
84286698,"100,0"
62490359,"100,0"
64725297,"100,0"
43362941,"95,7"
23350817,"91,7"
76860623,"95,2"
56021320,"100,0"
41358402,"100,0"
64569393,"100,0"
87262566,"95,1"
41844601,"76,7"
51620045,"100,0"
23457902,"100,0"
27597104,"100,0"
57397381,"91,5"
56947954,"98,7"
72022487,"97,4"
70969556,"95,0"
28248021,"80,6"
44417214,"98,2"
25025681,"100,0"
49488344,"100,0"
74408578,"96,4"
86724994,"100,0"
86158933,"100,0"
14102256,"97,5"
75082280,"92,9"
75914181,"100,0"
39302565,"97,8"
36072799,"92,3"
61432781,"93,0"
78287294,"96,3"
74316305,"97,1"
39096170,"100,0"
99279503,"100,0"
72109637,..
69240218,"100,0"
14057258,"100,0"
43313366,"88,9"
97868185,..
81551726,"83,3"
77823650,"100,0"
37550979,..
52634142,"98,9"
76195214,"100,0"
54839753,..
32705515,"98,2"
60214465,..
70137084,"85,0"
82002016,"78,6"
21901328,"89,5"
23306658,"100,0"
57350392,..
11102578,"95,8"
69306209,"100,0"
92651253,"100,0"
31740319,"91,9"
17944628,"92,9"
82826083,"96,9"
94090461,"86,7"
12954099,..
80931789,"96,3"
84098842,"100,0"
90473340,..
26167236,"100,0"
69807202,"100,0"
64648904,"100,0"
63035915,"95,3"
26324896,"87,5"
28848709,"100,0"
12613085,"100,0"
53896162,"100,0"
11185244,"97,1"
56211717,"100,0"
66824652,"94,4"
49168016,"100,0"
32042066,"96,2"
50821167,"100,0"
92814975,"100,0"
28770304,"100,0"
64123241,"100,0"
69063711,"100,0"
77609073,"97,4"
35894996,"95,9"
17119840,"97,0"
68748767,"85,5"
25596917,"94,1"
20984584,"100,0"
52129378,"94,9"
98541468,"100,0"
31155312,"100,0"
25648215,"89,6"
61823258,"95,8"
39178171,"100,0"
79994304,..
68006362,"94,3"
11608031,"100,0"
86762103,"92,9"
68381790,"97,4"
13006857,"92,5"
76007769,"100,0"
16956086,"98,6"
58187973,"100,0"
88894245,"100,0"
71160225,"100,0"
67752682,"100,0"
47884009,"100,0"
44672598,"93,3"
75340089,"93,8"
36670439,"88,5"
22220001,"91,5"
15100079,..
55421481,..
99356671,"71,4"
16702464,"100,0"
71353314,..
36252055,"100,0"
91812793,"100,0"
14355031,"100,0"
72891848,"92,9"
31796890,..
22426680,"92,3"
83805032,"82,8"
48862305,"91,4"
32887559,"93,5"
71541108,"77,8"
69471748,"87,2"
93239262,"95,7"
25745773,"98,6"
99976753,..
14278480,"88,9"
28023078,"95,9"
43284031,"98,1"
13963517,"100,0"
26267406,"100,0"
31255918,"100,0"
51955293,"100,0"
35035671,"88,2"
12130801,..
51736304,"100,0"
53180719,"100,0"
27489137,"100,0"
15609112,"100,0"
60424371,"94,1"
68655578,"93,1"
17062663,"100,0"
68741484,"96,6"
56267421,"100,0"
34990065,"100,0"
37054246,"96,6"
39199869,..
62216381,"100,0"
31179045,"97,8"
72421673,"100,0"
59655752,..
88750078,"97,1"
41878314,..
41555549,"91,7"
32003298,"100,0"
22383788,"100,0"
85459854,"100,0"
81876614,..
18711877,"100,0"
67071618,"96,4"
75324351,"100,0"
61229217,"94,1"
58929357,"100,0"
42517257,"96,9"
70376604,"100,0"
93503103,"100,0"
18617410,"100,0"
41697930,"100,0"
28025244,"94,4"
17184072,"100,0"
40338843,"100,0"
77440824,"100,0"
71069359,"100,0"
86896907,"100,0"
14292382,"96,1"
87859089,"84,2"
54764253,"100,0"
98908403,"100,0"
16493131,"98,3"
41119610,"100,0"
48304166,"100,0"
24982097,"77,8"
97104132,"100,0"
68597767,..
27964873,"91,7"
30706655,"90,0"
65674821,"91,7"
46332927,"97,3"
78690637,"100,0"
24653673,"100,0"
38048202,"100,0"
90990441,..
86319615,"100,0"
87303004,"100,0"
97835550,"90,9"
22446331,"94,6"
26671095,"100,0"
42911621,"99,0"
40575001,"100,0"
75027822,"100,0"
26508763,"100,0"
14504503,"100,0"
21850904,"100,0"
77544055,"96,4"
16198647,"100,0"
12496135,"100,0"
76903284,"95,1"
68649663,"89,2"
15870428,"94,3"
26750052,"97,1"
81997762,"98,4"
69747871,..
70119254,"100,0"
79346084,"97,9"
34222422,"93,3"
84230226,..
42060237,"90,9"
89816391,"95,2"
14448619,"97,5"
12546590,"90,5"
94167577,"100,0"
27023528,"82,9"
53903798,"90,0"
85782695,"100,0"
98815582,"86,7"
97770837,"88,9"
21312503,"100,0"
14926020,"94,7"
33132452,"94,0"
56942970,..
56653353,"97,9"
59898194,..
97510495,"100,0"
38683336,"100,0"
95618280,"94,5"
17675502,"85,7"
75600007,"100,0"
15278518,"88,9"
15390992,"100,0"
63943560,"100,0"
85516596,"97,1"
31998226,..
38236800,"95,8"
59026584,"99,4"
79829846,"100,0"
20061769,"100,0"
65458415,..
95154882,..
52333875,"93,0"
65666808,"97,8"
24397215,"90,9"
30677562,"97,5"
85054102,"100,0"
87274273,"100,0"
24759907,"70,6"
41631104,"75,0"
80357110,"95,7"
18451445,..
93367005,"100,0"
16501673,"86,8"
26298615,"100,0"
50104466,..
79845033,"100,0"
41099519,"100,0"
59386837,"98,0"
21627442,"100,0"
17276047,"95,0"
73217812,"78,9"
48244956,"100,0"
36769815,"100,0"
16931486,"95,2"
92489953,"96,3"
43873969,"100,0"
55825382,"100,0"
19306558,..
24993048,..
70132092,"91,5"
65034473,..
13084253,"73,1"
32321364,"90,9"
59942080,..
66273269,"100,0"
82888663,"88,1"
11275959,"94,0"
58518163,"92,9"
50615280,"100,0"
19035583,"100,0"
27993549,"71,6"
37912396,"100,0"
90312942,"100,0"
19839859,"100,0"
80280597,..
67628478,..
37517404,..
29159460,"94,0"
43601850,"100,0"
89630851,"97,7"
86351879,"100,0"
14586562,..
74322969,"97,1"
90260899,"100,0"
69302313,"100,0"
31057219,"97,0"
27079521,"100,0"
64579522,"92,0"
65234368,"100,0"
34381901,"93,6"
96414537,"100,0"
99394620,"100,0"
95368476,"100,0"
14853321,"100,0"
76448076,"88,0"
31537066,"93,3"
86488203,"84,8"
25156286,"100,0"
92949043,"91,7"
92818240,"100,0"
84329061,"96,8"
71969230,"85,7"
91048178,"98,3"
76942525,"88,5"
31486865,"100,0"
10373112,..
61720981,"93,0"
25698509,"94,7"
50424828,"91,9"
82931004,"94,7"
83584125,"100,0"
16496466,"100,0"
12075195,"100,0"
62300682,"100,0"
65265211,"100,0"
97191332,"82,8"
71938440,"100,0"
22811839,"100,0"
33205596,"100,0"
19930101,"100,0"
60727136,"100,0"
45132264,"95,8"
61647360,..
33657492,"90,7"
61622991,"100,0"
66644568,"94,4"
93659517,"100,0"
61175914,"94,1"
73316818,"100,0"
27859889,"100,0"
29161632,..
45541222,"100,0"
63451147,"100,0"
61197669,..
17812651,"100,0"
57668673,"96,0"
69040241,"100,0"
91905819,"96,7"
54882637,"100,0"
53923398,"95,9"
47844862,"100,0"
22239675,"100,0"
72984079,"100,0"
36480690,"96,2"
24787883,"100,0"
52048443,"100,0"
32550660,"87,5"
59599256,"96,8"
69865450,"96,0"
31112935,"86,7"
90509211,"87,9"
37316242,"97,7"
20173336,"90,9"
49872493,"100,0"
39147056,"98,1"
11953769,"100,0"
28646435,"100,0"
50393060,"96,0"
85788659,"88,5"
95340745,"100,0"
59521477,"94,9"
92442684,"100,0"
38544187,"93,6"
54599691,"96,9"
54467211,"98,9"
23517683,"100,0"
82251333,"100,0"
99864908,"100,0"
27106031,"100,0"
59463950,"100,0"
63931325,"100,0"
57391913,"95,2"
75374280,"92,6"
46148350,"100,0"
50133877,"97,6"
49868916,"98,0"
90240730,"90,9"
84908877,"93,5"
24277564,"76,2"
88956420,..
34002355,"94,9"
36355200,"79,2"
96920524,"89,5"
18217765,"100,0"
60919765,..
14677676,"93,9"
96152872,"100,0"
77835341,"100,0"
70803636,"100,0"
23797825,"100,0"
44738639,"75,0"
77712952,"95,0"
92009807,"93,6"
10433896,"100,0"
10342448,"93,5"
43154449,"100,0"
98032567,..
96194948,"92,6"
25955541,"100,0"
88025221,"88,5"
14799321,"100,0"
56041699,"88,0"
70955448,"100,0"
68824244,"97,6"
90685868,"96,7"
24501884,"100,0"
56084099,"100,0"
80711021,"97,8"
17648596,"98,2"
16720048,"94,9"
39341381,"100,0"
60088179,"90,2"
28391147,"97,0"
29209307,"100,0"
21778322,"100,0"
31380193,"100,0"
90290154,"100,0"
25847233,"91,5"
92816527,"100,0"
16848652,"100,0"
94975733,"96,8"
56802300,"100,0"
15149235,"100,0"
77379848,..
13981977,..
24538846,..
36886750,"100,0"
67422309,"91,4"
67058407,"100,0"
34421265,"98,4"
15791044,..
98696836,"100,0"
82160887,"96,3"
23175129,"100,0"
77358716,"100,0"
29225010,"100,0"
33249781,"88,5"
64648566,"100,0"
18691102,"92,3"
70302356,"92,0"
65421426,"100,0"
24349146,"99,4"
83605345,"94,4"
15933512,"98,6"
12198363,..
47692481,"95,7"
64693272,"92,3"
18072172,..
85188855,"100,0"
39528347,"100,0"
85473846,"100,0"
29744774,..
89690587,"97,9"
20768651,..
32239920,"100,0"
98781765,"100,0"
87112995,"82,1"
18686599,..
93779220,"77,8"
53279140,"89,4"
80785976,"100,0"
47559319,"92,9"
21532545,..
56187883,"83,9"
51023367,"97,9"
95069937,"100,0"
52690153,"100,0"
93221031,..
68229719,..
84947634,..
89982804,"100,0"
60743463,..
73171934,..
74434644,"89,5"
93281974,"100,0"
23424275,..
16554575,"100,0"
60096875,"91,7"
40386043,..
33685428,..
10924758,"100,0"
75082798,"100,0"
16950252,"92,3"
15077883,"100,0"
48434184,..
51138448,"100,0"
93939982,"92,9"
31533003,"100,0"
24273261,..
59455288,..
25677996,..
31279294,..
36782335,"100,0"
90551279,"93,9"
93062368,..
69626109,"93,0"
10638939,"100,0"
72127035,..
85003442,"100,0"
98052678,..
32671805,..
16313848,"100,0"
54172830,..
75458014,..
78023197,"100,0"
40991561,..
70923626,"71,4"
76877530,..
47046103,..
19560192,"95,5"
98053087,"100,0"
46660042,"88,9"
67783774,..
85214294,"100,0"
12279302,"100,0"
91984508,"87,9"
40667807,..
40634612,..
80762863,"97,5"
64574972,..
30530571,..
96024712,"100,0"
27115998,"100,0"
39583059,"94,7"
38645259,..
46145886,..
27041885,"92,3"
48722826,"100,0"
97596286,"100,0"
67554405,"100,0"
56021320,"100,0"
23457902,..
57397381,"92,9"
72022487,..
70969556,..
28248021,..
44417214,"100,0"
25025681,"100,0"
14102256,"100,0"
75082280,"92,9"
39096170,"100,0"
69240218,"100,0"
82002016,..
23306658,..
94090461,"86,7"
63035915,"92,1"
50821167,..
68748767,"94,4"
20984584,..
25648215,"90,0"
11608031,"100,0"
13006857,..
16956086,..
58187973,..
88894245,..
71160225,"100,0"
44672598,"89,5"
22220001,..
71353314,..
69471748,"100,0"
93239262,"95,7"
13963517,..
68655578,"100,0"
31179045,"95,2"
59655752,..
18711877,..
67071618,"94,4"
18617410,"100,0"
40338843,"100,0"
14292382,..
87859089,..
98908403,"100,0"
24982097,..
68597767,..
38048202,"100,0"
90990441,..
40575001,"100,0"
26508763,"100,0"
76903284,..
69747871,..
79346084,"95,7"
89816391,..
53903798,"92,3"
33132452,"100,0"
17675502,"85,7"
75600007,"100,0"
85516596,"100,0"
50104466,..
59386837,"100,0"
43873969,"100,0"
24993048,..
58518163,"92,9"
29159460,"92,3"
89630851,"100,0"
86351879,"100,0"
74322969,..
64579522,"100,0"
14853321,..
86488203,"87,5"
84329061,..
71969230,..
31486865,"100,0"
61720981,"87,5"
50424828,..
83584125,"100,0"
65265211,..
66644568,"94,4"
61175914,..
29161632,..
36480690,..
32550660,"87,5"
37316242,..
50393060,..
95340745,..
59521477,..
46148350,..
49868916,"100,0"
84908877,"100,0"
24277564,..
36355200,..
88025221,"88,5"
56041699,..
70955448,"100,0"
60088179,"85,0"
25847233,"91,3"
16848652,..
56802300,..
36886750,..
67422309,..
82160887,"100,0"
64648566,..
15933512,"96,3"
12198363,..
64693272,..
89690587,"94,7"
18686599,..
93779220,"77,8"
80785976,..
47559319,"92,9"
52690153,..
93221031,..
18345915,"100,0"
97870412,"100,0"
18208087,"100,0"
41416934,"100,0"
21567982,"100,0"
83474173,"93,3"
88445871,"100,0"
25624692,..
25356960,"100,0"
98132436,"98,1"
60096875,"92,9"
29324709,"100,0"
26864271,"80,0"
44240250,"84,6"
75082798,"100,0"
91333138,..
12154972,"100,0"
15077883,"84,6"
48434184,"92,3"
19647256,"100,0"
56737496,"100,0"
55155562,"88,2"
24008049,"100,0"
59734510,..
19586169,"100,0"
24273261,..
59455288,..
89888648,..
36782335,"86,7"
20666515,"100,0"
90551279,"88,2"
93062368,..
90267145,"100,0"
88153340,"100,0"
94353434,"94,7"
88886610,"96,3"
88556189,"85,7"
72127035,"100,0"
22752398,"100,0"
31843016,"93,3"
29097621,"92,1"
16313848,"96,4"
11294673,..
86327236,..
69241230,..
80327946,"94,1"
86385479,..
70923626,"95,2"
92905347,..
47550455,"96,3"
56664512,..
19560192,..
46660042,"100,0"
38917647,..
82084961,"100,0"
98369689,"100,0"
56529916,"98,0"
17849518,..
18091973,"100,0"
69629086,"100,0"
31657916,..
19741742,"71,4"
40829056,..
85800840,"100,0"
39583059,"97,5"
39805497,"100,0"
46145886,"100,0"
84247499,"100,0"
71571158,..
86473502,..
58368956,"97,6"
23350817,..
41358402,"100,0"
87262566,..
23457902,..
56947954,"100,0"
72022487,"95,8"
28248021,..
74408578,"100,0"
86724994,"100,0"
39302565,"95,0"
61432781,"96,6"
14057258,..
81551726,..
76195214,..
70137084,"81,5"
57350392,..
92651253,"100,0"
82826083,"95,0"
26167236,..
63035915,"87,2"
32042066,"100,0"
92814975,..
64123241,"100,0"
20984584,..
98541468,"100,0"
25648215,..
79994304,..
86762103,..
68381790,..
13006857,"100,0"
16956086,..
88894245,..
67752682,"100,0"
75340089,"88,9"
22220001,"88,0"
15100079,..
36252055,"100,0"
72891848,..
48862305,"91,1"
13963517,..
31255918,"100,0"
53180719,"100,0"
68655578,"88,6"
37054246,..
62216381,"100,0"
18711877,..
61229217,"92,3"
41697930,"100,0"
77440824,..
14292382,"100,0"
54764253,"100,0"
98908403,"100,0"
16493131,"100,0"
24982097,..
27964873,"84,6"
30706655,"100,0"
78690637,"100,0"
24653673,..
87303004,..
97835550,..
22446331,..
42911621,"100,0"
14504503,..
76903284,..
81997762,"100,0"
70119254,"100,0"
42060237,"89,3"
85782695,"100,0"
38236800,..
41631104,..
16501673,..
26298615,"100,0"
41099519,..
59386837,..
73217812,..
16931486,..
70132092,"88,0"
27993549,"78,8"
90312942,"100,0"
19839859,..
29159460,..
43601850,"100,0"
74322969,..
31057219,..
34381901,"100,0"
96414537,..
99394620,"100,0"
76448076,"88,0"
92818240,"100,0"
84329061,..
71969230,..
91048178,..
65265211,..
22811839,"100,0"
61622991,"100,0"
61175914,..
91905819,..
54882637,"100,0"
53923398,..
69865450,..
20173336,"95,0"
49872493,..
39147056,"100,0"
11953769,..
85788659,..
59521477,..
54467211,"100,0"
82251333,"100,0"
90240730,"97,1"
34002355,..
96920524,"91,7"
96152872,"100,0"
92009807,"100,0"
10342448,"91,7"
90685868,"100,0"
17648596,"98,2"
39341381,..
29209307,..
90290154,..
92816527,"100,0"
24538846,..
67422309,"92,3"
34421265,"100,0"
82160887,"95,8"
33249781,"100,0"
18691102,..
24349146,"98,2"
83605345,..
47692481,..
85188855,..
85473846,"100,0"
32239920,"100,0"
56187883,"71,4"
52690153,..
74776778,"100,0"
71262305,"100,0"
84947634,"100,0"
48009865,"100,0"
89982804,..
97968599,"100,0"
91748148,"100,0"
42218661,..
74434644,"100,0"
42022406,..
34076477,"97,3"
54896448,"100,0"
97758137,"100,0"
26334561,"100,0"
40386043,"100,0"
20699742,"100,0"
82814120,"100,0"
45164827,"100,0"
10924758,"100,0"
34153869,"100,0"
17846181,..
75082798,"96,2"
23555409,"100,0"
27030026,"100,0"
15077883,"100,0"
48434184,"100,0"
58724424,..
39911065,"98,2"
56737496,"100,0"
55155562,"98,3"
31533003,"100,0"
19981611,"100,0"
25679488,"100,0"
35063170,"100,0"
31279294,..
36782335,"100,0"
67279303,..
21648755,"98,8"
11111710,..
49616977,"100,0"
84835666,"96,3"
20319353,"96,0"
85068812,..
78397312,"100,0"
36444853,"100,0"
89837629,..
12994441,"100,0"
88774402,"100,0"
75141151,"90,6"
61701709,"100,0"
38684438,"96,2"
39549479,"100,0"
73147554,"100,0"
69983740,"100,0"
12052268,"95,5"
71597051,"100,0"
40690520,"100,0"
35006050,"100,0"
10638939,..
34336190,"100,0"
88834120,"100,0"
53640774,"100,0"
72127035,"100,0"
71922787,"100,0"
92507006,"100,0"
20100577,"100,0"
79606767,"97,7"
11294673,..
86327236,"100,0"
66335258,..
54172830,"100,0"
56330385,"100,0"
44392995,"100,0"
60730660,"100,0"
82592568,"98,8"
86385479,"100,0"
49862313,"83,3"
42859669,"100,0"
99592025,"100,0"
34247736,"100,0"
76877530,..
38167912,"100,0"
43826783,..
58125096,"100,0"
17173461,..
30468157,"100,0"
23681822,"100,0"
92858957,"98,3"
82084961,"100,0"
73829818,"100,0"
18881773,..
12279302,"88,2"
64205087,"98,6"
18091973,"100,0"
88466776,"100,0"
54606928,"100,0"
19741742,"100,0"
45830583,"100,0"
30530571,"98,4"
78839208,"100,0"
30458073,..
27115998,"100,0"
79516949,..
87207941,"100,0"
11673760,"99,1"
38400227,"100,0"
81619482,"100,0"
39149668,"100,0"
67554405,"100,0"
73944169,"100,0"
78872213,"100,0"
64569393,"100,0"
48217580,"99,1"
57397381,"100,0"
72022487,"100,0"
71512894,"100,0"
28248021,"100,0"
44417214,"100,0"
74408578,"98,1"
71043974,"100,0"
61161774,"100,0"
75914181,..
24544503,"98,9"
69240218,"100,0"
12934438,"100,0"
43313366,"100,0"
37550979,"100,0"
60214465,"96,2"
23306658,"100,0"
11102578,"100,0"
10129345,"100,0"
94090461,"100,0"
26324896,"100,0"
56639389,"100,0"
53896162,"100,0"
17779637,"100,0"
71929526,"100,0"
60873719,"100,0"
68748767,..
23548714,"96,2"
48593439,"100,0"
91773491,..
30361243,"100,0"
25596917,"100,0"
31155312,..
84424083,"100,0"
10481541,"100,0"
68381790,..
13006857,"100,0"
16956086,"100,0"
58187973,"100,0"
31870541,"100,0"
44672598,"100,0"
31822012,"100,0"
62855448,"100,0"
91812793,"100,0"
58907711,"100,0"
68285560,"100,0"
69471748,"94,1"
99976753,"97,8"
75575321,"100,0"
57690933,"100,0"
12130801,"100,0"
95785055,"100,0"
68741484,"100,0"
37054246,"100,0"
31179045,"100,0"
59655752,"100,0"
41555549,"100,0"
85459854,"100,0"
67071618,"100,0"
28025244,"100,0"
40338843,"100,0"
14292382,..
87859089,"100,0"
98908403,"100,0"
83272868,"100,0"
45552626,"97,7"
92332557,"100,0"
78690637,"100,0"
77544055,"100,0"
76903284,"100,0"
49141105,"92,9"
26646080,"100,0"
79346084,"100,0"
14448619,"100,0"
43565270,"100,0"
85152591,"100,0"
40600798,"100,0"
48120273,"100,0"
94167577,"100,0"
53903798,"94,1"
97770837,"97,9"
70811222,..
17911161,"91,9"
35084976,"100,0"
77632411,"100,0"
59898194,"100,0"
38195284,"100,0"
97510495,"93,9"
89461767,"96,6"
94717858,"100,0"
75075402,"100,0"
26326048,"97,8"
37839488,"100,0"
73812226,"100,0"
15278518,"100,0"
85516596,"100,0"
16784385,"98,1"
24339566,"100,0"
65458415,..
52333875,"100,0"
24759907,"84,0"
31315191,"100,0"
48555205,"97,4"
32116280,"100,0"
64388538,..
52153758,"100,0"
99755443,"100,0"
30167976,"100,0"
32071849,"100,0"
79845033,..
41099519,"100,0"
59386837,..
21382451,"100,0"
55825382,"100,0"
59942080,"100,0"
37912396,..
45593337,"100,0"
19839859,..
30615080,"100,0"
86351879,"100,0"
90260899,"100,0"
31057219,..
27079521,"100,0"
64579522,..
34381901,"100,0"
55150847,"100,0"
53069733,..
14853321,"100,0"
86488203,"100,0"
25156286,..
28081446,"100,0"
92818240,"97,7"
12399380,..
31486865,"99,2"
97265732,"100,0"
61720981,"100,0"
50424828,..
95024660,"100,0"
32263814,"100,0"
33657492,"100,0"
79309485,"100,0"
77713695,"100,0"
23544320,"100,0"
69040241,..
20855811,"94,9"
53923398,"100,0"
74560191,..
47844862,"100,0"
72984079,"100,0"
61674097,"100,0"
93488613,"91,7"
59599256,"100,0"
90509211,"100,0"
50393060,"100,0"
85788659,..
59521477,"100,0"
54599691,"100,0"
31975673,"100,0"
27106031,"100,0"
46148350,..
49868916,"100,0"
74919147,"100,0"
78389879,"100,0"
44412461,"98,9"
96920524,"98,0"
70803636,"100,0"
23797825,"100,0"
10433896,"100,0"
49170638,"100,0"
25379974,..
18042101,"100,0"
70955448,"100,0"
92805465,"100,0"
61176909,"100,0"
21778322,"100,0"
31380193,..
62612992,"100,0"
16848652,"100,0"
15149235,"100,0"
24538846,"100,0"
67058407,"95,0"
98696836,"100,0"
49739986,"100,0"
92192566,"100,0"
65421426,"99,2"
72071234,"100,0"
65833454,..
28045567,"100,0"
38880984,"97,2"
18686599,"100,0"
47559319,"100,0"
20752831,"98,2"
51023367,..
52690153,..
93221031,..
18345915,"100,0"
71262305,..
97870412,"100,0"
82840198,"100,0"
41416934,..
21866405,"100,0"
42022406,"96,0"
25624692,..
64284020,"100,0"
40386043,"100,0"
26864271,.
75082798,"100,0"
23555409,"100,0"
30341162,..
72266906,"100,0"
15077883,..
48434184,"100,0"
56421429,"100,0"
56737496,..
24008049,"100,0"
36680097,..
59734510,..
19586169,..
95683850,"100,0"
89888648,"100,0"
36782335,"95,7"
37906565,"100,0"
90551279,"100,0"
69686851,"100,0"
90267145,..
85068812,..
16819383,"100,0"
79094701,"100,0"
11274830,"98,6"
35006050,"100,0"
88556189,..
97177328,"100,0"
72127035,..
22752398,"100,0"
71922787,..
81993306,"100,0"
16313848,"100,0"
11294673,..
28398531,..
79033948,"100,0"
69241230,..
80327946,"96,9"
86385479,"91,7"
99838438,"94,7"
42859669,"100,0"
92905347,..
99592025,"92,3"
30329172,"100,0"
47046103,..
19560192,..
98053087,"100,0"
46660042,"95,0"
44113417,"100,0"
39555838,..
82084961,"92,2"
46162400,"100,0"
12448823,..
18091973,..
40634612,"100,0"
69629086,"100,0"
31657916,..
42573391,..
29032715,"100,0"
19909435,"100,0"
85800840,"100,0"
27115998,"100,0"
41867682,"100,0"
39583059,"96,7"
38645259,..
63791419,"95,5"
46145886,"100,0"
84247499,"100,0"
48722826,"100,0"
53691739,"100,0"
60209222,"100,0"
78872213,"100,0"
51620045,"100,0"
56947954,"100,0"
72022487,"100,0"
70969556,..
28248021,..
74408578,"93,3"
86724994,"100,0"
39302565,"100,0"
74316305,"100,0"
72109637,..
97868185,..
77823650,"100,0"
76195214,..
70137084,"100,0"
69306209,"100,0"
80931789,"96,3"
90473340,..
26167236,..
63035915,"100,0"
12613085,"100,0"
66824652,"93,3"
32042066,"92,9"
92814975,"100,0"
69063711,..
77609073,..
68748767,..
52129378,"94,9"
61823258,..
68006362,"100,0"
86762103,..
68381790,..
13006857,"85,7"
16956086,"100,0"
58187973,..
88894245,..
67752682,"100,0"
44672598,"100,0"
22220001,"100,0"
16702464,..
36252055,"100,0"
72891848,"100,0"
32887559,"96,8"
43284031,"100,0"
13963517,..
26267406,..
31255918,"100,0"
51736304,..
53180719,"100,0"
27489137,"100,0"
37054246,"95,2"
62216381,"100,0"
88750078,"100,0"
22383788,"100,0"
81876614,..
75324351,..
61229217,"92,3"
41697930,"100,0"
17184072,..
77440824,"100,0"
14292382,"100,0"
87859089,..
16493131,"100,0"
24982097,..
68597767,..
30706655,"90,9"
38048202,"100,0"
87303004,..
97835550,..
26671095,"100,0"
42911621,"100,0"
15870428,"100,0"
26750052,"97,1"
81997762,"93,8"
79346084,"100,0"
14448619,"96,6"
94167577,"100,0"
21312503,"100,0"
33132452,"100,0"
15390992,"100,0"
38236800,"100,0"
95154882,..
65666808,"95,7"
93367005,"100,0"
16501673,..
79845033,"100,0"
41099519,..
59386837,..
17276047,"95,0"
48244956,"100,0"
70132092,"92,9"
27993549,"81,3"
90312942,"100,0"
37517404,..
29159460,"100,0"
43601850,"100,0"
86351879,"100,0"
74322969,..
90260899,..
31057219,"100,0"
27079521,"100,0"
96414537,..
95368476,..
76448076,"88,0"
91048178,"100,0"
76942525,..
61720981,"97,1"
82931004,"94,7"
33205596,"100,0"
60727136,..
33657492,"100,0"
93659517,"100,0"
57668673,"95,0"
91905819,..
54882637,..
36480690,..
52048443,"100,0"
69865450,..
37316242,"100,0"
50393060,..
59521477,"100,0"
54467211,"100,0"
59463950,"100,0"
63931325,"100,0"
75374280,..
50133877,"100,0"
34002355,..
18217765,..
96152872,"100,0"
10433896,"100,0"
43154449,"100,0"
96194948,..
68824244,"96,6"
90685868,"93,8"
39341381,..
28391147,"97,0"
31380193,..
90290154,..
92816527,"100,0"
94975733,"95,7"
77379848,..
13981977,..
67422309,..
82160887,..
23175129,"100,0"
29225010,"100,0"
24349146,"100,0"
85188855,..
39528347,"100,0"
32239920,"100,0"
80785976,"100,0"
21532545,..
56187883,"100,0"
51023367,"100,0"
52690153,..
61004230,"100,0"
23517336,"100,0"
48009865,..
82840198,..
19464342,..
43609520,"100,0"
42218661,"100,0"
42022406,"100,0"
56679384,"100,0"
69018222,"97,9"
64284020,..
97758137,"100,0"
40386043,"98,3"
33685428,"100,0"
34153869,..
75082798,"100,0"
23555409,..
30341162,"92,3"
19912478,"97,8"
58724424,..
95684185,"97,2"
93939982,..
55155562,..
24008049,"100,0"
54481243,"100,0"
36680097,..
25677996,"95,2"
31279294,..
36782335,"100,0"
21648755,"66,7"
69686851,..
54965510,"97,8"
25872338,..
10974852,..
85068812,..
78397312,"100,0"
36444853,"92,9"
61469192,"98,4"
79094701,"100,0"
71597051,"100,0"
53231578,"100,0"
91011325,"93,3"
97382366,"96,2"
10638939,..
69739484,"91,5"
92887917,"97,4"
68734112,..
44653962,..
47264019,"96,7"
20099064,"93,8"
16313848,"100,0"
79033948,"92,9"
68240485,"100,0"
95046058,"94,7"
44392995,"95,0"
99838438,"92,3"
30329172,"100,0"
76877530,..
38167912,..
77839100,..
55535552,..
92533079,"100,0"
92858957,"100,0"
82084961,..
50908408,"90,9"
18594470,"94,1"
72232853,"100,0"
18091973,..
36539945,..
40634612,"100,0"
66132676,"96,7"
64574972,"100,0"
48931433,..
85800840,"98,2"
68920727,"100,0"
27115998,..
79516949,"93,3"
96684210,"100,0"
23836342,"100,0"
81619482,"100,0"
39149668,..
48722826,..
73063662,"90,5"
43251309,"100,0"
67554405,..
94455820,..
78872213,"100,0"
56021320,"100,0"
64569393,..
86888278,..
57397381,"96,3"
44417214,..
49488344,"100,0"
57777751,..
38732602,"91,7"
86158933,"98,1"
75914181,"100,0"
84476205,"100,0"
24544503,"96,2"
86787111,"100,0"
97868185,"100,0"
70137084,..
23306658,..
11102578,"100,0"
94468610,"94,6"
90473340,"100,0"
64648904,"100,0"
75939593,"97,6"
51449748,"100,0"
28267726,"100,0"
71929526,"100,0"
71472793,"100,0"
69063711,"100,0"
35894996,..
65722876,"97,4"
49231191,"97,9"
13006857,..
16956086,..
88894245,..
44672598,..
99356671,..
29449669,"100,0"
91812793,"100,0"
14355031,"100,0"
46611859,"98,3"
65150019,"98,6"
47537928,"89,7"
44285075,"88,5"
68741484,..
72421673,..
15763669,..
18711877,"100,0"
61229217,..
70376604,"95,2"
40338843,..
16493131,"100,0"
83272868,"100,0"
16748680,"93,3"
92332557,"94,6"
78690637,"100,0"
90990441,..
49112879,"98,0"
43623146,..
18974693,"100,0"
28967085,..
33233228,..
94167577,"95,5"
27023528,"92,3"
97770837,..
29423248,"94,7"
33132452,..
17911161,..
35084976,..
77632411,"100,0"
53760158,"100,0"
78422467,"98,0"
75075402,"92,3"
46256929,"100,0"
83374651,"100,0"
30762346,..
15390992,"97,9"
85516596,..
95154882,..
24663703,..
28519815,"98,8"
65666808,.
24759907,"87,4"
35366805,"92,9"
89370947,"100,0"
64388538,"100,0"
17276047,..
48244956,"100,0"
43873969,"87,5"
19306558,"100,0"
45593337,..
25178582,"97,6"
70543431,"100,0"
56041144,"100,0"
90260899,..
33572033,"100,0"
95368476,"100,0"
76448076,"100,0"
28081446,"100,0"
21400668,"100,0"
92949043,"100,0"
31486865,"100,0"
97265732,"100,0"
50424828,..
11533776,"98,7"
99622695,..
51131594,"100,0"
89680395,"100,0"
53696633,"100,0"
27440210,"97,9"
62758285,"100,0"
57668673,..
63993414,..
49136871,..
53923398,..
74560191,..
36480690,"93,8"
24787883,..
52048443,"100,0"
43277545,"100,0"
66095163,"96,7"
54004368,"100,0"
31975673,..
99864908,..
49868916,"100,0"
44412461,"100,0"
49576295,..
45293715,"87,9"
77712952,..
10433896,"100,0"
43154449,"100,0"
46379730,"100,0"
46986216,"95,7"
16720048,"100,0"
31380193,..
85485803,"91,7"
88429477,..
98696836,"100,0"
49739986,"100,0"
29225010,"100,0"
56886667,"98,1"
62394916,..
67908927,"91,7"
18072172,..
11341077,"100,0"
77797484,"98,2"
80785976,"93,3"
21532545,"84,6"
51023367,..
43649848,"100,0"
74316305,"100,0"
84098842,"100,0"
17062663,"100,0"
71069359,"100,0"
48304166,"100,0"
92009807,"100,0"
93221031,"90,9"
17474377,"100,0"
55795961,..
84947634,"95,2"
68564903,"100,0"
18208087,"100,0"
41416934,"100,0"
21866405,"100,0"
25624692,..
25356960,"100,0"
98132436,..
40386043,"92,3"
44240250,"75,0"
75082798,..
91333138,"84,6"
12154972,"92,9"
15077883,..
48434184,..
19647256,..
93939982,..
55155562,"95,2"
24008049,"100,0"
59734510,..
19586169,..
24273261,..
89888648,..
90003262,..
36782335,"83,3"
67279303,"92,0"
21648755,"81,8"
90267145,..
61880907,"97,6"
88556189,"90,9"
72127035,..
70969714,"100,0"
31843016,"83,3"
29097621,"95,8"
16313848,"100,0"
86327236,..
86310217,"96,4"
69241230,..
80327946,"100,0"
70923626,..
92905347,..
30329172,"100,0"
47046103,"83,3"
17173461,..
19560192,..
98053087,..
46660042,"92,3"
38917647,..
98369689,"97,8"
17849518,..
40667807,..
69629086,"100,0"
31657916,..
46241804,"95,0"
29032715,"88,9"
19909435,..
85800840,"100,0"
39583059,"100,0"
38645259,..
39805497,"100,0"
83829189,"100,0"
84247499,"89,8"
97064126,..
48722826,"100,0"
71571158,"91,3"
73567152,"86,4"
84286698,"100,0"
23350817,..
87262566,"93,1"
56947954,"95,2"
72022487,"88,2"
70969556,..
86724994,"100,0"
39302565,"100,0"
61432781,..
14057258,..
81551726,..
52634142,"100,0"
76195214,..
70137084,"77,8"
92651253,..
26167236,"100,0"
28848709,"100,0"
49168016,"100,0"
28770304,"100,0"
17119840,"95,5"
61823258,..
86762103,..
76007769,"100,0"
88894245,..
47884009,..
75340089,..
36670439,..
72891848,..
83805032,"82,8"
31255918,"100,0"
35035671,"88,2"
53180719,..
17062663,"100,0"
88750078,"92,3"
85459854,"100,0"
61229217,..
93503103,"100,0"
14292382,..
87859089,..
16493131,"100,0"
48304166,"100,0"
27964873,"95,7"
30706655,..
78690637,..
24653673,"100,0"
87303004,"100,0"
97835550,..
22446331,"90,9"
40575001,"100,0"
76903284,"89,3"
81997762,..
42060237,..
89816391,"92,3"
38236800,..
85054102,"100,0"
87274273,"100,0"
16501673,..
26298615,"100,0"
50104466,..
59386837,"92,9"
73217812,..
16931486,..
13084253,"73,1"
82888663,"93,9"
11275959,"97,1"
27993549,"55,6"
90312942,"100,0"
19839859,..
29159460,..
43601850,..
14586562,..
74322969,"100,0"
90260899,"100,0"
31057219,"100,0"
27079521,..
34381901,"100,0"
95368476,..
84329061,..
71969230,..
91048178,..
10373112,..
65265211,..
19930101,"100,0"
33657492,..
53923398,"97,6"
69865450,..
37316242,..
20173336,..
49872493,..
39147056,"97,2"
85788659,"92,3"
95340745,..
59521477,..
54467211,"94,1"
82251333,..
63931325,"100,0"
75374280,"100,0"
46148350,..
50133877,"91,7"
90240730,"86,0"
84908877,..
34002355,"100,0"
18217765,..
92009807,"90,6"
90685868,..
56084099,"100,0"
39341381,..
29209307,"100,0"
92816527,"100,0"
15149235,..
77379848,..
34421265,"100,0"
18691102,..
70302356,"92,0"
24349146,"100,0"
83605345,..
47692481,..
85188855,..
85473846,"100,0"
98781765,"100,0"
56187883,..
51023367,..
52690153,..
93221031,"100,0"
61004230,"100,0"
71262305,..
68564903,"100,0"
89982804,"100,0"
74434644,"100,0"
18425335,"97,4"
23424275,..
34153869,..
75082798,..
27030026,"100,0"
15077883,..
39911065,..
56737496,"100,0"
87756916,"93,3"
19586169,..
24273261,..
59455288,"92,3"
25679488,..
35063170,..
36782335,"100,0"
37906565,..
21648755,"100,0"
49616977,"92,3"
72998905,..
69481650,"90,9"
12994441,..
30086854,"97,5"
38684438,"100,0"
73147554,"100,0"
35006050,"100,0"
10638939,..
71922787,..
44341171,..
32671805,..
79606767,"100,0"
11294673,..
86327236,"100,0"
28398531,"100,0"
54172830,"100,0"
56330385,"83,3"
42859669,"84,6"
92905347,..
47550455,"81,0"
17173461,..
98053087,"96,3"
92858957,"93,3"
44113417,..
18881773,..
94570025,"87,5"
54606928,"93,8"
42573391,..
97270136,..
30530571,..
40829056,..
38645259,..
87207941,..
11673760,"80,0"
38400227,"71,4"
27041885,"100,0"
97064126,..
67554405,"100,0"
86473502,..
98239050,"100,0"
94455820,..
78872213,"100,0"
23350817,..
87262566,..
41844601,"90,9"
23457902,..
57397381,"89,5"
72022487,..
28248021,..
44417214,"100,0"
49488344,"100,0"
14102256,"100,0"
43313366,"88,9"
37550979,..
76195214,"100,0"
60214465,..
11102578,"95,8"
84098842,"100,0"
63035915,"87,5"
26324896,"87,5"
50821167,..
77609073,"93,3"
68748767,..
25596917,"94,1"
20984584,..
25648215,"100,0"
11608031,..
86762103,..
68381790,"100,0"
16956086,..
22220001,..
15100079,..
16702464,..
72891848,..
69471748,"87,5"
99976753,..
14278480,"76,5"
51955293,"100,0"
12130801,..
53180719,..
68741484,"100,0"
41555549,..
75324351,..
28025244,"100,0"
40338843,..
16493131,"100,0"
48304166,"100,0"
24982097,..
68597767,..
30706655,..
78690637,"100,0"
87303004,..
14504503,..
77544055,"96,4"
76903284,..
15870428,"86,7"
81997762,..
42060237,..
14448619,..
27023528,..
33132452,"100,0"
56942970,..
97510495,"100,0"
15278518,"88,9"
38236800,..
24759907,"70,6"
16501673,"71,4"
79845033,..
41099519,"100,0"
59386837,..
55825382,..
59942080,..
90312942,..
14586562,..
27079521,..
34381901,..
96414537,..
14853321,"100,0"
86488203,"84,6"
92818240,"100,0"
71969230,..
76942525,..
50424828,"80,0"
12075195,"100,0"
65265211,..
33657492,"95,5"
61175914,..
57668673,..
69040241,"100,0"
53923398,"95,5"
47844862,"100,0"
69865450,"100,0"
90509211,"87,9"
37316242,..
50393060,..
85788659,..
54599691,"94,7"
27106031,"100,0"
63931325,..
57391913,"100,0"
46148350,..
96920524,..
70803636,"100,0"
23797825,"100,0"
90685868,"100,0"
80711021,"100,0"
39341381,..
31380193,..
25847233,"87,5"
16848652,..
36886750,"100,0"
67058407,"100,0"
98696836,"100,0"
64648566,"100,0"
83605345,..
15933512,"100,0"
47692481,"100,0"
85188855,..
85473846,"100,0"
53279140,"100,0"
51023367,..
52690153,..
17474377,..
18425335,"95,6"
19150273,"100,0"
64284020,..
23555409,..
73255276,..
58724424,..
31429031,..
87756916,"87,0"
59734510,..
19586169,..
31279294,..
11111710,"100,0"
90551279,"92,3"
69686851,"97,8"
59396229,"98,5"
85068812,..
36444853,"93,1"
65752105,..
10638939,..
88556189,..
44653962,"100,0"
87764775,..
66335258,"95,0"
44392995,"100,0"
80327946,..
42859669,"100,0"
92905347,..
19560192,..
56529916,"100,0"
12279302,"100,0"
17849518,..
77688926,"100,0"
37358234,"78,6"
42573391,..
97270136,..
30530571,..
96024712,"100,0"
40829056,..
39583059,"100,0"
46145886,..
48722826,..
97596286,"100,0"
67554405,"100,0"
86473502,..
64569393,"100,0"
87262566,..
23457902,..
44417214,..
86158933,"100,0"
36072799,"92,3"
81551726,..
76195214,..
23306658,..
17944628,"92,9"
26167236,"100,0"
64648904,"100,0"
53896162,"100,0"
11185244,"95,7"
69063711,..
35894996,"100,0"
68748767,..
20984584,..
31155312,"100,0"
61823258,"92,3"
79994304,..
11608031,..
67752682,"100,0"
91812793,"100,0"
14355031,"100,0"
72891848,..
25745773,..
14278480,"100,0"
28023078,"93,8"
13963517,..
51736304,..
53180719,"100,0"
72421673,"100,0"
41878314,..
18711877,..
90990441,..
42911621,"100,0"
26508763,"100,0"
14504503,..
81997762,..
34222422,..
84230226,..
94167577,..
33132452,..
63943560,"100,0"
85516596,"96,5"
38236800,..
59026584,"100,0"
65666808,"100,0"
80357110,"95,7"
16501673,..
73217812,"82,1"
36769815,"100,0"
65034473,..
29159460,..
14586562,..
95368476,..
86488203,..
25156286,"100,0"
71969230,..
91048178,..
76942525,..
50424828,..
60727136,..
45132264,"95,8"
73316818,"100,0"
91905819,"100,0"
36480690,"100,0"
24787883,"100,0"
69865450,..
31112935,..
49872493,..
92442684,..
82251333,..
84908877,..
24277564,..
96152872,..
44738639,"75,0"
96194948,"90,9"
25955541,"100,0"
90685868,..
80711021,"100,0"
31380193,..
90290154,..
92816527,"100,0"
98696836,..
64648566,..
18691102,..
15933512,"100,0"
47692481,..
85188855,..
85473846,"100,0"
53279140,..
80785976,..
56187883,"77,8"
71262305,..
19464342,..
23424275,"100,0"
88573795,"100,0"
73255276,"100,0"
58724424,..
31429031,"94,4"
25679488,.
36782335,..
21648755,"100,0"
69481650,"100,0"
95165649,"97,2"
12994441,..
10638939,..
44341171,"81,3"
32671805,.
28398531,"100,0"
80327946,"95,0"
70923626,..
47550455,"95,0"
38167912,..
80686587,"100,0"
62439199,"95,0"
19741742,"100,0"
30530571,..
11673760,"92,0"
38400227,"84,6"
83829189,..
97064126,.
62104139,"90,9"
41844601,"78,3"
70969556,..
44417214,..
14102256,"86,7"
54839753,..
26167236,"100,0"
63035915,"100,0"
77609073,"100,0"
68748767,..
20984584,..
11608031,..
68381790,"92,9"
75340089,..
91812793,"100,0"
72891848,..
22426680,"92,3"
53180719,..
60424371,"100,0"
41555549,..
78690637,"100,0"
87303004,..
26508763,"100,0"
76903284,"100,0"
81997762,"100,0"
14448619,..
27023528,"86,7"
38236800,..
30677562,"96,2"
55825382,..
92949043,"83,3"
84329061,..
91048178,..
76942525,..
16496466,..
69865450,..
37316242,"100,0"
28646435,"100,0"
92442684,"100,0"
84908877,..
14799321,..
56041699,..
80711021,"90,9"
15149235,..
15791044,..
15933512,"95,0"
47692481,..
85188855,..
53279140,"76,5"
68229719,..
65192707,"100,0"
30538202,"100,0"
40386043,"100,0"
34153869,..
51138448,..
25720752,"100,0"
31533003,"90,9"
36782335,..
54965510,"100,0"
69983740,..
70066748,"100,0"
68734112,..
53462953,..
30468157,..
96684210,"100,0"
40766349,..
31199511,..
11102578,..
17944628,"94,7"
75939593,"96,0"
56639389,"100,0"
69063711,..
65722876,"96,2"
31822012,"91,7"
58544422,"92,9"
12130801,..
78690637,"100,0"
30279258,"100,0"
26996566,..
94167577,..
41938272,"100,0"
49068301,..
88839172,"100,0"
88955893,"100,0"
42775003,"100,0"
32071849,..
90076461,"100,0"
31486865,..
63993414,..
32995170,"100,0"
32550660,"100,0"
49868916,..
74919147,..
36355200,..
88025221,"100,0"
46986216,"100,0"
65392939,..
56886667,"100,0"
77797484,"100,0"
47559319,..
93221031,..
71262305,..
97870412,"100,0"
18208087,..
83474173,..
88445871,..
64284020,"100,0"
98132436,..
88259298,..
17846181,..
16950252,"100,0"
48434184,..
56421429,..
17008320,..
56737496,..
55155562,..
95683850,"100,0"
35063170,..
67279303,"100,0"
90267145,..
16819383,"80,0"
53660780,"100,0"
51321260,"95,2"
58502307,"100,0"
70969714,..
81993306,"100,0"
16313848,..
54172830,..
86385479,..
92905347,..
47550455,"100,0"
20620556,..
17173461,..
46660042,..
46162400,"100,0"
18091973,..
19909435,"100,0"
30530571,..
38645259,..
39805497,..
83829189,"96,2"
48722826,..
60209222,"90,9"
84286698,..
87262566,..
56947954,"100,0"
72022487,"100,0"
74316305,..
72109637,..
81551726,..
82002016,..
23306658,"100,0"
69306209,"100,0"
12954099,..
26167236,..
66824652,..
49168016,..
92814975,..
25648215,..
13006857,..
16956086,..
47884009,..
55421481,..
16702464,..
32887559,"86,7"
15609112,..
39199869,..
88750078,..
41555549,..
81876614,..
67071618,"100,0"
75324351,..
58929357,"100,0"
93503103,"100,0"
17184072,..
77440824,..
16493131,"94,4"
41119610,"100,0"
97835550,..
42911621,"91,7"
75027822,"100,0"
21850904,"100,0"
12546590,"90,5"
18451445,..
59386837,..
16931486,..
70132092,..
66273269,"100,0"
37912396,..
90312942,..
19839859,..
67628478,..
86351879,"100,0"
69302313,..
31057219,..
64579522,..
34381901,"100,0"
96414537,..
95368476,..
31537066,..
84329061,"100,0"
65265211,..
71938440,"100,0"
33657492,..
27859889,"100,0"
69865450,..
49872493,..
95340745,..
59521477,..
54467211,"100,0"
59463950,"100,0"
75374280,..
46148350,..
60919765,..
96152872,"100,0"
68824244,..
56084099,..
39341381,..
94975733,..
56802300,..
77379848,.
13981977,..
34421265,..
23175129,..
18691102,..
47692481,..
20768651,..
98781765,..
95069937,"100,0"
42218661,.
16554575,.
19912478,.
30086854,.
26627862,.
98052678,.
61826221,.
54395430,.
80686587,.
46574937,.
98239050,.
56021320,.
31199511,.
56639389,.
78986228,.
30361243,.
50906954,.
65674821,.
26671095,.
25525759,.
77632411,.
89693952,.
30615080,.
32550660,.
77712952,.
92805465,.
65421426,.
82814120,"100,0"
13006857,..
21567982,..
49379603,..
80167319,..
88534520,"100,0"
82814120,"100,0"
39936461,"100,0"
59734510,..
59455288,..
82163292,"98,1"
88163512,"100,0"
31279294,..
36782335,"93,3"
69686851,"100,0"
95165649,"100,0"
35236491,"100,0"
50696507,"100,0"
38448056,"93,3"
83085136,"100,0"
85544331,"100,0"
19560192,..
21363125,.
78659008,"100,0"
18091973,"100,0"
88624631,"100,0"
35390185,..
40829056,..
65662401,"98,2"
75344502,"75,0"
32580162,"100,0"
61547652,"100,0"
62490359,"100,0"
64725297,"100,0"
43362941,"95,7"
23457902,..
27597104,"100,0"
77823650,"100,0"
52634142,"98,5"
32705515,"97,4"
23306658,"100,0"
26167236,..
11185244,"100,0"
56211717,"100,0"
32042066,..
92814975,"100,0"
20984584,..
61823258,..
39178171,"100,0"
25745773,"98,5"
43284031,"96,2"
26267406,..
53180719,..
56267421,"100,0"
34990065,"100,0"
32003298,"100,0"
42517257,"96,9"
86896907,"100,0"
14292382,"93,2"
54764253,"100,0"
97104132,"100,0"
46332927,"97,3"
86319615,"100,0"
22446331,"100,0"
76903284,..
34222422,..
98815582,"86,7"
59026584,"98,9"
52333875,"93,0"
92489953,"96,3"
82888663,"80,8"
11275959,"90,6"
50615280,"100,0"
19035583,"100,0"
80280597,..
89630851,..
14586562,..
65234368,"100,0"
76942525,..
25698509,"94,7"
16496466,..
65265211,..
61175914,..
63451147,"100,0"
31112935,"94,7"
20173336,"87,2"
38544187,"93,6"
23517683,"100,0"
88956420,..
14677676,"93,9"
98032567,..
25955541,"100,0"
24501884,"100,0"
25847233,"90,9"
34421265,"95,8"
33249781,"85,7"
64693272,..
61004230,"100,0"
71262305,"100,0"
55795961,..
84947634,..
48009865,"100,0"
18208087,"100,0"
19464342,..
60743463,..
32960825,"100,0"
91748148,"100,0"
42022406,..
65192707,"100,0"
43634528,"100,0"
53400472,"100,0"
97758137,"100,0"
26334561,"100,0"
40386043,"100,0"
59483268,"100,0"
21663998,"100,0"
20595770,"100,0"
45164827,"100,0"
34153869,"100,0"
17846181,..
75082798,"100,0"
34637764,"95,8"
48434184,"100,0"
95684185,"100,0"
17008320,"100,0"
25720752,"100,0"
55155562,"100,0"
23164911,"100,0"
19981611,..
19586169,"100,0"
24273261,..
59455288,..
25677996,"100,0"
35063170,"100,0"
31279294,..
36782335,"100,0"
23897040,..
20666515,"100,0"
54965510,"100,0"
84835666,"100,0"
64740897,..
78979604,..
85068812,..
78397312,"100,0"
89837629,"100,0"
12994441,"95,5"
88774402,"100,0"
75141151,"100,0"
84306392,"100,0"
26627862,"100,0"
72517762,"100,0"
38684438,"100,0"
35647481,"100,0"
69983740,"100,0"
66491596,"100,0"
12052268,"100,0"
71597051,"100,0"
40690520,"100,0"
21505555,"100,0"
70066748,"100,0"
19207279,"100,0"
53640774,"100,0"
72127035,"100,0"
74148070,"100,0"
19051089,"100,0"
98052678,"100,0"
16313848,"100,0"
11294673,"100,0"
86327236,..
83137205,"100,0"
54172830,"100,0"
65136104,..
56330385,..
20228162,"100,0"
53462953,"100,0"
60730660,"100,0"
82592568,"100,0"
78875918,"100,0"
86385479,..
49862313,"100,0"
42859669,"100,0"
99592025,"100,0"
47550455,"100,0"
47046103,"100,0"
58125096,"100,0"
82914148,..
20620556,..
17173461,..
30468157,"100,0"
61528940,"100,0"
92858957,"100,0"
86296935,..
44113417,"100,0"
39555838,..
85214294,..
82084961,"95,2"
51210136,"100,0"
80686587,"100,0"
91984508,"100,0"
40667807,"100,0"
88466776,"100,0"
57942242,"100,0"
77688926,"100,0"
29032715,"100,0"
48931433,"100,0"
96024712,"100,0"
30458073,..
27115998,"100,0"
79516949,"100,0"
87207941,"100,0"
46574937,"100,0"
63791419,"100,0"
81619482,"100,0"
90006712,"100,0"
39149668,"100,0"
38233622,"100,0"
48722826,"100,0"
98239050,"100,0"
61547652,..
87034307,"100,0"
78872213,"100,0"
76860623,"100,0"
64160122,"100,0"
56947954,"100,0"
72022487,..
71512894,"100,0"
28248021,"100,0"
44417214,"100,0"
88776535,"100,0"
71043974,"100,0"
57777751,..
89807183,"100,0"
96818167,"100,0"
67300857,"100,0"
99279503,..
63653488,..
84476205,"100,0"
69240218,..
12934438,"100,0"
43313366,"100,0"
82002016,"100,0"
23306658,"100,0"
69306209,"100,0"
94090461,"100,0"
80931789,"100,0"
69807202,"100,0"
75939593,"100,0"
56639389,"100,0"
95700485,"100,0"
53896162,"100,0"
17779637,"100,0"
66824652,..
49168016,"100,0"
60873719,"100,0"
21938183,"100,0"
69063711,..
12926770,"100,0"
68748767,..
23548714,"88,2"
48593439,"100,0"
91773491,"100,0"
30361243,"100,0"
25596917,"100,0"
65722876,"100,0"
65381163,"100,0"
84424083,"100,0"
78231062,"100,0"
10481541,"96,2"
68381790,"100,0"
13006857,"100,0"
16956086,"100,0"
58187973,"100,0"
31870541,..
44672598,"100,0"
31822012,..
83161201,"97,9"
16702464,..
36252055,"100,0"
58907711,"100,0"
71541108,"100,0"
69471748,..
76485705,"100,0"
93239262,"100,0"
75575321,"100,0"
24194577,..
51955293,"100,0"
51736304,"100,0"
95785055,"100,0"
68655578,"100,0"
37054246,..
39199869,"100,0"
59655752,"100,0"
41555549,..
81876614,"100,0"
67071618,..
75324351,..
61229217,"100,0"
59575030,"100,0"
77440824,"100,0"
14292382,"100,0"
87859089,"100,0"
98908403,"100,0"
16493131,"100,0"
83272868,"100,0"
45552626,"100,0"
16748680,"100,0"
65674821,"100,0"
38048202,"100,0"
65320354,"100,0"
76903284,"100,0"
49141105,"100,0"
26996566,..
27704246,"100,0"
69747871,..
79346084,"100,0"
14448619,"100,0"
43565270,"100,0"
52791537,"100,0"
85819857,"100,0"
54117171,"100,0"
48120273,"100,0"
94167577,"96,0"
53903798,..
69650864,"100,0"
41938272,"100,0"
76054399,"100,0"
60142020,..
70811222,..
17911161,"100,0"
35084976,"100,0"
77632411,"100,0"
49068301,"100,0"
38195284,"100,0"
97510495,"100,0"
89461767,"100,0"
94717858,"100,0"
53760158,"100,0"
37802196,..
36288955,"100,0"
74812809,"100,0"
88839172,"100,0"
95618280,"100,0"
26326048,"100,0"
37839488,"100,0"
59796774,..
75600007,"100,0"
73812226,"100,0"
82964090,"100,0"
24339566,"100,0"
65458415,..
52333875,"97,8"
69543519,"100,0"
24759907,"92,0"
31315191,"100,0"
56670842,"100,0"
48555205,"100,0"
31313926,..
30312720,"100,0"
32116280,..
53175499,"100,0"
52153758,"100,0"
22116645,"100,0"
30167976,"100,0"
50104466,..
28004794,..
32071849,"100,0"
41099519,"100,0"
59386837,..
21382451,"100,0"
43873969,"100,0"
24993048,"100,0"
66273269,"100,0"
11275959,"100,0"
58518163,..
37912396,"100,0"
45593337,"100,0"
10226870,"100,0"
32057701,"100,0"
30615080,"96,0"
70543431,..
23476801,..
86351879,"100,0"
74322969,..
90260899,..
31057219,"100,0"
27079521,"100,0"
64579522,..
34381901,"100,0"
55150847,"100,0"
53069733,"100,0"
99394620,"100,0"
76448076,"100,0"
84329061,"100,0"
82718660,..
31486865,"100,0"
97265732,"100,0"
61720981,"100,0"
98651664,"100,0"
33657492,"100,0"
37078868,..
16130958,"100,0"
77713695,"100,0"
16218090,"100,0"
23544320,"100,0"
49136871,..
20855811,"100,0"
53923398,"100,0"
74560191,..
47844862,"100,0"
72984079,"100,0"
52048443,..
61674097,..
32550660,"100,0"
93488613,..
45600034,..
59599256,"100,0"
26957025,"100,0"
90509211,..
11953769,..
50393060,"100,0"
95340745,..
54004368,"100,0"
31975673,"100,0"
82251333,"100,0"
63931325,..
57391913,"100,0"
46148350,"100,0"
50133877,"100,0"
74919147,"100,0"
24277564,"100,0"
44412461,"100,0"
18217765,"100,0"
49576295,"100,0"
49170638,"100,0"
25379974,..
88025221,"100,0"
18042101,"100,0"
56041699,..
70955448,"100,0"
46707989,"100,0"
61176909,"100,0"
21778322,"100,0"
62612992,"100,0"
94975733,"100,0"
56802300,..
15149235,"100,0"
13981977,..
67058407,"100,0"
15791044,"100,0"
64908550,"100,0"
77358716,"100,0"
92192566,..
56886667,"100,0"
65421426,"100,0"
62394916,..
72071234,"100,0"
64693272,..
65833454,"100,0"
34988313,"100,0"
38880984,"100,0"
18686599,"100,0"
47559319,"100,0"
20752831,"93,8"
51023367,..
34739511,"100,0"
52690153,..
61004230,..
19464342,..
43609520,..
83474173,..
91487291,..
88445871,"96,9"
23424275,"100,0"
40386043,..
33685428,..
75082798,..
34637764,"100,0"
15077883,..
19647256,"78,6"
16361868,..
19586169,..
25679488,"91,7"
31279294,..
36782335,"100,0"
90551279,"84,2"
93062368,..
15414001,"89,1"
38311488,"100,0"
74148070,..
32671805,"81,8"
79606767,..
65136104,..
80327946,"97,6"
86385479,..
70923626,..
47550455,..
20620556,..
19560192,..
46660042,..
40810950,"100,0"
17849518,..
66132676,"96,2"
19741742,..
97270136,..
30530571,"100,0"
11673760,"90,0"
38400227,"76,9"
60209222,"94,7"
23350817,..
87262566,..
41844601,..
57397381,..
72022487,..
44417214,"100,0"
86158933,"100,0"
78287294,"95,2"
32705515,"100,0"
23306658,..
31740319,"90,9"
63035915,"96,2"
50821167,..
92814975,..
68748767,..
20984584,..
11608031,"100,0"
76007769,"100,0"
88894245,..
47884009,"100,0"
75340089,..
31796890,..
69471748,"81,0"
60424371,"90,5"
37054246,..
18711877,..
28025244,..
16493131,..
48304166,..
68597767,..
38048202,"100,0"
40575001,..
12496135,..
42060237,..
56653353,"97,9"
31998226,..
24397215,"90,9"
30677562,"100,0"
79845033,..
21627442,"100,0"
16931486,..
19306558,..
37912396,..
29159460,..
89630851,"92,3"
69302313,..
27079521,..
14853321,..
92949043,"100,0"
71969230,..
61720981,..
16496466,..
62300682,"100,0"
61175914,..
61197669,..
37316242,"95,5"
54599691,..
27106031,..
63931325,..
57391913,"90,9"
70803636,"100,0"
14799321,"100,0"
16720048,"94,9"
31380193,..
92816527,..
15149235,..
82160887,..
15933512,"100,0"
12198363,..
18072172,..
85188855,..
39528347,..
53279140,..
56187883,..
51023367,..
68229719,"100,0"
71262305,"100,0"
55795961,..
84947634,..
48009865,"100,0"
82840198,"100,0"
19464342,..
60743463,..
97968599,"100,0"
42218661,"100,0"
74434644,"98,7"
36263479,"100,0"
19150273,"90,9"
53400472,..
97758137,"100,0"
26334561,"100,0"
40386043,"100,0"
59483268,"100,0"
32879845,"100,0"
88573795,..
20595770,"98,8"
82814120,"100,0"
45164827,"100,0"
10924758,"93,8"
34153869,"100,0"
17846181,"100,0"
75082798,"100,0"
23555409,"100,0"
72266906,"99,1"
34637764,..
19912478,"98,4"
15077883,"100,0"
48434184,"100,0"
51138448,"97,0"
93939982,"100,0"
25720752,"100,0"
55155562,"96,3"
31533003,"100,0"
16361868,..
19981611,..
19586169,"92,9"
24273261,"100,0"
59455288,..
25679488,"97,6"
35063170,..
31279294,..
36782335,"100,0"
20666515,"100,0"
21648755,"100,0"
11111710,"100,0"
49616977,"100,0"
54965510,"100,0"
54164490,"84,0"
20319353,"95,3"
92194545,"98,4"
64740897,..
78979604,..
85068812,..
78397312,"100,0"
36444853,"100,0"
89837629,"97,7"
12994441,"100,0"
88774402,"100,0"
75141151,"97,1"
28627819,"100,0"
26627862,"100,0"
48847282,"100,0"
72517762,..
38684438,"100,0"
31251822,"98,1"
90099336,..
69983740,"100,0"
12052268,"95,8"
71597051,"100,0"
40690520,"100,0"
97382366,"100,0"
10638939,"65,2"
21052710,"100,0"
88834120,"100,0"
19207279,"100,0"
53640774,"91,3"
72127035,"100,0"
68734112,"100,0"
92507006,"100,0"
44653962,"100,0"
50198492,"98,6"
16313848,"96,6"
11294673,"100,0"
86327236,..
41745951,"100,0"
83137205,"100,0"
28398531,..
66335258,"100,0"
54172830,"100,0"
75458014,"100,0"
65136104,..
56330385,"93,8"
20228162,"100,0"
53462953,"100,0"
60730660,"100,0"
82592568,"100,0"
86385479,..
49862313,"84,0"
99838438,..
42859669,"100,0"
99592025,"100,0"
34247736,"97,7"
76877530,..
47046103,..
58125096,"100,0"
82914148,..
20620556,"100,0"
17173461,..
30468157,"100,0"
66861851,"100,0"
92858957,"100,0"
44113417,"100,0"
67783774,..
39555838,..
85214294,"84,6"
82084961,"100,0"
73829818,"100,0"
18881773,..
78295411,"98,7"
12279302,"100,0"
50500028,"100,0"
18091973,"100,0"
88466776,"100,0"
40634612,"100,0"
37358234,"100,0"
21008461,"100,0"
53893730,"100,0"
42573391,..
64574972,"100,0"
45830583,..
48931433,"89,8"
30530571,"100,0"
78839208,"100,0"
30458073,..
68920727,"100,0"
27115998,"96,4"
79516949,"100,0"
96684210,"100,0"
87207941,"100,0"
23836342,"97,4"
12395564,"100,0"
39149668,"94,1"
48722826,"100,0"
40766349,"100,0"
67554405,"100,0"
73944169,"100,0"
94455820,..
62104139,"98,1"
78872213,"100,0"
58191646,"98,9"
63179610,"95,7"
64569393,"100,0"
48217580,"100,0"
57397381,"97,3"
72022487,"100,0"
71512894,"91,7"
28248021,"95,8"
44417214,"100,0"
25025681,"100,0"
71043974,"96,1"
57777751,..
61161774,"98,5"
75914181,"95,8"
99279503,"93,8"
63653488,..
25392789,"100,0"
69240218,"100,0"
38460895,"94,4"
31199511,"98,6"
43313366,"100,0"
37550979,..
70137084,"100,0"
23306658,"100,0"
11102578,"100,0"
17944628,"99,0"
94090461,"100,0"
64648904,"100,0"
75939593,"100,0"
26324896,"100,0"
56639389,"100,0"
95700485,"100,0"
53896162,"100,0"
17779637,"100,0"
71929526,..
60873719,"100,0"
28085125,"100,0"
21938183,"97,6"
69063711,..
77609073,..
35894996,"90,5"
12926770,"100,0"
68748767,"100,0"
23548714,"90,0"
48593439,"100,0"
91773491,"96,0"
30361243,"97,3"
25596917,"100,0"
65722876,"98,7"
65381163,"95,7"
31155312,"97,0"
84424083,"100,0"
78231062,"100,0"
10481541,"97,9"
68381790,"100,0"
13006857,"100,0"
16956086,"96,4"
58187973,..
31870541,"100,0"
44672598,"100,0"
31822012,"96,9"
99356671,..
16702464,..
29449669,"100,0"
62855448,"100,0"
91812793,"100,0"
58907711,"100,0"
68285560,"100,0"
58544422,"100,0"
69471748,"95,8"
49750031,"100,0"
93239262,"94,1"
75575321,"100,0"
28023078,"93,8"
24194577,..
57690933,"100,0"
12130801,"100,0"
95785055,"100,0"
68741484,"100,0"
37054246,"92,9"
72421673,"97,5"
15763669,..
59655752,"100,0"
41555549,"95,5"
85459854,"100,0"
67071618,..
75324351,..
61229217,"70,6"
18617410,"100,0"
40338843,"100,0"
14292382,"100,0"
87859089,"100,0"
98908403,"92,1"
16493131,"96,6"
83272868,"100,0"
11526364,"100,0"
45552626,"100,0"
16748680,"95,8"
92332557,"100,0"
78690637,"100,0"
30279258,"98,8"
76903284,"100,0"
49141105,"96,0"
18974693,"100,0"
26996566,..
69747871,..
31151740,"100,0"
79346084,"98,5"
89816391,"100,0"
43565270,"100,0"
77176811,"98,7"
52791537,"100,0"
52942981,"97,6"
48120273,"100,0"
94167577,"96,2"
27023528,"100,0"
53903798,"89,5"
97770837,"95,6"
69650864,"100,0"
59581397,"100,0"
41938272,"100,0"
29423248,"100,0"
33132452,"91,4"
70811222,..
17911161,"94,3"
35084976,..
77632411,"100,0"
49068301,"100,0"
59898194,"100,0"
38195284,"100,0"
97510495,"94,2"
89461767,"96,6"
94717858,"100,0"
36288955,"100,0"
74812809,"100,0"
88839172,"100,0"
48412612,"97,1"
75075402,"96,7"
26326048,"97,7"
37839488,"98,2"
59796774,..
17675502,..
75600007,"97,3"
73812226,"85,0"
88955893,"100,0"
63943560,"100,0"
85516596,"100,0"
16784385,"92,6"
89963319,..
24339566,"100,0"
65458415,..
95154882,..
28519815,"84,6"
69543519,..
24759907,"96,4"
31315191,"100,0"
42775003,"100,0"
48555205,"98,4"
32116280,..
57143976,"93,5"
53175499,..
64388538,"100,0"
52153758,"100,0"
22116645,..
99755443,"100,0"
30167976,..
50104466,..
28004794,..
32071849,"97,2"
79845033,"100,0"
41099519,"100,0"
59386837,..
21382451,"100,0"
36769815,..
43873969,"100,0"
35301145,"100,0"
59942080,"92,9"
66273269,"100,0"
11275959,..
58518163,"100,0"
37912396,"100,0"
45593337,"100,0"
19839859,..
30615080,"89,5"
25178582,"100,0"
23476801,..
56041144,"97,6"
74322969,"100,0"
90260899,"100,0"
31057219,"100,0"
27079521,"100,0"
64579522,"100,0"
34381901,"100,0"
55150847,..
90076461,"100,0"
53069733,"100,0"
95368476,"98,0"
76448076,..
86488203,"100,0"
25156286,"100,0"
28081446,"100,0"
92949043,"100,0"
91048178,"100,0"
82718660,..
12399380,..
31486865,"100,0"
97265732,"100,0"
61720981,"96,7"
50424828,..
47393891,"98,7"
48414975,"100,0"
47108751,..
33657492,"100,0"
82195565,"100,0"
77713695,"100,0"
64667996,"100,0"
23544320,"100,0"
69040241,..
63993414,..
20855811,"88,2"
53923398,"100,0"
74560191,..
47844862,"98,8"
72984079,"90,9"
36480690,"89,5"
32995170,"91,3"
52048443,..
61674097,"100,0"
32550660,"100,0"
93488613,"100,0"
45600034,..
59599256,"99,0"
26957025,"100,0"
90509211,"100,0"
50393060,"100,0"
85788659,"100,0"
95340745,..
59521477,..
92442684,"100,0"
54599691,"100,0"
31975673,"100,0"
99864908,"97,0"
63931325,..
57391913,"100,0"
46148350,"100,0"
49868916,"100,0"
74919147,"100,0"
78389879,"100,0"
24277564,..
44412461,"100,0"
36355200,"96,2"
70803636,"100,0"
77712952,"97,5"
10433896,"100,0"
49170638,"100,0"
46379730,"100,0"
25379974,"100,0"
88025221,"98,8"
18042101,"100,0"
56041699,..
45111086,"100,0"
70955448,"100,0"
67924816,"99,1"
56084099,..
13960635,"100,0"
61176909,"100,0"
21778322,"100,0"
85485803,"96,6"
88429477,"100,0"
56802300,"100,0"
15149235,"100,0"
24538846,"100,0"
67058407,"94,4"
15791044,"100,0"
65392939,"100,0"
77358716,"100,0"
49739986,"100,0"
92192566,"93,9"
56886667,"100,0"
64648566,"100,0"
65421426,"98,5"
62394916,"100,0"
72071234,"100,0"
15933512,"100,0"
64693272,..
18072172,..
65833454,"100,0"
28045567,"100,0"
18686599,"100,0"
93779220,"97,4"
80785976,"100,0"
47559319,"100,0"
56187883,"100,0"
20752831,"96,2"
51023367,..
52690153,..
36782335,..
96279444,"100,0"
19560192,..
31657916,..
85800840,"100,0"
20061769,"100,0"
77358716,"100,0"
18345915,"100,0"
71262305,"100,0"
55795961,..
48009865,"100,0"
18208087,"100,0"
60743463,..
32960825,"100,0"
91748148,"100,0"
42022406,"100,0"
65192707,"100,0"
69018222,"100,0"
12889940,"100,0"
40386043,"100,0"
21663998,"100,0"
88259298,"100,0"
17846181,..
75082798,"98,1"
23555409,"100,0"
30341162,"100,0"
16950252,"100,0"
15077883,..
48434184,..
56421429,"100,0"
17008320,"100,0"
25720752,"100,0"
55155562,"100,0"
23164911,"100,0"
36680097,..
95683850,"100,0"
89888648,"100,0"
35063170,"100,0"
31279294,..
36782335,"100,0"
23897040,..
37906565,..
90551279,"100,0"
69686851,..
85068812,..
16819383,"100,0"
89837629,"100,0"
72517762,..
79094701,"100,0"
66491596,"100,0"
12052268,"100,0"
53231578,"100,0"
96279444,"100,0"
40690520,"100,0"
35006050,"100,0"
21052710,"100,0"
58502307,"100,0"
97177328,"96,9"
70969714,"100,0"
81993306,"98,4"
47264019,"100,0"
16313848,"98,8"
86327236,..
28398531,"100,0"
79033948,"100,0"
68240485,"100,0"
78875918,"100,0"
86385479,..
49862313,..
99838438,"100,0"
42859669,"100,0"
99592025,"100,0"
47550455,"100,0"
58125096,"100,0"
30468157,"100,0"
72206824,"100,0"
92858957,"98,3"
44113417,"100,0"
39555838,..
82084961,"100,0"
46162400,"100,0"
67279263,"100,0"
18594470,"98,4"
40667807,..
88466776,..
40634612,..
14508922,"100,0"
29032715,"100,0"
19909435,"100,0"
96024712,"100,0"
27115998,"100,0"
41867682,"100,0"
79516949,"100,0"
46574937,"100,0"
39805497,"100,0"
81619482,"100,0"
90006712,..
39149668,..
48722826,"100,0"
53691739,"100,0"
43251309,"100,0"
87034307,"94,6"
78872213,..
80405898,"100,0"
51620045,"100,0"
86888278,"100,0"
56947954,"100,0"
72022487,"100,0"
71512894,"100,0"
28248021,..
44417214,"100,0"
88776535,"100,0"
71043974,"100,0"
89807183,"100,0"
39302565,"100,0"
79527481,"100,0"
69240218,..
86787111,"100,0"
77823650,..
82002016,"100,0"
97535124,"100,0"
69306209,"100,0"
12954099,"100,0"
90473340,"100,0"
51449748,"100,0"
12613085,"95,8"
53896162,"100,0"
66824652,"100,0"
49168016,"100,0"
60873719,"100,0"
69063711,..
77609073,..
52129378,"100,0"
65381163,"100,0"
68381790,..
13006857,"100,0"
16956086,"100,0"
31870541,"100,0"
44672598,"100,0"
83161201,"100,0"
16702464,..
29449669,"100,0"
36252055,"100,0"
14355031,"100,0"
53832505,"100,0"
69471748,..
43284031,"96,7"
26267406,..
51955293,"96,3"
51736304,"100,0"
44285075,..
68655578,"100,0"
37054246,..
39199869,"100,0"
88750078,"100,0"
41555549,"100,0"
81876614,"100,0"
67071618,"100,0"
75324351,..
59575030,"100,0"
77440824,"100,0"
51981332,"100,0"
87859089,..
98908403,"90,9"
16493131,"100,0"
11526364,"100,0"
38048202,"100,0"
26671095,"100,0"
65320354,"100,0"
76903284,"100,0"
15870428,"100,0"
26750052,"100,0"
12546590,"100,0"
54117171,"100,0"
94167577,"95,3"
27023528,"95,8"
17911161,"91,7"
35084976,..
49068301,"100,0"
94717858,"100,0"
46256929,"100,0"
73812226,"100,0"
15390992,"100,0"
63943560,"100,0"
78433202,"100,0"
31313926,"100,0"
30312720,"100,0"
32116280,"100,0"
57143976,"100,0"
93367005,"100,0"
50104466,..
79845033,"100,0"
41099519,..
59386837,..
17276047,"100,0"
48244956,"95,5"
13084253,"98,7"
58518163,"100,0"
27993549,"100,0"
37912396,..
45593337,"100,0"
67628478,"100,0"
37517404,..
25178582,"100,0"
86351879,..
74322969,..
90260899,..
31057219,"100,0"
27079521,"100,0"
64579522,..
53069733,"100,0"
99394620,"100,0"
31537066,"100,0"
21400668,"100,0"
84329061,"98,5"
91048178,"100,0"
31486865,"100,0"
97265732,"100,0"
61720981,"100,0"
82931004,..
28829503,"100,0"
33657492,"100,0"
33596572,"100,0"
57668673,"100,0"
20855811,"95,7"
53923398,"100,0"
72984079,"100,0"
36480690,"100,0"
52048443,"100,0"
50393060,"100,0"
95340745,..
59521477,..
66095163,"100,0"
54004368,"100,0"
31975673,"100,0"
59463950,"100,0"
63931325,..
75374280,"100,0"
46148350,..
50133877,"100,0"
44412461,"100,0"
18217765,"100,0"
66028861,"100,0"
10433896,"100,0"
43154449,"100,0"
68824244,"100,0"
43479922,"100,0"
28391147,"100,0"
62612992,"100,0"
94975733,..
56802300,..
15149235,..
13981977,..
67058407,..
15791044,..
65392939,"98,2"
29225010,"100,0"
24349146,"100,0"
83605345,..
64693272,..
18072172,..
20768651,"100,0"
28872974,"100,0"
80785976,..
21532545,..
20752831,"100,0"
34739511,"100,0"
68824244,..
68564903,"100,0"
88445871,"92,9"
98132436,"95,2"
59483268,..
12154972,"100,0"
59734510,..
59455288,..
89888648,..
36782335,..
20666515,..
90551279,"100,0"
93062368,..
90267145,..
16819383,..
51321260,"94,6"
88556189,..
31843016,..
87764775,..
16313848,..
65136104,..
69241230,..
80327946,"100,0"
86385479,.
42859669,"100,0"
92905347,"100,0"
30329172,..
19560192,..
82084961,"100,0"
73829818,"100,0"
14508922,..
19741742,..
19909435,"100,0"
85800840,..
39583059,"100,0"
38645259,..
38400227,"100,0"
86473502,..
73567152,"84,6"
23457902,..
72022487,..
44417214,..
86724994,..
78287294,..
81551726,..
76195214,..
82826083,"100,0"
26167236,..
63035915,"100,0"
17119840,"100,0"
20984584,..
25648215,..
68006362,"92,3"
86762103,..
58187973,..
88894245,..
22220001,..
72891848,..
48862305,"92,0"
26267406,..
53180719,..
15609112,"100,0"
62216381,..
85459854,"100,0"
41697930,"100,0"
78690637,..
97835550,..
42911621,"100,0"
42060237,..
14926020,"94,7"
31998226,..
79829846,"100,0"
41631104,..
16931486,..
19839859,..
43601850,..
96414537,..
99394620,..
84329061,"91,7"
65265211,..
61647360,..
45541222,"100,0"
91905819,..
54882637,..
72984079,"100,0"
69865450,..
49872493,..
54467211,"100,0"
82251333,..
34002355,"100,0"
10342448,"100,0"
60088179,"93,8"
90290154,"100,0"
18691102,..
24349146,"100,0"
47692481,..
18072172,..
29744774,..
32239920,..
68229719,"100,0"
84947634,..
68564903,"100,0"
82840198,..
32960825,"100,0"
83474173,"84,6"
74434644,"88,9"
93281974,"91,2"
23424275,..
19150273,..
26334561,"100,0"
59483268,..
73098153,"91,7"
17846181,..
75082798,..
34637764,"100,0"
15077883,..
48434184,..
88850910,"100,0"
25720752,"95,0"
31533003,..
31429031,"100,0"
19586169,..
95683850,"100,0"
59455288,..
25677996,..
36782335,"100,0"
37906565,..
90551279,"100,0"
90267145,..
72998905,"100,0"
96590873,"95,3"
88556189,..
72127035,..
85003442,"100,0"
44653962,"100,0"
87764775,..
48438396,"85,4"
32671805,..
16313848,"100,0"
11294673,..
66335258,"100,0"
78875918,"96,2"
78023197,"92,6"
70923626,..
92905347,..
34247736,"90,5"
38167912,..
19560192,..
46660042,"100,0"
85214294,..
40037982,"97,8"
12279302,"100,0"
40667807,..
80762863,"100,0"
31657916,..
64574972,"84,6"
48931433,"100,0"
96024712,..
40829056,..
38645259,..
11673760,"85,0"
63791419,"88,6"
46145886,..
27041885,"100,0"
97596286,"100,0"
67554405,"100,0"
86473502,..
84286698,..
76860623,"95,2"
57397381,"100,0"
72022487,"100,0"
28248021,..
44417214,..
14102256,"100,0"
75914181,"100,0"
99279503,"100,0"
76195214,"100,0"
21901328,"89,5"
23306658,..
31740319,"93,3"
69807202,"100,0"
63035915,"100,0"
32042066,"100,0"
92814975,..
35894996,"92,3"
20984584,..
25648215,..
68006362,"90,4"
13006857,"92,9"
16956086,"100,0"
71160225,..
75340089,..
36670439,"100,0"
22220001,..
99356671,"71,4"
16702464,..
72891848,..
71541108,"77,8"
28023078,"100,0"
13963517,..
51955293,"100,0"
12130801,..
53180719,"100,0"
68741484,..
31179045,"100,0"
41555549,..
18711877,"100,0"
75324351,..
70376604,"100,0"
14292382,..
16493131,"100,0"
48304166,..
65674821,"91,7"
38048202,"100,0"
87303004,"100,0"
97835550,..
26508763,"100,0"
14504503,..
16198647,"100,0"
12496135,..
76903284,"92,3"
68649663,"89,2"
81997762,..
42060237,..
53903798,"85,7"
97770837,"88,9"
33132452,"79,2"
59898194,..
95618280,"94,5"
65458415,..
16501673,..
59386837,..
16931486,..
32321364,"90,9"
27993549,..
37912396,..
90312942,"100,0"
19839859,..
29159460,..
43601850,..
14586562,..
69302313,"100,0"
31057219,"91,7"
64579522,..
34381901,..
96414537,..
31537066,..
84329061,"100,0"
71969230,..
61720981,"100,0"
50424828,"95,2"
65265211,..
97191332,"82,8"
33657492,..
17812651,"100,0"
22239675,"100,0"
59599256,"96,8"
49872493,..
11953769,..
50393060,..
95340745,..
92442684,"100,0"
54599691,"100,0"
54467211,..
99864908,"100,0"
63931325,..
46148350,..
49868916,"94,7"
84908877,..
24277564,..
36355200,"75,0"
77835341,"100,0"
77712952,"95,0"
56041699,"93,8"
90685868,"100,0"
60088179,"92,0"
21778322,"100,0"
90290154,..
25847233,"95,2"
16848652,..
56802300,..
77379848,..
67422309,..
15791044,..
65421426,"100,0"
12198363,..
47692481,..
64693272,..
89690587,"100,0"
87112995,"82,1"
51023367,..
52690153,..
38683336,"100,0"
