skolkod,andel_minst_e_hist1
93221031,"91,7"
17474377,"100,0"
74776778,"100,0"
18345915,"100,0"
68229719,"100,0"
61004230,"95,0"
71262305,"97,7"
55795961,"100,0"
84947634,"97,9"
23517336,"100,0"
48009865,"99,1"
97870412,"97,6"
68564903,"100,0"
82840198,"98,6"
18208087,"91,8"
89982804,"96,9"
19464342,"100,0"
60743463,"100,0"
32960825,"100,0"
43609520,"100,0"
41416934,"98,6"
97968599,"100,0"
21567982,"100,0"
91748148,"96,6"
49379603,..
80167319,..
42218661,"97,0"
73171934,..
83474173,"89,1"
91487291,..
21866405,"87,2"
74434644,"96,6"
42022406,"91,4"
88445871,"100,0"
65192707,"97,1"
18425335,"92,9"
93281974,"97,8"
23424275,"95,0"
43634528,"99,2"
36263479,"100,0"
56679384,"98,7"
30538202,"100,0"
19150273,"90,0"
69018222,"93,4"
25624692,"84,2"
88534520,"93,8"
12889940,"99,1"
16554575,"100,0"
34076477,"98,7"
54896448,"100,0"
25356960,"89,2"
64284020,"98,6"
98132436,"94,8"
53400472,"90,0"
60096875,"92,3"
97758137,"93,3"
26334561,"98,5"
40386043,"93,2"
29324709,"100,0"
26864271,"88,2"
59483268,"95,7"
33685428,"93,9"
32879845,"100,0"
88573795,"100,0"
20699742,"100,0"
21663998,"99,1"
20595770,"99,0"
82814120,"97,4"
45164827,"98,9"
10924758,"89,3"
34153869,"100,0"
88259298,"100,0"
73098153,"91,7"
44240250,"94,6"
17846181,"100,0"
75082798,"95,9"
23555409,"99,3"
91333138,"57,7"
30341162,"100,0"
39936461,"100,0"
72266906,"96,1"
27030026,"96,9"
12154972,"89,7"
16950252,"97,6"
34637764,"96,8"
19912478,"95,4"
73255276,"96,4"
15077883,"88,7"
48434184,"95,4"
58724424,"93,1"
95684185,"100,0"
51138448,"100,0"
19647256,"90,9"
56421429,"100,0"
39911065,"100,0"
17008320,"98,6"
56737496,"97,3"
88850910,"93,3"
93939982,"97,5"
25720752,"96,1"
55155562,"89,8"
31533003,"98,3"
31429031,"90,7"
16361868,..
23164911,"99,2"
24008049,"96,1"
19981611,"100,0"
54481243,"100,0"
36680097,"82,4"
87756916,"92,1"
59734510,"94,1"
19586169,"82,4"
24273261,"94,3"
95683850,"100,0"
59455288,"92,1"
82163292,"96,3"
25679488,"96,6"
25677996,"94,2"
89888648,"84,3"
90003262,"100,0"
88163512,"75,8"
35063170,"96,6"
31279294,"81,4"
36782335,"97,2"
23897040,..
20666515,"88,9"
37906565,"100,0"
67279303,"97,8"
21648755,"95,3"
11111710,"100,0"
90551279,"98,0"
93062368,"87,5"
69686851,"95,6"
49616977,"100,0"
54965510,"99,3"
90267145,"100,0"
72998905,"96,2"
84835666,"92,7"
25872338,..
54164490,"92,0"
69481650,"65,8"
20319353,"85,3"
92194545,"98,4"
88153340,"67,5"
94353434,"61,4"
59396229,"92,4"
95165649,"96,1"
64740897,..
78979604,..
69626109,"76,7"
10974852,..
85068812,"81,8"
78397312,"98,4"
36444853,"91,9"
15414001,"67,3"
38311488,"96,9"
16819383,"98,2"
89837629,"100,0"
12994441,"90,8"
53660780,"96,2"
88774402,"100,0"
75141151,"96,3"
61701709,"100,0"
61469192,"98,4"
84306392,"100,0"
28627819,"100,0"
30086854,"100,0"
26627862,"97,9"
48847282,"100,0"
72517762,"88,5"
79094701,"99,3"
38684438,"94,4"
31251822,"98,1"
90099336,..
96590873,"95,3"
35647481,"93,2"
39549479,"95,2"
73147554,"100,0"
65752105,..
69983740,"100,0"
66491596,"100,0"
12052268,"96,3"
71597051,"100,0"
53231578,"98,9"
11274830,"88,9"
51321260,"82,8"
96279444,"98,6"
40690520,"99,5"
61880907,"97,6"
91011325,"100,0"
97382366,"83,3"
35006050,"100,0"
88886610,"100,0"
10638939,"82,2"
21505555,"97,5"
34336190,"100,0"
21052710,"99,2"
88556189,"22,4"
35236491,"95,1"
69739484,"93,0"
92887917,"98,7"
88834120,"100,0"
70066748,"97,4"
19207279,"100,0"
53640774,"97,5"
58502307,"100,0"
97177328,"98,0"
72127035,"100,0"
70969714,"94,3"
85003442,"100,0"
22752398,"92,5"
68734112,"100,0"
71922787,"98,1"
31843016,"100,0"
74148070,"100,0"
50696507,"81,5"
92507006,"99,0"
44653962,"92,4"
20100577,"98,9"
81993306,"94,7"
19051089,"100,0"
29097621,"83,9"
47264019,"100,0"
87764775,"94,4"
50198492,"99,3"
48438396,"100,0"
98052678,"98,2"
20099064,"97,5"
44341171,"86,2"
32671805,"89,4"
38448056,"100,0"
16313848,"92,0"
79606767,"97,0"
11294673,"98,1"
86327236,"91,8"
41745951,"100,0"
83137205,"97,7"
28398531,"89,0"
66335258,"100,0"
54172830,"90,9"
86310217,"92,9"
83085136,"100,0"
75458014,"100,0"
65136104,"94,1"
61826221,.
79033948,"93,8"
56330385,"88,5"
20228162,"100,0"
68240485,"100,0"
95046058,"94,7"
44392995,"92,9"
53462953,"96,0"
69241230,"87,0"
60730660,"100,0"
85544331,"100,0"
80327946,"88,8"
82592568,"100,0"
78875918,"98,0"
78023197,"84,8"
86385479,"96,5"
40991561,..
49862313,"96,2"
99838438,"95,8"
42859669,"91,4"
70923626,"92,1"
92905347,"95,7"
99592025,"98,7"
34247736,"99,2"
47550455,"88,9"
30329172,"97,9"
76877530,"82,4"
47046103,"86,0"
56664512,..
38167912,"96,7"
43826783,..
58125096,"94,4"
82914148,"100,0"
20620556,"100,0"
77839100,..
17173461,"92,9"
55535552,.
19560192,"86,5"
30468157,"96,7"
98053087,"98,6"
92533079,"95,9"
61528940,"95,7"
23681822,"97,8"
66861851,"99,2"
72206824,"100,0"
92858957,"95,4"
46660042,"84,4"
86296935,..
44113417,"96,1"
67783774,..
38917647,"100,0"
21363125,..
39555838,"95,7"
85214294,"88,1"
82084961,"87,7"
46162400,"86,7"
98369689,"87,1"
56529916,"81,7"
40810950,"74,1"
67279263,"99,2"
40037982,"95,6"
51210136,"98,3"
73829818,"95,4"
54395430,.
18881773,"100,0"
50908408,"100,0"
18594470,"93,7"
78295411,"98,7"
80686587,"94,0"
72232853,"96,3"
12279302,"95,7"
17849518,"76,9"
64205087,"91,3"
50500028,"100,0"
94570025,"79,2"
91984508,"88,2"
78659008,"86,1"
12448823,..
40667807,"93,5"
18091973,"95,3"
88466776,"100,0"
36539945,..
40634612,"100,0"
62439199,"90,0"
66132676,"97,7"
57942242,"97,4"
80762863,"91,4"
77688926,"99,0"
14508922,"100,0"
69629086,"95,6"
88624631,"100,0"
35390185,..
37358234,"88,9"
31657916,"83,3"
21008461,"100,0"
54606928,"97,1"
53893730,"99,1"
46241804,"100,0"
42573391,"100,0"
64574972,"100,0"
19741742,"92,1"
29032715,"98,9"
45830583,"100,0"
48931433,"95,5"
97270136,"96,6"
19909435,"100,0"
30530571,"98,6"
78839208,"98,5"
96024712,"98,8"
30458073,..
40829056,"91,7"
85800840,"95,9"
68920727,"98,0"
27115998,"96,9"
41867682,"92,3"
79516949,"95,8"
65662401,"94,7"
39583059,"83,7"
38645259,"96,9"
96684210,"98,3"
87207941,"97,2"
11673760,"98,1"
46574937,"98,6"
23836342,"100,0"
63791419,"93,7"
39805497,"100,0"
38400227,"98,0"
81619482,"93,4"
83829189,"90,2"
46145886,"100,0"
12395564,"100,0"
90006712,"94,1"
43649848,"100,0"
75344502,"95,0"
84247499,"98,6"
27041885,"100,0"
39149668,"98,6"
97064126,..
32580162,"78,3"
38233622,"100,0"
48722826,"94,2"
73063662,"95,2"
40766349,"96,6"
71571158,"93,8"
53691739,"100,0"
43251309,"100,0"
97596286,"89,3"
67554405,"98,8"
86473502,"100,0"
73944169,"100,0"
98239050,"100,0"
94455820,..
58368956,"95,2"
73567152,"88,6"
61547652,"100,0"
60209222,"96,6"
62104139,"100,0"
87034307,"98,3"
78872213,"100,0"
84286698,"96,2"
62490359,"92,3"
64725297,"79,3"
43362941,"82,6"
23350817,"91,7"
76860623,"100,0"
58191646,"98,9"
80405898,"98,4"
56021320,"100,0"
41358402,"100,0"
63179610,"95,7"
64569393,"93,2"
87262566,"87,8"
64160122,"100,0"
48217580,"95,8"
41844601,"88,3"
51620045,"91,0"
86888278,"94,7"
23457902,"92,9"
27597104,"100,0"
57397381,"93,8"
56947954,"98,7"
72022487,"97,8"
71512894,"98,4"
70969556,"85,0"
28248021,"97,4"
44417214,"95,4"
25025681,"98,5"
88776535,"92,9"
49488344,"100,0"
74408578,"91,3"
71043974,"99,3"
57777751,..
38732602,"100,0"
89807183,"96,0"
86724994,"97,6"
61161774,"100,0"
86158933,"97,3"
14102256,"98,8"
75082280,"100,0"
75914181,"90,3"
39302565,"91,7"
96818167,"100,0"
36072799,"92,3"
61432781,"94,4"
78287294,"100,0"
74316305,"88,6"
39096170,"100,0"
79527481,"97,8"
67300857,"100,0"
99279503,"82,9"
63653488,..
84476205,"100,0"
24544503,"94,7"
25392789,"99,1"
72109637,..
69240218,"100,0"
14057258,..
38460895,"100,0"
31199511,"100,0"
12934438,"99,5"
43313366,"98,4"
86787111,"95,7"
97868185,"100,0"
81551726,"72,2"
77823650,"89,5"
37550979,"95,0"
52634142,"87,1"
76195214,"98,5"
54839753,..
32705515,"98,2"
60214465,"94,6"
70137084,"86,4"
82002016,"95,5"
21901328,"94,7"
23306658,"98,3"
57350392,..
97535124,"100,0"
11102578,"99,0"
69306209,"93,7"
92651253,"85,7"
31740319,"94,6"
10129345,"98,9"
17944628,"99,2"
82826083,"100,0"
94468610,"94,6"
94090461,"97,8"
12954099,"100,0"
80931789,"92,1"
84098842,"100,0"
90473340,"100,0"
26167236,"98,2"
69807202,"97,3"
64648904,"100,0"
75939593,"99,7"
63035915,"93,4"
26324896,"100,0"
56639389,"99,7"
95700485,"100,0"
51449748,"95,9"
28267726,"100,0"
28848709,"85,0"
12613085,"98,0"
53896162,"98,6"
17779637,"100,0"
11185244,"82,9"
56211717,"85,0"
66824652,"95,7"
49168016,"96,6"
32042066,"96,2"
50821167,"100,0"
71929526,"96,8"
92814975,"100,0"
60873719,"98,8"
28085125,"100,0"
28770304,"78,4"
21938183,"98,6"
78986228,.
71472793,"96,8"
64123241,"93,3"
69063711,"100,0"
77609073,"82,7"
35894996,"100,0"
12926770,"100,0"
17119840,"57,6"
68748767,"77,7"
23548714,"93,7"
48593439,"95,0"
91773491,"94,3"
30361243,"99,7"
25596917,"99,2"
65722876,"96,2"
20984584,..
52129378,"93,2"
65381163,"95,7"
98541468,..
31155312,"78,0"
25648215,"95,8"
61823258,"95,8"
84424083,"100,0"
39178171,"96,6"
49231191,"97,9"
78231062,"100,0"
79994304,..
10481541,"95,1"
68006362,"97,5"
11608031,"86,3"
86762103,"92,9"
68381790,"90,4"
13006857,"100,0"
76007769,"82,1"
16956086,"93,0"
58187973,"100,0"
88894245,"100,0"
31870541,"98,7"
71160225,"100,0"
67752682,"100,0"
47884009,"83,9"
44672598,"100,0"
75340089,"100,0"
36670439,"88,5"
22220001,"88,1"
31822012,"95,8"
83161201,"100,0"
15100079,..
55421481,..
99356671,"82,4"
16702464,"91,3"
71353314,..
29449669,"94,4"
62855448,"98,1"
36252055,"98,6"
91812793,"100,0"
14355031,"93,3"
72891848,"81,0"
46611859,"95,0"
58907711,"100,0"
68285560,"99,3"
58544422,"100,0"
65150019,"97,2"
31796890,..
22426680,"92,3"
83805032,"75,9"
48862305,"92,6"
32887559,"91,3"
71541108,"97,5"
53832505,"100,0"
47537928,"96,6"
69471748,"91,3"
49750031,"100,0"
76485705,"98,2"
93239262,"100,0"
25745773,"92,8"
99976753,"100,0"
14278480,"69,4"
75575321,"100,0"
28023078,"96,9"
43284031,"92,8"
13963517,"100,0"
24194577,..
26267406,"100,0"
31255918,"100,0"
51955293,"98,9"
57690933,"100,0"
35035671,"82,4"
12130801,"97,6"
51736304,"93,8"
53180719,"100,0"
27489137,"100,0"
15609112,"100,0"
44285075,"97,1"
60424371,"97,1"
95785055,"100,0"
68655578,"68,0"
17062663,"96,4"
68741484,"97,8"
56267421,"94,4"
34990065,"53,6"
37054246,"98,6"
39199869,"100,0"
62216381,"87,8"
31179045,"98,6"
72421673,"93,2"
15763669,..
59655752,"94,2"
88750078,"95,9"
41878314,..
41555549,"94,7"
32003298,"100,0"
22383788,"100,0"
85459854,"96,1"
81876614,"98,3"
18711877,"100,0"
67071618,"100,0"
75324351,"100,0"
61229217,"95,8"
58929357,"100,0"
42517257,"90,6"
70376604,"92,4"
59575030,"100,0"
93503103,"100,0"
18617410,"97,3"
41697930,"97,6"
28025244,"95,6"
17184072,"100,0"
40338843,"100,0"
77440824,"96,2"
71069359,"100,0"
86896907,"100,0"
14292382,"95,5"
51981332,"100,0"
87859089,"93,2"
54764253,"89,4"
98908403,"96,2"
16493131,"99,5"
41119610,"100,0"
83272868,"98,8"
11526364,"100,0"
48304166,"78,7"
24982097,"94,4"
45552626,"94,8"
50906954,.
97104132,"91,7"
16748680,"98,3"
68597767,"100,0"
27964873,"88,9"
30706655,"85,0"
65674821,"96,8"
92332557,"94,0"
46332927,"100,0"
78690637,"91,6"
24653673,"85,7"
38048202,"96,5"
90990441,"93,8"
86319615,"100,0"
87303004,"100,0"
97835550,"95,5"
22446331,"83,8"
26671095,"93,9"
42911621,"94,8"
40575001,"89,5"
75027822,"96,9"
26508763,"96,1"
14504503,"100,0"
21850904,"100,0"
65320354,"100,0"
77544055,"94,4"
49112879,"96,0"
30279258,"100,0"
16198647,"98,6"
12496135,..
76903284,"99,4"
68649663,"91,9"
43623146,..
49141105,"90,4"
15870428,"72,9"
26646080,"98,5"
26750052,"100,0"
18974693,"99,3"
26996566,"100,0"
27704246,"94,9"
81997762,"95,1"
28967085,..
69747871,..
70119254,..
31151740,"100,0"
79346084,"95,4"
34222422,"100,0"
84230226,..
42060237,"75,0"
89816391,"95,2"
14448619,"99,1"
12546590,"96,9"
43565270,"96,2"
77176811,"100,0"
52791537,"99,2"
85152591,"100,0"
85819857,"100,0"
40600798,"100,0"
52942981,"97,6"
54117171,"100,0"
48120273,"100,0"
33233228,..
94167577,"89,4"
27023528,"94,7"
53903798,"93,7"
85782695,"100,0"
98815582,"97,3"
97770837,"94,0"
21312503,"100,0"
69650864,"100,0"
59581397,"95,8"
14926020,"84,2"
41938272,"100,0"
29423248,"98,0"
76054399,"98,5"
33132452,"86,9"
56942970,..
60142020,..
70811222,"100,0"
17911161,"94,6"
35084976,"100,0"
25525759,.
77632411,"100,0"
56653353,"79,2"
49068301,"98,2"
59898194,"100,0"
38195284,"100,0"
97510495,"97,1"
89461767,"98,7"
94717858,"98,2"
53760158,"100,0"
78422467,"98,0"
37802196,..
38683336,"100,0"
36288955,"99,2"
74812809,"97,8"
88839172,"98,7"
48412612,"98,6"
95618280,"96,2"
75075402,"99,1"
26326048,"94,2"
37839488,"92,7"
46256929,"92,1"
83374651,"100,0"
59796774,"100,0"
17675502,"94,7"
75600007,"90,0"
73812226,"91,4"
30762346,..
82964090,"100,0"
88955893,"100,0"
15278518,"97,2"
15390992,"99,2"
63943560,"97,9"
85516596,"90,7"
31998226,..
38236800,"56,3"
16784385,"100,0"
59026584,"96,5"
79829846,"97,6"
89963319,..
24339566,"98,8"
20061769,"100,0"
65458415,..
95154882,"92,9"
52333875,"89,8"
24663703,..
28519815,"91,5"
65666808,"85,7"
69543519,"96,3"
24397215,"93,2"
30677562,"97,5"
85054102,"90,5"
87274273,"87,5"
89693952,.
24759907,"84,0"
78433202,"89,8"
41631104,"81,3"
35366805,"98,2"
31315191,"100,0"
80357110,"87,0"
42775003,"100,0"
56670842,"100,0"
89370947,"100,0"
18451445,..
48555205,"100,0"
31313926,"96,6"
30312720,"98,8"
32116280,"98,9"
57143976,"100,0"
93367005,"94,7"
53175499,"100,0"
64388538,"100,0"
52153758,"100,0"
16501673,"97,4"
26298615,"73,9"
22116645,"100,0"
99755443,"100,0"
30167976,"100,0"
50104466,"100,0"
28004794,..
32071849,"100,0"
79845033,"96,5"
41099519,"97,3"
59386837,"98,6"
21627442,"98,2"
17276047,"92,5"
73217812,"81,6"
21382451,"98,8"
48244956,"100,0"
36769815,"100,0"
16931486,"81,0"
92489953,"96,3"
43873969,"99,4"
55825382,"100,0"
19306558,"100,0"
35301145,"95,0"
24993048,"92,0"
70132092,"79,7"
65034473,..
13084253,"93,1"
32321364,"100,0"
59942080,"100,0"
66273269,"95,0"
82888663,"94,9"
11275959,"100,0"
58518163,"100,0"
50615280,"100,0"
19035583,"94,7"
27993549,"96,6"
37912396,"97,7"
45593337,"96,1"
90312942,"92,9"
10226870,"100,0"
19839859,"76,9"
80280597,..
67628478,"100,0"
37517404,"100,0"
29159460,"100,0"
32057701,"100,0"
43601850,"97,0"
30615080,"100,0"
89630851,"100,0"
25178582,"92,8"
70543431,"100,0"
23476801,..
86351879,"92,0"
56041144,"98,1"
14586562,..
74322969,"89,3"
90260899,"98,6"
69302313,"100,0"
31057219,"98,2"
27079521,"99,0"
33572033,"93,8"
64579522,"95,2"
65234368,"96,8"
34381901,"91,1"
55150847,"99,0"
90076461,"99,0"
96414537,"96,8"
53069733,"98,0"
99394620,"100,0"
95368476,"100,0"
14853321,"92,2"
76448076,"93,9"
31537066,"100,0"
86488203,"95,7"
25156286,"91,4"
28081446,"97,8"
21400668,"90,5"
92949043,"100,0"
92818240,"76,4"
84329061,"99,0"
71969230,"95,2"
91048178,"96,5"
82718660,"100,0"
76942525,"84,6"
12399380,"100,0"
31486865,"99,7"
97265732,"100,0"
10373112,..
61720981,"99,3"
25698509,"94,7"
50424828,"96,1"
82931004,"92,9"
83584125,"100,0"
95024660,"97,2"
32263814,"94,7"
16496466,..
12075195,"62,5"
62300682,"78,9"
47393891,"96,0"
48414975,"100,0"
65265211,"89,7"
11533776,"96,0"
47108751,..
97191332,"100,0"
71938440,"78,6"
28829503,"100,0"
22811839,"85,2"
33205596,"100,0"
99622695,..
19930101,"100,0"
60727136,"100,0"
45132264,"100,0"
61647360,..
98651664,"100,0"
33657492,"89,5"
61622991,"93,1"
66644568,"91,7"
93659517,"94,7"
79309485,"98,9"
61175914,"94,1"
73316818,"100,0"
37078868,..
27859889,"92,3"
16130958,"97,1"
29161632,..
82195565,"100,0"
33596572,"100,0"
45541222,"100,0"
77713695,"100,0"
63451147,"100,0"
51131594,"100,0"
89680395,"100,0"
53696633,"100,0"
27440210,"97,9"
62758285,"100,0"
16218090,"100,0"
61197669,..
64667996,"100,0"
17812651,"100,0"
23544320,"98,8"
57668673,"86,4"
69040241,"100,0"
63993414,"100,0"
49136871,..
91905819,"100,0"
20855811,"93,7"
54882637,"100,0"
53923398,"92,7"
74560191,"100,0"
47844862,"98,8"
22239675,"90,5"
72984079,"94,5"
36480690,"97,4"
24787883,"100,0"
32995170,"97,2"
52048443,"95,7"
61674097,"100,0"
32550660,"100,0"
93488613,"100,0"
45600034,"100,0"
59599256,"97,4"
69865450,"96,0"
31112935,"93,3"
26957025,"100,0"
90509211,"96,0"
43277545,"94,6"
37316242,"92,0"
20173336,"87,9"
49872493,"93,1"
39147056,"94,3"
11953769,"100,0"
28646435,"92,0"
50393060,"95,3"
85788659,"86,7"
95340745,"90,9"
59521477,"90,1"
92442684,"78,3"
66095163,"94,1"
38544187,"91,5"
54599691,"96,7"
54004368,"98,0"
54467211,"86,7"
23517683,"100,0"
31975673,"100,0"
82251333,"100,0"
99864908,"98,1"
27106031,"95,8"
59463950,"98,5"
63931325,"96,1"
57391913,"96,0"
75374280,"100,0"
46148350,"90,9"
50133877,"91,7"
49868916,"98,6"
74919147,"100,0"
90240730,"94,8"
84908877,"87,1"
78389879,"96,0"
24277564,"82,9"
88956420,..
44412461,"100,0"
34002355,"84,6"
36355200,"98,8"
96920524,"100,0"
18217765,"100,0"
60919765,..
14677676,"93,9"
96152872,"95,7"
77835341,"100,0"
70803636,"98,3"
49576295,"100,0"
66028861,"100,0"
23797825,"91,9"
45293715,"98,5"
44738639,"81,3"
77712952,"91,9"
92009807,"84,6"
10433896,"99,1"
10342448,"95,7"
43154449,"94,7"
49170638,"100,0"
46379730,"100,0"
25379974,"95,5"
98032567,..
96194948,"92,6"
25955541,"95,8"
88025221,"97,4"
18042101,"100,0"
14799321,"96,6"
56041699,"79,4"
45111086,"86,7"
70955448,"99,4"
68824244,"95,1"
90685868,"98,4"
24501884,"90,7"
46707989,"100,0"
46986216,"98,5"
67924816,"100,0"
92805465,"96,6"
56084099,"89,5"
80711021,"91,4"
17648596,"89,1"
16720048,"98,5"
13960635,"100,0"
39341381,..
61176909,"100,0"
43479922,"100,0"
60088179,"86,9"
28391147,"98,5"
29209307,"100,0"
21778322,"96,2"
31380193,"100,0"
90290154,"93,3"
25847233,"88,7"
62612992,"94,1"
85485803,"95,8"
92816527,"95,3"
16848652,"100,0"
88429477,"97,9"
94975733,"100,0"
56802300,"100,0"
15149235,"98,7"
77379848,"100,0"
13981977,"100,0"
24538846,"100,0"
36886750,"94,4"
67422309,"45,7"
67058407,"88,6"
34421265,"95,2"
15791044,"100,0"
65392939,"99,1"
98696836,"97,4"
82160887,"96,3"
23175129,..
64908550,"100,0"
77358716,"100,0"
49739986,"94,5"
29225010,"96,1"
92192566,"100,0"
56886667,"99,4"
33249781,"100,0"
64648566,"97,4"
18691102,"76,9"
70302356,"100,0"
65421426,"98,7"
62394916,"100,0"
67908927,"95,8"
72071234,"99,4"
24349146,"96,7"
83605345,"95,2"
15933512,"97,2"
12198363,..
47692481,"78,3"
64693272,"77,8"
18072172,"100,0"
65833454,"96,2"
85188855,"82,6"
11341077,"100,0"
39528347,"88,9"
34988313,"98,9"
85473846,"91,9"
29744774,..
89690587,"89,4"
28045567,"97,5"
20768651,"94,7"
32239920,"96,9"
98781765,"97,1"
38880984,"96,8"
28872974,"100,0"
87112995,"96,4"
18686599,"98,2"
93779220,"100,0"
77797484,"97,1"
53279140,"100,0"
80785976,"92,9"
47559319,"94,1"
21532545,"95,7"
56187883,"89,7"
20752831,"100,0"
51023367,"93,5"
34739511,"100,0"
95069937,"100,0"
52690153,"93,8"
74776778,"100,0"
18345915,"100,0"
68229719,"100,0"
61004230,"93,9"
71262305,"97,1"
55795961,"100,0"
84947634,"100,0"
23517336,"100,0"
48009865,"99,1"
82840198,"100,0"
18208087,"100,0"
89982804,..
19464342,"100,0"
60743463,"100,0"
32960825,"100,0"
43609520,"100,0"
97968599,"100,0"
91748148,"96,6"
42218661,"97,0"
74434644,"98,4"
42022406,"92,9"
65192707,"97,1"
43634528,"99,2"
36263479,"100,0"
56679384,"98,7"
30538202,"100,0"
19150273,"90,9"
69018222,"93,4"
12889940,"99,1"
16554575,.
34076477,"98,7"
54896448,"100,0"
64284020,..
53400472,"90,0"
97758137,"93,3"
26334561,"99,4"
40386043,"97,8"
59483268,"94,9"
33685428,"100,0"
32879845,"100,0"
88573795,..
20699742,"100,0"
21663998,"99,1"
20595770,"99,0"
82814120,"97,0"
45164827,"98,9"
10924758,"97,3"
34153869,"100,0"
88259298,"100,0"
17846181,"100,0"
75082798,"98,7"
23555409,"99,2"
30341162,"100,0"
72266906,"97,2"
27030026,"96,3"
16950252,"99,0"
34637764,"98,6"
19912478,"95,4"
15077883,"100,0"
48434184,"98,4"
58724424,"100,0"
95684185,"100,0"
51138448,"100,0"
56421429,"100,0"
39911065,"100,0"
17008320,"100,0"
56737496,"97,4"
93939982,"100,0"
25720752,"96,3"
55155562,"95,9"
31533003,"98,9"
16361868,..
23164911,"99,2"
24008049,"96,7"
19981611,"100,0"
54481243,"100,0"
36680097,..
19586169,"100,0"
24273261,"100,0"
95683850,"100,0"
59455288,"92,9"
25679488,"100,0"
25677996,"97,1"
89888648,"91,5"
35063170,"98,0"
31279294,"84,6"
36782335,"100,0"
23897040,..
20666515,"94,4"
37906565,..
67279303,..
21648755,"98,9"
11111710,"100,0"
90551279,"98,0"
69686851,..
49616977,"100,0"
54965510,"99,3"
84835666,"92,7"
25872338,..
54164490,"92,0"
20319353,"85,3"
92194545,"98,4"
64740897,..
78979604,..
10974852,..
85068812,"84,0"
78397312,"98,4"
36444853,"96,3"
16819383,"100,0"
89837629,"100,0"
12994441,"92,6"
88774402,"100,0"
75141151,"96,3"
61701709,"100,0"
61469192,"98,4"
84306392,"100,0"
28627819,"100,0"
30086854,.
26627862,"97,9"
48847282,"100,0"
72517762,"88,5"
79094701,"99,2"
38684438,"95,2"
31251822,"98,1"
90099336,..
35647481,"93,2"
39549479,"95,2"
73147554,"100,0"
69983740,"100,0"
66491596,"100,0"
12052268,"96,3"
71597051,"100,0"
53231578,"98,9"
96279444,"100,0"
40690520,"99,5"
91011325,"100,0"
97382366,"83,3"
35006050,"100,0"
10638939,"78,8"
21505555,"97,5"
34336190,"100,0"
21052710,"99,2"
69739484,"93,0"
92887917,"98,7"
88834120,"100,0"
70066748,"97,4"
19207279,"100,0"
53640774,"97,5"
58502307,"100,0"
97177328,"100,0"
72127035,"100,0"
70969714,"100,0"
68734112,"100,0"
71922787,"97,6"
74148070,"100,0"
92507006,"99,0"
44653962,"100,0"
20100577,"98,9"
81993306,"98,4"
19051089,"100,0"
47264019,"100,0"
50198492,"99,3"
98052678,"97,9"
20099064,"97,5"
16313848,"94,9"
79606767,"100,0"
11294673,"100,0"
86327236,"97,0"
41745951,"100,0"
83137205,"97,7"
28398531,"81,8"
66335258,"100,0"
54172830,"96,9"
75458014,"100,0"
65136104,..
61826221,.
79033948,"100,0"
56330385,"97,7"
20228162,"100,0"
68240485,"100,0"
95046058,"94,7"
44392995,"95,8"
53462953,"96,0"
60730660,"100,0"
82592568,"100,0"
78875918,"98,4"
86385479,"100,0"
49862313,"96,2"
99838438,"94,2"
42859669,"95,3"
99592025,"99,1"
34247736,"100,0"
47550455,"100,0"
30329172,"92,9"
76877530,"81,3"
47046103,"100,0"
38167912,"100,0"
43826783,..
58125096,"94,4"
82914148,"100,0"
20620556,"100,0"
77839100,..
17173461,"100,0"
55535552,.
30468157,"96,7"
92533079,"95,9"
61528940,"95,7"
23681822,"97,8"
66861851,"99,2"
72206824,"100,0"
92858957,"97,0"
86296935,..
44113417,"100,0"
67783774,..
39555838,"95,0"
85214294,"94,4"
82084961,"95,0"
46162400,"94,1"
67279263,"99,2"
51210136,"98,3"
73829818,"100,0"
54395430,.
18881773,..
50908408,"100,0"
18594470,"93,7"
78295411,"98,7"
80686587,"100,0"
72232853,"96,3"
12279302,"92,3"
64205087,"91,3"
50500028,"100,0"
91984508,"100,0"
40667807,"100,0"
18091973,"100,0"
88466776,"100,0"
36539945,..
40634612,"100,0"
66132676,"100,0"
57942242,"97,4"
77688926,"98,8"
14508922,"100,0"
37358234,"100,0"
21008461,"100,0"
54606928,"100,0"
53893730,"99,1"
42573391,..
64574972,"100,0"
19741742,"100,0"
29032715,"100,0"
45830583,"100,0"
48931433,"95,2"
19909435,"100,0"
30530571,"98,8"
78839208,"98,5"
96024712,"98,2"
30458073,..
85800840,"94,5"
68920727,"98,0"
27115998,"96,8"
41867682,"87,5"
79516949,"95,8"
96684210,"98,3"
87207941,"98,4"
11673760,"99,1"
46574937,"98,6"
23836342,"100,0"
63791419,"100,0"
39805497,"100,0"
38400227,"97,7"
81619482,"93,4"
12395564,"100,0"
90006712,"94,1"
39149668,"98,6"
38233622,"100,0"
48722826,"89,7"
73063662,"95,2"
40766349,"96,6"
53691739,"100,0"
43251309,"100,0"
67554405,"100,0"
73944169,"100,0"
98239050,"100,0"
94455820,..
61547652,..
62104139,"100,0"
87034307,"98,3"
78872213,"100,0"
76860623,"100,0"
58191646,"98,9"
80405898,"98,4"
56021320,"100,0"
63179610,"95,7"
64569393,"96,2"
64160122,"100,0"
48217580,"95,8"
51620045,"95,2"
86888278,"94,7"
57397381,"97,4"
56947954,"100,0"
72022487,"100,0"
71512894,"98,4"
28248021,"97,8"
44417214,"95,9"
25025681,"98,2"
88776535,"92,9"
49488344,"100,0"
74408578,"96,2"
71043974,"99,3"
57777751,..
38732602,"100,0"
89807183,"96,0"
61161774,"100,0"
86158933,"100,0"
75914181,"88,9"
39302565,"92,9"
96818167,"100,0"
79527481,"97,8"
67300857,"100,0"
99279503,"100,0"
63653488,..
84476205,"100,0"
24544503,"94,7"
25392789,"99,1"
69240218,"100,0"
38460895,"100,0"
31199511,"100,0"
12934438,"99,5"
43313366,"99,0"
86787111,"95,7"
97868185,"100,0"
77823650,..
37550979,"100,0"
60214465,"100,0"
70137084,"100,0"
82002016,"100,0"
23306658,"100,0"
97535124,"100,0"
11102578,"100,0"
69306209,"100,0"
10129345,"98,9"
17944628,"99,1"
94468610,"94,6"
94090461,"100,0"
12954099,"100,0"
80931789,"94,0"
90473340,"100,0"
69807202,"100,0"
64648904,"100,0"
75939593,"99,7"
26324896,"100,0"
56639389,"99,7"
95700485,"100,0"
51449748,"95,9"
28267726,"100,0"
12613085,"95,8"
53896162,"98,6"
17779637,"100,0"
66824652,"96,6"
49168016,"100,0"
71929526,"96,8"
60873719,"98,8"
28085125,"100,0"
21938183,"98,6"
78986228,.
71472793,"96,8"
69063711,"100,0"
77609073,"100,0"
35894996,"100,0"
12926770,"100,0"
68748767,"90,6"
23548714,"93,7"
48593439,"95,0"
91773491,"94,3"
30361243,"99,7"
25596917,"99,1"
65722876,"96,2"
52129378,"100,0"
65381163,"95,7"
31155312,"78,9"
84424083,"100,0"
49231191,"97,9"
78231062,"100,0"
10481541,"95,1"
68381790,"90,9"
13006857,"100,0"
16956086,"99,2"
58187973,"100,0"
88894245,..
31870541,"98,7"
44672598,"100,0"
31822012,"95,8"
83161201,"100,0"
99356671,..
16702464,"91,7"
29449669,"94,4"
62855448,"98,1"
36252055,"99,2"
91812793,"100,0"
14355031,"100,0"
46611859,"95,0"
58907711,"100,0"
68285560,"99,3"
58544422,"100,0"
65150019,"97,2"
71541108,"100,0"
53832505,"100,0"
47537928,"96,6"
69471748,"98,5"
49750031,"100,0"
76485705,"98,2"
93239262,"100,0"
99976753,"100,0"
75575321,"100,0"
28023078,"100,0"
43284031,"86,7"
24194577,..
26267406,..
51955293,"100,0"
57690933,"100,0"
12130801,"97,1"
51736304,"100,0"
44285075,"97,1"
95785055,"100,0"
68655578,"74,6"
68741484,"97,1"
37054246,"100,0"
39199869,"100,0"
31179045,"100,0"
72421673,"95,7"
15763669,..
59655752,"93,0"
88750078,"93,3"
41555549,"98,6"
85459854,"97,0"
81876614,"98,0"
18711877,"100,0"
67071618,"100,0"
75324351,"100,0"
61229217,"94,7"
70376604,"95,2"
59575030,"100,0"
18617410,"96,6"
28025244,"100,0"
40338843,"100,0"
77440824,"96,6"
14292382,"100,0"
51981332,"100,0"
87859089,"100,0"
98908403,"96,2"
16493131,"99,0"
83272868,"98,8"
11526364,"100,0"
45552626,"94,8"
50906954,.
16748680,"98,3"
65674821,"100,0"
92332557,"94,0"
78690637,"96,4"
38048202,"99,3"
90990441,..
26671095,"95,7"
65320354,"100,0"
77544055,"98,4"
49112879,"96,0"
30279258,"100,0"
76903284,"100,0"
43623146,..
49141105,"90,4"
15870428,"87,5"
26646080,"98,5"
26750052,"100,0"
18974693,"99,3"
26996566,"100,0"
27704246,"94,9"
28967085,..
69747871,..
31151740,"100,0"
79346084,"98,7"
89816391,"100,0"
14448619,"100,0"
12546590,"97,7"
43565270,"96,2"
77176811,"100,0"
52791537,"99,2"
85152591,"100,0"
85819857,"100,0"
40600798,"100,0"
52942981,"97,6"
54117171,"100,0"
48120273,"100,0"
33233228,..
94167577,"90,1"
27023528,"98,1"
53903798,"89,7"
97770837,"96,0"
69650864,"100,0"
59581397,"95,8"
41938272,"100,0"
29423248,"98,0"
76054399,"98,5"
33132452,"79,5"
60142020,..
70811222,"100,0"
17911161,"94,6"
35084976,"100,0"
25525759,.
77632411,"100,0"
49068301,"98,2"
59898194,"100,0"
38195284,"100,0"
97510495,"96,7"
89461767,"98,7"
94717858,"98,2"
53760158,"100,0"
78422467,"98,0"
37802196,..
36288955,"99,2"
74812809,"97,8"
88839172,"98,7"
48412612,"98,6"
95618280,"98,0"
75075402,"99,1"
26326048,"94,2"
37839488,"92,7"
46256929,"92,1"
83374651,"100,0"
59796774,"100,0"
17675502,"100,0"
75600007,"93,2"
73812226,"91,4"
30762346,..
82964090,"100,0"
88955893,"100,0"
15278518,"96,3"
15390992,"99,5"
63943560,"100,0"
85516596,"100,0"
16784385,"100,0"
89963319,..
24339566,"98,8"
65458415,..
95154882,"100,0"
52333875,"92,3"
24663703,..
28519815,"91,5"
65666808,..
69543519,"96,3"
89693952,.
24759907,"85,6"
78433202,"89,8"
35366805,"98,2"
31315191,"100,0"
42775003,"100,0"
56670842,"100,0"
89370947,"100,0"
48555205,"100,0"
31313926,"96,6"
30312720,"98,8"
32116280,"98,9"
57143976,"100,0"
93367005,"93,0"
53175499,"100,0"
64388538,"100,0"
52153758,"100,0"
22116645,"100,0"
99755443,"100,0"
30167976,"100,0"
50104466,"100,0"
28004794,..
32071849,"100,0"
79845033,"100,0"
41099519,"98,0"
59386837,"100,0"
17276047,"100,0"
21382451,"98,8"
48244956,"100,0"
36769815,..
43873969,"99,3"
55825382,"100,0"
19306558,"100,0"
35301145,"95,0"
24993048,"93,8"
13084253,"96,1"
59942080,"100,0"
66273269,"100,0"
11275959,"100,0"
58518163,"100,0"
27993549,"100,0"
37912396,"100,0"
45593337,"96,1"
10226870,"100,0"
19839859,"90,9"
67628478,"100,0"
37517404,..
32057701,"100,0"
30615080,"100,0"
25178582,"92,8"
70543431,"100,0"
23476801,..
86351879,"95,9"
56041144,"98,1"
74322969,"100,0"
90260899,"98,1"
31057219,"100,0"
27079521,"100,0"
33572033,"93,8"
64579522,"100,0"
34381901,"96,3"
55150847,"99,0"
90076461,"99,0"
53069733,"98,0"
99394620,"100,0"
95368476,"100,0"
14853321,"100,0"
76448076,"96,9"
31537066,"100,0"
86488203,"99,1"
25156286,"100,0"
28081446,"97,8"
21400668,"90,5"
92949043,"100,0"
92818240,"100,0"
84329061,"99,3"
91048178,"96,3"
82718660,"100,0"
12399380,"100,0"
31486865,"99,7"
97265732,"100,0"
61720981,"100,0"
50424828,"100,0"
82931004,..
95024660,"97,2"
32263814,"94,7"
47393891,"96,0"
48414975,"100,0"
11533776,"96,0"
47108751,..
28829503,"100,0"
99622695,..
98651664,"100,0"
33657492,"97,3"
79309485,"98,9"
37078868,..
16130958,"97,1"
82195565,"100,0"
33596572,"100,0"
77713695,"100,0"
51131594,"100,0"
89680395,"100,0"
53696633,"100,0"
27440210,"97,9"
62758285,"100,0"
16218090,"100,0"
64667996,"100,0"
23544320,"98,8"
57668673,"100,0"
69040241,..
63993414,"100,0"
49136871,..
20855811,"93,7"
53923398,"97,5"
74560191,"100,0"
47844862,"99,1"
72984079,"98,2"
36480690,"98,0"
24787883,..
32995170,"97,2"
52048443,"98,1"
61674097,"100,0"
32550660,"100,0"
93488613,"100,0"
45600034,"100,0"
59599256,"99,3"
26957025,"100,0"
90509211,"98,5"
43277545,"94,6"
11953769,..
50393060,"100,0"
85788659,"94,7"
95340745,..
59521477,"96,9"
92442684,"100,0"
66095163,"94,1"
54599691,"99,2"
54004368,"98,0"
31975673,"100,0"
82251333,"100,0"
99864908,"100,0"
27106031,"100,0"
59463950,"100,0"
63931325,"93,3"
57391913,"100,0"
75374280,"100,0"
46148350,"93,0"
50133877,"97,0"
49868916,"98,9"
74919147,"100,0"
78389879,"96,0"
24277564,"85,7"
44412461,"100,0"
36355200,"100,0"
96920524,"100,0"
18217765,"100,0"
70803636,"100,0"
49576295,"100,0"
66028861,"100,0"
23797825,"92,5"
45293715,"98,5"
77712952,"92,9"
10433896,"99,0"
43154449,"100,0"
49170638,"100,0"
46379730,"100,0"
25379974,"95,5"
88025221,"98,8"
18042101,"100,0"
56041699,..
45111086,"86,7"
70955448,"99,4"
68824244,"100,0"
46707989,"100,0"
46986216,"98,5"
67924816,"100,0"
92805465,"96,6"
56084099,..
16720048,"100,0"
13960635,"100,0"
61176909,"100,0"
43479922,"100,0"
28391147,"100,0"
21778322,"98,3"
31380193,..
62612992,"94,1"
85485803,"95,8"
16848652,"100,0"
88429477,"97,9"
94975733,"100,0"
56802300,"100,0"
15149235,"98,2"
13981977,"100,0"
24538846,"100,0"
67058407,"96,6"
15791044,"100,0"
65392939,"99,1"
98696836,"98,8"
64908550,"100,0"
77358716,"100,0"
49739986,"94,5"
29225010,"100,0"
92192566,"100,0"
56886667,"99,4"
64648566,"100,0"
65421426,"98,6"
62394916,"100,0"
67908927,"95,8"
72071234,"99,4"
24349146,"99,2"
83605345,..
15933512,"98,5"
64693272,"85,7"
18072172,..
65833454,"96,2"
11341077,"100,0"
34988313,"98,9"
28045567,"97,5"
20768651,"100,0"
38880984,"96,8"
28872974,"100,0"
18686599,"98,1"
93779220,"100,0"
77797484,"97,1"
80785976,"94,4"
47559319,"94,6"
21532545,"94,1"
56187883,"100,0"
20752831,"100,0"
51023367,"100,0"
34739511,"100,0"
52690153,"100,0"
93221031,"91,7"
17474377,"100,0"
18345915,"100,0"
68229719,"100,0"
61004230,"100,0"
71262305,"100,0"
55795961,..
84947634,"96,3"
97870412,"97,6"
68564903,"100,0"
82840198,"95,0"
18208087,"81,8"
89982804,"96,0"
19464342,..
60743463,..
32960825,"100,0"
43609520,..
41416934,"98,6"
21567982,"100,0"
49379603,..
80167319,..
73171934,..
83474173,"89,1"
91487291,..
21866405,"87,2"
74434644,"92,0"
42022406,"88,0"
88445871,"100,0"
18425335,"92,9"
93281974,"97,8"
23424275,"95,0"
19150273,"89,5"
25624692,"84,2"
88534520,"93,8"
16554575,"100,0"
25356960,"89,2"
64284020,"98,4"
98132436,"94,8"
60096875,"92,3"
26334561,"89,5"
40386043,"65,1"
29324709,"100,0"
26864271,"88,2"
59483268,..
33685428,"86,7"
88573795,"100,0"
82814120,"97,7"
10924758,"73,7"
34153869,..
88259298,..
73098153,"91,7"
44240250,"94,6"
17846181,..
75082798,"90,6"
23555409,"100,0"
91333138,"57,7"
30341162,..
39936461,"100,0"
72266906,"90,5"
27030026,"100,0"
12154972,"89,7"
16950252,"92,3"
34637764,"94,1"
73255276,"96,4"
15077883,"77,1"
48434184,"91,7"
58724424,"86,7"
51138448,"100,0"
19647256,"90,9"
56421429,"100,0"
39911065,..
17008320,..
56737496,"97,3"
88850910,"93,3"
93939982,"94,4"
25720752,"95,0"
55155562,"77,8"
31533003,"96,2"
31429031,"90,7"
16361868,..
24008049,"95,5"
36680097,..
87756916,"92,1"
59734510,"94,1"
19586169,"72,7"
24273261,"86,7"
95683850,"100,0"
59455288,"91,7"
82163292,"96,3"
25679488,"87,0"
25677996,"88,9"
89888648,"75,0"
90003262,"100,0"
88163512,"75,8"
35063170,..
31279294,"76,5"
36782335,"92,8"
20666515,"77,8"
37906565,"100,0"
67279303,"97,4"
21648755,"84,2"
11111710,"100,0"
90551279,"98,0"
93062368,"87,5"
69686851,"97,1"
49616977,"100,0"
90267145,"100,0"
72998905,"96,2"
69481650,"65,8"
88153340,"67,5"
94353434,"61,4"
59396229,"92,4"
95165649,"96,1"
69626109,"76,7"
85068812,..
36444853,"79,3"
15414001,"67,3"
38311488,"96,9"
16819383,"97,8"
12994441,..
53660780,"96,2"
30086854,"100,0"
79094701,"100,0"
38684438,"89,5"
96590873,"95,3"
73147554,"100,0"
65752105,..
11274830,"88,9"
51321260,"82,8"
96279444,"94,1"
61880907,"97,6"
35006050,"100,0"
88886610,"100,0"
10638939,"85,0"
88556189,"22,4"
35236491,"95,1"
58502307,"100,0"
97177328,"94,1"
72127035,"100,0"
70969714,"87,5"
85003442,"100,0"
22752398,"92,5"
71922787,"100,0"
31843016,"100,0"
74148070,..
50696507,"81,5"
44653962,"87,2"
81993306,"87,1"
29097621,"83,9"
87764775,"94,4"
48438396,"100,0"
98052678,..
44341171,"86,2"
32671805,"89,4"
38448056,"100,0"
16313848,"86,9"
79606767,"91,3"
11294673,"95,5"
86327236,"85,7"
28398531,"92,2"
66335258,"100,0"
54172830,"73,9"
86310217,"92,9"
83085136,"100,0"
75458014,..
65136104,..
79033948,"86,2"
56330385,"66,7"
44392995,"84,6"
69241230,"87,0"
85544331,"100,0"
80327946,"88,8"
78875918,"96,2"
78023197,"84,8"
86385479,"92,3"
40991561,..
99838438,"100,0"
42859669,"82,4"
70923626,"92,1"
92905347,"95,7"
99592025,"92,3"
34247736,"95,2"
47550455,"81,4"
30329172,"100,0"
76877530,..
47046103,"78,1"
56664512,..
38167912,"90,9"
20620556,"100,0"
17173461,..
19560192,"86,5"
98053087,"98,6"
92858957,"66,7"
46660042,"84,4"
44113417,"79,2"
67783774,..
38917647,"100,0"
21363125,..
39555838,..
85214294,"83,3"
82084961,"74,7"
46162400,"84,9"
98369689,"87,1"
56529916,"81,7"
40810950,"74,1"
40037982,"95,6"
73829818,"62,5"
18881773,..
80686587,"85,7"
12279302,"98,2"
17849518,"76,9"
94570025,"79,2"
91984508,"75,8"
78659008,"86,1"
12448823,..
40667807,"84,0"
18091973,"91,7"
40634612,"100,0"
62439199,"90,0"
66132676,"92,3"
80762863,"91,4"
77688926,"100,0"
14508922,..
69629086,"95,6"
88624631,"100,0"
35390185,..
37358234,"78,6"
31657916,"83,3"
54606928,"81,3"
46241804,"100,0"
42573391,"100,0"
64574972,"100,0"
19741742,"81,3"
29032715,"96,9"
48931433,"96,3"
97270136,"96,6"
19909435,"100,0"
30530571,"97,6"
96024712,"100,0"
40829056,"91,7"
85800840,"96,7"
27115998,"97,2"
41867682,"100,0"
65662401,"94,7"
39583059,"83,7"
38645259,"96,9"
87207941,..
11673760,"96,8"
63791419,"90,9"
39805497,"100,0"
38400227,"98,2"
83829189,"90,2"
46145886,"100,0"
43649848,"100,0"
75344502,"95,0"
84247499,"98,6"
27041885,"100,0"
97064126,..
32580162,"78,3"
48722826,"98,4"
71571158,"93,8"
53691739,"100,0"
97596286,"89,3"
67554405,"97,6"
86473502,"100,0"
98239050,"100,0"
94455820,..
58368956,"95,2"
73567152,"88,6"
61547652,"100,0"
60209222,"96,6"
62104139,"100,0"
78872213,"100,0"
84286698,"96,2"
62490359,"92,3"
64725297,"79,3"
43362941,"82,6"
23350817,"91,7"
76860623,"100,0"
56021320,"100,0"
41358402,"100,0"
64569393,"88,9"
87262566,"87,8"
41844601,"88,3"
51620045,"86,1"
23457902,"92,9"
27597104,"100,0"
57397381,"84,7"
56947954,"97,4"
72022487,"95,7"
70969556,"85,0"
28248021,"96,8"
44417214,"94,6"
25025681,"100,0"
49488344,"100,0"
74408578,"82,1"
86724994,"97,6"
86158933,"91,3"
14102256,"98,8"
75082280,"100,0"
75914181,"94,1"
39302565,"91,3"
36072799,"92,3"
61432781,"94,4"
78287294,"100,0"
74316305,"88,6"
39096170,"100,0"
99279503,"73,9"
72109637,..
69240218,"100,0"
14057258,..
43313366,"96,3"
97868185,..
81551726,"72,2"
77823650,"88,0"
37550979,..
52634142,"87,1"
76195214,"98,5"
54839753,..
32705515,"98,2"
60214465,..
70137084,"80,0"
82002016,"78,6"
21901328,"94,7"
23306658,"97,2"
57350392,..
11102578,"95,8"
69306209,"87,8"
92651253,"85,7"
31740319,"94,6"
17944628,"100,0"
82826083,"100,0"
94090461,"86,7"
12954099,..
80931789,"85,2"
84098842,"100,0"
90473340,..
26167236,"98,2"
69807202,"96,2"
64648904,"100,0"
63035915,"93,4"
26324896,"100,0"
28848709,"85,0"
12613085,"100,0"
53896162,"100,0"
11185244,"82,9"
56211717,"85,0"
66824652,"94,4"
49168016,"90,9"
32042066,"96,2"
50821167,"100,0"
92814975,"100,0"
28770304,"78,4"
64123241,"93,3"
69063711,"100,0"
77609073,"76,9"
35894996,"100,0"
17119840,"57,6"
68748767,"71,0"
25596917,"100,0"
20984584,..
52129378,"87,2"
98541468,..
31155312,..
25648215,"95,8"
61823258,"95,8"
39178171,"96,6"
79994304,..
68006362,"97,5"
11608031,"86,3"
86762103,"92,9"
68381790,"89,7"
13006857,"100,0"
76007769,"82,1"
16956086,"81,9"
58187973,"100,0"
88894245,"100,0"
71160225,"100,0"
67752682,"100,0"
47884009,"83,9"
44672598,"100,0"
75340089,"100,0"
36670439,"88,5"
22220001,"88,1"
15100079,..
55421481,..
99356671,"78,6"
16702464,"90,9"
71353314,..
36252055,"96,2"
91812793,"100,0"
14355031,"78,6"
72891848,"81,0"
31796890,..
22426680,"92,3"
83805032,"75,9"
48862305,"92,6"
32887559,"91,3"
71541108,"94,4"
69471748,"80,9"
93239262,"100,0"
25745773,"92,8"
99976753,..
14278480,"69,4"
28023078,"95,9"
43284031,"96,2"
13963517,"100,0"
26267406,"100,0"
31255918,"100,0"
51955293,"97,4"
35035671,"82,4"
12130801,..
51736304,..
53180719,"100,0"
27489137,"100,0"
15609112,"100,0"
60424371,"97,1"
68655578,"60,3"
17062663,"96,4"
68741484,"100,0"
56267421,"94,4"
34990065,"53,6"
37054246,"96,6"
39199869,..
62216381,"87,8"
31179045,"97,8"
72421673,"83,3"
59655752,..
88750078,"97,1"
41878314,..
41555549,"83,3"
32003298,"100,0"
22383788,"100,0"
85459854,"94,4"
81876614,..
18711877,"100,0"
67071618,"100,0"
75324351,"100,0"
61229217,"97,1"
58929357,"100,0"
42517257,"90,6"
70376604,"87,5"
93503103,"100,0"
18617410,"100,0"
41697930,"97,6"
28025244,"88,9"
17184072,"100,0"
40338843,"100,0"
77440824,"95,2"
71069359,"100,0"
86896907,"100,0"
14292382,"93,4"
87859089,"78,9"
54764253,"89,4"
98908403,"95,8"
16493131,"100,0"
41119610,"100,0"
48304166,"78,7"
24982097,"94,4"
97104132,"91,7"
68597767,"100,0"
27964873,"88,9"
30706655,"85,0"
65674821,"91,7"
46332927,"100,0"
78690637,"79,5"
24653673,"85,7"
38048202,"93,2"
90990441,..
86319615,"100,0"
87303004,"100,0"
97835550,"95,5"
22446331,"83,8"
26671095,"92,3"
42911621,"94,8"
40575001,"89,5"
75027822,"96,9"
26508763,"96,1"
14504503,"100,0"
21850904,"100,0"
77544055,"85,7"
16198647,"98,6"
12496135,..
76903284,"98,8"
68649663,"91,9"
15870428,"62,9"
26750052,"100,0"
81997762,"95,1"
69747871,..
70119254,..
79346084,"85,1"
34222422,"100,0"
84230226,..
42060237,"75,0"
89816391,"85,7"
14448619,"97,5"
12546590,"95,2"
94167577,"84,2"
27023528,"90,2"
53903798,"97,5"
85782695,"100,0"
98815582,"97,3"
97770837,"83,3"
21312503,"100,0"
14926020,"84,2"
33132452,"90,4"
56942970,..
56653353,"79,2"
59898194,..
97510495,"100,0"
38683336,"100,0"
95618280,"94,5"
17675502,"92,9"
75600007,..
15278518,"97,8"
15390992,"98,5"
63943560,"93,8"
85516596,"85,5"
31998226,..
38236800,"56,3"
59026584,"96,5"
79829846,"97,6"
20061769,"100,0"
65458415,..
95154882,..
52333875,"86,0"
65666808,"85,6"
24397215,"93,2"
30677562,"97,5"
85054102,"90,5"
87274273,"87,5"
24759907,"64,7"
41631104,"81,3"
80357110,"87,0"
18451445,..
93367005,"97,3"
16501673,"97,4"
26298615,"73,9"
50104466,..
79845033,"88,9"
41099519,"96,0"
59386837,"98,0"
21627442,"98,2"
17276047,"80,0"
73217812,"81,6"
48244956,"100,0"
36769815,"100,0"
16931486,"81,0"
92489953,"96,3"
43873969,"100,0"
55825382,"100,0"
19306558,..
24993048,..
70132092,"79,7"
65034473,..
13084253,"84,6"
32321364,"100,0"
59942080,..
66273269,"85,7"
82888663,"94,9"
11275959,"100,0"
58518163,"100,0"
50615280,"100,0"
19035583,"94,7"
27993549,"95,9"
37912396,"90,9"
90312942,"92,9"
19839859,"66,7"
80280597,..
67628478,..
37517404,..
29159460,"100,0"
43601850,"97,0"
89630851,"100,0"
86351879,"86,8"
14586562,..
74322969,"82,4"
90260899,"100,0"
69302313,"100,0"
31057219,"97,0"
27079521,"97,3"
64579522,"88,0"
65234368,"96,8"
34381901,"85,1"
96414537,"96,8"
99394620,"100,0"
95368476,"100,0"
14853321,"85,7"
76448076,"92,0"
31537066,"100,0"
86488203,"84,8"
25156286,..
92949043,"100,0"
92818240,"63,3"
84329061,"98,4"
71969230,"95,2"
91048178,"96,6"
76942525,"84,6"
31486865,"100,0"
10373112,..
61720981,"97,2"
25698509,"94,7"
50424828,"94,6"
82931004,"89,5"
83584125,"100,0"
16496466,..
12075195,"62,5"
62300682,"78,9"
65265211,"89,7"
97191332,"100,0"
71938440,"78,6"
22811839,"85,2"
33205596,"100,0"
19930101,"100,0"
60727136,"100,0"
45132264,"100,0"
61647360,..
33657492,"69,8"
61622991,"93,1"
66644568,"91,7"
93659517,"94,7"
61175914,"94,1"
73316818,"100,0"
27859889,"92,3"
29161632,..
45541222,"100,0"
63451147,"100,0"
61197669,..
17812651,"100,0"
57668673,"76,0"
69040241,"100,0"
91905819,"100,0"
54882637,"100,0"
53923398,"84,9"
47844862,"96,3"
22239675,"90,5"
72984079,"70,6"
36480690,"96,2"
24787883,"100,0"
52048443,"86,7"
32550660,"100,0"
59599256,"80,6"
69865450,"96,0"
31112935,"93,3"
90509211,"90,9"
37316242,"92,0"
20173336,"87,9"
49872493,"93,1"
39147056,"94,3"
11953769,"100,0"
28646435,"92,0"
50393060,"84,0"
85788659,"80,8"
95340745,"88,5"
59521477,"84,6"
92442684,"72,9"
38544187,"91,5"
54599691,"87,5"
54467211,"86,7"
23517683,"100,0"
82251333,"100,0"
99864908,"93,8"
27106031,"87,5"
59463950,"96,4"
63931325,"96,7"
57391913,"85,7"
75374280,"100,0"
46148350,"87,0"
50133877,"83,3"
49868916,"98,0"
90240730,"94,8"
84908877,"87,1"
24277564,"81,0"
88956420,..
34002355,"84,6"
36355200,"95,8"
96920524,"100,0"
18217765,"100,0"
60919765,..
14677676,"93,9"
96152872,"95,7"
77835341,"100,0"
70803636,"91,7"
23797825,"90,5"
44738639,"81,3"
77712952,"90,0"
92009807,"84,6"
10433896,"100,0"
10342448,"95,7"
43154449,"88,2"
98032567,..
96194948,"92,6"
25955541,"95,8"
88025221,"80,8"
14799321,"96,6"
56041699,"76,0"
70955448,"100,0"
68824244,"87,8"
90685868,"98,4"
24501884,"90,7"
56084099,"86,2"
80711021,"91,4"
17648596,"89,1"
16720048,"97,4"
39341381,..
60088179,"86,9"
28391147,"97,0"
29209307,"100,0"
21778322,"89,5"
31380193,"100,0"
90290154,"93,3"
25847233,"88,7"
92816527,"95,3"
16848652,"100,0"
94975733,"100,0"
56802300,"100,0"
15149235,"100,0"
77379848,"100,0"
13981977,..
24538846,..
36886750,"94,4"
67422309,"45,7"
67058407,..
34421265,"95,2"
15791044,..
98696836,"93,1"
82160887,"96,3"
23175129,..
77358716,"100,0"
29225010,"89,5"
33249781,"100,0"
64648566,"95,8"
18691102,"76,9"
70302356,"100,0"
65421426,"100,0"
24349146,"94,7"
83605345,"94,4"
15933512,"95,9"
12198363,..
47692481,"78,3"
64693272,..
18072172,..
85188855,"82,6"
39528347,"88,9"
85473846,"91,9"
29744774,..
89690587,"89,4"
20768651,..
32239920,"96,9"
98781765,"97,1"
87112995,"96,4"
18686599,..
93779220,"100,0"
53279140,"100,0"
80785976,"90,0"
47559319,"92,9"
21532545,..
56187883,"87,5"
51023367,"91,5"
95069937,"100,0"
52690153,"87,5"
93221031,..
68229719,..
84947634,..
89982804,"93,3"
60743463,..
73171934,..
74434644,"94,7"
93281974,"100,0"
23424275,..
16554575,"100,0"
60096875,"83,3"
40386043,..
33685428,..
10924758,"73,7"
75082798,"100,0"
16950252,"84,6"
15077883,..
48434184,"100,0"
51138448,"100,0"
93939982,"100,0"
31533003,"100,0"
24273261,..
59455288,..
25677996,..
31279294,..
36782335,"100,0"
90551279,"97,0"
93062368,..
69626109,"76,7"
10638939,"95,0"
72127035,..
85003442,"100,0"
98052678,..
32671805,..
16313848,"88,9"
54172830,..
75458014,..
78023197,"84,2"
40991561,..
70923626,"92,9"
76877530,..
47046103,..
19560192,"81,8"
98053087,"100,0"
46660042,"77,8"
67783774,..
85214294,"88,2"
12279302,"90,9"
91984508,"75,8"
40667807,..
40634612,..
80762863,"90,0"
64574972,..
30530571,..
96024712,"100,0"
27115998,"94,4"
39583059,"94,7"
38645259,..
46145886,..
27041885,"100,0"
48722826,"100,0"
97596286,"92,6"
67554405,"100,0"
56021320,"100,0"
23457902,..
57397381,"100,0"
72022487,..
70969556,..
28248021,..
44417214,..
25025681,"100,0"
14102256,"95,0"
75082280,"100,0"
39096170,"100,0"
69240218,"100,0"
82002016,..
23306658,..
94090461,"86,7"
63035915,"94,7"
50821167,..
68748767,"94,4"
20984584,..
25648215,"100,0"
11608031,"100,0"
13006857,"100,0"
16956086,..
58187973,..
88894245,..
71160225,"100,0"
44672598,"100,0"
22220001,"90,9"
71353314,..
69471748,..
93239262,"100,0"
13963517,..
68655578,"100,0"
31179045,"100,0"
59655752,..
18711877,..
67071618,"100,0"
18617410,"100,0"
40338843,"100,0"
14292382,..
87859089,..
98908403,"90,9"
24982097,..
68597767,..
38048202,"87,0"
90990441,..
40575001,"87,5"
26508763,"90,9"
76903284,..
69747871,..
79346084,"82,6"
89816391,..
53903798,"96,2"
33132452,"95,2"
17675502,"92,9"
75600007,..
85516596,"83,3"
50104466,..
59386837,"100,0"
43873969,"100,0"
24993048,..
58518163,"100,0"
29159460,"100,0"
89630851,"100,0"
86351879,"86,7"
74322969,..
64579522,"100,0"
14853321,..
86488203,"93,8"
84329061,..
71969230,..
31486865,"100,0"
61720981,"100,0"
50424828,..
83584125,"100,0"
65265211,..
66644568,"91,7"
61175914,..
29161632,..
36480690,..
32550660,"100,0"
37316242,..
50393060,..
95340745,..
59521477,..
46148350,..
49868916,"100,0"
84908877,"92,9"
24277564,..
36355200,..
88025221,"80,8"
56041699,..
70955448,"100,0"
60088179,"85,0"
25847233,"73,9"
16848652,..
56802300,..
36886750,..
67422309,..
82160887,"100,0"
64648566,..
15933512,"92,6"
12198363,..
64693272,..
89690587,"84,2"
18686599,..
93779220,"100,0"
80785976,..
47559319,"92,9"
52690153,..
93221031,..
18345915,"100,0"
97870412,"92,9"
18208087,"100,0"
41416934,"100,0"
21567982,"100,0"
83474173,"93,3"
88445871,"100,0"
25624692,..
25356960,"86,7"
98132436,"94,3"
60096875,"100,0"
29324709,"100,0"
26864271,"86,7"
44240250,"100,0"
75082798,"100,0"
91333138,"76,9"
12154972,"88,9"
15077883,"92,3"
48434184,"84,6"
19647256,"87,5"
56737496,"100,0"
55155562,"88,2"
24008049,"95,5"
59734510,..
19586169,"66,7"
24273261,..
59455288,..
89888648,..
36782335,"100,0"
20666515,..
90551279,"100,0"
93062368,..
90267145,"100,0"
88153340,"67,5"
94353434,"61,4"
88886610,"100,0"
88556189,.
72127035,"100,0"
22752398,"90,2"
31843016,"100,0"
29097621,"78,9"
16313848,"71,4"
11294673,..
86327236,..
69241230,..
80327946,"70,6"
86385479,..
70923626,"90,5"
92905347,..
47550455,"77,8"
56664512,..
19560192,..
46660042,"80,0"
38917647,..
82084961,"100,0"
98369689,"88,2"
56529916,"79,6"
17849518,..
18091973,"88,9"
69629086,"90,7"
31657916,..
19741742,"78,6"
40829056,..
85800840,"97,8"
39583059,"87,5"
39805497,"100,0"
46145886,"100,0"
84247499,"100,0"
71571158,..
86473502,..
58368956,"95,2"
23350817,.
41358402,"100,0"
87262566,..
23457902,..
56947954,"100,0"
72022487,"95,8"
28248021,..
74408578,"76,9"
86724994,"97,1"
39302565,"100,0"
61432781,"98,3"
14057258,..
81551726,..
76195214,..
70137084,"70,4"
57350392,..
92651253,..
82826083,"100,0"
26167236,..
63035915,"94,9"
32042066,"89,5"
92814975,..
64123241,"93,3"
20984584,..
98541468,..
25648215,..
79994304,..
86762103,..
68381790,..
13006857,"100,0"
16956086,..
88894245,..
67752682,"100,0"
75340089,"100,0"
22220001,"84,0"
15100079,..
36252055,"88,9"
72891848,..
48862305,"92,9"
13963517,..
31255918,"100,0"
53180719,"100,0"
68655578,"34,3"
37054246,..
62216381,"81,5"
18711877,..
61229217,"92,3"
41697930,"96,9"
77440824,..
14292382,"100,0"
54764253,"90,5"
98908403,"100,0"
16493131,"100,0"
24982097,..
27964873,"100,0"
30706655,"92,9"
78690637,"96,6"
24653673,..
87303004,..
97835550,..
22446331,..
42911621,"91,4"
14504503,..
76903284,..
81997762,"93,3"
70119254,..
42060237,"78,6"
85782695,"100,0"
38236800,..
41631104,..
16501673,..
26298615,..
41099519,..
59386837,..
73217812,..
16931486,.
70132092,"80,0"
27993549,"100,0"
90312942,"85,7"
19839859,..
29159460,..
43601850,"90,9"
74322969,..
31057219,..
34381901,"87,5"
96414537,..
99394620,"100,0"
76448076,"84,0"
92818240,"64,7"
84329061,..
71969230,..
91048178,..
65265211,..
22811839,"85,2"
61622991,"93,1"
61175914,..
91905819,..
54882637,"100,0"
53923398,..
69865450,..
20173336,"95,0"
49872493,..
39147056,"94,1"
11953769,..
85788659,..
59521477,..
54467211,"86,7"
82251333,"100,0"
90240730,"100,0"
34002355,..
96920524,"100,0"
96152872,"100,0"
92009807,"100,0"
10342448,"94,4"
90685868,"100,0"
17648596,"89,1"
39341381,..
29209307,..
90290154,..
92816527,"100,0"
24538846,..
67422309,..
34421265,"100,0"
82160887,"91,7"
33249781,"100,0"
18691102,..
24349146,"84,2"
83605345,"100,0"
47692481,..
85188855,..
85473846,"100,0"
32239920,"94,4"
56187883,"71,4"
52690153,..
74776778,"100,0"
71262305,"100,0"
84947634,"100,0"
48009865,"97,4"
89982804,..
97968599,"100,0"
91748148,"100,0"
42218661,..
74434644,"100,0"
42022406,..
34076477,"98,7"
54896448,"100,0"
97758137,"92,3"
26334561,"100,0"
40386043,"96,6"
20699742,"100,0"
82814120,"96,9"
45164827,"100,0"
10924758,"100,0"
34153869,"100,0"
17846181,..
75082798,"100,0"
23555409,"100,0"
27030026,"96,3"
15077883,"100,0"
48434184,"100,0"
58724424,..
39911065,"100,0"
56737496,"97,4"
55155562,"96,6"
31533003,"98,0"
19981611,"100,0"
25679488,"100,0"
35063170,"100,0"
31279294,..
36782335,"100,0"
67279303,..
21648755,"100,0"
11111710,..
49616977,"100,0"
84835666,"96,3"
20319353,"92,0"
85068812,..
78397312,"100,0"
36444853,"92,6"
89837629,..
12994441,"100,0"
88774402,"100,0"
75141151,"93,8"
61701709,"100,0"
38684438,"90,4"
39549479,"95,2"
73147554,"100,0"
69983740,"100,0"
12052268,"100,0"
71597051,"100,0"
40690520,"96,8"
35006050,"100,0"
10638939,..
34336190,"100,0"
88834120,"100,0"
53640774,"98,7"
72127035,"100,0"
71922787,"97,6"
92507006,"100,0"
20100577,"98,9"
79606767,"100,0"
11294673,..
86327236,"100,0"
66335258,..
54172830,"100,0"
56330385,"100,0"
44392995,"100,0"
60730660,"100,0"
82592568,"100,0"
86385479,"100,0"
49862313,"100,0"
42859669,"90,4"
99592025,"100,0"
34247736,"100,0"
76877530,..
38167912,"100,0"
43826783,..
58125096,"92,3"
17173461,..
30468157,"100,0"
23681822,"97,8"
92858957,"96,6"
82084961,"90,0"
73829818,"100,0"
18881773,..
12279302,"100,0"
64205087,"91,3"
18091973,"100,0"
88466776,"100,0"
54606928,"100,0"
19741742,"100,0"
45830583,"100,0"
30530571,"98,4"
78839208,"100,0"
30458073,..
27115998,"95,5"
79516949,..
87207941,"100,0"
11673760,"99,1"
38400227,"97,7"
81619482,"100,0"
39149668,"100,0"
67554405,"100,0"
73944169,"100,0"
78872213,"100,0"
64569393,"91,7"
48217580,"96,5"
57397381,"98,9"
72022487,"100,0"
71512894,"100,0"
28248021,"100,0"
44417214,"95,0"
74408578,"96,2"
71043974,"100,0"
61161774,"100,0"
75914181,..
24544503,"94,3"
69240218,"100,0"
12934438,"98,1"
43313366,"97,4"
37550979,"100,0"
60214465,"100,0"
23306658,"100,0"
11102578,"100,0"
10129345,"98,9"
94090461,"100,0"
26324896,"100,0"
56639389,"98,9"
53896162,"98,0"
17779637,"100,0"
71929526,"100,0"
60873719,"100,0"
68748767,..
23548714,"96,2"
48593439,"94,4"
91773491,..
30361243,"100,0"
25596917,"100,0"
31155312,..
84424083,"100,0"
10481541,"93,8"
68381790,..
13006857,"100,0"
16956086,"100,0"
58187973,"100,0"
31870541,"100,0"
44672598,"100,0"
31822012,"92,0"
62855448,"96,6"
91812793,"100,0"
58907711,"100,0"
68285560,"98,9"
69471748,"97,1"
99976753,"100,0"
75575321,"100,0"
57690933,"100,0"
12130801,"100,0"
95785055,"100,0"
68741484,"100,0"
37054246,"100,0"
31179045,"100,0"
59655752,..
41555549,"100,0"
85459854,"100,0"
67071618,"100,0"
28025244,"100,0"
40338843,"100,0"
14292382,..
87859089,"100,0"
98908403,"96,3"
83272868,"100,0"
45552626,"90,9"
92332557,"100,0"
78690637,"94,7"
77544055,"98,4"
76903284,"100,0"
49141105,"85,7"
26646080,"98,5"
79346084,"100,0"
14448619,"100,0"
43565270,"95,6"
85152591,"100,0"
40600798,"100,0"
48120273,"100,0"
94167577,"100,0"
53903798,"88,2"
97770837,"95,8"
70811222,..
17911161,"90,5"
35084976,"100,0"
77632411,"100,0"
59898194,"100,0"
38195284,"100,0"
97510495,"91,8"
89461767,"96,6"
94717858,"96,4"
75075402,"100,0"
26326048,"95,7"
37839488,"84,2"
73812226,"97,2"
15278518,"96,3"
85516596,"100,0"
16784385,"100,0"
24339566,"100,0"
65458415,..
52333875,"84,2"
24759907,"72,0"
31315191,"100,0"
48555205,"100,0"
32116280,"98,1"
64388538,..
52153758,"100,0"
99755443,"100,0"
30167976,"100,0"
32071849,"100,0"
79845033,..
41099519,"100,0"
59386837,..
21382451,"95,8"
55825382,"100,0"
59942080,"100,0"
37912396,..
45593337,"100,0"
19839859,..
30615080,"100,0"
86351879,"96,3"
90260899,"100,0"
31057219,..
27079521,"100,0"
64579522,..
34381901,"100,0"
55150847,"100,0"
53069733,..
14853321,"100,0"
86488203,"100,0"
25156286,..
28081446,"96,9"
92818240,"100,0"
12399380,..
31486865,"100,0"
97265732,"100,0"
61720981,"100,0"
50424828,..
95024660,"97,2"
32263814,"94,7"
33657492,"93,1"
79309485,"98,9"
77713695,"100,0"
23544320,"97,2"
69040241,..
20855811,"92,3"
53923398,"100,0"
74560191,..
47844862,"100,0"
72984079,"100,0"
61674097,"100,0"
93488613,"100,0"
59599256,"100,0"
90509211,"100,0"
50393060,"100,0"
85788659,..
59521477,"95,0"
54599691,"98,3"
31975673,"100,0"
27106031,"100,0"
46148350,..
49868916,"96,4"
74919147,"100,0"
78389879,"91,7"
44412461,"100,0"
96920524,"100,0"
70803636,"100,0"
23797825,"92,5"
10433896,"100,0"
49170638,"100,0"
25379974,..
18042101,"100,0"
70955448,"100,0"
92805465,"96,6"
61176909,"100,0"
21778322,"100,0"
31380193,..
62612992,"98,1"
16848652,"100,0"
15149235,"100,0"
24538846,"100,0"
67058407,"100,0"
98696836,"98,7"
49739986,"95,0"
92192566,"100,0"
65421426,"99,2"
72071234,"100,0"
65833454,..
28045567,"96,0"
38880984,"97,2"
18686599,"92,9"
47559319,"100,0"
20752831,"100,0"
51023367,..
52690153,..
93221031,..
18345915,"100,0"
71262305,..
97870412,"100,0"
82840198,"92,3"
41416934,..
21866405,"100,0"
42022406,"88,0"
25624692,..
64284020,"97,7"
40386043,"78,3"
26864271,..
75082798,"100,0"
23555409,"100,0"
30341162,..
72266906,"90,5"
15077883,..
48434184,"90,9"
56421429,"100,0"
56737496,..
24008049,"100,0"
36680097,..
59734510,..
19586169,..
95683850,"100,0"
89888648,"85,7"
36782335,"100,0"
37906565,"100,0"
90551279,"100,0"
69686851,"96,0"
90267145,..
85068812,..
16819383,"95,0"
79094701,"100,0"
11274830,"88,9"
35006050,"100,0"
88556189,..
97177328,"94,1"
72127035,..
22752398,"100,0"
71922787,..
81993306,"78,9"
16313848,"100,0"
11294673,..
28398531,..
79033948,"86,2"
69241230,..
80327946,"84,4"
86385479,"100,0"
99838438,"100,0"
42859669,"100,0"
92905347,..
99592025,"92,3"
30329172,"100,0"
47046103,..
19560192,..
98053087,"96,2"
46660042,"100,0"
44113417,"100,0"
39555838,..
82084961,"66,7"
46162400,"92,1"
12448823,..
18091973,..
40634612,"100,0"
69629086,"98,3"
31657916,..
42573391,..
29032715,"100,0"
19909435,"100,0"
85800840,"100,0"
27115998,"100,0"
41867682,"100,0"
39583059,"93,3"
38645259,..
63791419,"95,5"
46145886,"100,0"
84247499,"100,0"
48722826,"100,0"
53691739,"100,0"
60209222,"96,4"
78872213,"100,0"
51620045,"86,1"
56947954,"96,3"
72022487,"100,0"
70969556,..
28248021,..
74408578,"86,7"
86724994,"95,7"
39302565,"92,9"
74316305,"100,0"
72109637,..
97868185,..
77823650,"87,5"
76195214,..
70137084,"100,0"
69306209,"80,8"
80931789,"85,2"
90473340,..
26167236,..
63035915,"100,0"
12613085,"100,0"
66824652,"93,3"
32042066,"100,0"
92814975,"100,0"
69063711,..
77609073,..
68748767,..
52129378,"87,2"
61823258,..
68006362,"97,7"
86762103,..
68381790,..
13006857,"100,0"
16956086,"88,9"
58187973,..
88894245,..
67752682,"100,0"
44672598,"100,0"
22220001,"100,0"
16702464,..
36252055,"100,0"
72891848,"100,0"
32887559,"93,5"
43284031,"92,6"
13963517,..
26267406,..
31255918,"100,0"
51736304,..
53180719,"100,0"
27489137,"100,0"
37054246,"95,2"
62216381,"95,2"
88750078,"100,0"
22383788,"100,0"
81876614,..
75324351,..
61229217,"100,0"
41697930,"100,0"
17184072,..
77440824,"100,0"
14292382,"85,7"
87859089,..
16493131,"100,0"
24982097,..
68597767,..
30706655,"90,9"
38048202,"100,0"
87303004,..
97835550,..
26671095,"92,3"
42911621,"92,3"
15870428,"65,0"
26750052,"100,0"
81997762,"100,0"
79346084,"87,5"
14448619,"100,0"
94167577,"93,8"
21312503,"100,0"
33132452,"100,0"
15390992,"98,5"
38236800,..
95154882,..
65666808,"80,4"
93367005,"97,3"
16501673,..
79845033,"90,5"
41099519,..
59386837,..
17276047,"80,0"
48244956,"100,0"
70132092,"78,6"
27993549,"93,8"
90312942,"100,0"
37517404,..
29159460,"100,0"
43601850,"100,0"
86351879,"100,0"
74322969,..
90260899,..
31057219,"94,4"
27079521,"100,0"
96414537,..
95368476,..
76448076,"100,0"
91048178,"96,2"
76942525,..
61720981,"94,1"
82931004,"89,5"
33205596,"100,0"
60727136,..
33657492,..
93659517,"94,7"
57668673,"75,0"
91905819,..
54882637,..
36480690,..
52048443,"86,7"
69865450,..
37316242,"96,4"
50393060,..
59521477,..
54467211,"100,0"
59463950,"100,0"
63931325,"100,0"
75374280,..
50133877,"86,7"
34002355,"100,0"
18217765,..
96152872,"87,5"
10433896,"100,0"
43154449,"88,2"
96194948,..
68824244,"89,7"
90685868,"93,8"
39341381,..
28391147,"97,0"
31380193,..
90290154,..
92816527,"100,0"
94975733,"100,0"
77379848,..
13981977,..
67422309,..
82160887,..
23175129,..
29225010,"89,5"
24349146,"100,0"
85188855,..
39528347,"96,4"
32239920,"100,0"
80785976,"100,0"
21532545,..
56187883,"100,0"
51023367,"100,0"
52690153,..
61004230,"88,0"
23517336,"100,0"
48009865,..
82840198,..
19464342,..
43609520,"100,0"
42218661,"94,4"
42022406,"95,7"
56679384,"98,7"
69018222,"97,9"
64284020,..
97758137,"84,6"
40386043,"100,0"
33685428,"100,0"
34153869,..
75082798,"100,0"
23555409,..
30341162,"100,0"
19912478,"89,1"
58724424,..
95684185,"100,0"
93939982,..
55155562,..
24008049,"96,7"
54481243,"100,0"
36680097,..
25677996,"95,2"
31279294,..
36782335,"100,0"
21648755,"86,7"
69686851,..
54965510,"97,8"
25872338,..
10974852,..
85068812,.
78397312,"96,6"
36444853,"96,4"
61469192,"98,4"
79094701,"97,0"
71597051,"100,0"
53231578,"100,0"
91011325,"100,0"
97382366,"79,2"
10638939,..
69739484,"93,0"
92887917,"98,7"
68734112,..
44653962,..
47264019,"100,0"
20099064,"97,5"
16313848,"88,6"
79033948,"100,0"
68240485,"100,0"
95046058,"94,7"
44392995,"92,5"
99838438,"76,9"
30329172,"92,9"
76877530,..
38167912,..
77839100,..
55535552,.
92533079,"95,9"
92858957,"89,5"
82084961,..
50908408,"100,0"
18594470,"91,2"
72232853,"96,3"
18091973,..
36539945,..
40634612,"100,0"
66132676,"100,0"
64574972,"100,0"
48931433,..
85800840,"94,5"
68920727,"96,6"
27115998,..
79516949,"100,0"
96684210,"97,9"
23836342,"100,0"
81619482,..
39149668,..
48722826,..
73063662,"95,2"
43251309,"100,0"
67554405,..
94455820,..
78872213,"100,0"
56021320,"100,0"
64569393,..
86888278,..
57397381,"100,0"
44417214,..
49488344,"100,0"
57777751,..
38732602,"100,0"
86158933,"100,0"
75914181,"83,3"
84476205,"100,0"
24544503,"96,2"
86787111,"100,0"
97868185,"100,0"
70137084,..
23306658,..
11102578,"100,0"
94468610,"94,6"
90473340,"100,0"
64648904,"100,0"
75939593,"100,0"
51449748,"95,7"
28267726,"100,0"
71929526,"90,9"
71472793,"96,8"
69063711,"100,0"
35894996,..
65722876,"94,2"
49231191,"97,9"
13006857,"100,0"
16956086,..
88894245,..
44672598,..
99356671,..
29449669,"91,5"
91812793,"100,0"
14355031,"100,0"
46611859,"95,0"
65150019,"97,2"
47537928,"96,6"
44285075,"96,2"
68741484,..
72421673,..
15763669,..
18711877,"100,0"
61229217,..
70376604,"95,2"
40338843,..
16493131,"95,7"
83272868,..
16748680,"100,0"
92332557,"91,9"
78690637,"94,1"
90990441,..
49112879,"96,0"
43623146,..
18974693,"100,0"
28967085,..
33233228,..
94167577,"81,8"
27023528,"100,0"
97770837,..
29423248,"89,5"
33132452,..
17911161,..
35084976,..
77632411,"100,0"
53760158,"100,0"
78422467,"98,0"
75075402,"100,0"
46256929,"97,7"
83374651,"100,0"
30762346,..
15390992,"100,0"
85516596,..
95154882,..
24663703,..
28519815,"88,8"
65666808,..
24759907,"84,5"
35366805,"98,2"
89370947,"100,0"
64388538,"100,0"
17276047,..
48244956,"100,0"
43873969,"95,8"
19306558,"100,0"
45593337,..
25178582,"92,9"
70543431,"100,0"
56041144,"91,7"
90260899,..
33572033,"93,8"
95368476,"100,0"
76448076,"100,0"
28081446,"95,8"
21400668,"92,6"
92949043,"100,0"
31486865,"100,0"
97265732,"100,0"
50424828,"100,0"
11533776,"96,0"
99622695,..
51131594,"100,0"
89680395,"100,0"
53696633,"100,0"
27440210,"97,9"
62758285,"100,0"
57668673,..
63993414,..
49136871,..
53923398,"100,0"
74560191,..
36480690,"93,8"
24787883,..
52048443,"90,9"
43277545,"94,6"
66095163,"100,0"
54004368,"100,0"
31975673,..
99864908,..
49868916,"100,0"
44412461,"100,0"
49576295,..
45293715,"98,5"
77712952,..
10433896,"92,3"
43154449,"100,0"
46379730,"100,0"
46986216,"97,9"
16720048,"100,0"
31380193,..
85485803,"100,0"
88429477,..
98696836,"100,0"
49739986,"100,0"
29225010,"100,0"
56886667,"99,1"
62394916,..
67908927,"95,8"
18072172,..
11341077,"100,0"
77797484,"96,4"
80785976,"93,3"
21532545,"92,3"
51023367,..
43649848,"100,0"
74316305,"89,5"
84098842,"100,0"
17062663,"100,0"
71069359,"100,0"
48304166,"88,2"
92009807,"86,7"
93221031,"100,0"
17474377,"100,0"
55795961,..
84947634,"95,2"
68564903,"100,0"
18208087,"70,6"
41416934,"97,3"
21866405,"82,1"
25624692,..
25356960,"89,8"
98132436,..
40386043,..
44240250,"91,7"
75082798,"100,0"
91333138,..
12154972,"100,0"
15077883,..
48434184,..
19647256,..
93939982,..
55155562,"66,7"
24008049,"90,0"
59734510,..
19586169,..
24273261,..
89888648,.
90003262,"100,0"
36782335,"100,0"
67279303,"96,0"
21648755,"95,5"
90267145,..
61880907,"97,6"
88556189,.
72127035,..
70969714,"86,7"
31843016,"100,0"
29097621,"91,7"
16313848,"79,2"
86327236,..
86310217,"92,9"
69241230,..
80327946,"87,5"
70923626,..
92905347,..
30329172,"100,0"
47046103,"88,9"
17173461,..
19560192,..
98053087,..
46660042,"84,6"
38917647,..
98369689,"86,7"
17849518,..
40667807,..
69629086,"100,0"
31657916,..
46241804,"100,0"
29032715,"94,4"
19909435,..
85800840,..
39583059,"69,0"
38645259,..
39805497,"100,0"
83829189,"83,3"
84247499,"98,0"
97064126,.
48722826,..
71571158,"91,3"
73567152,"81,8"
84286698,"91,7"
23350817,..
87262566,"89,7"
56947954,"100,0"
72022487,"82,4"
70969556,..
86724994,"100,0"
39302565,..
61432781,..
14057258,..
81551726,..
52634142,"78,6"
76195214,..
70137084,"77,8"
92651253,..
26167236,"100,0"
28848709,"85,0"
49168016,"100,0"
28770304,"78,4"
17119840,"45,5"
61823258,..
86762103,..
76007769,"85,7"
88894245,..
47884009,..
75340089,..
36670439,..
72891848,..
83805032,"75,9"
31255918,"100,0"
35035671,"82,4"
53180719,..
17062663,"95,0"
88750078,"92,3"
85459854,"91,3"
61229217,..
93503103,"100,0"
14292382,..
87859089,..
16493131,"100,0"
48304166,..
27964873,"82,6"
30706655,..
78690637,..
24653673,"81,3"
87303004,"100,0"
97835550,..
22446331,"81,8"
40575001,"91,7"
76903284,"96,4"
81997762,..
42060237,.
89816391,"76,9"
38236800,..
85054102,"90,5"
87274273,"87,5"
16501673,..
26298615,"69,4"
50104466,..
59386837,"100,0"
73217812,..
16931486,..
13084253,"84,6"
82888663,"97,0"
11275959,"100,0"
27993549,"88,9"
90312942,"95,7"
19839859,..
29159460,..
43601850,..
14586562,..
74322969,..
90260899,"100,0"
31057219,"100,0"
27079521,..
34381901,"100,0"
95368476,..
84329061,..
71969230,..
91048178,..
10373112,..
65265211,..
19930101,"100,0"
33657492,..
53923398,"92,9"
69865450,..
37316242,..
20173336,..
49872493,..
39147056,"94,4"
85788659,"84,6"
95340745,..
59521477,..
54467211,"64,7"
82251333,..
63931325,"96,0"
75374280,"100,0"
46148350,..
50133877,..
90240730,"90,7"
84908877,..
34002355,"100,0"
18217765,..
92009807,"81,1"
90685868,..
56084099,"86,4"
39341381,.
29209307,"100,0"
92816527,"100,0"
15149235,..
77379848,..
34421265,"90,9"
18691102,..
70302356,"100,0"
24349146,"100,0"
83605345,..
47692481,..
85188855,..
85473846,"100,0"
98781765,"96,8"
56187883,..
51023367,..
52690153,..
93221031,"100,0"
61004230,"100,0"
71262305,..
68564903,"100,0"
89982804,"100,0"
74434644,"76,9"
18425335,"92,3"
23424275,..
34153869,..
75082798,..
27030026,"100,0"
15077883,..
39911065,..
56737496,"92,3"
87756916,"93,3"
19586169,..
24273261,..
59455288,"84,6"
25679488,..
35063170,..
36782335,"66,7"
37906565,..
21648755,"65,2"
49616977,"100,0"
72998905,..
69481650,"50,0"
12994441,..
30086854,"100,0"
38684438,"89,5"
73147554,"100,0"
35006050,"100,0"
10638939,..
71922787,..
44341171,"84,6"
32671805,..
79606767,"94,7"
11294673,..
86327236,"100,0"
28398531,"80,0"
54172830,..
56330385,"66,7"
42859669,..
92905347,..
47550455,"66,7"
17173461,..
98053087,"100,0"
92858957,"66,7"
44113417,..
18881773,..
94570025,"79,2"
54606928,"81,3"
42573391,..
97270136,..
30530571,..
40829056,..
38645259,..
87207941,..
11673760,"100,0"
38400227,"100,0"
27041885,"100,0"
97064126,..
67554405,"100,0"
86473502,..
98239050,"100,0"
94455820,..
78872213,"100,0"
23350817,..
87262566,..
41844601,"100,0"
23457902,.
57397381,"73,7"
72022487,..
28248021,..
44417214,"91,7"
49488344,"100,0"
14102256,"100,0"
43313366,"96,3"
37550979,..
76195214,"96,3"
60214465,..
11102578,"95,8"
84098842,"100,0"
63035915,"100,0"
26324896,"100,0"
50821167,..
77609073,"73,3"
68748767,..
25596917,"100,0"
20984584,..
25648215,"100,0"
11608031,..
86762103,..
68381790,"100,0"
16956086,..
22220001,..
15100079,..
16702464,..
72891848,..
69471748,"81,3"
99976753,..
14278480,"64,7"
51955293,"100,0"
12130801,..
53180719,..
68741484,"100,0"
41555549,..
75324351,..
28025244,..
40338843,..
16493131,"100,0"
48304166,"92,3"
24982097,..
68597767,..
30706655,..
78690637,"73,9"
87303004,..
14504503,..
77544055,"85,7"
76903284,..
15870428,..
81997762,..
42060237,..
14448619,..
27023528,..
33132452,"100,0"
56942970,..
97510495,"100,0"
15278518,"97,8"
38236800,..
24759907,"64,7"
16501673,"92,9"
79845033,..
41099519,"94,1"
59386837,..
55825382,..
59942080,..
90312942,..
14586562,..
27079521,..
34381901,..
96414537,..
14853321,"83,3"
86488203,"76,9"
92818240,"60,7"
71969230,..
76942525,..
50424828,"85,0"
12075195,"62,5"
65265211,..
33657492,"72,7"
61175914,..
57668673,..
69040241,"100,0"
53923398,"63,6"
47844862,"96,3"
69865450,"92,9"
90509211,"90,9"
37316242,..
50393060,..
85788659,..
54599691,"84,2"
27106031,"82,4"
63931325,..
57391913,"100,0"
46148350,..
96920524,..
70803636,"90,9"
23797825,"90,5"
90685868,"100,0"
80711021,"91,7"
39341381,..
31380193,..
25847233,"93,8"
16848652,..
36886750,"91,7"
67058407,..
98696836,"95,2"
64648566,"100,0"
83605345,..
15933512,"100,0"
47692481,"92,9"
85188855,..
85473846,..
53279140,"100,0"
51023367,..
52690153,..
17474377,..
18425335,"93,3"
19150273,"93,3"
64284020,..
23555409,..
73255276,..
58724424,..
31429031,..
87756916,"91,3"
59734510,..
19586169,..
31279294,..
11111710,"100,0"
90551279,"100,0"
69686851,"95,6"
59396229,"92,4"
85068812,..
36444853,"79,3"
65752105,..
10638939,..
88556189,..
44653962,"88,2"
87764775,"90,9"
66335258,"100,0"
44392995,"84,6"
80327946,..
42859669,..
92905347,..
19560192,..
56529916,"90,9"
12279302,"100,0"
17849518,..
77688926,"100,0"
37358234,"78,6"
42573391,..
97270136,"100,0"
30530571,..
96024712,"100,0"
40829056,..
39583059,"94,9"
46145886,..
48722826,..
97596286,"87,0"
67554405,"100,0"
86473502,..
64569393,"88,9"
87262566,..
23457902,..
44417214,..
86158933,"90,9"
36072799,"92,3"
81551726,..
76195214,..
23306658,..
17944628,"100,0"
26167236,"94,1"
64648904,"100,0"
53896162,"100,0"
11185244,"82,6"
69063711,..
35894996,"100,0"
68748767,..
20984584,.
31155312,..
61823258,"100,0"
79994304,..
11608031,..
67752682,"100,0"
91812793,"100,0"
14355031,"78,6"
72891848,..
25745773,..
14278480,"73,7"
28023078,"93,8"
13963517,..
51736304,..
53180719,"100,0"
72421673,"83,3"
41878314,..
18711877,..
90990441,..
42911621,"100,0"
26508763,"100,0"
14504503,..
81997762,..
34222422,..
84230226,..
94167577,..
33132452,..
63943560,"93,8"
85516596,"86,0"
38236800,..
59026584,"94,9"
65666808,"90,9"
80357110,"87,0"
16501673,..
73217812,"82,1"
36769815,"100,0"
65034473,..
29159460,..
14586562,..
95368476,..
86488203,..
25156286,..
71969230,..
91048178,..
76942525,..
50424828,..
60727136,..
45132264,"100,0"
73316818,"100,0"
91905819,"100,0"
36480690,"90,9"
24787883,"100,0"
69865450,..
31112935,"90,9"
49872493,..
92442684,..
82251333,..
84908877,..
24277564,..
96152872,..
44738639,"81,3"
96194948,"90,9"
25955541,"100,0"
90685868,..
80711021,"95,7"
31380193,..
90290154,..
92816527,"76,5"
98696836,..
64648566,..
18691102,..
15933512,"100,0"
47692481,..
85188855,..
85473846,..
53279140,..
80785976,..
56187883,"88,9"
71262305,..
19464342,..
23424275,"100,0"
88573795,"100,0"
73255276,"95,5"
58724424,..
31429031,"83,3"
25679488,.
36782335,..
21648755,"100,0"
69481650,"87,5"
95165649,"97,2"
12994441,..
10638939,..
44341171,"87,5"
32671805,..
28398531,"100,0"
80327946,"85,0"
70923626,..
47550455,"90,0"
38167912,..
80686587,"85,7"
62439199,"90,0"
19741742,..
30530571,..
11673760,"92,0"
38400227,"100,0"
83829189,..
97064126,..
62104139,"100,0"
41844601,"100,0"
70969556,..
44417214,..
14102256,"100,0"
54839753,..
26167236,"100,0"
63035915,"100,0"
77609073,"68,8"
68748767,..
20984584,.
11608031,..
68381790,"100,0"
75340089,..
91812793,"100,0"
72891848,..
22426680,"92,3"
53180719,..
60424371,"100,0"
41555549,..
78690637,"68,4"
87303004,..
26508763,"90,9"
76903284,"100,0"
81997762,..
14448619,..
27023528,"96,7"
38236800,..
30677562,"96,2"
55825382,..
92949043,"100,0"
84329061,..
91048178,..
76942525,.
16496466,..
69865450,..
37316242,"90,3"
28646435,"92,0"
92442684,..
84908877,..
14799321,..
56041699,..
80711021,"86,4"
15149235,..
15791044,..
15933512,"100,0"
47692481,..
85188855,..
53279140,"100,0"
68229719,..
65192707,"100,0"
30538202,"100,0"
40386043,"100,0"
34153869,..
51138448,..
25720752,"100,0"
31533003,"100,0"
36782335,..
54965510,"100,0"
69983740,..
70066748,"94,7"
68734112,..
53462953,..
30468157,..
96684210,"100,0"
40766349,..
31199511,..
11102578,..
17944628,"94,7"
75939593,"100,0"
56639389,"100,0"
69063711,..
65722876,"100,0"
31822012,"100,0"
58544422,"100,0"
12130801,..
78690637,"100,0"
30279258,"100,0"
26996566,..
94167577,..
41938272,"100,0"
49068301,..
88839172,"100,0"
88955893,"100,0"
42775003,"100,0"
32071849,..
90076461,"100,0"
31486865,..
63993414,..
32995170,"100,0"
32550660,"100,0"
49868916,..
74919147,..
36355200,..
88025221,"100,0"
46986216,"100,0"
65392939,..
56886667,"100,0"
77797484,"100,0"
47559319,..
93221031,..
71262305,..
97870412,"100,0"
18208087,..
83474173,..
88445871,..
64284020,"100,0"
98132436,..
88259298,..
17846181,..
16950252,"100,0"
48434184,..
56421429,..
17008320,..
56737496,..
55155562,..
95683850,"100,0"
35063170,..
67279303,"100,0"
90267145,..
16819383,"100,0"
53660780,"96,2"
51321260,"90,5"
58502307,"100,0"
70969714,..
81993306,"100,0"
16313848,..
54172830,..
86385479,..
92905347,..
47550455,"85,7"
20620556,..
17173461,..
46660042,..
46162400,..
18091973,..
19909435,"100,0"
30530571,..
38645259,..
39805497,..
83829189,"92,3"
48722826,..
60209222,"90,9"
84286698,..
87262566,..
56947954,"92,9"
72022487,"100,0"
74316305,..
72109637,..
81551726,..
82002016,..
23306658,"100,0"
69306209,"100,0"
12954099,..
26167236,..
66824652,..
49168016,..
92814975,..
25648215,..
13006857,"100,0"
16956086,..
47884009,.
55421481,..
16702464,..
32887559,"86,7"
15609112,..
39199869,..
88750078,..
41555549,..
81876614,..
67071618,"100,0"
75324351,..
58929357,"100,0"
93503103,"100,0"
17184072,..
77440824,..
16493131,"100,0"
41119610,"100,0"
97835550,..
42911621,"100,0"
75027822,"96,9"
21850904,"100,0"
12546590,"95,2"
18451445,..
59386837,..
16931486,..
70132092,..
66273269,"85,7"
37912396,..
90312942,..
19839859,..
67628478,..
86351879,..
69302313,..
31057219,..
64579522,..
34381901,"90,9"
96414537,..
95368476,..
31537066,..
84329061,"95,7"
65265211,.
71938440,"78,6"
33657492,..
27859889,"92,3"
69865450,..
49872493,..
95340745,..
59521477,..
54467211,..
59463950,"90,9"
75374280,..
46148350,..
60919765,..
96152872,"100,0"
68824244,..
56084099,..
39341381,..
94975733,..
56802300,..
77379848,..
13981977,..
34421265,..
23175129,.
18691102,..
47692481,..
20768651,..
98781765,..
95069937,"100,0"
42218661,.
16554575,.
19912478,.
30086854,.
26627862,.
98052678,.
61826221,.
54395430,.
80686587,.
46574937,.
98239050,.
56021320,.
31199511,.
56639389,.
78986228,.
30361243,.
50906954,.
65674821,.
26671095,.
25525759,.
77632411,.
89693952,.
30615080,.
32550660,.
77712952,.
92805465,.
65421426,.
82814120,"88,9"
13006857,..
21567982,..
49379603,..
80167319,..
88534520,"93,8"
82814120,"100,0"
39936461,"100,0"
59734510,..
59455288,..
82163292,"96,3"
88163512,"75,8"
31279294,..
36782335,"86,7"
69686851,"100,0"
95165649,"93,3"
35236491,"95,1"
50696507,"81,5"
38448056,"100,0"
83085136,"100,0"
85544331,"100,0"
19560192,..
21363125,..
78659008,"86,1"
18091973,"94,7"
88624631,"100,0"
35390185,..
40829056,..
65662401,"94,7"
75344502,"95,0"
32580162,"78,3"
61547652,"100,0"
62490359,"92,3"
64725297,"79,3"
43362941,"82,6"
23457902,..
27597104,"100,0"
77823650,"88,5"
52634142,"90,8"
32705515,"100,0"
23306658,"100,0"
26167236,..
11185244,"83,3"
56211717,"85,0"
32042066,..
92814975,"100,0"
20984584,..
61823258,..
39178171,"96,6"
25745773,"92,6"
43284031,"100,0"
26267406,..
53180719,..
56267421,"94,4"
34990065,"53,6"
32003298,"100,0"
42517257,"90,6"
86896907,"100,0"
14292382,"95,5"
54764253,"88,5"
97104132,"91,7"
46332927,"100,0"
86319615,"100,0"
22446331,"83,3"
76903284,..
34222422,..
98815582,"97,3"
59026584,"97,8"
52333875,"86,0"
92489953,"96,3"
82888663,"92,3"
11275959,"100,0"
50615280,"100,0"
19035583,"94,7"
80280597,..
89630851,..
14586562,..
65234368,"96,8"
76942525,..
25698509,"94,7"
16496466,..
65265211,..
61175914,..
63451147,"100,0"
31112935,"94,7"
20173336,"87,2"
38544187,"91,5"
23517683,"100,0"
88956420,..
14677676,"93,9"
98032567,..
25955541,"94,3"
24501884,"90,7"
25847233,"90,9"
34421265,"95,8"
33249781,"100,0"
64693272,..
61004230,"100,0"
71262305,..
55795961,..
84947634,..
48009865,"100,0"
18208087,"100,0"
19464342,..
60743463,..
32960825,"100,0"
91748148,"95,2"
42022406,..
65192707,"95,2"
43634528,"99,2"
53400472,"92,9"
97758137,"95,2"
26334561,"100,0"
40386043,"100,0"
59483268,"95,0"
21663998,"98,9"
20595770,"100,0"
45164827,"97,7"
34153869,"100,0"
17846181,..
75082798,"100,0"
34637764,"98,6"
48434184,"93,8"
95684185,"100,0"
17008320,"100,0"
25720752,"96,3"
55155562,"92,3"
23164911,"98,7"
19981611,..
19586169,"100,0"
24273261,..
59455288,..
25677996,"100,0"
35063170,"100,0"
31279294,..
36782335,"100,0"
23897040,..
20666515,"100,0"
54965510,"98,9"
84835666,"89,3"
64740897,..
78979604,..
85068812,..
78397312,"100,0"
89837629,"100,0"
12994441,"86,4"
88774402,"100,0"
75141151,"100,0"
84306392,"100,0"
26627862,"100,0"
72517762,"93,8"
38684438,"95,5"
35647481,"93,2"
69983740,"100,0"
66491596,"100,0"
12052268,"96,3"
71597051,"100,0"
40690520,"100,0"
21505555,"97,5"
70066748,"100,0"
19207279,"100,0"
53640774,"100,0"
72127035,"100,0"
74148070,"100,0"
19051089,"100,0"
98052678,"97,9"
16313848,"100,0"
11294673,"100,0"
86327236,..
83137205,"100,0"
54172830,"95,5"
65136104,..
56330385,..
20228162,"100,0"
53462953,"100,0"
60730660,"100,0"
82592568,"100,0"
78875918,"100,0"
86385479,..
49862313,"96,2"
42859669,"90,5"
99592025,"98,1"
47550455,"100,0"
47046103,"100,0"
58125096,"94,1"
82914148,..
20620556,..
17173461,..
30468157,"100,0"
61528940,"95,7"
92858957,"100,0"
86296935,..
44113417,"100,0"
39555838,..
85214294,..
82084961,"96,8"
51210136,"98,3"
80686587,"100,0"
91984508,"100,0"
40667807,"100,0"
88466776,"100,0"
57942242,"97,4"
77688926,"98,8"
29032715,"100,0"
48931433,"100,0"
96024712,"98,6"
30458073,..
27115998,"100,0"
79516949,"100,0"
87207941,"100,0"
46574937,"99,2"
63791419,"100,0"
81619482,"100,0"
90006712,"100,0"
39149668,"100,0"
38233622,"100,0"
48722826,"90,9"
98239050,"100,0"
61547652,..
87034307,"100,0"
78872213,"100,0"
76860623,"100,0"
64160122,"100,0"
56947954,"100,0"
72022487,..
71512894,"100,0"
28248021,"100,0"
44417214,"100,0"
88776535,"100,0"
71043974,"100,0"
57777751,..
89807183,"98,0"
96818167,"100,0"
67300857,"100,0"
99279503,..
63653488,..
84476205,"100,0"
69240218,..
12934438,"100,0"
43313366,"100,0"
82002016,"100,0"
23306658,"100,0"
69306209,"100,0"
94090461,"100,0"
80931789,"94,0"
69807202,"100,0"
75939593,"99,1"
56639389,"100,0"
95700485,"100,0"
53896162,"98,9"
17779637,"100,0"
66824652,..
49168016,"100,0"
60873719,"97,1"
21938183,"96,3"
69063711,..
12926770,"100,0"
68748767,..
23548714,"100,0"
48593439,"100,0"
91773491,"97,4"
30361243,"98,7"
25596917,"96,0"
65722876,"92,6"
65381163,"92,0"
84424083,"100,0"
78231062,"100,0"
10481541,"100,0"
68381790,..
13006857,"100,0"
16956086,"100,0"
58187973,"100,0"
31870541,..
44672598,"100,0"
31822012,..
83161201,"100,0"
16702464,..
36252055,"100,0"
58907711,"100,0"
71541108,"100,0"
69471748,..
76485705,"98,2"
93239262,"100,0"
75575321,"100,0"
24194577,..
51955293,"100,0"
51736304,"100,0"
95785055,"100,0"
68655578,"80,6"
37054246,..
39199869,"100,0"
59655752,"100,0"
41555549,..
81876614,"96,0"
67071618,..
75324351,..
61229217,"93,8"
59575030,"100,0"
77440824,"94,4"
14292382,"100,0"
87859089,"100,0"
98908403,"100,0"
16493131,"100,0"
83272868,"100,0"
45552626,"97,1"
16748680,"100,0"
65674821,"100,0"
38048202,"98,3"
65320354,"100,0"
76903284,"100,0"
49141105,"76,9"
26996566,..
27704246,"94,9"
69747871,..
79346084,"92,9"
14448619,"100,0"
43565270,"91,3"
52791537,"98,3"
85819857,"100,0"
54117171,"100,0"
48120273,"100,0"
94167577,"84,0"
53903798,..
69650864,"100,0"
41938272,"100,0"
76054399,"98,5"
60142020,..
70811222,..
17911161,"95,2"
35084976,"100,0"
77632411,"100,0"
49068301,"100,0"
38195284,"100,0"
97510495,"100,0"
89461767,"100,0"
94717858,"95,0"
53760158,"100,0"
37802196,..
36288955,"98,4"
74812809,"96,8"
88839172,"97,9"
95618280,"98,0"
26326048,"100,0"
37839488,"98,1"
59796774,..
75600007,"100,0"
73812226,"91,2"
82964090,"100,0"
24339566,"95,8"
65458415,..
52333875,"95,7"
69543519,"96,2"
24759907,"88,0"
31315191,"100,0"
56670842,"100,0"
48555205,"100,0"
31313926,..
30312720,"98,1"
32116280,..
53175499,"100,0"
52153758,"100,0"
22116645,"100,0"
30167976,"100,0"
50104466,..
28004794,..
32071849,"100,0"
41099519,"100,0"
59386837,..
21382451,"100,0"
43873969,"100,0"
24993048,"93,8"
66273269,"100,0"
11275959,"100,0"
58518163,..
37912396,"100,0"
45593337,"78,6"
10226870,"100,0"
32057701,"100,0"
30615080,"100,0"
70543431,..
23476801,..
86351879,"100,0"
74322969,..
90260899,..
31057219,"100,0"
27079521,"100,0"
64579522,..
34381901,"100,0"
55150847,"97,1"
53069733,"100,0"
99394620,"100,0"
76448076,"95,2"
84329061,"100,0"
82718660,..
31486865,"100,0"
97265732,"100,0"
61720981,"100,0"
98651664,"100,0"
33657492,"100,0"
37078868,..
16130958,"97,1"
77713695,"100,0"
16218090,"100,0"
23544320,"100,0"
49136871,..
20855811,"93,3"
53923398,"92,0"
74560191,..
47844862,"98,2"
72984079,"100,0"
52048443,..
61674097,..
32550660,"100,0"
93488613,..
45600034,..
59599256,"98,9"
26957025,"100,0"
90509211,..
11953769,..
50393060,"100,0"
95340745,..
54004368,"95,4"
31975673,"100,0"
82251333,"100,0"
63931325,..
57391913,"100,0"
46148350,"88,9"
50133877,"100,0"
74919147,"100,0"
24277564,..
44412461,"100,0"
18217765,"100,0"
49576295,"100,0"
49170638,"100,0"
25379974,..
88025221,"98,5"
18042101,"100,0"
56041699,..
70955448,"100,0"
46707989,"100,0"
61176909,"100,0"
21778322,"100,0"
62612992,"89,7"
94975733,"100,0"
56802300,..
15149235,"100,0"
13981977,..
67058407,"94,1"
15791044,"100,0"
64908550,"100,0"
77358716,"100,0"
92192566,..
56886667,"99,1"
65421426,"100,0"
62394916,..
72071234,"98,0"
64693272,..
65833454,"100,0"
34988313,"98,9"
38880984,"96,3"
18686599,"100,0"
47559319,"90,9"
20752831,"100,0"
51023367,..
34739511,"100,0"
52690153,..
61004230,..
19464342,..
43609520,..
83474173,..
91487291,..
88445871,"100,0"
23424275,"91,4"
40386043,..
33685428,..
75082798,..
34637764,"100,0"
15077883,..
19647256,"100,0"
16361868,..
19586169,..
25679488,"91,7"
31279294,..
36782335,..
90551279,"89,5"
93062368,..
15414001,"67,3"
38311488,"96,9"
74148070,..
32671805,"90,9"
79606767,..
65136104,..
80327946,"95,2"
86385479,..
70923626,..
47550455,..
20620556,..
19560192,..
46660042,..
40810950,"74,1"
17849518,..
66132676,"92,3"
19741742,..
97270136,"100,0"
30530571,"91,7"
11673760,"100,0"
38400227,"100,0"
60209222,"100,0"
23350817,..
87262566,..
41844601,..
57397381,..
72022487,..
44417214,"100,0"
86158933,"91,7"
78287294,"100,0"
32705515,"94,1"
23306658,..
31740319,"90,9"
63035915,"77,4"
50821167,..
92814975,..
68748767,..
20984584,.
11608031,"92,9"
76007769,"77,8"
88894245,..
47884009,"87,5"
75340089,..
31796890,..
69471748,"81,0"
60424371,"95,2"
37054246,..
18711877,..
28025244,..
16493131,..
48304166,..
68597767,..
38048202,..
40575001,..
12496135,..
42060237,..
56653353,"79,2"
31998226,..
24397215,"93,2"
30677562,"100,0"
79845033,..
21627442,"98,2"
16931486,..
19306558,..
37912396,..
29159460,..
89630851,"100,0"
69302313,..
27079521,..
14853321,..
92949043,"100,0"
71969230,..
61720981,..
16496466,..
62300682,"78,9"
61175914,..
61197669,..
37316242,"86,4"
54599691,..
27106031,..
63931325,..
57391913,..
70803636,"92,3"
14799321,"96,0"
16720048,"97,4"
31380193,..
92816527,..
15149235,..
82160887,..
15933512,"87,1"
12198363,..
18072172,..
85188855,..
39528347,..
53279140,"100,0"
56187883,..
51023367,..
68229719,"100,0"
71262305,"100,0"
55795961,..
84947634,..
48009865,"100,0"
82840198,"100,0"
19464342,..
60743463,..
97968599,"100,0"
42218661,"100,0"
74434644,"97,4"
36263479,"100,0"
19150273,"90,9"
53400472,..
97758137,"100,0"
26334561,"98,5"
40386043,"95,7"
59483268,"94,7"
32879845,"100,0"
88573795,..
20595770,"98,8"
82814120,"97,1"
45164827,"100,0"
10924758,"93,8"
34153869,"100,0"
17846181,"100,0"
75082798,"95,0"
23555409,"100,0"
72266906,"97,2"
34637764,..
19912478,"100,0"
15077883,"100,0"
48434184,"100,0"
51138448,"100,0"
93939982,"100,0"
25720752,"97,0"
55155562,"100,0"
31533003,"100,0"
16361868,..
19981611,..
19586169,"100,0"
24273261,"100,0"
59455288,..
25679488,"100,0"
35063170,..
31279294,..
36782335,"100,0"
20666515,"92,3"
21648755,"100,0"
11111710,"100,0"
49616977,"100,0"
54965510,"100,0"
54164490,"92,0"
20319353,"81,4"
92194545,"98,4"
64740897,..
78979604,..
85068812,"100,0"
78397312,"96,9"
36444853,"100,0"
89837629,"100,0"
12994441,"94,1"
88774402,"100,0"
75141151,"97,1"
28627819,"100,0"
26627862,"94,1"
48847282,"100,0"
72517762,..
38684438,"100,0"
31251822,"98,1"
90099336,..
69983740,"100,0"
12052268,"93,8"
71597051,"100,0"
40690520,"100,0"
97382366,"92,0"
10638939,"78,3"
21052710,"98,2"
88834120,"100,0"
19207279,"100,0"
53640774,"91,3"
72127035,"100,0"
68734112,"100,0"
92507006,"98,6"
44653962,"100,0"
50198492,"99,3"
16313848,"95,9"
11294673,"100,0"
86327236,..
41745951,"100,0"
83137205,"95,8"
28398531,..
66335258,"100,0"
54172830,"95,0"
75458014,"100,0"
65136104,..
56330385,"93,8"
20228162,"100,0"
53462953,"94,3"
60730660,"100,0"
82592568,"100,0"
86385479,..
49862313,"94,0"
99838438,..
42859669,"98,7"
99592025,"98,4"
34247736,"100,0"
76877530,..
47046103,..
58125096,"100,0"
82914148,..
20620556,"100,0"
17173461,..
30468157,"93,5"
66861851,"99,2"
92858957,"98,7"
44113417,"100,0"
67783774,..
39555838,..
85214294,"92,3"
82084961,"100,0"
73829818,"100,0"
18881773,..
78295411,"98,7"
12279302,"86,4"
50500028,"100,0"
18091973,"100,0"
88466776,"100,0"
40634612,"100,0"
37358234,"100,0"
21008461,"100,0"
53893730,"99,1"
42573391,..
64574972,"100,0"
45830583,..
48931433,"98,0"
30530571,"99,0"
78839208,"97,6"
30458073,..
68920727,"100,0"
27115998,"96,4"
79516949,"100,0"
96684210,"98,4"
87207941,"96,2"
23836342,"100,0"
12395564,"100,0"
39149668,"100,0"
48722826,"100,0"
40766349,"95,5"
67554405,"100,0"
73944169,"100,0"
94455820,..
62104139,"100,0"
78872213,"100,0"
58191646,"98,9"
63179610,"95,7"
64569393,"100,0"
48217580,"92,9"
57397381,"91,9"
72022487,"100,0"
71512894,"91,7"
28248021,"95,8"
44417214,"100,0"
25025681,"98,2"
71043974,"98,7"
57777751,..
61161774,"100,0"
75914181,"87,5"
99279503,"100,0"
63653488,..
25392789,"99,1"
69240218,"100,0"
38460895,"100,0"
31199511,"100,0"
43313366,"100,0"
37550979,..
70137084,"100,0"
23306658,"100,0"
11102578,"100,0"
17944628,"100,0"
94090461,"100,0"
64648904,"100,0"
75939593,"100,0"
26324896,"100,0"
56639389,"100,0"
95700485,"100,0"
53896162,"98,5"
17779637,"100,0"
71929526,..
60873719,"100,0"
28085125,"100,0"
21938183,"100,0"
69063711,..
77609073,..
35894996,"100,0"
12926770,"100,0"
68748767,"93,8"
23548714,"85,0"
48593439,"92,3"
91773491,"96,0"
30361243,"100,0"
25596917,"100,0"
65722876,"100,0"
65381163,"97,8"
31155312,"75,8"
84424083,"100,0"
78231062,"100,0"
10481541,"93,8"
68381790,"100,0"
13006857,"100,0"
16956086,"96,4"
58187973,..
31870541,"100,0"
44672598,"100,0"
31822012,"100,0"
99356671,..
16702464,..
29449669,"100,0"
62855448,"100,0"
91812793,"100,0"
58907711,"100,0"
68285560,"100,0"
58544422,"100,0"
69471748,"100,0"
49750031,"100,0"
93239262,"100,0"
75575321,"100,0"
28023078,"100,0"
24194577,..
57690933,"100,0"
12130801,"95,5"
95785055,"100,0"
68741484,"95,8"
37054246,"100,0"
72421673,"100,0"
15763669,..
59655752,"95,0"
41555549,"95,5"
85459854,"95,7"
67071618,..
75324351,..
61229217,"94,1"
18617410,"96,6"
40338843,"100,0"
14292382,"100,0"
87859089,"100,0"
98908403,"93,7"
16493131,"100,0"
83272868,"100,0"
11526364,"100,0"
45552626,"100,0"
16748680,"95,8"
92332557,"88,2"
78690637,"100,0"
30279258,"100,0"
76903284,"100,0"
49141105,"100,0"
18974693,"99,2"
26996566,..
69747871,..
31151740,"100,0"
79346084,"100,0"
89816391,"100,0"
43565270,"100,0"
77176811,"100,0"
52791537,"100,0"
52942981,"97,6"
48120273,"100,0"
94167577,"88,5"
27023528,"93,8"
53903798,"89,5"
97770837,"97,8"
69650864,"100,0"
59581397,"95,8"
41938272,"100,0"
29423248,"100,0"
33132452,"82,9"
70811222,..
17911161,"100,0"
35084976,..
77632411,"100,0"
49068301,"94,7"
59898194,"100,0"
38195284,"100,0"
97510495,"100,0"
89461767,"100,0"
94717858,"100,0"
36288955,"100,0"
74812809,"100,0"
88839172,"100,0"
48412612,"98,6"
75075402,"98,4"
26326048,"88,6"
37839488,"96,4"
59796774,..
17675502,"100,0"
75600007,"89,2"
73812226,"90,0"
88955893,"100,0"
63943560,"100,0"
85516596,"100,0"
16784385,"100,0"
89963319,..
24339566,"100,0"
65458415,..
95154882,..
28519815,"100,0"
69543519,..
24759907,"92,7"
31315191,"100,0"
42775003,"100,0"
48555205,"100,0"
32116280,..
57143976,"100,0"
53175499,..
64388538,"100,0"
52153758,"100,0"
22116645,..
99755443,"100,0"
30167976,..
50104466,..
28004794,..
32071849,"100,0"
79845033,"100,0"
41099519,"95,5"
59386837,..
21382451,"100,0"
36769815,..
43873969,"100,0"
35301145,"95,0"
59942080,"100,0"
66273269,"100,0"
11275959,..
58518163,"100,0"
37912396,"100,0"
45593337,"100,0"
19839859,..
30615080,"100,0"
25178582,"100,0"
23476801,..
56041144,"100,0"
74322969,"100,0"
90260899,"100,0"
31057219,"100,0"
27079521,"100,0"
64579522,"100,0"
34381901,"90,5"
55150847,..
90076461,"98,6"
53069733,"92,3"
95368476,"100,0"
76448076,..
86488203,"98,2"
25156286,"100,0"
28081446,"100,0"
92949043,"100,0"
91048178,"100,0"
82718660,..
12399380,..
31486865,"100,0"
97265732,"100,0"
61720981,"100,0"
50424828,..
47393891,"96,0"
48414975,"100,0"
47108751,..
33657492,"96,4"
82195565,"100,0"
77713695,"100,0"
64667996,"100,0"
23544320,"97,1"
69040241,..
63993414,..
20855811,"100,0"
53923398,"97,7"
74560191,..
47844862,"98,8"
72984079,"100,0"
36480690,"100,0"
32995170,"95,7"
52048443,..
61674097,"100,0"
32550660,"100,0"
93488613,"100,0"
45600034,..
59599256,"99,0"
26957025,"100,0"
90509211,"100,0"
50393060,"100,0"
85788659,"92,3"
95340745,..
59521477,..
92442684,"100,0"
54599691,"100,0"
31975673,"100,0"
99864908,"100,0"
63931325,..
57391913,"100,0"
46148350,"92,3"
49868916,"100,0"
74919147,"100,0"
78389879,"100,0"
24277564,..
44412461,"100,0"
36355200,"100,0"
70803636,"100,0"
77712952,"92,5"
10433896,"100,0"
49170638,"100,0"
46379730,"100,0"
25379974,"100,0"
88025221,"98,8"
18042101,"100,0"
56041699,..
45111086,"86,7"
70955448,"98,5"
67924816,"100,0"
56084099,..
13960635,"100,0"
61176909,"100,0"
21778322,"95,8"
85485803,"94,9"
88429477,"100,0"
56802300,"100,0"
15149235,"94,1"
24538846,"100,0"
67058407,"94,4"
15791044,"100,0"
65392939,"100,0"
77358716,"100,0"
49739986,"92,5"
92192566,"100,0"
56886667,"100,0"
64648566,"100,0"
65421426,"95,5"
62394916,"100,0"
72071234,"100,0"
15933512,"98,5"
64693272,..
18072172,..
65833454,..
28045567,"98,8"
18686599,"100,0"
93779220,"100,0"
80785976,"92,9"
47559319,"90,9"
56187883,"100,0"
20752831,"100,0"
51023367,..
52690153,..
36782335,..
96279444,"94,1"
19560192,..
31657916,..
85800840,"91,7"
20061769,"100,0"
77358716,"100,0"
18345915,"100,0"
71262305,"100,0"
55795961,..
48009865,"100,0"
18208087,"100,0"
60743463,..
32960825,"100,0"
91748148,"92,6"
42022406,"84,2"
65192707,"98,0"
69018222,"85,7"
12889940,"99,1"
40386043,"96,6"
21663998,"100,0"
88259298,"100,0"
17846181,..
75082798,"100,0"
23555409,"100,0"
30341162,"100,0"
16950252,"99,0"
15077883,..
48434184,..
56421429,"100,0"
17008320,"100,0"
25720752,"90,9"
55155562,"94,1"
23164911,"100,0"
36680097,..
95683850,"100,0"
89888648,"91,5"
35063170,"91,7"
31279294,..
36782335,"100,0"
23897040,..
37906565,..
90551279,"98,0"
69686851,..
85068812,.
16819383,"100,0"
89837629,"100,0"
72517762,.
79094701,"100,0"
66491596,"100,0"
12052268,"100,0"
53231578,"98,5"
96279444,"100,0"
40690520,"100,0"
35006050,"100,0"
21052710,"100,0"
58502307,"100,0"
97177328,"100,0"
70969714,"100,0"
81993306,"98,4"
47264019,"100,0"
16313848,"92,5"
86327236,..
28398531,"86,7"
79033948,"100,0"
68240485,"100,0"
78875918,"96,7"
86385479,..
49862313,..
99838438,"100,0"
42859669,"100,0"
99592025,"100,0"
47550455,"100,0"
58125096,"93,1"
30468157,"96,4"
72206824,"100,0"
92858957,"95,0"
44113417,"100,0"
39555838,..
82084961,"94,3"
46162400,"94,1"
67279263,"99,2"
18594470,"95,1"
40667807,..
88466776,..
40634612,..
14508922,"100,0"
29032715,"100,0"
19909435,"100,0"
96024712,"97,6"
27115998,"100,0"
41867682,"87,5"
79516949,"85,7"
46574937,"98,3"
39805497,"100,0"
81619482,"100,0"
90006712,..
39149668,..
48722826,"92,3"
53691739,"100,0"
43251309,"100,0"
87034307,"94,6"
78872213,..
80405898,"98,4"
51620045,"95,2"
86888278,"90,9"
56947954,"100,0"
72022487,"100,0"
71512894,"100,0"
28248021,..
44417214,"100,0"
88776535,"85,0"
71043974,"92,9"
89807183,"94,0"
39302565,"92,9"
79527481,"97,8"
69240218,..
86787111,"89,3"
77823650,..
82002016,"100,0"
97535124,"100,0"
69306209,"100,0"
12954099,"100,0"
90473340,"100,0"
51449748,"96,3"
12613085,"95,8"
53896162,"98,8"
66824652,"100,0"
49168016,"100,0"
60873719,"100,0"
69063711,..
77609073,..
52129378,"100,0"
65381163,"94,2"
68381790,..
13006857,"100,0"
16956086,"100,0"
31870541,"95,0"
44672598,"100,0"
83161201,"100,0"
16702464,..
29449669,"96,6"
36252055,"97,8"
14355031,"100,0"
53832505,"100,0"
69471748,..
43284031,"86,7"
26267406,..
51955293,"100,0"
51736304,"100,0"
44285075,..
68655578,"67,7"
37054246,..
39199869,"100,0"
88750078,"93,3"
41555549,"100,0"
81876614,"100,0"
67071618,"100,0"
75324351,..
59575030,"100,0"
77440824,"100,0"
51981332,"100,0"
87859089,..
98908403,"100,0"
16493131,"100,0"
11526364,"100,0"
38048202,"100,0"
26671095,"95,7"
65320354,"100,0"
76903284,"100,0"
15870428,"87,5"
26750052,"100,0"
12546590,"97,7"
54117171,"100,0"
94167577,"93,0"
27023528,"100,0"
17911161,"100,0"
35084976,..
49068301,"100,0"
94717858,"100,0"
46256929,"86,7"
73812226,"80,0"
15390992,"99,3"
63943560,"100,0"
78433202,"89,8"
31313926,"96,2"
30312720,"100,0"
32116280,"100,0"
57143976,"100,0"
93367005,"93,0"
50104466,..
79845033,"100,0"
41099519,..
59386837,..
17276047,"100,0"
48244956,"100,0"
13084253,"96,1"
58518163,"100,0"
27993549,"100,0"
37912396,..
45593337,"100,0"
67628478,"100,0"
37517404,..
25178582,"84,6"
86351879,..
74322969,..
90260899,..
31057219,"100,0"
27079521,"100,0"
64579522,..
53069733,"100,0"
99394620,"100,0"
31537066,"100,0"
21400668,"86,7"
84329061,"98,5"
91048178,"91,7"
31486865,"92,3"
97265732,"100,0"
61720981,"100,0"
82931004,..
28829503,"100,0"
33657492,"100,0"
33596572,"100,0"
57668673,"100,0"
20855811,"87,0"
53923398,"100,0"
72984079,"94,9"
36480690,"100,0"
52048443,"100,0"
50393060,"100,0"
95340745,..
59521477,..
66095163,"85,7"
54004368,"100,0"
31975673,"100,0"
59463950,"100,0"
63931325,..
75374280,"100,0"
46148350,..
50133877,"94,9"
44412461,"100,0"
18217765,"100,0"
66028861,"100,0"
10433896,"100,0"
43154449,"100,0"
68824244,"100,0"
43479922,"100,0"
28391147,"100,0"
62612992,"91,7"
94975733,..
56802300,..
15149235,..
13981977,..
67058407,..
15791044,..
65392939,"100,0"
29225010,"100,0"
24349146,"99,2"
83605345,..
64693272,..
18072172,..
20768651,"100,0"
28872974,"100,0"
80785976,..
21532545,..
20752831,"100,0"
34739511,"100,0"
68824244,..
68564903,"100,0"
88445871,"100,0"
98132436,"95,2"
59483268,..
12154972,"71,4"
59734510,..
59455288,..
89888648,..
36782335,..
20666515,..
90551279,"100,0"
93062368,..
90267145,..
16819383,"100,0"
51321260,"78,4"
88556189,..
31843016,..
87764775,..
16313848,..
65136104,..
69241230,..
80327946,"100,0"
86385479,..
42859669,"100,0"
92905347,"100,0"
30329172,..
19560192,..
82084961,"78,6"
73829818,"62,5"
14508922,..
19741742,..
19909435,"100,0"
85800840,..
39583059,..
38645259,..
38400227,"94,1"
86473502,..
73567152,"100,0"
23457902,..
72022487,..
44417214,..
86724994,..
78287294,..
81551726,..
76195214,..
82826083,"100,0"
26167236,..
63035915,"100,0"
17119840,..
20984584,..
25648215,..
68006362,"100,0"
86762103,..
58187973,..
88894245,..
22220001,..
72891848,..
48862305,"92,0"
26267406,..
53180719,..
15609112,"100,0"
62216381,..
85459854,"100,0"
41697930,"96,2"
78690637,..
97835550,..
42911621,"100,0"
42060237,..
14926020,"84,2"
31998226,..
79829846,"97,6"
41631104,..
16931486,..
19839859,.
43601850,..
96414537,..
99394620,..
84329061,"100,0"
65265211,..
61647360,..
45541222,"100,0"
91905819,..
54882637,..
72984079,"70,6"
69865450,..
49872493,..
54467211,"100,0"
82251333,..
34002355,..
10342448,"100,0"
60088179,"87,5"
90290154,"100,0"
18691102,..
24349146,"100,0"
47692481,..
18072172,..
29744774,..
32239920,..
68229719,"100,0"
84947634,..
68564903,"100,0"
82840198,..
32960825,"100,0"
83474173,"84,6"
74434644,"100,0"
93281974,"97,1"
23424275,..
19150273,..
26334561,"89,5"
59483268,..
73098153,"91,7"
17846181,..
75082798,..
34637764,"91,2"
15077883,..
48434184,..
88850910,"93,3"
25720752,"95,0"
31533003,.
31429031,"100,0"
19586169,..
95683850,"100,0"
59455288,..
25677996,..
36782335,"100,0"
37906565,..
90551279,"100,0"
90267145,..
72998905,"100,0"
96590873,"95,3"
88556189,..
72127035,..
85003442,"100,0"
44653962,"86,4"
87764775,..
48438396,"100,0"
32671805,..
16313848,"90,5"
11294673,..
66335258,"100,0"
78875918,"96,2"
78023197,"85,2"
70923626,"100,0"
92905347,..
34247736,"95,2"
38167912,..
19560192,..
46660042,"88,9"
85214294,..
40037982,"95,6"
12279302,"100,0"
40667807,"100,0"
80762863,"94,4"
31657916,..
64574972,"100,0"
48931433,"96,3"
96024712,..
40829056,..
38645259,..
11673760,"95,0"
63791419,"88,6"
46145886,..
27041885,"100,0"
97596286,"88,2"
67554405,"93,1"
86473502,..
84286698,..
76860623,"100,0"
57397381,"86,7"
72022487,"100,0"
28248021,..
44417214,..
14102256,"100,0"
75914181,"94,1"
99279503,"73,9"
76195214,"100,0"
21901328,"94,7"
23306658,..
31740319,"100,0"
69807202,"96,2"
63035915,"91,3"
32042066,"100,0"
92814975,..
35894996,"100,0"
20984584,..
25648215,"91,7"
68006362,"96,2"
13006857,"100,0"
16956086,"93,8"
71160225,..
75340089,..
36670439,"100,0"
22220001,..
99356671,"78,6"
16702464,..
72891848,..
71541108,"94,4"
28023078,"100,0"
13963517,..
51955293,"91,7"
12130801,..
53180719,"100,0"
68741484,..
31179045,"96,0"
41555549,..
18711877,"100,0"
75324351,..
70376604,"87,5"
14292382,..
16493131,"100,0"
48304166,..
65674821,"91,7"
38048202,"95,7"
87303004,"100,0"
97835550,..
26508763,"100,0"
14504503,..
16198647,"98,6"
12496135,..
76903284,"100,0"
68649663,"91,9"
81997762,..
42060237,..
53903798,"100,0"
97770837,"83,3"
33132452,"83,3"
59898194,..
95618280,"94,5"
65458415,..
16501673,..
59386837,..
16931486,..
32321364,"100,0"
27993549,..
37912396,..
90312942,"100,0"
19839859,..
29159460,..
43601850,..
14586562,..
69302313,"100,0"
31057219,"100,0"
64579522,..
34381901,..
96414537,..
31537066,"100,0"
84329061,"100,0"
71969230,..
61720981,"100,0"
50424828,"97,6"
65265211,..
97191332,"100,0"
33657492,..
17812651,"100,0"
22239675,"90,5"
59599256,"80,6"
49872493,..
11953769,..
50393060,..
95340745,..
92442684,"64,7"
54599691,"90,9"
54467211,..
99864908,"93,8"
63931325,..
46148350,..
49868916,"94,7"
84908877,..
24277564,..
36355200,"93,8"
77835341,"100,0"
77712952,"90,0"
56041699,"87,5"
90685868,"100,0"
60088179,"88,0"
21778322,"89,5"
90290154,..
25847233,"100,0"
16848652,..
56802300,..
77379848,..
67422309,..
15791044,..
65421426,"100,0"
12198363,..
47692481,..
64693272,..
89690587,"92,9"
87112995,"96,4"
51023367,..
52690153,..
38683336,"100,0"
