skolkod,andel_med_utokat_prog
93221031,"44,4"
17474377,..
74776778,"28,6"
18345915,"58,6"
68229719,..
61004230,"23,3"
71262305,"55,8"
55795961,"78,9"
84947634,"31,3"
23517336,..
48009865,"25,2"
97870412,"38,1"
68564903,"21,4"
82840198,"55,1"
18208087,"61,6"
89982804,"75,0"
19464342,"40,7"
60743463,"85,7"
32960825,"35,6"
43609520,"77,3"
41416934,"43,1"
97968599,..
21567982,..
91748148,"58,6"
49379603,..
80167319,.
42218661,"63,6"
73171934,..
83474173,"50,0"
91487291,..
21866405,"30,8"
74434644,"32,6"
42022406,"72,8"
88445871,"53,4"
65192707,"18,8"
18425335,"39,3"
93281974,"40,0"
23424275,"31,7"
43634528,"31,3"
36263479,"8,6"
56679384,"29,5"
30538202,..
19150273,"46,7"
69018222,"14,5"
25624692,"57,9"
88534520,"65,6"
12889940,"52,8"
16554575,"77,8"
34076477,"19,5"
54896448,"100,0"
25356960,"33,8"
64284020,"36,6"
98132436,"40,3"
53400472,..
60096875,..
97758137,"40,0"
26334561,..
40386043,"21,3"
29324709,..
26864271,..
59483268,"40,4"
33685428,"45,5"
32879845,..
88573795,"73,3"
20699742,..
21663998,"16,5"
20595770,"19,0"
82814120,"61,2"
45164827,"14,0"
10924758,"51,8"
34153869,"40,7"
88259298,"90,9"
73098153,..
44240250,"29,7"
17846181,"63,2"
75082798,"17,0"
23555409,"41,7"
91333138,"46,2"
30341162,..
39936461,"100,0"
72266906,"37,0"
27030026,"13,4"
12154972,"44,9"
16950252,"56,9"
34637764,"25,0"
19912478,"33,9"
73255276,"75,0"
15077883,"32,0"
48434184,"30,3"
58724424,..
95684185,"36,8"
51138448,"32,1"
19647256,"45,5"
56421429,"58,0"
39911065,..
17008320,"73,2"
56737496,"38,7"
88850910,..
93939982,"28,8"
25720752,"27,5"
55155562,"38,7"
31533003,"38,8"
31429031,"30,2"
16361868,..
23164911,"34,1"
24008049,"56,3"
19981611,..
54481243,..
36680097,..
87756916,..
59734510,"70,6"
19586169,"29,4"
24273261,..
95683850,"86,6"
59455288,"34,2"
82163292,"63,0"
25679488,"26,1"
25677996,"53,8"
89888648,"48,2"
90003262,..
88163512,"39,4"
35063170,"25,4"
31279294,"27,9"
36782335,"11,0"
23897040,..
20666515,"25,9"
37906565,..
67279303,"56,5"
21648755,"26,0"
11111710,..
90551279,"42,9"
93062368,..
69686851,"46,0"
49616977,"21,2"
54965510,"15,4"
90267145,"55,8"
72998905,"69,2"
84835666,"69,1"
25872338,.
54164490,..
69481650,"28,9"
20319353,"25,0"
92194545,..
88153340,"40,0"
94353434,"49,1"
59396229,"48,5"
95165649,"56,9"
64740897,..
78979604,..
69626109,..
10974852,..
85068812,..
78397312,"7,3"
36444853,"30,6"
15414001,"45,5"
38311488,..
16819383,"21,1"
89837629,"10,7"
12994441,"20,0"
53660780,"100,0"
88774402,"76,8"
75141151,..
61701709,"12,9"
61469192,"77,8"
84306392,"20,9"
28627819,..
30086854,..
26627862,..
48847282,"18,9"
72517762,"38,5"
79094701,"70,0"
38684438,"7,6"
31251822,"46,7"
90099336,..
96590873,"43,5"
35647481,"51,4"
39549479,"70,2"
73147554,"47,8"
65752105,..
69983740,"40,7"
66491596,"48,5"
12052268,"26,6"
71597051,"12,0"
53231578,"25,3"
11274830,"48,6"
51321260,"46,6"
96279444,"23,6"
40690520,"16,6"
61880907,"69,9"
91011325,..
97382366,"30,8"
35006050,"20,9"
88886610,"37,0"
10638939,"31,5"
21505555,..
34336190,..
21052710,"53,3"
88556189,"34,7"
35236491,"62,3"
69739484,"53,5"
92887917,..
88834120,"21,3"
70066748,..
19207279,"13,3"
53640774,"10,0"
58502307,"100,0"
97177328,"24,5"
72127035,"50,0"
70969714,"35,8"
85003442,"27,0"
22752398,"60,4"
68734112,"30,0"
71922787,"28,3"
31843016,"35,3"
74148070,"39,5"
50696507,"88,9"
92507006,"23,8"
44653962,"31,8"
20100577,..
81993306,"50,0"
19051089,..
29097621,"35,5"
47264019,"17,5"
87764775,..
50198492,"32,9"
48438396,"63,4"
98052678,"46,4"
20099064,"63,8"
44341171,..
32671805,"36,2"
38448056,"80,0"
16313848,"20,3"
79606767,"31,8"
11294673,"34,6"
86327236,"37,7"
41745951,"22,4"
83137205,"55,8"
28398531,"38,4"
66335258,"35,3"
54172830,"43,2"
86310217,"35,7"
83085136,"82,7"
75458014,"38,5"
65136104,..
61826221,.
79033948,"69,2"
56330385,"23,0"
20228162,"19,2"
68240485,..
95046058,..
44392995,"26,5"
53462953,"21,4"
69241230,..
60730660,"36,8"
85544331,"72,4"
80327946,"35,4"
82592568,"26,7"
78875918,"37,2"
78023197,..
86385479,"33,3"
40991561,..
49862313,"21,9"
99838438,"36,6"
42859669,"20,0"
70923626,"19,0"
92905347,"23,9"
99592025,"20,0"
34247736,"8,7"
47550455,"39,5"
30329172,"66,7"
76877530,..
47046103,"28,0"
56664512,.
38167912,"56,7"
43826783,.
58125096,"30,6"
82914148,..
20620556,"48,3"
77839100,.
17173461,..
55535552,..
19560192,"59,6"
30468157,"44,3"
98053087,"37,8"
92533079,"24,5"
61528940,..
23681822,..
66861851,"8,7"
72206824,..
92858957,"29,1"
46660042,"14,8"
86296935,..
44113417,"55,0"
67783774,..
38917647,..
21363125,.
39555838,..
85214294,..
82084961,"26,0"
46162400,"61,1"
98369689,..
56529916,"48,3"
40810950,..
67279263,"11,4"
40037982,"62,2"
51210136,"8,3"
73829818,"10,0"
54395430,.
18881773,..
50908408,"90,9"
18594470,"18,9"
78295411,..
80686587,"40,0"
72232853,"50,6"
12279302,"17,0"
17849518,..
64205087,"44,2"
50500028,"28,6"
94570025,..
91984508,"58,8"
78659008,"55,6"
12448823,..
40667807,"27,4"
18091973,"29,1"
88466776,"82,2"
36539945,..
40634612,"35,1"
62439199,..
66132676,"17,2"
57942242,..
80762863,..
77688926,..
14508922,"14,4"
69629086,"12,3"
88624631,..
35390185,..
37358234,..
31657916,..
21008461,..
54606928,"11,8"
53893730,"15,6"
46241804,..
42573391,"83,3"
64574972,"23,1"
19741742,"22,4"
29032715,"24,4"
45830583,..
48931433,"18,0"
97270136,"44,8"
19909435,"58,9"
30530571,"15,0"
78839208,"14,7"
96024712,"15,6"
30458073,..
40829056,..
85800840,"53,8"
68920727,"34,7"
27115998,"67,7"
41867682,..
79516949,"25,0"
65662401,"45,6"
39583059,"50,5"
38645259,..
96684210,"30,4"
87207941,"45,1"
11673760,"22,6"
46574937,"26,0"
23836342,"22,7"
63791419,"40,0"
39805497,"61,1"
38400227,"28,0"
81619482,"31,1"
83829189,..
46145886,"27,6"
12395564,..
90006712,"94,1"
43649848,"60,0"
75344502,"50,0"
84247499,"14,9"
27041885,..
39149668,"29,6"
97064126,..
32580162,"78,3"
38233622,"91,7"
48722826,"49,2"
73063662,"23,8"
40766349,..
71571158,"46,9"
53691739,"57,8"
43251309,..
97596286,"45,2"
67554405,"30,1"
86473502,..
73944169,"34,7"
98239050,"28,6"
94455820,..
58368956,"54,8"
73567152,"37,1"
61547652,"45,8"
60209222,"51,7"
62104139,"17,5"
87034307,"26,1"
78872213,"28,3"
84286698,"61,5"
62490359,"100,0"
64725297,"41,4"
43362941,"73,9"
23350817,..
76860623,..
58191646,..
80405898,"22,6"
56021320,..
41358402,.
63179610,.
64569393,..
87262566,"26,8"
64160122,..
48217580,"18,3"
41844601,"20,0"
51620045,"47,4"
86888278,..
23457902,..
27597104,"73,9"
57397381,"37,6"
56947954,"44,6"
72022487,"37,8"
71512894,"71,0"
70969556,"70,0"
28248021,"46,8"
44417214,"55,4"
25025681,..
88776535,"25,0"
49488344,"34,1"
74408578,"16,3"
71043974,"29,3"
57777751,..
38732602,.
89807183,"14,1"
86724994,"36,1"
61161774,"9,5"
86158933,"33,3"
14102256,"22,5"
75082280,..
75914181,"27,4"
39302565,"35,0"
96818167,..
36072799,"50,0"
61432781,"67,6"
78287294,..
74316305,"91,4"
39096170,..
79527481,"32,8"
67300857,"21,6"
99279503,"24,3"
63653488,..
84476205,"60,0"
24544503,"15,8"
25392789,"8,7"
72109637,..
69240218,"79,1"
14057258,..
38460895,..
31199511,"22,8"
12934438,"20,7"
43313366,"35,5"
86787111,"21,4"
97868185,..
81551726,..
77823650,"71,9"
37550979,..
52634142,"50,5"
76195214,"24,6"
54839753,..
32705515,"49,1"
60214465,..
70137084,"14,8"
82002016,"35,8"
21901328,.
23306658,"56,3"
57350392,..
97535124,"70,6"
11102578,"27,5"
69306209,"46,8"
92651253,..
31740319,"45,9"
10129345,..
17944628,"11,5"
82826083,"65,6"
94468610,..
94090461,"42,7"
12954099,"44,9"
80931789,"11,8"
84098842,"51,7"
90473340,"38,7"
26167236,..
69807202,"32,4"
64648904,"25,5"
75939593,"18,3"
63035915,"15,3"
26324896,..
56639389,"17,9"
95700485,"92,9"
51449748,"25,6"
28267726,"72,0"
28848709,..
12613085,"30,0"
53896162,"27,0"
17779637,"24,1"
11185244,"42,9"
56211717,"85,0"
66824652,"55,3"
49168016,"24,1"
32042066,"38,5"
50821167,..
71929526,"45,2"
92814975,"57,5"
60873719,"33,8"
28085125,..
28770304,"62,2"
21938183,"21,7"
78986228,.
71472793,"48,4"
64123241,"86,7"
69063711,"25,6"
77609073,..
35894996,"60,8"
12926770,..
17119840,..
68748767,"37,2"
23548714,..
48593439,..
91773491,..
30361243,"32,4"
25596917,"62,5"
65722876,"22,0"
20984584,"63,2"
52129378,"32,9"
65381163,"23,0"
98541468,"72,2"
31155312,..
25648215,..
61823258,..
84424083,"49,1"
39178171,"75,9"
49231191,"38,3"
78231062,"12,6"
79994304,..
10481541,"38,5"
68006362,"41,0"
11608031,"56,9"
86762103,..
68381790,"60,2"
13006857,"28,3"
76007769,"33,3"
16956086,"42,5"
58187973,"37,5"
88894245,"66,7"
31870541,..
71160225,.
67752682,"50,0"
47884009,"51,6"
44672598,"65,8"
75340089,"46,9"
36670439,"42,3"
22220001,"55,9"
31822012,..
83161201,"27,2"
15100079,.
55421481,..
99356671,..
16702464,..
71353314,..
29449669,"25,0"
62855448,..
36252055,"16,1"
91812793,"2,9"
14355031,"51,1"
72891848,"42,9"
46611859,"68,9"
58907711,..
68285560,..
58544422,..
65150019,"54,2"
31796890,..
22426680,..
83805032,..
48862305,"43,2"
32887559,"84,8"
71541108,"25,0"
53832505,"39,0"
47537928,..
69471748,"33,0"
49750031,..
76485705,"28,1"
93239262,"40,8"
25745773,"40,6"
99976753,"29,0"
14278480,..
75575321,"9,4"
28023078,"40,0"
43284031,"54,2"
13963517,..
24194577,..
26267406,"66,7"
31255918,"25,0"
51955293,"24,2"
57690933,..
35035671,..
12130801,..
51736304,"46,9"
53180719,"36,5"
27489137,"85,2"
15609112,..
44285075,..
60424371,..
95785055,"6,0"
68655578,"16,0"
17062663,..
68741484,"10,4"
56267421,..
34990065,"42,9"
37054246,"22,2"
39199869,"73,0"
62216381,"63,3"
31179045,"41,7"
72421673,"44,1"
15763669,.
59655752,"32,7"
88750078,"34,7"
41878314,..
41555549,"30,5"
32003298,"79,2"
22383788,"82,6"
85459854,"22,3"
81876614,"51,7"
18711877,"30,8"
67071618,"52,2"
75324351,..
61229217,"48,6"
58929357,"100,0"
42517257,"68,8"
70376604,"22,7"
59575030,"20,2"
93503103,"38,6"
18617410,..
41697930,"40,5"
28025244,..
17184072,..
40338843,"19,3"
77440824,"15,2"
71069359,..
86896907,..
14292382,"36,4"
51981332,"81,8"
87859089,"28,8"
54764253,"48,9"
98908403,"9,0"
16493131,"39,4"
41119610,"100,0"
83272868,"43,2"
11526364,"43,4"
48304166,"48,9"
24982097,..
45552626,"48,5"
50906954,.
97104132,"91,7"
16748680,"31,0"
68597767,..
27964873,"47,2"
30706655,"27,5"
65674821,..
92332557,"24,1"
46332927,"40,5"
78690637,"14,2"
24653673,..
38048202,"12,4"
90990441,..
86319615,.
87303004,"37,8"
97835550,..
22446331,..
26671095,"42,9"
42911621,"35,4"
40575001,"28,1"
75027822,"84,4"
26508763,"58,4"
14504503,"57,7"
21850904,"100,0"
65320354,"41,9"
77544055,"38,9"
49112879,"32,0"
30279258,"17,8"
16198647,"18,1"
12496135,..
76903284,"26,0"
68649663,"29,7"
43623146,.
49141105,..
15870428,"22,0"
26646080,"7,3"
26750052,"20,0"
18974693,"13,4"
26996566,..
27704246,"28,4"
81997762,"26,2"
28967085,.
69747871,..
70119254,"100,0"
31151740,..
79346084,"37,2"
34222422,..
84230226,..
42060237,"31,8"
89816391,..
14448619,"11,4"
12546590,"42,2"
43565270,"53,8"
77176811,..
52791537,..
85152591,..
85819857,..
40600798,"10,5"
52942981,..
54117171,"31,7"
48120273,..
33233228,..
94167577,"17,4"
27023528,"16,0"
53903798,"26,6"
85782695,..
98815582,"48,0"
97770837,"12,0"
21312503,"94,9"
69650864,"42,9"
59581397,.
14926020,..
41938272,"61,0"
29423248,"13,0"
76054399,"51,5"
33132452,"28,7"
56942970,..
60142020,..
70811222,..
17911161,"12,0"
35084976,"58,0"
25525759,.
77632411,"27,2"
56653353,"58,3"
49068301,..
59898194,..
38195284,"7,8"
97510495,"10,9"
89461767,"17,3"
94717858,"13,8"
53760158,"65,1"
78422467,"27,0"
37802196,..
38683336,..
36288955,"46,0"
74812809,"75,3"
88839172,"25,7"
48412612,..
95618280,"20,8"
75075402,"8,8"
26326048,"8,3"
37839488,"6,7"
46256929,"20,2"
83374651,"75,0"
59796774,"100,0"
17675502,"26,3"
75600007,"41,4"
73812226,"13,3"
30762346,..
82964090,"10,5"
88955893,"10,2"
15278518,..
15390992,"42,6"
63943560,"59,6"
85516596,"13,1"
31998226,..
38236800,..
16784385,..
59026584,"43,9"
79829846,"54,8"
89963319,..
24339566,"7,8"
20061769,..
65458415,.
95154882,..
52333875,"52,8"
24663703,..
28519815,"39,6"
65666808,"49,5"
69543519,"37,0"
24397215,"22,7"
30677562,..
85054102,..
87274273,..
89693952,.
24759907,"23,1"
78433202,"30,5"
41631104,..
35366805,"33,9"
31315191,"62,5"
80357110,"91,3"
42775003,"11,8"
56670842,"16,7"
89370947,"67,8"
18451445,..
48555205,"8,4"
31313926,..
30312720,"18,5"
32116280,"16,7"
57143976,"18,7"
93367005,"38,3"
53175499,"69,6"
64388538,..
52153758,"17,2"
16501673,"47,4"
26298615,"100,0"
22116645,"28,6"
99755443,"7,2"
30167976,"41,9"
50104466,..
28004794,..
32071849,"21,9"
79845033,"29,1"
41099519,"21,3"
59386837,"31,1"
21627442,"45,5"
17276047,"39,6"
73217812,"26,3"
21382451,"17,4"
48244956,"34,5"
36769815,..
16931486,"47,6"
92489953,"59,3"
43873969,..
55825382,..
19306558,..
35301145,"22,5"
24993048,..
70132092,"52,5"
65034473,..
13084253,"14,7"
32321364,..
59942080,..
66273269,..
82888663,"18,6"
11275959,"23,5"
58518163,"35,0"
50615280,"77,8"
19035583,"50,0"
27993549,"24,7"
37912396,"43,2"
45593337,"40,8"
90312942,"38,1"
10226870,"55,0"
19839859,..
80280597,..
67628478,"100,0"
37517404,..
29159460,"60,0"
32057701,.
43601850,..
30615080,"34,5"
89630851,..
25178582,"59,4"
70543431,..
23476801,..
86351879,"69,0"
56041144,"20,8"
14586562,.
74322969,"30,4"
90260899,"16,9"
69302313,"56,5"
31057219,"29,7"
27079521,"30,6"
33572033,"33,3"
64579522,"40,3"
65234368,"88,9"
34381901,"47,5"
55150847,..
90076461,..
96414537,"74,2"
53069733,"57,1"
99394620,"61,7"
95368476,"42,0"
14853321,"33,3"
76448076,"25,6"
31537066,"56,7"
86488203,"25,2"
25156286,"45,7"
28081446,"18,5"
21400668,..
92949043,"27,3"
92818240,"32,5"
84329061,"27,2"
71969230,"57,1"
91048178,"18,6"
82718660,..
76942525,..
12399380,.
31486865,"12,8"
97265732,"13,2"
10373112,..
61720981,"6,6"
25698509,"50,0"
50424828,"22,5"
82931004,..
83584125,..
95024660,..
32263814,..
16496466,..
12075195,..
62300682,..
47393891,..
48414975,..
65265211,..
11533776,"44,0"
47108751,..
97191332,"41,4"
71938440,..
28829503,"46,7"
22811839,"26,2"
33205596,..
99622695,..
19930101,"22,8"
60727136,..
45132264,..
61647360,..
98651664,"29,9"
33657492,"43,1"
61622991,"31,9"
66644568,..
93659517,"31,6"
79309485,..
61175914,..
73316818,"71,9"
37078868,..
27859889,..
16130958,..
29161632,..
82195565,.
33596572,..
45541222,..
77713695,"97,5"
63451147,..
51131594,.
89680395,..
53696633,..
27440210,"31,3"
62758285,..
16218090,..
61197669,..
64667996,..
17812651,"81,0"
23544320,"35,5"
57668673,..
69040241,"57,9"
63993414,..
49136871,..
91905819,..
20855811,"9,9"
54882637,"81,3"
53923398,"24,4"
74560191,..
47844862,"60,8"
22239675,"85,7"
72984079,"44,9"
36480690,"27,6"
24787883,"47,6"
32995170,"58,3"
52048443,"52,2"
61674097,..
32550660,"14,7"
93488613,..
45600034,..
59599256,"20,9"
69865450,"30,0"
31112935,..
26957025,"31,2"
90509211,"12,0"
43277545,"33,9"
37316242,"20,7"
20173336,"42,4"
49872493,"75,9"
39147056,"52,8"
11953769,..
28646435,"52,0"
50393060,"23,5"
85788659,..
95340745,..
59521477,"36,6"
92442684,"65,0"
66095163,..
38544187,"51,1"
54599691,"30,5"
54004368,"41,4"
54467211,"75,6"
23517683,"78,9"
31975673,"19,2"
82251333,"60,0"
99864908,"20,8"
27106031,"28,2"
59463950,"83,3"
63931325,"26,3"
57391913,"42,7"
75374280,"51,1"
46148350,"48,5"
50133877,"46,8"
49868916,"40,3"
74919147,..
90240730,"24,7"
84908877,"38,7"
78389879,..
24277564,..
88956420,..
44412461,"11,2"
34002355,..
36355200,"36,5"
96920524,"55,1"
18217765,"44,7"
60919765,..
14677676,"36,4"
96152872,"21,7"
77835341,..
70803636,"21,2"
49576295,"39,0"
66028861,"87,5"
23797825,..
45293715,"47,0"
44738639,"68,8"
77712952,..
92009807,..
10433896,"34,2"
10342448,..
43154449,..
49170638,"39,5"
46379730,"33,3"
25379974,.
98032567,..
96194948,"55,6"
25955541,"54,2"
88025221,"17,8"
18042101,"28,2"
14799321,"34,5"
56041699,"64,7"
45111086,..
70955448,"95,3"
68824244,"39,8"
90685868,..
24501884,"46,5"
46707989,..
46986216,"34,8"
67924816,..
92805465,..
56084099,"36,8"
80711021,"44,1"
17648596,"27,3"
16720048,"18,2"
13960635,"54,4"
39341381,..
61176909,"22,8"
43479922,..
60088179,"23,0"
28391147,"20,7"
29209307,..
21778322,"22,8"
31380193,..
90290154,"86,7"
25847233,"36,6"
62612992,"27,7"
85485803,"18,3"
92816527,"38,4"
16848652,"52,4"
88429477,"22,9"
94975733,"33,3"
56802300,"35,7"
15149235,"53,2"
77379848,..
13981977,..
24538846,"71,4"
36886750,..
67422309,..
67058407,"21,4"
34421265,"30,2"
15791044,"57,5"
65392939,"50,9"
98696836,"33,3"
82160887,"50,0"
23175129,..
64908550,..
77358716,"23,2"
49739986,"50,7"
29225010,"29,4"
92192566,"21,8"
56886667,"29,8"
33249781,"38,5"
64648566,"52,6"
18691102,..
70302356,..
65421426,"27,9"
62394916,"75,0"
67908927,"54,2"
72071234,"23,3"
24349146,"42,5"
83605345,"61,9"
15933512,"27,7"
12198363,..
47692481,"37,0"
64693272,"59,3"
18072172,.
65833454,..
85188855,"52,2"
11341077,..
39528347,..
34988313,"21,3"
85473846,"17,6"
29744774,.
89690587,"38,3"
28045567,"36,5"
20768651,"43,9"
32239920,"47,7"
98781765,"27,5"
38880984,..
28872974,..
87112995,"46,4"
18686599,"89,1"
93779220,..
77797484,"20,6"
53279140,"31,9"
80785976,"32,1"
47559319,"37,3"
21532545,..
56187883,"42,6"
20752831,"19,6"
51023367,"48,4"
34739511,"96,2"
95069937,"100,0"
52690153,"68,8"
74776778,"28,6"
18345915,"86,0"
68229719,..
61004230,"24,5"
71262305,"57,4"
55795961,..
84947634,..
23517336,..
48009865,"25,2"
82840198,"40,8"
18208087,"62,5"
89982804,..
19464342,..
60743463,"90,9"
32960825,"39,3"
43609520,"86,7"
97968599,..
91748148,"58,6"
42218661,"63,6"
74434644,"31,3"
42022406,"66,1"
65192707,"18,8"
43634528,"31,3"
36263479,"8,6"
56679384,"29,5"
30538202,..
19150273,..
69018222,"14,5"
12889940,"52,8"
16554575,.
34076477,"19,5"
54896448,"100,0"
64284020,.
53400472,..
97758137,"40,0"
26334561,..
40386043,"22,1"
59483268,"43,6"
33685428,..
32879845,..
88573795,..
20699742,..
21663998,"16,5"
20595770,"19,0"
82814120,"22,7"
45164827,"14,0"
10924758,"64,9"
34153869,"37,5"
88259298,"90,0"
17846181,"58,8"
75082798,"18,6"
23555409,"42,5"
30341162,..
72266906,"25,5"
27030026,..
16950252,"57,7"
34637764,"20,5"
19912478,"33,9"
15077883,"42,9"
48434184,"24,6"
58724424,..
95684185,"36,8"
51138448,"32,5"
56421429,"73,5"
39911065,..
17008320,"72,3"
56737496,"28,9"
93939982,"29,5"
25720752,"23,2"
55155562,"43,1"
31533003,"36,7"
16361868,.
23164911,"34,1"
24008049,"45,9"
19981611,..
54481243,..
36680097,..
19586169,..
24273261,..
95683850,"93,8"
59455288,..
25679488,"29,2"
25677996,"55,9"
89888648,"48,9"
35063170,"23,5"
31279294,..
36782335,"14,7"
23897040,..
20666515,"36,1"
37906565,..
67279303,.
21648755,"23,6"
11111710,..
90551279,"29,4"
69686851,..
49616977,..
54965510,"15,4"
84835666,"69,1"
25872338,.
54164490,..
20319353,"25,0"
92194545,..
64740897,..
78979604,..
10974852,..
85068812,..
78397312,"7,3"
36444853,"13,4"
16819383,..
89837629,"10,7"
12994441,..
88774402,"76,8"
75141151,..
61701709,"12,9"
61469192,"77,8"
84306392,"20,9"
28627819,..
30086854,.
26627862,..
48847282,"18,9"
72517762,"38,5"
79094701,"72,0"
38684438,"8,0"
31251822,"46,7"
90099336,..
35647481,"51,4"
39549479,"70,2"
73147554,"40,5"
69983740,"40,7"
66491596,"48,5"
12052268,"26,6"
71597051,"12,0"
53231578,"25,3"
96279444,..
40690520,"16,6"
91011325,..
97382366,"30,8"
35006050,"18,2"
10638939,..
21505555,..
34336190,..
21052710,"53,3"
69739484,"53,5"
92887917,..
88834120,"21,3"
70066748,..
19207279,"13,3"
53640774,"10,0"
58502307,"100,0"
97177328,..
72127035,"52,3"
70969714,"55,2"
68734112,"30,0"
71922787,"23,8"
74148070,"44,4"
92507006,"23,8"
44653962,..
20100577,..
81993306,"46,0"
19051089,..
47264019,"17,5"
50198492,"32,9"
98052678,"40,4"
20099064,"63,8"
16313848,"16,8"
79606767,"37,2"
11294673,"33,3"
86327236,"30,3"
41745951,"22,4"
83137205,"55,8"
28398531,..
66335258,..
54172830,"49,2"
75458014,..
65136104,..
61826221,.
79033948,"77,8"
56330385,"27,9"
20228162,"19,2"
68240485,..
95046058,..
44392995,"26,4"
53462953,"21,4"
60730660,"36,8"
82592568,"26,7"
78875918,"35,2"
86385479,..
49862313,"21,9"
99838438,..
42859669,"11,1"
99592025,"19,8"
34247736,"10,5"
47550455,"43,1"
30329172,..
76877530,..
47046103,..
38167912,"78,9"
43826783,.
58125096,"30,6"
82914148,..
20620556,..
77839100,.
17173461,..
55535552,..
30468157,"44,3"
92533079,"24,5"
61528940,..
23681822,..
66861851,"8,7"
72206824,..
92858957,"30,3"
86296935,..
44113417,"60,0"
67783774,.
39555838,..
85214294,..
82084961,"14,3"
46162400,"100,0"
67279263,"11,4"
51210136,"8,3"
73829818,..
54395430,.
18881773,..
50908408,"90,9"
18594470,"18,9"
78295411,..
80686587,..
72232853,"50,6"
12279302,..
64205087,"44,2"
50500028,"28,6"
91984508,"74,3"
40667807,..
18091973,"26,3"
88466776,"82,2"
36539945,..
40634612,"39,0"
66132676,"23,0"
57942242,..
77688926,..
14508922,"12,5"
37358234,..
21008461,..
54606928,"12,8"
53893730,"15,6"
42573391,..
64574972,..
19741742,..
29032715,..
45830583,..
48931433,..
19909435,"62,1"
30530571,"7,2"
78839208,"14,7"
96024712,"16,8"
30458073,..
85800840,"67,3"
68920727,"34,7"
27115998,"64,0"
41867682,..
79516949,"25,0"
96684210,"30,4"
87207941,"44,4"
11673760,"9,4"
46574937,"26,0"
23836342,"22,7"
63791419,"62,1"
39805497,"80,0"
38400227,..
81619482,"31,1"
12395564,..
90006712,"94,1"
39149668,"29,6"
38233622,"91,7"
48722826,"31,0"
73063662,"23,8"
40766349,..
53691739,.
43251309,..
67554405,"24,7"
73944169,"34,7"
98239050,..
94455820,..
61547652,..
62104139,..
87034307,"26,1"
78872213,"25,7"
76860623,.
58191646,..
80405898,"22,6"
56021320,..
63179610,.
64569393,..
64160122,..
48217580,"18,3"
51620045,"26,2"
86888278,..
57397381,"34,4"
56947954,"31,6"
72022487,"33,9"
71512894,"71,0"
28248021,"45,7"
44417214,"44,6"
25025681,..
88776535,"25,0"
49488344,..
74408578,"19,2"
71043974,"29,3"
57777751,..
38732602,.
89807183,"14,1"
61161774,"9,5"
86158933,"36,5"
75914181,"28,9"
39302565,"100,0"
96818167,..
79527481,"32,8"
67300857,"21,6"
99279503,..
63653488,..
84476205,"60,0"
24544503,"15,8"
25392789,"8,7"
69240218,"78,1"
38460895,..
31199511,"22,8"
12934438,"20,7"
43313366,"37,1"
86787111,"21,4"
97868185,..
77823650,..
37550979,..
60214465,.
70137084,..
82002016,"39,6"
23306658,"45,8"
97535124,"70,6"
11102578,"25,6"
69306209,"50,0"
10129345,..
17944628,"11,2"
94468610,..
94090461,"47,3"
12954099,"44,9"
80931789,"10,0"
90473340,"41,7"
69807202,..
64648904,..
75939593,"18,3"
26324896,..
56639389,"17,9"
95700485,"92,9"
51449748,"25,6"
28267726,"72,0"
12613085,..
53896162,"26,4"
17779637,"24,1"
66824652,"44,8"
49168016,"27,8"
71929526,"45,2"
60873719,"33,8"
28085125,..
21938183,"21,7"
78986228,.
71472793,"48,4"
69063711,..
77609073,..
35894996,..
12926770,..
68748767,"34,4"
23548714,..
48593439,..
91773491,..
30361243,"32,4"
25596917,"60,4"
65722876,"22,0"
52129378,"41,2"
65381163,"23,0"
31155312,..
84424083,"49,1"
49231191,"38,3"
78231062,"12,6"
10481541,"38,5"
68381790,"72,7"
13006857,"24,4"
16956086,"46,1"
58187973,..
88894245,.
31870541,..
44672598,"67,2"
31822012,..
83161201,"27,2"
99356671,..
16702464,..
29449669,"25,0"
62855448,..
36252055,"12,1"
91812793,..
14355031,"48,4"
46611859,"68,9"
58907711,..
68285560,..
58544422,..
65150019,"54,2"
71541108,..
53832505,"39,0"
47537928,..
69471748,"36,8"
49750031,..
76485705,"28,1"
93239262,"44,8"
99976753,"29,3"
75575321,"9,4"
28023078,..
43284031,..
24194577,..
26267406,..
51955293,"32,1"
57690933,..
12130801,..
51736304,..
44285075,..
95785055,"6,0"
68655578,..
68741484,"11,4"
37054246,"23,3"
39199869,"71,7"
31179045,"50,0"
72421673,"40,4"
15763669,.
59655752,"25,6"
88750078,..
41555549,"29,6"
85459854,..
81876614,"54,9"
18711877,..
67071618,"53,8"
75324351,..
61229217,"31,6"
70376604,"31,0"
59575030,"20,2"
18617410,..
28025244,..
40338843,..
77440824,..
14292382,"29,4"
51981332,"81,8"
87859089,..
98908403,..
16493131,"36,7"
83272868,"43,2"
11526364,"43,4"
45552626,"48,5"
50906954,.
16748680,"31,0"
65674821,..
92332557,"24,1"
78690637,"7,7"
38048202,"9,9"
90990441,..
26671095,"56,5"
65320354,"41,9"
77544055,"41,9"
49112879,"32,0"
30279258,"17,8"
76903284,"28,8"
43623146,.
49141105,..
15870428,..
26646080,"7,3"
26750052,"19,8"
18974693,"13,4"
26996566,..
27704246,"28,4"
28967085,.
69747871,..
31151740,..
79346084,"30,2"
89816391,..
14448619,..
12546590,..
43565270,"53,8"
77176811,..
52791537,..
85152591,..
85819857,..
40600798,"10,5"
52942981,..
54117171,"31,7"
48120273,..
33233228,..
94167577,"19,0"
27023528,..
53903798,..
97770837,"12,1"
69650864,"42,9"
59581397,.
41938272,"61,0"
29423248,"13,0"
76054399,"51,5"
33132452,..
60142020,..
70811222,..
17911161,"12,0"
35084976,"58,0"
25525759,.
77632411,"27,2"
49068301,..
59898194,..
38195284,"7,8"
97510495,..
89461767,"17,3"
94717858,"13,8"
53760158,"65,1"
78422467,"27,0"
37802196,..
36288955,"46,0"
74812809,"75,3"
88839172,"25,7"
48412612,..
95618280,"19,6"
75075402,"8,8"
26326048,"8,3"
37839488,"6,7"
46256929,"20,2"
83374651,"75,0"
59796774,"100,0"
17675502,..
75600007,"39,0"
73812226,"13,3"
30762346,..
82964090,"10,5"
88955893,"10,2"
15278518,.
15390992,"36,8"
63943560,"64,5"
85516596,..
16784385,..
89963319,..
24339566,"7,8"
65458415,.
95154882,..
52333875,"40,0"
24663703,..
28519815,"39,6"
65666808,.
69543519,"37,0"
89693952,.
24759907,"24,0"
78433202,"30,5"
35366805,"33,9"
31315191,"62,5"
42775003,"11,8"
56670842,"16,7"
89370947,"67,8"
48555205,"8,4"
31313926,..
30312720,"18,5"
32116280,"16,7"
57143976,"18,7"
93367005,"35,1"
53175499,"69,6"
64388538,..
52153758,"17,2"
22116645,"28,6"
99755443,"7,2"
30167976,"41,9"
50104466,..
28004794,..
32071849,"21,9"
79845033,"22,0"
41099519,"22,0"
59386837,"56,5"
17276047,"36,4"
21382451,"17,4"
48244956,"42,9"
36769815,..
43873969,..
55825382,..
19306558,..
35301145,"22,5"
24993048,..
13084253,"15,8"
59942080,..
66273269,..
11275959,.
58518163,"38,5"
27993549,..
37912396,"30,3"
45593337,"40,8"
10226870,"55,0"
19839859,..
67628478,"100,0"
37517404,..
32057701,.
30615080,"34,5"
25178582,"59,4"
70543431,..
23476801,..
86351879,"59,2"
56041144,"20,8"
74322969,"45,5"
90260899,..
31057219,"40,9"
27079521,..
33572033,"33,3"
64579522,"35,1"
34381901,"38,9"
55150847,..
90076461,..
53069733,"57,1"
99394620,"50,0"
95368476,"38,6"
14853321,..
76448076,..
31537066,"80,0"
86488203,"25,5"
25156286,..
28081446,"18,5"
21400668,..
92949043,..
92818240,"25,0"
84329061,"21,6"
91048178,..
82718660,..
12399380,.
31486865,"11,0"
97265732,"13,2"
61720981,"6,9"
50424828,..
82931004,..
95024660,..
32263814,..
47393891,..
48414975,..
11533776,"44,0"
47108751,..
28829503,"46,7"
99622695,..
98651664,"29,9"
33657492,"40,9"
79309485,..
37078868,..
16130958,..
82195565,.
33596572,..
77713695,"97,5"
51131594,.
89680395,..
53696633,..
27440210,"31,3"
62758285,..
16218090,..
64667996,..
23544320,"35,5"
57668673,..
69040241,..
63993414,..
49136871,..
20855811,"9,9"
53923398,"30,8"
74560191,..
47844862,"62,7"
72984079,"46,4"
36480690,"30,0"
24787883,..
32995170,"58,3"
52048443,"50,0"
61674097,..
32550660,"13,2"
93488613,..
45600034,..
59599256,"18,2"
26957025,"31,2"
90509211,..
43277545,"33,9"
11953769,.
50393060,"25,0"
85788659,..
95340745,..
59521477,"31,3"
92442684,..
66095163,..
54599691,"20,2"
54004368,"41,4"
31975673,"19,2"
82251333,..
99864908,..
27106031,..
59463950,"100,0"
63931325,..
57391913,"53,7"
75374280,"85,0"
46148350,"55,8"
50133877,"34,3"
49868916,"40,0"
74919147,..
78389879,..
24277564,..
44412461,"11,2"
36355200,"31,1"
96920524,"56,0"
18217765,"39,7"
70803636,"14,9"
49576295,"39,0"
66028861,"87,5"
23797825,..
45293715,"47,0"
77712952,..
10433896,"26,9"
43154449,..
49170638,"39,5"
46379730,"33,3"
25379974,.
88025221,"15,5"
18042101,"28,2"
56041699,..
45111086,..
70955448,"98,1"
68824244,"32,3"
46707989,..
46986216,"34,8"
67924816,..
92805465,..
56084099,..
16720048,.
13960635,"54,4"
61176909,"22,8"
43479922,..
28391147,..
21778322,"23,3"
31380193,..
62612992,"27,7"
85485803,"18,3"
16848652,"46,2"
88429477,"22,9"
94975733,"42,9"
56802300,..
15149235,"50,0"
13981977,..
24538846,"85,7"
67058407,"18,6"
15791044,"65,6"
65392939,"50,9"
98696836,"30,6"
64908550,..
77358716,..
49739986,"50,7"
29225010,"34,4"
92192566,"21,8"
56886667,"29,8"
64648566,..
65421426,"25,0"
62394916,"75,0"
67908927,"54,2"
72071234,"23,3"
24349146,"30,2"
83605345,..
15933512,"7,4"
64693272,..
18072172,.
65833454,..
11341077,..
34988313,"21,3"
28045567,"36,5"
20768651,"52,1"
38880984,..
28872974,..
18686599,"88,5"
93779220,..
77797484,"20,6"
80785976,"36,1"
47559319,..
21532545,..
56187883,..
20752831,"19,6"
51023367,"86,7"
34739511,"96,2"
52690153,"62,5"
93221031,"44,4"
17474377,..
18345915,..
68229719,..
61004230,..
71262305,..
55795961,..
84947634,..
97870412,"38,1"
68564903,"21,4"
82840198,"90,0"
18208087,"60,6"
89982804,"72,0"
19464342,..
60743463,..
32960825,..
43609520,..
41416934,"43,1"
21567982,..
49379603,..
80167319,.
73171934,..
83474173,"50,0"
91487291,..
21866405,"30,8"
74434644,"36,0"
42022406,"88,0"
88445871,"53,4"
18425335,"39,3"
93281974,"40,0"
23424275,"31,7"
19150273,..
25624692,"57,9"
88534520,"65,6"
16554575,"77,8"
25356960,"33,8"
64284020,"41,3"
98132436,"40,3"
60096875,..
26334561,.
40386043,..
29324709,..
26864271,..
59483268,..
33685428,..
88573795,"100,0"
82814120,"90,7"
10924758,..
34153869,..
88259298,..
73098153,..
44240250,"29,7"
17846181,..
75082798,"14,1"
23555409,..
91333138,"46,2"
30341162,.
39936461,"100,0"
72266906,"95,2"
27030026,..
12154972,"44,9"
16950252,"53,8"
34637764,"31,4"
73255276,"75,0"
15077883,"20,8"
48434184,"37,5"
58724424,..
51138448,..
19647256,"45,5"
56421429,..
39911065,..
17008320,..
56737496,"48,6"
88850910,..
93939982,"27,8"
25720752,..
55155562,"30,2"
31533003,"46,2"
31429031,"30,2"
16361868,..
24008049,"65,7"
36680097,..
87756916,..
59734510,"70,6"
19586169,"34,1"
24273261,..
95683850,"79,0"
59455288,"45,8"
82163292,"63,0"
25679488,..
25677996,..
89888648,"47,2"
90003262,..
88163512,"39,4"
35063170,..
31279294,..
36782335,..
20666515,..
37906565,..
67279303,"66,7"
21648755,"33,3"
11111710,.
90551279,"52,0"
93062368,..
69686851,"48,5"
49616977,..
90267145,"55,8"
72998905,"69,2"
69481650,"28,9"
88153340,"40,0"
94353434,"49,1"
59396229,"48,5"
95165649,"56,9"
69626109,..
85068812,..
36444853,"79,3"
15414001,"45,5"
38311488,..
16819383,..
12994441,..
53660780,"100,0"
30086854,..
79094701,"60,0"
38684438,..
96590873,"43,5"
73147554,"100,0"
65752105,..
11274830,"48,6"
51321260,"46,6"
96279444,"58,8"
61880907,"69,9"
35006050,"25,0"
88886610,"37,0"
10638939,"55,0"
88556189,"34,7"
35236491,"62,3"
58502307,"100,0"
97177328,..
72127035,"46,9"
70969714,..
85003442,"27,0"
22752398,"60,4"
71922787,..
31843016,"35,3"
74148070,..
50696507,"88,9"
44653962,"30,8"
81993306,"58,1"
29097621,"35,5"
87764775,..
48438396,"63,4"
98052678,..
44341171,..
32671805,"36,2"
38448056,"80,0"
16313848,"26,2"
79606767,..
11294673,..
86327236,"46,4"
28398531,"43,1"
66335258,"53,3"
54172830,..
86310217,"35,7"
83085136,"82,7"
75458014,..
65136104,..
79033948,"58,6"
56330385,..
44392995,..
69241230,..
85544331,"72,4"
80327946,"35,4"
78875918,"46,2"
78023197,..
86385479,"50,0"
40991561,..
99838438,"94,7"
42859669,"40,5"
70923626,"19,0"
92905347,"23,9"
99592025,..
34247736,.
47550455,"37,1"
30329172,"82,4"
76877530,.
47046103,..
56664512,.
38167912,..
20620556,..
17173461,..
19560192,"59,6"
98053087,"37,8"
92858957,..
46660042,"14,8"
44113417,..
67783774,..
38917647,..
21363125,.
39555838,.
85214294,..
82084961,"46,8"
46162400,"52,1"
98369689,..
56529916,"48,3"
40810950,..
40037982,"62,2"
73829818,..
18881773,..
80686587,"85,7"
12279302,..
17849518,..
94570025,..
91984508,"42,4"
78659008,"55,6"
12448823,..
40667807,"48,0"
18091973,"31,3"
40634612,..
62439199,..
66132676,..
80762863,..
77688926,..
14508922,..
69629086,"12,3"
88624631,..
35390185,..
37358234,..
31657916,..
54606928,..
46241804,..
42573391,"83,3"
64574972,..
19741742,"31,3"
29032715,"46,9"
48931433,"48,1"
97270136,"44,8"
19909435,"56,8"
30530571,"46,3"
96024712,..
40829056,..
85800840,"45,6"
27115998,"80,6"
41867682,..
65662401,"45,6"
39583059,"50,5"
38645259,..
87207941,..
11673760,"38,9"
63791419,"30,3"
39805497,"47,6"
38400227,"47,4"
83829189,..
46145886,"27,6"
43649848,"60,0"
75344502,"50,0"
84247499,"14,9"
27041885,..
97064126,..
32580162,"78,3"
48722826,"66,1"
71571158,"46,9"
53691739,"83,9"
97596286,"45,2"
67554405,"35,4"
86473502,..
98239050,..
94455820,..
58368956,"54,8"
73567152,"37,1"
61547652,"44,7"
60209222,"51,7"
62104139,..
78872213,..
84286698,"61,5"
62490359,"100,0"
64725297,"41,4"
43362941,"73,9"
23350817,..
76860623,..
56021320,..
41358402,.
64569393,.
87262566,"26,8"
41844601,"20,0"
51620045,"72,2"
23457902,..
27597104,"73,9"
57397381,"45,8"
56947954,"57,7"
72022487,"41,4"
70969556,"70,0"
28248021,"48,4"
44417214,"69,6"
25025681,..
49488344,..
74408578,..
86724994,"36,1"
86158933,..
14102256,"22,5"
75082280,..
75914181,..
39302565,..
36072799,"50,0"
61432781,"67,6"
78287294,..
74316305,"91,4"
39096170,..
99279503,"21,7"
72109637,..
69240218,"84,6"
14057258,..
43313366,..
97868185,..
81551726,..
77823650,"80,0"
37550979,..
52634142,"50,5"
76195214,"24,6"
54839753,..
32705515,"49,1"
60214465,..
70137084,..
82002016,..
21901328,.
23306658,"63,4"
57350392,..
11102578,..
69306209,"43,9"
92651253,..
31740319,"45,9"
17944628,..
82826083,"65,6"
94090461,..
12954099,..
80931789,..
84098842,"51,7"
90473340,..
26167236,..
69807202,"36,5"
64648904,"75,0"
63035915,"15,3"
26324896,..
28848709,..
12613085,"38,5"
53896162,..
11185244,"42,9"
56211717,"85,0"
66824652,"72,2"
49168016,..
32042066,"38,5"
50821167,..
92814975,"57,5"
28770304,"62,2"
64123241,"86,7"
69063711,..
77609073,.
35894996,"95,9"
17119840,..
68748767,"38,7"
25596917,"76,5"
20984584,"63,2"
52129378,"25,6"
98541468,"72,2"
31155312,..
25648215,..
61823258,..
39178171,"75,9"
79994304,..
68006362,"41,0"
11608031,"56,9"
86762103,..
68381790,"46,2"
13006857,"35,8"
76007769,"33,3"
16956086,"36,1"
58187973,..
88894245,"73,7"
71160225,.
67752682,"50,0"
47884009,"51,6"
44672598,"60,0"
75340089,"46,9"
36670439,"42,3"
22220001,"55,9"
15100079,.
55421481,..
99356671,..
16702464,..
71353314,..
36252055,"34,0"
91812793,..
14355031,..
72891848,"42,9"
31796890,..
22426680,..
83805032,..
48862305,"43,2"
32887559,"84,8"
71541108,..
69471748,"27,7"
93239262,"38,3"
25745773,"40,6"
99976753,.
14278480,..
28023078,"49,0"
43284031,"71,7"
13963517,..
26267406,"62,5"
31255918,"25,0"
51955293,..
35035671,..
12130801,..
51736304,..
53180719,"36,5"
27489137,"85,2"
15609112,..
60424371,..
68655578,"20,7"
17062663,..
68741484,..
56267421,..
34990065,"42,9"
37054246,..
39199869,..
62216381,"63,3"
31179045,"37,0"
72421673,..
59655752,..
88750078,"32,4"
41878314,..
41555549,..
32003298,"79,2"
22383788,"82,6"
85459854,"44,4"
81876614,..
18711877,..
67071618,"50,0"
75324351,..
61229217,"67,6"
58929357,"100,0"
42517257,"68,8"
70376604,..
93503103,"38,6"
18617410,..
41697930,"40,5"
28025244,..
17184072,..
40338843,"43,5"
77440824,..
71069359,..
86896907,..
14292382,"39,5"
87859089,"57,9"
54764253,"48,9"
98908403,..
16493131,"41,5"
41119610,"100,0"
48304166,"48,9"
24982097,..
97104132,"91,7"
68597767,..
27964873,"47,2"
30706655,"27,5"
65674821,..
46332927,"40,5"
78690637,"30,7"
24653673,..
38048202,"15,4"
90990441,..
86319615,.
87303004,"37,8"
97835550,..
22446331,..
26671095,..
42911621,"35,4"
40575001,"28,1"
75027822,"84,4"
26508763,"58,4"
14504503,"57,7"
21850904,"100,0"
77544055,..
16198647,"18,1"
12496135,..
76903284,"23,5"
68649663,"29,7"
15870428,..
26750052,..
81997762,"26,2"
69747871,.
70119254,"100,0"
79346084,"59,6"
34222422,..
84230226,..
42060237,"31,8"
89816391,..
14448619,..
12546590,"95,2"
94167577,..
27023528,"24,4"
53903798,"37,5"
85782695,..
98815582,"48,0"
97770837,..
21312503,"94,9"
14926020,..
33132452,"36,1"
56942970,..
56653353,"58,3"
59898194,..
97510495,"58,8"
38683336,..
95618280,"21,8"
17675502,..
75600007,..
15278518,..
15390992,"60,0"
63943560,..
85516596,..
31998226,..
38236800,..
59026584,"43,9"
79829846,"54,8"
20061769,..
65458415,.
95154882,..
52333875,"72,1"
65666808,"50,0"
24397215,"22,7"
30677562,..
85054102,..
87274273,..
24759907,..
41631104,..
80357110,"91,3"
18451445,..
93367005,"43,2"
16501673,"47,4"
26298615,"100,0"
50104466,..
79845033,"44,4"
41099519,..
59386837,"19,6"
21627442,"45,5"
17276047,..
73217812,"26,3"
48244956,..
36769815,..
16931486,"47,6"
92489953,"59,3"
43873969,..
55825382,..
19306558,.
24993048,..
70132092,"52,5"
65034473,..
13084253,..
32321364,..
59942080,.
66273269,.
82888663,"18,6"
11275959,"29,9"
58518163,..
50615280,"77,8"
19035583,"50,0"
27993549,"17,6"
37912396,..
90312942,"38,1"
19839859,..
80280597,..
67628478,..
37517404,..
29159460,"60,0"
43601850,..
89630851,..
86351879,"81,6"
14586562,.
74322969,..
90260899,..
69302313,"56,5"
31057219,"22,4"
27079521,"56,8"
64579522,"48,0"
65234368,"88,9"
34381901,"57,4"
96414537,"74,2"
99394620,"86,7"
95368476,"55,6"
14853321,"46,4"
76448076,"24,0"
31537066,..
86488203,..
25156286,"100,0"
92949043,"58,3"
92818240,"36,7"
84329061,"39,7"
71969230,"57,1"
91048178,"16,9"
76942525,..
31486865,..
10373112,..
61720981,..
25698509,"50,0"
50424828,"29,7"
82931004,..
83584125,..
16496466,..
12075195,..
62300682,..
65265211,..
97191332,"41,4"
71938440,..
22811839,"26,2"
33205596,..
19930101,"22,8"
60727136,..
45132264,..
61647360,..
33657492,"48,8"
61622991,"31,9"
66644568,..
93659517,"31,6"
61175914,..
73316818,"71,9"
27859889,..
29161632,..
45541222,..
63451147,..
61197669,..
17812651,"81,0"
57668673,..
69040241,..
91905819,..
54882637,"81,3"
53923398,"13,7"
47844862,"44,4"
22239675,"85,7"
72984079,..
36480690,..
24787883,..
52048443,..
32550660,..
59599256,"45,2"
69865450,"30,0"
31112935,..
90509211,..
37316242,"20,7"
20173336,"42,4"
49872493,"75,9"
39147056,"52,8"
11953769,..
28646435,"52,0"
50393060,..
85788659,..
95340745,..
59521477,"41,0"
92442684,"79,2"
38544187,"51,1"
54599691,"68,8"
54467211,"75,6"
23517683,"78,9"
82251333,"68,0"
99864908,..
27106031,"50,0"
59463950,"60,7"
63931325,"27,9"
57391913,..
75374280,..
46148350,..
50133877,"66,7"
49868916,"40,8"
90240730,"24,7"
84908877,"38,7"
24277564,..
88956420,..
34002355,..
36355200,"50,0"
96920524,"52,6"
18217765,"68,8"
60919765,..
14677676,"36,4"
96152872,"21,7"
77835341,..
70803636,"45,8"
23797825,..
44738639,"68,8"
77712952,..
92009807,..
10433896,"92,3"
10342448,..
43154449,..
98032567,..
96194948,"55,6"
25955541,"54,2"
88025221,"46,2"
14799321,"34,5"
56041699,"72,0"
70955448,"66,7"
68824244,"51,2"
90685868,..
24501884,"46,5"
56084099,..
80711021,"44,1"
17648596,"27,3"
16720048,"30,8"
39341381,..
60088179,"23,0"
28391147,"29,9"
29209307,..
21778322,..
31380193,..
90290154,"86,7"
25847233,"36,6"
92816527,"38,4"
16848652,"62,5"
94975733,..
56802300,..
15149235,"60,9"
77379848,..
13981977,.
24538846,..
36886750,..
67422309,..
67058407,..
34421265,"30,2"
15791044,..
98696836,"41,4"
82160887,"50,0"
23175129,..
77358716,"72,2"
29225010,..
33249781,"38,5"
64648566,"66,7"
18691102,..
70302356,..
65421426,"50,0"
24349146,"51,8"
83605345,"61,1"
15933512,"46,6"
12198363,..
47692481,"37,0"
64693272,..
18072172,.
85188855,"52,2"
39528347,..
85473846,"17,6"
29744774,.
89690587,"38,3"
20768651,.
32239920,"47,7"
98781765,"27,5"
87112995,"46,4"
18686599,..
93779220,..
53279140,"31,9"
80785976,..
47559319,"71,4"
21532545,..
56187883,"48,2"
51023367,"36,2"
95069937,"100,0"
52690153,"75,0"
93221031,.
68229719,..
84947634,..
89982804,..
60743463,..
73171934,..
74434644,..
93281974,..
23424275,.
16554575,"77,8"
60096875,..
40386043,.
33685428,..
10924758,..
75082798,..
16950252,..
15077883,..
48434184,..
51138448,..
93939982,..
31533003,"48,0"
24273261,..
59455288,.
25677996,..
31279294,..
36782335,.
90551279,"57,6"
93062368,..
69626109,..
10638939,"75,0"
72127035,..
85003442,..
98052678,..
32671805,..
16313848,..
54172830,..
75458014,..
78023197,..
40991561,..
70923626,..
76877530,.
47046103,..
19560192,"50,0"
98053087,..
46660042,..
67783774,..
85214294,..
12279302,..
91984508,"42,4"
40667807,..
40634612,..
80762863,..
64574972,..
30530571,..
96024712,..
27115998,"88,9"
39583059,..
38645259,..
46145886,..
27041885,..
48722826,..
97596286,..
67554405,..
56021320,..
23457902,..
57397381,..
72022487,..
70969556,..
28248021,..
44417214,..
25025681,..
14102256,..
75082280,..
39096170,..
69240218,"84,6"
82002016,..
23306658,..
94090461,..
63035915,..
50821167,..
68748767,"94,4"
20984584,..
25648215,..
11608031,..
13006857,..
16956086,..
58187973,.
88894245,..
71160225,.
44672598,"68,4"
22220001,..
71353314,..
69471748,..
93239262,"38,3"
13963517,.
68655578,..
31179045,"47,6"
59655752,..
18711877,..
67071618,..
18617410,..
40338843,..
14292382,.
87859089,..
98908403,..
24982097,.
68597767,..
38048202,..
90990441,..
40575001,..
26508763,..
76903284,..
69747871,.
79346084,"60,9"
89816391,..
53903798,..
33132452,..
17675502,..
75600007,..
85516596,.
50104466,..
59386837,.
43873969,..
24993048,..
58518163,..
29159460,..
89630851,..
86351879,"73,3"
74322969,..
64579522,..
14853321,..
86488203,..
84329061,..
71969230,..
31486865,..
61720981,.
50424828,..
83584125,..
65265211,..
66644568,..
61175914,..
29161632,..
36480690,..
32550660,..
37316242,..
50393060,..
95340745,..
59521477,..
46148350,.
49868916,"46,7"
84908877,..
24277564,..
36355200,..
88025221,"46,2"
56041699,..
70955448,"66,7"
60088179,..
25847233,"60,9"
16848652,..
56802300,.
36886750,..
67422309,..
82160887,..
64648566,..
15933512,..
12198363,..
64693272,..
89690587,..
18686599,..
93779220,..
80785976,..
47559319,"71,4"
52690153,..
93221031,..
18345915,.
97870412,..
18208087,"90,9"
41416934,"71,4"
21567982,.
83474173,"73,3"
88445871,"36,4"
25624692,..
25356960,..
98132436,"41,5"
60096875,..
29324709,..
26864271,..
44240250,..
75082798,.
91333138,..
12154972,"63,9"
15077883,.
48434184,..
19647256,..
56737496,..
55155562,"32,4"
24008049,"77,3"
59734510,..
19586169,..
24273261,.
59455288,..
89888648,..
36782335,..
20666515,.
90551279,"41,2"
93062368,..
90267145,..
88153340,"40,0"
94353434,"49,1"
88886610,"37,0"
88556189,..
72127035,..
22752398,"56,1"
31843016,..
29097621,"31,6"
16313848,"35,7"
11294673,..
86327236,..
69241230,.
80327946,..
86385479,..
70923626,..
92905347,..
47550455,..
56664512,.
19560192,..
46660042,..
38917647,..
82084961,..
98369689,..
56529916,"53,1"
17849518,.
18091973,..
69629086,..
31657916,..
19741742,..
40829056,..
85800840,"48,9"
39583059,"45,0"
39805497,"54,5"
46145886,..
84247499,..
71571158,..
86473502,..
58368956,"54,8"
23350817,.
41358402,.
87262566,..
23457902,..
56947954,"75,0"
72022487,"45,8"
28248021,..
74408578,..
86724994,..
39302565,..
61432781,"78,0"
14057258,..
81551726,..
76195214,.
70137084,.
57350392,..
92651253,..
82826083,"65,0"
26167236,..
63035915,..
32042066,..
92814975,..
64123241,"86,7"
20984584,..
98541468,"72,2"
25648215,..
79994304,..
86762103,..
68381790,..
13006857,..
16956086,..
88894245,..
67752682,..
75340089,"61,1"
22220001,"72,0"
15100079,.
36252055,..
72891848,.
48862305,"32,1"
13963517,.
31255918,..
53180719,..
68655578,..
37054246,..
62216381,"44,4"
18711877,.
61229217,..
41697930,"43,8"
77440824,..
14292382,..
54764253,"61,9"
98908403,..
16493131,..
24982097,.
27964873,..
30706655,..
78690637,..
24653673,.
87303004,..
97835550,.
22446331,.
42911621,"31,4"
14504503,..
76903284,..
81997762,..
70119254,"100,0"
42060237,"39,3"
85782695,..
38236800,.
41631104,..
16501673,..
26298615,"100,0"
41099519,..
59386837,.
73217812,..
16931486,.
70132092,"52,0"
27993549,..
90312942,..
19839859,..
29159460,..
43601850,..
74322969,.
31057219,..
34381901,"93,8"
96414537,..
99394620,"84,6"
76448076,..
92818240,"52,9"
84329061,.
71969230,..
91048178,..
65265211,..
22811839,"26,2"
61622991,"31,9"
61175914,..
91905819,..
54882637,"84,6"
53923398,..
69865450,..
20173336,..
49872493,..
39147056,"82,4"
11953769,..
85788659,..
59521477,..
54467211,"80,0"
82251333,"80,0"
90240730,"32,4"
34002355,..
96920524,..
96152872,..
92009807,.
10342448,..
90685868,..
17648596,"27,3"
39341381,..
29209307,.
90290154,..
92816527,"60,0"
24538846,..
67422309,..
34421265,..
82160887,"58,3"
33249781,..
18691102,..
24349146,"59,6"
83605345,..
47692481,..
85188855,..
85473846,..
32239920,"55,6"
56187883,..
52690153,..
74776778,"28,6"
71262305,"55,6"
84947634,..
48009865,..
89982804,..
97968599,..
91748148,"56,4"
42218661,..
74434644,"33,3"
42022406,..
34076477,"19,5"
54896448,"100,0"
97758137,..
26334561,.
40386043,"38,6"
20699742,..
82814120,"43,8"
45164827,..
10924758,"66,7"
34153869,..
17846181,..
75082798,..
23555409,..
27030026,..
15077883,"46,2"
48434184,..
58724424,..
39911065,..
56737496,"28,9"
55155562,"29,3"
31533003,"27,5"
19981611,..
25679488,"50,0"
35063170,..
31279294,..
36782335,..
67279303,.
21648755,..
11111710,.
49616977,..
84835666,"77,8"
20319353,..
85068812,..
78397312,.
36444853,..
89837629,.
12994441,..
88774402,"75,0"
75141151,..
61701709,"12,9"
38684438,..
39549479,"70,2"
73147554,"40,5"
69983740,..
12052268,..
71597051,..
40690520,..
35006050,..
10638939,..
34336190,..
88834120,..
53640774,..
72127035,"71,4"
71922787,"23,8"
92507006,..
20100577,..
79606767,"37,2"
11294673,.
86327236,..
66335258,.
54172830,"52,2"
56330385,..
44392995,"31,3"
60730660,"20,5"
82592568,"29,8"
86385479,..
49862313,..
42859669,.
99592025,..
34247736,..
76877530,.
38167912,"80,0"
43826783,.
58125096,"28,8"
17173461,..
30468157,..
23681822,..
92858957,..
82084961,..
73829818,..
18881773,..
12279302,..
64205087,"44,2"
18091973,..
88466776,"91,7"
54606928,"12,8"
19741742,..
45830583,..
30530571,..
78839208,..
30458073,.
27115998,"83,3"
79516949,.
87207941,"53,8"
11673760,"9,4"
38400227,..
81619482,..
39149668,..
67554405,..
73944169,"33,3"
78872213,..
64569393,..
48217580,"19,3"
57397381,"35,6"
72022487,"34,9"
71512894,"70,0"
28248021,..
44417214,"55,0"
74408578,"19,2"
71043974,"34,1"
61161774,..
75914181,..
24544503,..
69240218,"90,9"
12934438,..
43313366,"60,5"
37550979,..
60214465,.
23306658,..
11102578,..
10129345,..
94090461,"50,0"
26324896,..
56639389,..
53896162,"24,7"
17779637,..
71929526,..
60873719,.
68748767,..
23548714,..
48593439,..
91773491,.
30361243,"35,6"
25596917,"71,0"
31155312,.
84424083,"47,3"
10481541,..
68381790,..
13006857,..
16956086,..
58187973,..
31870541,.
44672598,"73,5"
31822012,..
62855448,..
91812793,..
58907711,..
68285560,..
69471748,"38,2"
99976753,"29,3"
75575321,..
57690933,..
12130801,..
95785055,..
68741484,..
37054246,..
31179045,"50,0"
59655752,..
41555549,"35,3"
85459854,..
67071618,..
28025244,..
40338843,..
14292382,..
87859089,.
98908403,..
83272868,..
45552626,"47,7"
92332557,..
78690637,..
77544055,"41,9"
76903284,.
49141105,..
26646080,"7,3"
79346084,"40,0"
14448619,..
43565270,"64,4"
85152591,..
40600798,"10,5"
48120273,..
94167577,..
53903798,..
97770837,..
70811222,.
17911161,..
35084976,..
77632411,..
59898194,..
38195284,..
97510495,..
89461767,..
94717858,..
75075402,..
26326048,..
37839488,..
73812226,..
15278518,.
85516596,..
16784385,..
24339566,..
65458415,.
52333875,..
24759907,..
31315191,"60,5"
48555205,"8,6"
32116280,..
64388538,.
52153758,..
99755443,"8,6"
30167976,"37,5"
32071849,..
79845033,.
41099519,..
59386837,..
21382451,.
55825382,..
59942080,..
37912396,..
45593337,..
19839859,..
30615080,"37,7"
86351879,"48,1"
90260899,..
31057219,..
27079521,..
64579522,..
34381901,..
55150847,.
53069733,..
14853321,..
86488203,"19,6"
25156286,..
28081446,..
92818240,"25,0"
12399380,.
31486865,"8,3"
97265732,..
61720981,..
50424828,.
95024660,..
32263814,..
33657492,..
79309485,..
77713695,"96,2"
23544320,..
69040241,..
20855811,..
53923398,..
74560191,.
47844862,"59,8"
72984079,..
61674097,..
93488613,..
59599256,"17,1"
90509211,..
50393060,.
85788659,..
59521477,..
54599691,"22,4"
31975673,"24,7"
27106031,..
46148350,..
49868916,..
74919147,.
78389879,..
44412461,..
96920524,"56,0"
70803636,..
23797825,..
10433896,..
49170638,..
25379974,.
18042101,..
70955448,"100,0"
92805465,..
61176909,..
21778322,..
31380193,..
62612992,..
16848652,"46,2"
15149235,"78,6"
24538846,"91,7"
67058407,..
98696836,"25,3"
49739986,..
92192566,..
65421426,"27,3"
72071234,"16,5"
65833454,..
28045567,"36,0"
38880984,..
18686599,"78,6"
47559319,..
20752831,"19,3"
51023367,..
52690153,..
93221031,.
18345915,..
71262305,..
97870412,..
82840198,"100,0"
41416934,..
21866405,..
42022406,"88,0"
25624692,..
64284020,"37,2"
40386043,..
26864271,.
75082798,..
23555409,..
30341162,.
72266906,"95,2"
15077883,.
48434184,..
56421429,..
56737496,..
24008049,"76,0"
36680097,..
59734510,..
19586169,..
95683850,"100,0"
89888648,"57,1"
36782335,.
37906565,..
90551279,"63,2"
69686851,..
90267145,..
85068812,..
16819383,..
79094701,"60,0"
11274830,"48,6"
35006050,..
88556189,..
97177328,..
72127035,..
22752398,..
71922787,..
81993306,..
16313848,"35,3"
11294673,..
28398531,..
79033948,"58,6"
69241230,.
80327946,"31,3"
86385479,..
99838438,"94,7"
42859669,..
92905347,..
99592025,..
30329172,"70,6"
47046103,..
19560192,..
98053087,..
46660042,..
44113417,..
39555838,.
82084961,"35,3"
46162400,"58,7"
12448823,..
18091973,.
40634612,..
69629086,..
31657916,.
42573391,..
29032715,"92,9"
19909435,"71,4"
85800840,"93,8"
27115998,"72,2"
41867682,..
39583059,"40,0"
38645259,.
63791419,"59,1"
46145886,"37,9"
84247499,..
48722826,"89,7"
53691739,"83,9"
60209222,"39,3"
78872213,..
51620045,"72,2"
56947954,"70,4"
72022487,..
70969556,..
28248021,..
74408578,..
86724994,"69,6"
39302565,..
74316305,"100,0"
72109637,.
97868185,..
77823650,"83,3"
76195214,..
70137084,..
69306209,..
80931789,..
90473340,..
26167236,.
63035915,..
12613085,"38,5"
66824652,"73,3"
32042066,"71,4"
92814975,"71,4"
69063711,..
77609073,.
68748767,..
52129378,"25,6"
61823258,..
68006362,..
86762103,..
68381790,.
13006857,..
16956086,"48,1"
58187973,..
88894245,..
67752682,"60,0"
44672598,..
22220001,..
16702464,..
36252055,"31,4"
72891848,..
32887559,"83,9"
43284031,"63,0"
13963517,..
26267406,..
31255918,..
51736304,..
53180719,..
27489137,"85,2"
37054246,..
62216381,"85,7"
88750078,"62,5"
22383788,"82,6"
81876614,..
75324351,.
61229217,"100,0"
41697930,"65,4"
17184072,..
77440824,..
14292382,..
87859089,..
16493131,..
24982097,..
68597767,..
30706655,..
38048202,"27,8"
87303004,..
97835550,.
26671095,..
42911621,..
15870428,..
26750052,..
81997762,..
79346084,"58,3"
14448619,..
94167577,.
21312503,"94,9"
33132452,"63,6"
15390992,"60,0"
38236800,..
95154882,..
65666808,"30,4"
93367005,"43,2"
16501673,..
79845033,"52,4"
41099519,..
59386837,..
17276047,..
48244956,..
70132092,"50,0"
27993549,..
90312942,..
37517404,..
29159460,..
43601850,..
86351879,..
74322969,..
90260899,..
31057219,..
27079521,..
96414537,..
95368476,..
76448076,..
91048178,..
76942525,.
61720981,..
82931004,..
33205596,..
60727136,..
33657492,..
93659517,"31,6"
57668673,..
91905819,..
54882637,..
36480690,..
52048443,..
69865450,..
37316242,..
50393060,.
59521477,"100,0"
54467211,"75,0"
59463950,"70,6"
63931325,..
75374280,..
50133877,"53,3"
34002355,.
18217765,..
96152872,..
10433896,"92,3"
43154449,..
96194948,..
68824244,"51,7"
90685868,..
39341381,.
28391147,"29,9"
31380193,..
90290154,..
92816527,"36,7"
94975733,..
77379848,..
13981977,.
67422309,.
82160887,..
23175129,..
29225010,..
24349146,"80,5"
85188855,..
39528347,..
32239920,"50,0"
80785976,..
21532545,..
56187883,"76,9"
51023367,"45,5"
52690153,..
61004230,..
23517336,..
48009865,.
82840198,..
19464342,..
43609520,"86,7"
42218661,"55,6"
42022406,"65,2"
56679384,"29,5"
69018222,..
64284020,.
97758137,..
40386043,"16,9"
33685428,..
34153869,..
75082798,..
23555409,.
30341162,.
19912478,"56,5"
58724424,..
95684185,"47,2"
93939982,..
55155562,..
24008049,"45,9"
54481243,..
36680097,.
25677996,"76,2"
31279294,..
36782335,..
21648755,..
69686851,..
54965510,"24,4"
25872338,.
10974852,..
85068812,.
78397312,..
36444853,..
61469192,"77,8"
79094701,"48,5"
71597051,"81,3"
53231578,..
91011325,..
97382366,"35,8"
10638939,.
69739484,"53,5"
92887917,..
68734112,.
44653962,..
47264019,..
20099064,"63,8"
16313848,..
79033948,..
68240485,..
95046058,..
44392995,..
99838438,..
30329172,..
76877530,.
38167912,..
77839100,.
55535552,..
92533079,"24,5"
92858957,..
82084961,..
50908408,"90,9"
18594470,..
72232853,"50,6"
18091973,.
36539945,..
40634612,..
66132676,"23,0"
64574972,..
48931433,.
85800840,"67,3"
68920727,"48,3"
27115998,.
79516949,..
96684210,"41,7"
23836342,"44,4"
81619482,..
39149668,..
48722826,..
73063662,"23,8"
43251309,..
67554405,..
94455820,..
78872213,..
56021320,..
64569393,..
86888278,..
57397381,"55,6"
44417214,..
49488344,..
57777751,..
38732602,.
86158933,"36,5"
75914181,..
84476205,..
24544503,"42,3"
86787111,"23,8"
97868185,..
70137084,.
23306658,..
11102578,..
94468610,..
90473340,..
64648904,.
75939593,"23,5"
51449748,"16,0"
28267726,"72,0"
71929526,..
71472793,"48,4"
69063711,..
35894996,..
65722876,"28,4"
49231191,"38,3"
13006857,..
16956086,..
88894245,.
44672598,.
99356671,..
29449669,..
91812793,..
14355031,"52,6"
46611859,"68,9"
65150019,"54,2"
47537928,..
44285075,..
68741484,..
72421673,..
15763669,.
18711877,..
61229217,..
70376604,"31,0"
40338843,..
16493131,..
83272868,..
16748680,"86,7"
92332557,"37,8"
78690637,..
90990441,..
49112879,"32,0"
43623146,.
18974693,..
28967085,.
33233228,..
94167577,..
27023528,..
97770837,..
29423248,..
33132452,..
17911161,..
35084976,..
77632411,..
53760158,"54,2"
78422467,"27,0"
75075402,..
46256929,..
83374651,"75,0"
30762346,..
15390992,..
85516596,.
95154882,..
24663703,..
28519815,"47,5"
65666808,.
24759907,"30,1"
35366805,"33,9"
89370947,"67,8"
64388538,..
17276047,..
48244956,..
43873969,.
19306558,..
45593337,..
25178582,"57,1"
70543431,..
56041144,..
90260899,.
33572033,"33,3"
95368476,"52,4"
76448076,..
28081446,"50,0"
21400668,.
92949043,..
31486865,..
97265732,..
50424828,..
11533776,"44,0"
99622695,..
51131594,.
89680395,..
53696633,..
27440210,"31,3"
62758285,..
57668673,..
63993414,..
49136871,.
53923398,..
74560191,..
36480690,..
24787883,..
52048443,..
43277545,"33,9"
66095163,..
54004368,"35,7"
31975673,..
99864908,..
49868916,"70,8"
44412461,"73,3"
49576295,.
45293715,"47,0"
77712952,.
10433896,..
43154449,.
46379730,..
46986216,"27,7"
16720048,.
31380193,.
85485803,..
88429477,.
98696836,..
49739986,..
29225010,..
56886667,"34,9"
62394916,.
67908927,"54,2"
18072172,.
11341077,..
77797484,"21,8"
80785976,..
21532545,..
51023367,..
43649848,"60,0"
74316305,"100,0"
84098842,"100,0"
17062663,..
71069359,..
48304166,"70,6"
92009807,.
93221031,"90,9"
17474377,..
55795961,..
84947634,..
68564903,..
18208087,..
41416934,..
21866405,..
25624692,..
25356960,"37,3"
98132436,.
40386043,.
44240250,..
75082798,..
91333138,..
12154972,"39,3"
15077883,.
48434184,.
19647256,.
93939982,..
55155562,..
24008049,..
59734510,..
19586169,..
24273261,..
89888648,.
90003262,..
36782335,.
67279303,"88,0"
21648755,"50,0"
90267145,..
61880907,"69,9"
88556189,..
72127035,.
70969714,..
31843016,..
29097621,"41,7"
16313848,"20,8"
86327236,.
86310217,"35,7"
69241230,.
80327946,..
70923626,.
92905347,..
30329172,"100,0"
47046103,..
17173461,.
19560192,.
98053087,..
46660042,..
38917647,..
98369689,..
17849518,..
40667807,..
69629086,..
31657916,..
46241804,..
29032715,..
19909435,.
85800840,.
39583059,"64,3"
38645259,..
39805497,..
83829189,..
84247499,..
97064126,.
48722826,..
71571158,..
73567152,"45,5"
84286698,..
23350817,..
87262566,..
56947954,..
72022487,"58,8"
70969556,..
86724994,..
39302565,..
61432781,..
14057258,..
81551726,.
52634142,..
76195214,.
70137084,..
92651253,..
26167236,.
28848709,..
49168016,..
28770304,"62,2"
17119840,..
61823258,.
86762103,.
76007769,..
88894245,..
47884009,..
75340089,..
36670439,..
72891848,..
83805032,..
31255918,..
35035671,..
53180719,..
17062663,..
88750078,..
85459854,..
61229217,..
93503103,.
14292382,.
87859089,.
16493131,..
48304166,..
27964873,"43,5"
30706655,..
78690637,.
24653673,..
87303004,..
97835550,..
22446331,..
40575001,..
76903284,..
81997762,.
42060237,.
89816391,..
38236800,.
85054102,..
87274273,..
16501673,..
26298615,"100,0"
50104466,.
59386837,..
73217812,..
16931486,..
13084253,..
82888663,..
11275959,"40,0"
27993549,..
90312942,..
19839859,.
29159460,..
43601850,..
14586562,.
74322969,..
90260899,..
31057219,..
27079521,..
34381901,..
95368476,..
84329061,.
71969230,..
91048178,..
10373112,..
65265211,.
19930101,"22,8"
33657492,..
53923398,..
69865450,..
37316242,..
20173336,..
49872493,..
39147056,"38,9"
85788659,..
95340745,.
59521477,.
54467211,"76,5"
82251333,..
63931325,..
75374280,..
46148350,..
50133877,"100,0"
90240730,..
84908877,..
34002355,..
18217765,..
92009807,..
90685868,..
56084099,..
39341381,..
29209307,..
92816527,..
15149235,..
77379848,.
34421265,..
18691102,..
70302356,..
24349146,"29,4"
83605345,..
47692481,..
85188855,..
85473846,..
98781765,"27,4"
56187883,..
51023367,..
52690153,..
93221031,..
61004230,..
71262305,.
68564903,..
89982804,"100,0"
74434644,..
18425335,"66,7"
23424275,.
34153869,..
75082798,..
27030026,..
15077883,..
39911065,..
56737496,..
87756916,..
19586169,..
24273261,..
59455288,..
25679488,.
35063170,..
36782335,..
37906565,.
21648755,..
49616977,..
72998905,..
69481650,..
12994441,..
30086854,..
38684438,..
73147554,"100,0"
35006050,..
10638939,.
71922787,..
44341171,..
32671805,..
79606767,..
11294673,..
86327236,..
28398531,..
54172830,..
56330385,..
42859669,..
92905347,..
47550455,"52,4"
17173461,..
98053087,"44,4"
92858957,..
44113417,..
18881773,..
94570025,..
54606928,..
42573391,..
97270136,..
30530571,..
40829056,..
38645259,..
87207941,..
11673760,..
38400227,..
27041885,..
97064126,..
67554405,..
86473502,..
98239050,..
94455820,..
78872213,..
23350817,..
87262566,..
41844601,..
23457902,.
57397381,"57,9"
72022487,..
28248021,.
44417214,"79,2"
49488344,..
14102256,.
43313366,..
37550979,..
76195214,..
60214465,..
11102578,..
84098842,..
63035915,..
26324896,..
50821167,.
77609073,.
68748767,..
25596917,"76,5"
20984584,..
25648215,..
11608031,..
86762103,.
68381790,..
16956086,..
22220001,..
15100079,.
16702464,.
72891848,..
69471748,..
99976753,.
14278480,..
51955293,..
12130801,..
53180719,..
68741484,..
41555549,..
75324351,..
28025244,.
40338843,..
16493131,..
48304166,..
24982097,..
68597767,..
30706655,..
78690637,.
87303004,..
14504503,..
77544055,..
76903284,..
15870428,..
81997762,..
42060237,..
14448619,..
27023528,..
33132452,..
56942970,..
97510495,"58,8"
15278518,..
38236800,.
24759907,..
16501673,..
79845033,.
41099519,..
59386837,..
55825382,..
59942080,.
90312942,..
14586562,.
27079521,..
34381901,..
96414537,..
14853321,..
86488203,..
92818240,..
71969230,..
76942525,..
50424828,..
12075195,..
65265211,..
33657492,..
61175914,..
57668673,..
69040241,..
53923398,..
47844862,"44,4"
69865450,..
90509211,..
37316242,.
50393060,.
85788659,..
54599691,"68,4"
27106031,..
63931325,.
57391913,.
46148350,.
96920524,..
70803636,..
23797825,..
90685868,.
80711021,"20,8"
39341381,..
31380193,..
25847233,..
16848652,..
36886750,..
67058407,..
98696836,..
64648566,..
83605345,..
15933512,"53,8"
47692481,..
85188855,..
85473846,..
53279140,..
51023367,..
52690153,..
17474377,..
18425335,..
19150273,..
64284020,..
23555409,..
73255276,..
58724424,..
31429031,..
87756916,..
59734510,..
19586169,.
31279294,..
11111710,.
90551279,..
69686851,"53,3"
59396229,"48,5"
85068812,..
36444853,"79,3"
65752105,..
10638939,..
88556189,.
44653962,..
87764775,..
66335258,..
44392995,..
80327946,.
42859669,"100,0"
92905347,.
19560192,..
56529916,..
12279302,..
17849518,..
77688926,..
37358234,..
42573391,..
97270136,..
30530571,.
96024712,..
40829056,.
39583059,"61,5"
46145886,..
48722826,..
97596286,"52,2"
67554405,..
86473502,..
64569393,.
87262566,.
23457902,..
44417214,..
86158933,..
36072799,"50,0"
81551726,..
76195214,..
23306658,..
17944628,..
26167236,..
64648904,"75,0"
53896162,..
11185244,..
69063711,..
35894996,"95,7"
68748767,..
20984584,..
31155312,..
61823258,..
79994304,.
11608031,..
67752682,..
91812793,..
14355031,..
72891848,.
25745773,..
14278480,..
28023078,"50,0"
13963517,..
51736304,..
53180719,..
72421673,..
41878314,..
18711877,..
90990441,..
42911621,..
26508763,"43,5"
14504503,..
81997762,..
34222422,.
84230226,..
94167577,..
33132452,.
63943560,..
85516596,..
38236800,.
59026584,"26,6"
65666808,"70,5"
80357110,"91,3"
16501673,..
73217812,..
36769815,..
65034473,..
29159460,..
14586562,.
95368476,..
86488203,..
25156286,"100,0"
71969230,..
91048178,.
76942525,..
50424828,..
60727136,..
45132264,..
73316818,"71,9"
91905819,..
36480690,..
24787883,..
69865450,..
31112935,..
49872493,..
92442684,..
82251333,..
84908877,..
24277564,..
96152872,..
44738639,"68,8"
96194948,"54,5"
25955541,"84,6"
90685868,..
80711021,"87,0"
31380193,..
90290154,..
92816527,..
98696836,..
64648566,..
18691102,..
15933512,"47,6"
47692481,..
85188855,.
85473846,.
53279140,..
80785976,.
56187883,..
71262305,..
19464342,..
23424275,..
88573795,"100,0"
73255276,"77,3"
58724424,.
31429031,..
25679488,.
36782335,.
21648755,.
69481650,..
95165649,"50,0"
12994441,..
10638939,..
44341171,..
32671805,.
28398531,"33,3"
80327946,"60,0"
70923626,..
47550455,..
38167912,..
80686587,"85,7"
62439199,..
19741742,..
30530571,..
11673760,"48,0"
38400227,"76,9"
83829189,.
97064126,.
62104139,..
41844601,..
70969556,..
44417214,.
14102256,..
54839753,..
26167236,..
63035915,..
77609073,.
68748767,..
20984584,..
11608031,..
68381790,"92,9"
75340089,..
91812793,..
72891848,.
22426680,..
53180719,.
60424371,..
41555549,.
78690637,"89,5"
87303004,..
26508763,"86,4"
76903284,..
81997762,..
14448619,..
27023528,..
38236800,..
30677562,..
55825382,..
92949043,..
84329061,.
91048178,..
76942525,.
16496466,.
69865450,..
37316242,..
28646435,"52,0"
92442684,..
84908877,.
14799321,..
56041699,.
80711021,"50,0"
15149235,..
15791044,.
15933512,"80,0"
47692481,..
85188855,..
53279140,.
68229719,.
65192707,..
30538202,..
40386043,.
34153869,..
51138448,..
25720752,..
31533003,..
36782335,..
54965510,..
69983740,..
70066748,..
68734112,..
53462953,..
30468157,..
96684210,"62,5"
40766349,..
31199511,..
11102578,..
17944628,"52,6"
75939593,..
56639389,..
69063711,.
65722876,..
31822012,..
58544422,..
12130801,.
78690637,..
30279258,..
26996566,..
94167577,..
41938272,"90,9"
49068301,..
88839172,..
88955893,..
42775003,..
32071849,..
90076461,..
31486865,.
63993414,..
32995170,..
32550660,..
49868916,..
74919147,.
36355200,..
88025221,..
46986216,"52,6"
65392939,..
56886667,..
77797484,..
47559319,..
93221031,.
71262305,.
97870412,..
18208087,..
83474173,..
88445871,.
64284020,..
98132436,.
88259298,..
17846181,..
16950252,"100,0"
48434184,..
56421429,..
17008320,..
56737496,..
55155562,..
95683850,"65,5"
35063170,.
67279303,..
90267145,..
16819383,..
53660780,"100,0"
51321260,"52,4"
58502307,"100,0"
70969714,..
81993306,"100,0"
16313848,..
54172830,..
86385479,..
92905347,.
47550455,"76,2"
20620556,..
17173461,.
46660042,..
46162400,..
18091973,..
19909435,..
30530571,..
38645259,.
39805497,..
83829189,..
48722826,.
60209222,..
84286698,..
87262566,..
56947954,..
72022487,..
74316305,..
72109637,..
81551726,..
82002016,..
23306658,"76,9"
69306209,"73,3"
12954099,..
26167236,..
66824652,..
49168016,..
92814975,.
25648215,.
13006857,..
16956086,..
47884009,.
55421481,..
16702464,.
32887559,"86,7"
15609112,.
39199869,..
88750078,.
41555549,..
81876614,..
67071618,..
75324351,.
58929357,"100,0"
93503103,"77,3"
17184072,..
77440824,..
16493131,"66,7"
41119610,"100,0"
97835550,..
42911621,"100,0"
75027822,"84,4"
21850904,"100,0"
12546590,"95,2"
18451445,..
59386837,..
16931486,.
70132092,..
66273269,.
37912396,..
90312942,..
19839859,.
67628478,..
86351879,"91,7"
69302313,..
31057219,..
64579522,..
34381901,..
96414537,..
95368476,..
31537066,..
84329061,"73,9"
65265211,.
71938440,..
33657492,..
27859889,..
69865450,.
49872493,..
95340745,..
59521477,.
54467211,..
59463950,..
75374280,..
46148350,..
60919765,..
96152872,..
68824244,..
56084099,..
39341381,.
94975733,.
56802300,..
77379848,.
13981977,.
34421265,..
23175129,..
18691102,.
47692481,.
20768651,.
98781765,..
95069937,"100,0"
42218661,.
16554575,.
19912478,.
30086854,.
26627862,.
98052678,.
61826221,.
54395430,.
80686587,.
46574937,.
98239050,.
56021320,.
31199511,.
56639389,.
78986228,.
30361243,.
50906954,.
65674821,.
26671095,.
25525759,.
77632411,.
89693952,.
30615080,.
32550660,.
77712952,.
92805465,.
65421426,.
82814120,"88,9"
13006857,..
21567982,..
49379603,..
80167319,.
88534520,"65,6"
82814120,"91,2"
39936461,"100,0"
59734510,..
59455288,..
82163292,"63,0"
88163512,"39,4"
31279294,.
36782335,.
69686851,"63,6"
95165649,"73,3"
35236491,"62,3"
50696507,"88,9"
38448056,"80,0"
83085136,"82,7"
85544331,"72,4"
19560192,..
21363125,.
78659008,"55,6"
18091973,..
88624631,..
35390185,..
40829056,..
65662401,"45,6"
75344502,"50,0"
32580162,"78,3"
61547652,"44,7"
62490359,"100,0"
64725297,"41,4"
43362941,"73,9"
23457902,..
27597104,"73,9"
77823650,"76,9"
52634142,"61,5"
32705515,"52,6"
23306658,"65,7"
26167236,.
11185244,..
56211717,"85,0"
32042066,..
92814975,..
20984584,..
61823258,..
39178171,"75,9"
25745773,"39,7"
43284031,"80,8"
26267406,..
53180719,.
56267421,..
34990065,"42,9"
32003298,"79,2"
42517257,"68,8"
86896907,..
14292382,"45,5"
54764253,"38,5"
97104132,"91,7"
46332927,"40,5"
86319615,.
22446331,..
76903284,..
34222422,..
98815582,"48,0"
59026584,"58,7"
52333875,"72,1"
92489953,"59,3"
82888663,..
11275959,..
50615280,"77,8"
19035583,"50,0"
80280597,..
89630851,.
14586562,.
65234368,"88,9"
76942525,.
25698509,"50,0"
16496466,.
65265211,..
61175914,.
63451147,..
31112935,..
20173336,"38,5"
38544187,"51,1"
23517683,"78,9"
88956420,..
14677676,"36,4"
98032567,..
25955541,"42,9"
24501884,"46,5"
25847233,..
34421265,..
33249781,"45,2"
64693272,..
61004230,..
71262305,..
55795961,..
84947634,..
48009865,..
18208087,"50,0"
19464342,..
60743463,..
32960825,..
91748148,"76,2"
42022406,..
65192707,"19,4"
43634528,"31,3"
53400472,..
97758137,"61,9"
26334561,..
40386043,..
59483268,..
21663998,"17,2"
20595770,"48,0"
45164827,"11,4"
34153869,"44,0"
17846181,..
75082798,..
34637764,"19,7"
48434184,..
95684185,..
17008320,"55,2"
25720752,..
55155562,"84,6"
23164911,"31,6"
19981611,..
19586169,..
24273261,.
59455288,..
25677996,..
35063170,..
31279294,..
36782335,..
23897040,.
20666515,..
54965510,"16,7"
84835666,"60,7"
64740897,.
78979604,..
85068812,..
78397312,..
89837629,..
12994441,..
88774402,"93,2"
75141151,.
84306392,"20,9"
26627862,..
72517762,"62,5"
38684438,.
35647481,"51,4"
69983740,..
66491596,"25,6"
12052268,..
71597051,..
40690520,..
21505555,..
70066748,..
19207279,"21,3"
53640774,..
72127035,..
74148070,"44,4"
19051089,..
98052678,"40,4"
16313848,..
11294673,..
86327236,..
83137205,..
54172830,"68,2"
65136104,..
56330385,..
20228162,"21,6"
53462953,"38,7"
60730660,"50,0"
82592568,"52,6"
78875918,..
86385479,..
49862313,..
42859669,..
99592025,"18,5"
47550455,..
47046103,..
58125096,..
82914148,..
20620556,..
17173461,..
30468157,..
61528940,..
92858957,"50,0"
86296935,..
44113417,"76,9"
39555838,..
85214294,..
82084961,..
51210136,"8,3"
80686587,..
91984508,"74,3"
40667807,..
88466776,"85,7"
57942242,..
77688926,..
29032715,..
48931433,..
96024712,"15,5"
30458073,..
27115998,..
79516949,..
87207941,..
46574937,"33,3"
63791419,"62,1"
81619482,"62,5"
90006712,"100,0"
39149668,..
38233622,"91,7"
48722826,..
98239050,..
61547652,..
87034307,"22,0"
78872213,.
76860623,.
64160122,..
56947954,"25,0"
72022487,..
71512894,"86,7"
28248021,..
44417214,..
88776535,"27,3"
71043974,"22,0"
57777751,.
89807183,..
96818167,..
67300857,"21,6"
99279503,..
63653488,.
84476205,"79,2"
69240218,..
12934438,"22,6"
43313366,..
82002016,..
23306658,..
69306209,..
94090461,..
80931789,"10,0"
69807202,..
75939593,"26,5"
56639389,"29,7"
95700485,"95,5"
53896162,"34,4"
17779637,..
66824652,..
49168016,..
60873719,"62,9"
21938183,..
69063711,..
12926770,..
68748767,..
23548714,..
48593439,..
91773491,..
30361243,"32,5"
25596917,"64,0"
65722876,..
65381163,..
84424083,"54,5"
78231062,"14,7"
10481541,"76,9"
68381790,..
13006857,..
16956086,"56,0"
58187973,..
31870541,.
44672598,"88,5"
31822012,.
83161201,"33,3"
16702464,.
36252055,"8,7"
58907711,..
71541108,..
69471748,..
76485705,"28,1"
93239262,..
75575321,..
24194577,..
51955293,..
51736304,..
95785055,..
68655578,..
37054246,..
39199869,"48,3"
59655752,..
41555549,..
81876614,"68,0"
67071618,..
75324351,.
61229217,..
59575030,..
77440824,..
14292382,..
87859089,..
98908403,..
16493131,"41,9"
83272868,"53,6"
45552626,"34,3"
16748680,..
65674821,..
38048202,..
65320354,"20,6"
76903284,..
49141105,..
26996566,.
27704246,"28,4"
69747871,..
79346084,"53,6"
14448619,..
43565270,"43,5"
52791537,..
85819857,..
54117171,"24,5"
48120273,..
94167577,..
53903798,..
69650864,"37,7"
41938272,"70,6"
76054399,"51,5"
60142020,..
70811222,..
17911161,..
35084976,"81,8"
77632411,"36,9"
49068301,.
38195284,..
97510495,..
89461767,..
94717858,..
53760158,"78,9"
37802196,..
36288955,"66,1"
74812809,"95,2"
88839172,"32,3"
95618280,"19,6"
26326048,..
37839488,..
59796774,..
75600007,"68,2"
73812226,..
82964090,"10,5"
24339566,..
65458415,.
52333875,"50,0"
69543519,"38,5"
24759907,..
31315191,"53,8"
56670842,"16,7"
48555205,..
31313926,.
30312720,"25,0"
32116280,.
53175499,"93,8"
52153758,"21,0"
22116645,"27,5"
30167976,..
50104466,..
28004794,..
32071849,"37,8"
41099519,..
59386837,..
21382451,..
43873969,..
24993048,..
66273269,..
11275959,.
58518163,.
37912396,..
45593337,..
10226870,"55,0"
32057701,.
30615080,..
70543431,..
23476801,..
86351879,"66,7"
74322969,.
90260899,..
31057219,..
27079521,..
64579522,..
34381901,"50,0"
55150847,..
53069733,"86,7"
99394620,..
76448076,..
84329061,..
82718660,..
31486865,..
97265732,..
61720981,..
98651664,"29,9"
33657492,..
37078868,..
16130958,..
77713695,"96,9"
16218090,..
23544320,"46,5"
49136871,..
20855811,..
53923398,"40,0"
74560191,..
47844862,"76,8"
72984079,"68,8"
52048443,..
61674097,.
32550660,"12,7"
93488613,.
45600034,..
59599256,"14,9"
26957025,"40,7"
90509211,.
11953769,.
50393060,..
95340745,..
54004368,"24,6"
31975673,..
82251333,..
63931325,..
57391913,"71,4"
46148350,"72,2"
50133877,"39,3"
74919147,..
24277564,.
44412461,"11,8"
18217765,"26,5"
49576295,"40,0"
49170638,..
25379974,.
88025221,"16,8"
18042101,"81,3"
56041699,..
70955448,"100,0"
46707989,..
61176909,..
21778322,..
62612992,"48,3"
94975733,"41,4"
56802300,..
15149235,"66,7"
13981977,..
67058407,..
15791044,"76,9"
64908550,..
77358716,..
92192566,.
56886667,"27,4"
65421426,"31,7"
62394916,..
72071234,"37,3"
64693272,..
65833454,..
34988313,"21,3"
38880984,..
18686599,"100,0"
47559319,..
20752831,..
51023367,..
34739511,"100,0"
52690153,..
61004230,.
19464342,..
43609520,..
83474173,..
91487291,..
88445871,"78,1"
23424275,"28,6"
40386043,..
33685428,..
75082798,..
34637764,..
15077883,..
19647256,"85,7"
16361868,..
19586169,..
25679488,..
31279294,..
36782335,..
90551279,..
93062368,..
15414001,"45,5"
38311488,..
74148070,..
32671805,"45,5"
79606767,..
65136104,.
80327946,"40,5"
86385479,..
70923626,.
47550455,..
20620556,..
19560192,..
46660042,.
40810950,..
17849518,.
66132676,..
19741742,.
97270136,..
30530571,..
11673760,..
38400227,..
60209222,"57,9"
23350817,.
87262566,.
41844601,..
57397381,..
72022487,..
44417214,..
86158933,..
78287294,..
32705515,..
23306658,..
31740319,..
63035915,..
50821167,.
92814975,..
68748767,..
20984584,..
11608031,"71,4"
76007769,..
88894245,..
47884009,"50,0"
75340089,..
31796890,..
69471748,..
60424371,..
37054246,.
18711877,..
28025244,..
16493131,..
48304166,..
68597767,..
38048202,..
40575001,..
12496135,..
42060237,.
56653353,"58,3"
31998226,.
24397215,"22,7"
30677562,..
79845033,..
21627442,"45,5"
16931486,..
19306558,.
37912396,.
29159460,..
89630851,..
69302313,..
27079521,..
14853321,..
92949043,"83,3"
71969230,..
61720981,..
16496466,..
62300682,..
61175914,..
61197669,..
37316242,..
54599691,..
27106031,..
63931325,..
57391913,..
70803636,..
14799321,..
16720048,"30,8"
31380193,..
92816527,..
15149235,..
82160887,..
15933512,"45,2"
12198363,..
18072172,.
85188855,..
39528347,..
53279140,..
56187883,..
51023367,.
68229719,..
71262305,..
55795961,..
84947634,..
48009865,..
82840198,"39,0"
19464342,..
60743463,..
97968599,..
42218661,..
74434644,"29,9"
36263479,"8,6"
19150273,..
53400472,.
97758137,..
26334561,..
40386043,..
59483268,"63,2"
32879845,..
88573795,..
20595770,..
82814120,..
45164827,..
10924758,"62,5"
34153869,..
17846181,..
75082798,..
23555409,"67,8"
72266906,"25,5"
34637764,..
19912478,"17,5"
15077883,..
48434184,..
51138448,"33,3"
93939982,"28,9"
25720752,..
55155562,"37,0"
31533003,"50,0"
16361868,.
19981611,.
19586169,..
24273261,..
59455288,.
25679488,..
35063170,.
31279294,..
36782335,"26,8"
20666515,..
21648755,"43,9"
11111710,..
49616977,..
54965510,"12,2"
54164490,..
20319353,"23,3"
92194545,..
64740897,..
78979604,..
85068812,.
78397312,..
36444853,..
89837629,..
12994441,.
88774402,"62,1"
75141151,..
28627819,..
26627862,..
48847282,"18,9"
72517762,.
38684438,..
31251822,"46,7"
90099336,..
69983740,"52,6"
12052268,"20,8"
71597051,..
40690520,..
97382366,..
10638939,.
21052710,..
88834120,..
19207279,..
53640774,..
72127035,..
68734112,..
92507006,"20,8"
44653962,..
50198492,"32,9"
16313848,"11,7"
11294673,..
86327236,.
41745951,"22,4"
83137205,"66,7"
28398531,..
66335258,..
54172830,..
75458014,..
65136104,..
56330385,..
20228162,..
53462953,"13,8"
60730660,"45,2"
82592568,..
86385479,..
49862313,..
99838438,..
42859669,"13,2"
99592025,..
34247736,..
76877530,..
47046103,..
58125096,..
82914148,.
20620556,..
17173461,..
30468157,..
66861851,"8,7"
92858957,"21,8"
44113417,"30,0"
67783774,.
39555838,..
85214294,..
82084961,..
73829818,..
18881773,.
78295411,..
12279302,..
50500028,"28,6"
18091973,..
88466776,"72,2"
40634612,..
37358234,..
21008461,..
53893730,"15,6"
42573391,..
64574972,..
45830583,..
48931433,..
30530571,"10,6"
78839208,..
30458073,.
68920727,..
27115998,"50,0"
79516949,..
96684210,"17,6"
87207941,..
23836342,..
12395564,..
39149668,..
48722826,..
40766349,..
67554405,"22,4"
73944169,"35,7"
94455820,..
62104139,..
78872213,..
58191646,..
63179610,.
64569393,..
48217580,..
57397381,..
72022487,"33,3"
71512894,..
28248021,"45,8"
44417214,..
25025681,..
71043974,"27,3"
57777751,.
61161774,..
75914181,..
99279503,..
63653488,..
25392789,"8,7"
69240218,"88,9"
38460895,..
31199511,"21,4"
43313366,"27,9"
37550979,..
70137084,..
23306658,..
11102578,..
17944628,..
94090461,..
64648904,..
75939593,..
26324896,.
56639389,..
95700485,"90,0"
53896162,"20,9"
17779637,"29,4"
71929526,..
60873719,..
28085125,..
21938183,..
69063711,..
77609073,.
35894996,.
12926770,..
68748767,..
23548714,.
48593439,.
91773491,..
30361243,"26,7"
25596917,"52,7"
65722876,..
65381163,..
31155312,..
84424083,"49,3"
78231062,"10,6"
10481541,"39,6"
68381790,"83,3"
13006857,..
16956086,..
58187973,..
31870541,.
44672598,"52,0"
31822012,.
99356671,.
16702464,..
29449669,..
62855448,..
91812793,..
58907711,.
68285560,..
58544422,..
69471748,..
49750031,..
93239262,..
75575321,..
28023078,..
24194577,..
57690933,..
12130801,.
95785055,..
68741484,..
37054246,..
72421673,"40,0"
15763669,.
59655752,..
41555549,..
85459854,..
67071618,..
75324351,..
61229217,..
18617410,..
40338843,..
14292382,..
87859089,.
98908403,..
16493131,..
83272868,"37,0"
11526364,..
45552626,"77,8"
16748680,..
92332557,..
78690637,..
30279258,"13,3"
76903284,..
49141105,..
18974693,"12,6"
26996566,.
69747871,..
31151740,..
79346084,..
89816391,..
43565270,"47,4"
77176811,..
52791537,..
52942981,..
48120273,..
94167577,..
27023528,..
53903798,..
97770837,..
69650864,"53,3"
59581397,.
41938272,"41,9"
29423248,"14,8"
33132452,..
70811222,..
17911161,..
35084976,.
77632411,..
49068301,.
59898194,..
38195284,..
97510495,..
89461767,..
94717858,..
36288955,"25,8"
74812809,"33,3"
88839172,..
48412612,..
75075402,..
26326048,..
37839488,..
59796774,..
17675502,..
75600007,..
73812226,..
88955893,"10,2"
63943560,..
85516596,..
16784385,..
89963319,..
24339566,..
65458415,.
95154882,.
28519815,..
69543519,.
24759907,..
31315191,"71,9"
42775003,"12,4"
48555205,..
32116280,.
57143976,..
53175499,..
64388538,..
52153758,..
22116645,..
99755443,..
30167976,.
50104466,..
28004794,..
32071849,..
79845033,..
41099519,..
59386837,..
21382451,..
36769815,..
43873969,..
35301145,"22,5"
59942080,..
66273269,.
11275959,.
58518163,..
37912396,..
45593337,..
19839859,..
30615080,"31,6"
25178582,..
23476801,.
56041144,..
74322969,..
90260899,..
31057219,..
27079521,..
64579522,..
34381901,..
55150847,..
90076461,..
53069733,..
95368476,"32,7"
76448076,..
86488203,"30,9"
25156286,..
28081446,..
92949043,..
91048178,..
82718660,..
12399380,.
31486865,..
97265732,..
61720981,..
50424828,.
47393891,..
48414975,..
47108751,..
33657492,"35,7"
82195565,.
77713695,"100,0"
64667996,..
23544320,..
69040241,..
63993414,..
20855811,..
53923398,"30,2"
74560191,..
47844862,"56,3"
72984079,..
36480690,..
32995170,"56,5"
52048443,..
61674097,..
32550660,"9,3"
93488613,..
45600034,.
59599256,"22,2"
26957025,"17,0"
90509211,..
50393060,.
85788659,..
95340745,..
59521477,..
92442684,..
54599691,"18,0"
31975673,"17,9"
99864908,..
63931325,..
57391913,"42,4"
46148350,..
49868916,..
74919147,..
78389879,.
24277564,..
44412461,..
36355200,"26,4"
70803636,..
77712952,..
10433896,..
49170638,..
46379730,..
25379974,.
88025221,"12,0"
18042101,..
56041699,.
45111086,..
70955448,"95,5"
67924816,..
56084099,..
13960635,"54,4"
61176909,"40,6"
21778322,..
85485803,..
88429477,"25,6"
56802300,..
15149235,..
24538846,"81,3"
67058407,..
15791044,..
65392939,..
77358716,..
49739986,"67,5"
92192566,"30,3"
56886667,"24,0"
64648566,..
65421426,..
62394916,"83,3"
72071234,..
15933512,"7,4"
64693272,..
18072172,.
65833454,.
28045567,"36,9"
18686599,"88,5"
93779220,..
80785976,"78,6"
47559319,..
56187883,..
20752831,..
51023367,..
52690153,..
36782335,.
96279444,"58,8"
19560192,..
31657916,..
85800840,..
20061769,..
77358716,"72,2"
18345915,"86,0"
71262305,"100,0"
55795961,..
48009865,"78,6"
18208087,"81,3"
60743463,..
32960825,"50,0"
91748148,"48,1"
42022406,"57,9"
65192707,..
69018222,..
12889940,"52,8"
40386043,..
21663998,..
88259298,"90,0"
17846181,..
75082798,"21,2"
23555409,..
30341162,..
16950252,"57,7"
15077883,..
48434184,..
56421429,"73,5"
17008320,"86,1"
25720752,..
55155562,"64,7"
23164911,"37,5"
36680097,..
95683850,"93,8"
89888648,"48,9"
35063170,..
31279294,..
36782335,..
23897040,..
37906565,..
90551279,"29,4"
69686851,..
85068812,.
16819383,..
89837629,..
72517762,.
79094701,"80,4"
66491596,"81,5"
12052268,"91,7"
53231578,"34,8"
96279444,..
40690520,"45,5"
35006050,..
21052710,"95,4"
58502307,"100,0"
97177328,..
70969714,"55,2"
81993306,"46,0"
47264019,..
16313848,"31,3"
86327236,..
28398531,..
79033948,"90,9"
68240485,..
78875918,"56,7"
86385479,.
49862313,..
99838438,..
42859669,..
99592025,"55,6"
47550455,"100,0"
58125096,"69,0"
30468157,"100,0"
72206824,..
92858957,"40,0"
44113417,"80,8"
39555838,..
82084961,"28,6"
46162400,"100,0"
67279263,"11,4"
18594470,"19,7"
40667807,.
88466776,..
40634612,..
14508922,"12,5"
29032715,..
19909435,"62,1"
96024712,..
27115998,..
41867682,..
79516949,..
46574937,"20,9"
39805497,"80,0"
81619482,.
90006712,..
39149668,..
48722826,..
53691739,.
43251309,..
87034307,"35,1"
78872213,..
80405898,"22,6"
51620045,"26,2"
86888278,..
56947954,"44,4"
72022487,"37,0"
71512894,"86,7"
28248021,.
44417214,..
88776535,..
71043974,..
89807183,"22,0"
39302565,"100,0"
79527481,"32,8"
69240218,..
86787111,..
77823650,..
82002016,"83,3"
97535124,"70,6"
69306209,"71,4"
12954099,"44,9"
90473340,..
51449748,"59,3"
12613085,..
53896162,"25,7"
66824652,..
49168016,..
60873719,..
69063711,.
77609073,..
52129378,"41,2"
65381163,"44,9"
68381790,..
13006857,"100,0"
16956086,"100,0"
31870541,..
44672598,"52,6"
83161201,..
16702464,..
29449669,"55,2"
36252055,"17,8"
14355031,..
53832505,"39,0"
69471748,..
43284031,..
26267406,..
51955293,"55,6"
51736304,..
44285075,..
68655578,..
37054246,.
39199869,"93,5"
88750078,..
41555549,..
81876614,"42,3"
67071618,"76,9"
75324351,.
59575030,"19,3"
77440824,.
51981332,"81,8"
87859089,..
98908403,..
16493131,"73,3"
11526364,"84,2"
38048202,..
26671095,"56,5"
65320354,"63,9"
76903284,..
15870428,..
26750052,"19,8"
12546590,..
54117171,"39,2"
94167577,..
27023528,..
17911161,..
35084976,..
49068301,..
94717858,"31,3"
46256929,"28,9"
73812226,..
15390992,"43,2"
63943560,"100,0"
78433202,"30,5"
31313926,..
30312720,..
32116280,"44,8"
57143976,"56,7"
93367005,"35,1"
50104466,..
79845033,..
41099519,.
59386837,..
17276047,..
48244956,..
13084253,"15,8"
58518163,..
27993549,..
37912396,..
45593337,"58,1"
67628478,"100,0"
37517404,..
25178582,"100,0"
86351879,..
74322969,..
90260899,..
31057219,..
27079521,..
64579522,..
53069733,..
99394620,..
31537066,"80,0"
21400668,..
84329061,"33,8"
91048178,..
31486865,..
97265732,..
61720981,..
82931004,..
28829503,"46,7"
33657492,"61,1"
33596572,..
57668673,..
20855811,..
53923398,..
72984079,"71,8"
36480690,..
52048443,"47,1"
50393060,"90,9"
95340745,.
59521477,..
66095163,..
54004368,"62,7"
31975673,..
59463950,"100,0"
63931325,.
75374280,"85,0"
46148350,..
50133877,"30,8"
44412461,..
18217765,"62,1"
66028861,"87,5"
10433896,"42,3"
43154449,..
68824244,"32,3"
43479922,..
28391147,..
62612992,"30,6"
94975733,..
56802300,..
15149235,..
13981977,..
67058407,..
15791044,..
65392939,"85,7"
29225010,..
24349146,"30,2"
83605345,..
64693272,.
18072172,.
20768651,"52,1"
28872974,..
80785976,.
21532545,..
20752831,..
34739511,"93,8"
68824244,..
68564903,..
88445871,"71,4"
98132436,..
59483268,..
12154972,..
59734510,..
59455288,..
89888648,.
36782335,.
20666515,..
90551279,..
93062368,.
90267145,..
16819383,..
51321260,"43,2"
88556189,..
31843016,..
87764775,.
16313848,..
65136104,..
69241230,..
80327946,..
86385479,.
42859669,"68,2"
92905347,.
30329172,..
19560192,..
82084961,"85,7"
73829818,..
14508922,..
19741742,.
19909435,"75,0"
85800840,..
39583059,..
38645259,..
38400227,..
86473502,.
73567152,..
23457902,.
72022487,..
44417214,.
86724994,..
78287294,.
81551726,..
76195214,.
82826083,..
26167236,.
63035915,..
17119840,..
20984584,.
25648215,..
68006362,"42,3"
86762103,..
58187973,..
88894245,..
22220001,.
72891848,..
48862305,"68,0"
26267406,..
53180719,..
15609112,..
62216381,..
85459854,"92,3"
41697930,..
78690637,..
97835550,.
42911621,..
42060237,..
14926020,..
31998226,..
79829846,"54,8"
41631104,..
16931486,.
19839859,.
43601850,.
96414537,..
99394620,..
84329061,..
65265211,..
61647360,..
45541222,..
91905819,..
54882637,.
72984079,..
69865450,..
49872493,..
54467211,..
82251333,..
34002355,..
10342448,.
60088179,..
90290154,"100,0"
18691102,..
24349146,..
47692481,.
18072172,.
29744774,.
32239920,..
68229719,..
84947634,.
68564903,..
82840198,..
32960825,..
83474173,..
74434644,..
93281974,"41,2"
23424275,..
19150273,.
26334561,.
59483268,..
73098153,..
17846181,..
75082798,..
34637764,"32,4"
15077883,..
48434184,.
88850910,..
25720752,..
31533003,.
31429031,..
19586169,..
95683850,"82,4"
59455288,..
25677996,..
36782335,..
37906565,.
90551279,"77,8"
90267145,..
72998905,"88,2"
96590873,"43,5"
88556189,..
72127035,..
85003442,..
44653962,..
87764775,..
48438396,"63,4"
32671805,.
16313848,..
11294673,..
66335258,..
78875918,"46,2"
78023197,..
70923626,..
92905347,.
34247736,.
38167912,..
19560192,.
46660042,..
85214294,..
40037982,"62,2"
12279302,..
40667807,..
80762863,..
31657916,..
64574972,..
48931433,"48,1"
96024712,.
40829056,.
38645259,..
11673760,..
63791419,..
46145886,.
27041885,..
97596286,"50,0"
67554405,..
86473502,..
84286698,..
76860623,..
57397381,..
72022487,..
28248021,..
44417214,..
14102256,..
75914181,..
99279503,"21,7"
76195214,..
21901328,.
23306658,..
31740319,..
69807202,"36,5"
63035915,..
32042066,..
92814975,..
35894996,"96,2"
20984584,.
25648215,..
68006362,"59,6"
13006857,..
16956086,..
71160225,.
75340089,.
36670439,..
22220001,.
99356671,..
16702464,.
72891848,..
71541108,..
28023078,..
13963517,.
51955293,..
12130801,.
53180719,..
68741484,..
31179045,..
41555549,..
18711877,..
75324351,..
70376604,..
14292382,..
16493131,"54,5"
48304166,..
65674821,..
38048202,..
87303004,..
97835550,..
26508763,..
14504503,..
16198647,"18,1"
12496135,..
76903284,..
68649663,"29,7"
81997762,.
42060237,..
53903798,"71,4"
97770837,..
33132452,..
59898194,..
95618280,"21,8"
65458415,.
16501673,..
59386837,.
16931486,..
32321364,..
27993549,..
37912396,..
90312942,..
19839859,.
29159460,..
43601850,..
14586562,.
69302313,..
31057219,..
64579522,..
34381901,.
96414537,..
31537066,..
84329061,..
71969230,..
61720981,.
50424828,"33,3"
65265211,.
97191332,"41,4"
33657492,..
17812651,"81,0"
22239675,"85,7"
59599256,"45,2"
49872493,..
11953769,..
50393060,..
95340745,.
92442684,"91,2"
54599691,..
54467211,..
99864908,..
63931325,..
46148350,..
49868916,..
84908877,..
24277564,..
36355200,..
77835341,..
77712952,..
56041699,"81,3"
90685868,..
60088179,..
21778322,..
90290154,..
25847233,..
16848652,..
56802300,..
77379848,.
67422309,.
15791044,..
65421426,"50,0"
12198363,.
47692481,..
64693272,..
89690587,"35,7"
87112995,"46,4"
51023367,..
52690153,..
38683336,..
