skolkod,andel_minst_e_idr1
93221031,"86,1"
17474377,"100,0"
74776778,"94,6"
18345915,"100,0"
68229719,"97,3"
61004230,"95,0"
71262305,"98,8"
55795961,"100,0"
84947634,"91,7"
23517336,"100,0"
48009865,"93,9"
97870412,"92,9"
68564903,"100,0"
82840198,"97,1"
18208087,"98,6"
89982804,"100,0"
19464342,"92,6"
60743463,"100,0"
32960825,"100,0"
43609520,"86,4"
41416934,"97,2"
97968599,"100,0"
21567982,"100,0"
91748148,"98,9"
49379603,..
80167319,..
42218661,"100,0"
73171934,..
83474173,"93,5"
91487291,..
21866405,"94,9"
74434644,"98,3"
42022406,"96,3"
88445871,"95,1"
65192707,"100,0"
18425335,"90,5"
93281974,"88,9"
23424275,"96,7"
43634528,"100,0"
36263479,"100,0"
56679384,"97,4"
30538202,"100,0"
19150273,"96,7"
69018222,"96,1"
25624692,"100,0"
88534520,"100,0"
12889940,"97,2"
16554575,"100,0"
34076477,"99,3"
54896448,"100,0"
25356960,"87,8"
64284020,"94,4"
98132436,"92,2"
53400472,"95,0"
60096875,"92,3"
97758137,"98,3"
26334561,"98,5"
40386043,"96,8"
29324709,"100,0"
26864271,"94,1"
59483268,"95,7"
33685428,"97,0"
32879845,"100,0"
88573795,"100,0"
20699742,"100,0"
21663998,"100,0"
20595770,"97,1"
82814120,"98,7"
45164827,"100,0"
10924758,"85,7"
34153869,"98,8"
88259298,"100,0"
73098153,"83,3"
44240250,"100,0"
17846181,"97,4"
75082798,"90,5"
23555409,"97,9"
91333138,"96,2"
30341162,"94,3"
39936461,"85,2"
72266906,"96,9"
27030026,"100,0"
12154972,"100,0"
16950252,"98,4"
34637764,"93,5"
19912478,"100,0"
73255276,"100,0"
15077883,"85,6"
48434184,"96,3"
58724424,"93,1"
95684185,"100,0"
51138448,"96,4"
19647256,"100,0"
56421429,"98,0"
39911065,"100,0"
17008320,"100,0"
56737496,"94,7"
88850910,"86,7"
93939982,"95,0"
25720752,"99,0"
55155562,"95,7"
31533003,"98,3"
31429031,"97,7"
16361868,..
23164911,"100,0"
24008049,"100,0"
19981611,"100,0"
54481243,"90,9"
36680097,"94,1"
87756916,"84,2"
59734510,"79,4"
19586169,"91,2"
24273261,"94,3"
95683850,"100,0"
59455288,"89,5"
82163292,"94,4"
25679488,"98,9"
25677996,"92,3"
89888648,"100,0"
90003262,..
88163512,"100,0"
35063170,"96,6"
31279294,"83,7"
36782335,"93,7"
23897040,..
20666515,"98,1"
37906565,"100,0"
67279303,"100,0"
21648755,"96,2"
11111710,"97,4"
90551279,"93,7"
93062368,"75,0"
69686851,"95,6"
49616977,"93,9"
54965510,"98,3"
90267145,"100,0"
72998905,"96,2"
84835666,"100,0"
25872338,..
54164490,"96,0"
69481650,"78,9"
20319353,"100,0"
92194545,"100,0"
88153340,"85,0"
94353434,"80,7"
59396229,"83,3"
95165649,"98,0"
64740897,..
78979604,..
69626109,"81,4"
10974852,..
85068812,"93,9"
78397312,"99,0"
36444853,"96,4"
15414001,"98,2"
38311488,"100,0"
16819383,"100,0"
89837629,"96,1"
12994441,"84,6"
53660780,"95,2"
88774402,"100,0"
75141151,"98,8"
61701709,"100,0"
61469192,"95,2"
84306392,"100,0"
28627819,"95,1"
30086854,"97,5"
26627862,"97,9"
48847282,"96,7"
72517762,"100,0"
79094701,"99,3"
38684438,"95,8"
31251822,"88,6"
90099336,..
96590873,"94,1"
35647481,"98,6"
39549479,"97,6"
73147554,"100,0"
65752105,..
69983740,"100,0"
66491596,"100,0"
12052268,"89,9"
71597051,"100,0"
53231578,"98,9"
11274830,"98,6"
51321260,"91,4"
96279444,"94,4"
40690520,"100,0"
61880907,"100,0"
91011325,"93,3"
97382366,"88,5"
35006050,"100,0"
88886610,"88,9"
10638939,"75,3"
21505555,"99,2"
34336190,"100,0"
21052710,"100,0"
88556189,"91,8"
35236491,"98,4"
69739484,"83,1"
92887917,"100,0"
88834120,"100,0"
70066748,"100,0"
19207279,"100,0"
53640774,"99,2"
58502307,"100,0"
97177328,"85,7"
72127035,"96,1"
70969714,"96,2"
85003442,"97,3"
22752398,"90,6"
68734112,"100,0"
71922787,"100,0"
31843016,"70,6"
74148070,"95,3"
50696507,"100,0"
92507006,"100,0"
44653962,"95,5"
20100577,"97,9"
81993306,"94,7"
19051089,"100,0"
29097621,"80,6"
47264019,"88,9"
87764775,"66,7"
50198492,"99,3"
48438396,"82,9"
98052678,"100,0"
20099064,"97,5"
44341171,"93,1"
32671805,"93,6"
38448056,"86,7"
16313848,"95,0"
79606767,"92,4"
11294673,"100,0"
86327236,"100,0"
41745951,"100,0"
83137205,"97,7"
28398531,"100,0"
66335258,"100,0"
54172830,"93,2"
86310217,"85,7"
83085136,"100,0"
75458014,"88,5"
65136104,"82,4"
61826221,.
79033948,"95,4"
56330385,"78,7"
20228162,"100,0"
68240485,"95,6"
95046058,"100,0"
44392995,"96,9"
53462953,"97,6"
69241230,"82,6"
60730660,"100,0"
85544331,"100,0"
80327946,"96,9"
82592568,"100,0"
78875918,"99,3"
78023197,"97,8"
86385479,"98,2"
40991561,..
49862313,"97,1"
99838438,"95,8"
42859669,"91,4"
70923626,"96,8"
92905347,"95,7"
99592025,"99,6"
34247736,"99,2"
47550455,"93,2"
30329172,"95,8"
76877530,"94,1"
47046103,"98,0"
56664512,..
38167912,"93,3"
43826783,..
58125096,"91,1"
82914148,"90,9"
20620556,"100,0"
77839100,..
17173461,"92,9"
55535552,.
19560192,"96,2"
30468157,"100,0"
98053087,"91,9"
92533079,"98,0"
61528940,"98,3"
23681822,"98,9"
66861851,"100,0"
72206824,"96,2"
92858957,"99,3"
46660042,"88,3"
86296935,..
44113417,"97,7"
67783774,..
38917647,..
21363125,..
39555838,"100,0"
85214294,"97,6"
82084961,"99,1"
46162400,"95,6"
98369689,"90,3"
56529916,"98,3"
40810950,"96,3"
67279263,"100,0"
40037982,"95,6"
51210136,"99,2"
73829818,"96,9"
54395430,.
18881773,"71,4"
50908408,"100,0"
18594470,"97,9"
78295411,"100,0"
80686587,"100,0"
72232853,"98,8"
12279302,"92,6"
17849518,"100,0"
64205087,"96,4"
50500028,"100,0"
94570025,"100,0"
91984508,"98,5"
78659008,"91,7"
12448823,..
40667807,"100,0"
18091973,"98,8"
88466776,"95,6"
36539945,..
40634612,"100,0"
62439199,"95,0"
66132676,"95,4"
57942242,"100,0"
80762863,"93,1"
77688926,"98,0"
14508922,"99,0"
69629086,"98,2"
88624631,"87,0"
35390185,..
37358234,"81,5"
31657916,"100,0"
21008461,"98,3"
54606928,"98,0"
53893730,"98,2"
46241804,"80,0"
42573391,"91,7"
64574972,"98,5"
19741742,"92,1"
29032715,"97,8"
45830583,"100,0"
48931433,"99,1"
97270136,"96,6"
19909435,"100,0"
30530571,"98,1"
78839208,"98,5"
96024712,"98,8"
30458073,..
40829056,..
85800840,"97,9"
68920727,"100,0"
27115998,"99,4"
41867682,"100,0"
79516949,"100,0"
65662401,"94,7"
39583059,"92,9"
38645259,"78,1"
96684210,"98,3"
87207941,"98,6"
11673760,"98,1"
46574937,"100,0"
23836342,"98,5"
63791419,"90,5"
39805497,"98,6"
38400227,"92,0"
81619482,"100,0"
83829189,"92,7"
46145886,"100,0"
12395564,"100,0"
90006712,"100,0"
43649848,"95,0"
75344502,"95,0"
84247499,"87,8"
27041885,"84,2"
39149668,"98,6"
97064126,..
32580162,"100,0"
38233622,"95,8"
48722826,"97,5"
73063662,"90,5"
40766349,"96,6"
71571158,"93,8"
53691739,"84,4"
43251309,"100,0"
97596286,"84,5"
67554405,"95,1"
86473502,"78,6"
73944169,"100,0"
98239050,"97,1"
94455820,..
58368956,"97,6"
73567152,"85,7"
61547652,"83,3"
60209222,"96,6"
62104139,"100,0"
87034307,"99,2"
78872213,"98,0"
84286698,"96,2"
62490359,"84,6"
64725297,"89,7"
43362941,"91,3"
23350817,"91,7"
76860623,"98,4"
58191646,"97,9"
80405898,"100,0"
56021320,"93,3"
41358402,"100,0"
63179610,"91,3"
64569393,"90,9"
87262566,"90,2"
64160122,"100,0"
48217580,"100,0"
41844601,"90,0"
51620045,"100,0"
86888278,"94,7"
23457902,"92,9"
27597104,"100,0"
57397381,"89,0"
56947954,"97,5"
72022487,"100,0"
71512894,"100,0"
70969556,"90,0"
28248021,"92,2"
44417214,"93,1"
25025681,"97,1"
88776535,"100,0"
49488344,"92,7"
74408578,"92,5"
71043974,"99,6"
57777751,..
38732602,"91,7"
89807183,"100,0"
86724994,"98,8"
61161774,"99,3"
86158933,"100,0"
14102256,"100,0"
75082280,"85,7"
75914181,"88,7"
39302565,"93,3"
96818167,"100,0"
36072799,"88,5"
61432781,"98,6"
78287294,"100,0"
74316305,"97,1"
39096170,"94,1"
79527481,"99,3"
67300857,"100,0"
99279503,"100,0"
63653488,..
84476205,"100,0"
24544503,"100,0"
25392789,"100,0"
72109637,..
69240218,"97,7"
14057258,..
38460895,"100,0"
31199511,"100,0"
12934438,"100,0"
43313366,"100,0"
86787111,"94,3"
97868185,"100,0"
81551726,"83,3"
77823650,"98,2"
37550979,"90,0"
52634142,"96,8"
76195214,"98,5"
54839753,..
32705515,"98,2"
60214465,"100,0"
70137084,"98,9"
82002016,"98,5"
21901328,"100,0"
23306658,"99,2"
57350392,..
97535124,"100,0"
11102578,"97,1"
69306209,"98,7"
92651253,"81,0"
31740319,"83,8"
10129345,"98,9"
17944628,"99,2"
82826083,"81,3"
94468610,"94,6"
94090461,"100,0"
12954099,"98,7"
80931789,"97,6"
84098842,"100,0"
90473340,"100,0"
26167236,"85,7"
69807202,"97,3"
64648904,"96,1"
75939593,"99,1"
63035915,"81,4"
26324896,"97,8"
56639389,"100,0"
95700485,"100,0"
51449748,"94,2"
28267726,"100,0"
28848709,"70,0"
12613085,"98,0"
53896162,"99,9"
17779637,"98,9"
11185244,"91,4"
56211717,"95,0"
66824652,"95,7"
49168016,"98,3"
32042066,"98,1"
50821167,"100,0"
71929526,"100,0"
92814975,"97,5"
60873719,"98,8"
28085125,"87,5"
28770304,"100,0"
21938183,"100,0"
78986228,.
71472793,"100,0"
64123241,"93,3"
69063711,"90,7"
77609073,"100,0"
35894996,"98,7"
12926770,"92,1"
17119840,"100,0"
68748767,"91,5"
23548714,"93,7"
48593439,"100,0"
91773491,"92,9"
30361243,"100,0"
25596917,"100,0"
65722876,"97,9"
20984584,"63,2"
52129378,"94,5"
65381163,"97,3"
98541468,"94,4"
31155312,"88,0"
25648215,"95,8"
61823258,"100,0"
84424083,"100,0"
39178171,"93,1"
49231191,"89,4"
78231062,"100,0"
79994304,..
10481541,"97,5"
68006362,"95,9"
11608031,"94,1"
86762103,"92,9"
68381790,"97,6"
13006857,"97,0"
76007769,"100,0"
16956086,"94,0"
58187973,"97,5"
88894245,"100,0"
31870541,"98,7"
71160225,"92,0"
67752682,"97,9"
47884009,"100,0"
44672598,"99,3"
75340089,"93,8"
36670439,"96,2"
22220001,"98,3"
31822012,"98,9"
83161201,"100,0"
15100079,..
55421481,..
99356671,"94,1"
16702464,"95,7"
71353314,..
29449669,"98,1"
62855448,"98,1"
36252055,"100,0"
91812793,"98,9"
14355031,"84,4"
72891848,"71,4"
46611859,"94,4"
58907711,"100,0"
68285560,"96,7"
58544422,"100,0"
65150019,"100,0"
31796890,..
22426680,"92,3"
83805032,"100,0"
48862305,"91,4"
32887559,"82,6"
71541108,"100,0"
53832505,"100,0"
47537928,"96,6"
69471748,"94,8"
49750031,"98,0"
76485705,"100,0"
93239262,"98,7"
25745773,"97,1"
99976753,"100,0"
14278480,"91,7"
75575321,"100,0"
28023078,"98,5"
43284031,"98,8"
13963517,"100,0"
24194577,..
26267406,"100,0"
31255918,"100,0"
51955293,"100,0"
57690933,"98,9"
35035671,"94,1"
12130801,"100,0"
51736304,"100,0"
53180719,"97,3"
27489137,"100,0"
15609112,"100,0"
44285075,"100,0"
60424371,"97,1"
95785055,"100,0"
68655578,"96,8"
17062663,"90,9"
68741484,"97,8"
56267421,"100,0"
34990065,"83,9"
37054246,"97,2"
39199869,"100,0"
62216381,"98,0"
31179045,"95,8"
72421673,"89,8"
15763669,..
59655752,"100,0"
88750078,"98,0"
41878314,..
41555549,"97,9"
32003298,"95,8"
22383788,"95,7"
85459854,"100,0"
81876614,"98,3"
18711877,"100,0"
67071618,"100,0"
75324351,"82,9"
61229217,"93,1"
58929357,"100,0"
42517257,"93,8"
70376604,"97,0"
59575030,"100,0"
93503103,"95,5"
18617410,"98,6"
41697930,"92,9"
28025244,"95,6"
17184072,"100,0"
40338843,"97,6"
77440824,"98,7"
71069359,"100,0"
86896907,"100,0"
14292382,"99,1"
51981332,"100,0"
87859089,"94,9"
54764253,"95,7"
98908403,"86,5"
16493131,"97,7"
41119610,"100,0"
83272868,"98,8"
11526364,"94,3"
48304166,"83,0"
24982097,"88,9"
45552626,"99,0"
50906954,.
97104132,"100,0"
16748680,"100,0"
68597767,..
27964873,"86,1"
30706655,"92,5"
65674821,"96,8"
92332557,"97,6"
46332927,"100,0"
78690637,"96,1"
24653673,"100,0"
38048202,"98,4"
90990441,"87,5"
86319615,"100,0"
87303004,"94,6"
97835550,"90,9"
22446331,"86,5"
26671095,"100,0"
42911621,"99,0"
40575001,"96,5"
75027822,"100,0"
26508763,"97,4"
14504503,"96,2"
21850904,"100,0"
65320354,"99,2"
77544055,"100,0"
49112879,"98,0"
30279258,"97,2"
16198647,"97,2"
12496135,..
76903284,"99,4"
68649663,"89,2"
43623146,..
49141105,"88,5"
15870428,"96,6"
26646080,"100,0"
26750052,"100,0"
18974693,"100,0"
26996566,"100,0"
27704246,"99,4"
81997762,"93,4"
28967085,..
69747871,..
70119254,"91,7"
31151740,"100,0"
79346084,"99,5"
34222422,"86,7"
84230226,..
42060237,"97,7"
89816391,"98,4"
14448619,"99,1"
12546590,"100,0"
43565270,"100,0"
77176811,"100,0"
52791537,"100,0"
85152591,"100,0"
85819857,"100,0"
40600798,"98,5"
52942981,"100,0"
54117171,"100,0"
48120273,"100,0"
33233228,..
94167577,"96,9"
27023528,"93,6"
53903798,"92,4"
85782695,"84,6"
98815582,"97,3"
97770837,"85,5"
21312503,"100,0"
69650864,"100,0"
59581397,"95,8"
14926020,"89,5"
41938272,"100,0"
29423248,"94,0"
76054399,"93,9"
33132452,"90,2"
56942970,..
60142020,..
70811222,..
17911161,"96,4"
35084976,"96,0"
25525759,.
77632411,"98,8"
56653353,"97,9"
49068301,"100,0"
59898194,"94,1"
38195284,"96,9"
97510495,"96,4"
89461767,"96,0"
94717858,"99,1"
53760158,"100,0"
78422467,"99,3"
37802196,..
38683336,.
36288955,"99,2"
74812809,"100,0"
88839172,"100,0"
48412612,"95,7"
95618280,"94,3"
75075402,"99,1"
26326048,"93,3"
37839488,"98,2"
46256929,"84,3"
83374651,"95,8"
59796774,"100,0"
17675502,"76,3"
75600007,"92,9"
73812226,"93,3"
30762346,..
82964090,"98,8"
88955893,"99,2"
15278518,"98,6"
15390992,"99,2"
63943560,"78,7"
85516596,"88,8"
31998226,..
38236800,"81,3"
16784385,"100,0"
59026584,"100,0"
79829846,"90,5"
89963319,..
24339566,"100,0"
20061769,"100,0"
65458415,..
95154882,"78,6"
52333875,"95,4"
24663703,..
28519815,"98,1"
65666808,"96,7"
69543519,"100,0"
24397215,"88,6"
30677562,"92,5"
85054102,"90,5"
87274273,"93,8"
89693952,.
24759907,"73,8"
78433202,"98,3"
41631104,"100,0"
35366805,"96,4"
31315191,"100,0"
80357110,"87,0"
42775003,"100,0"
56670842,"100,0"
89370947,"99,2"
18451445,..
48555205,"96,2"
31313926,"100,0"
30312720,"100,0"
32116280,"100,0"
57143976,"100,0"
93367005,"95,7"
53175499,"100,0"
64388538,"99,4"
52153758,"100,0"
16501673,"97,4"
26298615,"93,5"
22116645,"100,0"
99755443,"99,6"
30167976,"100,0"
50104466,"100,0"
28004794,..
32071849,"100,0"
79845033,"100,0"
41099519,"96,0"
59386837,"94,6"
21627442,"100,0"
17276047,"92,5"
73217812,"63,2"
21382451,"98,8"
48244956,"92,7"
36769815,"100,0"
16931486,"90,5"
92489953,"96,3"
43873969,"96,8"
55825382,"89,5"
19306558,"84,0"
35301145,"96,3"
24993048,"100,0"
70132092,"94,9"
65034473,..
13084253,"98,0"
32321364,"90,9"
59942080,"97,5"
66273269,"97,5"
82888663,"94,9"
11275959,"98,8"
58518163,"97,5"
50615280,"100,0"
19035583,"100,0"
27993549,"100,0"
37912396,"100,0"
45593337,"97,4"
90312942,"95,2"
10226870,"100,0"
19839859,"88,5"
80280597,..
67628478,"100,0"
37517404,"100,0"
29159460,"100,0"
32057701,"100,0"
43601850,"100,0"
30615080,"95,7"
89630851,"97,7"
25178582,"100,0"
70543431,"100,0"
23476801,..
86351879,"93,1"
56041144,"86,8"
14586562,..
74322969,"92,9"
90260899,"100,0"
69302313,"87,0"
31057219,"100,0"
27079521,"100,0"
33572033,"93,8"
64579522,"88,7"
65234368,"100,0"
34381901,"100,0"
55150847,"94,0"
90076461,"93,9"
96414537,"93,5"
53069733,"100,0"
99394620,"100,0"
95368476,"96,6"
14853321,"96,1"
76448076,"97,6"
31537066,"96,7"
86488203,"100,0"
25156286,"94,3"
28081446,"95,7"
21400668,"92,9"
92949043,"100,0"
92818240,"91,9"
84329061,"98,5"
71969230,"95,2"
91048178,"97,7"
82718660,..
76942525,"96,2"
12399380,"100,0"
31486865,"98,8"
97265732,"100,0"
10373112,..
61720981,"97,2"
25698509,"97,4"
50424828,"93,1"
82931004,"100,0"
83584125,"100,0"
95024660,"98,6"
32263814,"100,0"
16496466,"100,0"
12075195,"100,0"
62300682,"94,7"
47393891,"97,3"
48414975,"100,0"
65265211,"89,7"
11533776,"93,3"
47108751,..
97191332,"96,6"
71938440,"100,0"
28829503,"95,6"
22811839,"85,2"
33205596,"100,0"
99622695,..
19930101,"91,2"
60727136,"93,3"
45132264,"75,0"
61647360,..
98651664,"100,0"
33657492,"94,8"
61622991,"100,0"
66644568,"97,2"
93659517,"100,0"
79309485,"100,0"
61175914,"94,1"
73316818,"100,0"
37078868,..
27859889,"92,3"
16130958,"100,0"
29161632,..
82195565,"100,0"
33596572,"100,0"
45541222,"100,0"
77713695,"100,0"
63451147,"83,3"
51131594,"85,7"
89680395,"100,0"
53696633,"100,0"
27440210,"100,0"
62758285,"100,0"
16218090,"100,0"
61197669,..
64667996,"100,0"
17812651,"100,0"
23544320,"99,4"
57668673,"97,7"
69040241,"94,7"
63993414,"100,0"
49136871,..
91905819,"83,3"
20855811,"96,4"
54882637,"100,0"
53923398,"92,7"
74560191,"100,0"
47844862,"98,8"
22239675,"95,2"
72984079,"100,0"
36480690,"96,1"
24787883,"90,5"
32995170,"100,0"
52048443,"91,3"
61674097,"100,0"
32550660,"98,9"
93488613,"100,0"
45600034,"90,9"
59599256,"98,0"
69865450,"92,0"
31112935,"86,7"
26957025,"100,0"
90509211,"90,0"
43277545,"89,3"
37316242,"97,7"
20173336,"93,9"
49872493,"100,0"
39147056,"86,8"
11953769,"91,7"
28646435,"84,0"
50393060,"95,3"
85788659,"68,9"
95340745,"100,0"
59521477,"97,2"
92442684,"93,3"
66095163,"82,4"
38544187,"93,6"
54599691,"97,4"
54004368,"100,0"
54467211,"96,7"
23517683,"100,0"
31975673,"99,6"
82251333,"98,6"
99864908,"98,1"
27106031,"97,2"
59463950,"100,0"
63931325,"100,0"
57391913,"94,7"
75374280,"93,6"
46148350,"95,5"
50133877,"96,3"
49868916,"97,8"
74919147,"96,8"
90240730,"96,1"
84908877,"90,3"
78389879,"100,0"
24277564,"97,1"
88956420,..
44412461,"99,5"
34002355,"82,1"
36355200,"96,5"
96920524,"97,1"
18217765,"100,0"
60919765,..
14677676,"69,7"
96152872,"100,0"
77835341,"100,0"
70803636,"98,3"
49576295,"100,0"
66028861,"100,0"
23797825,"94,6"
45293715,"95,5"
44738639,"87,5"
77712952,"88,7"
92009807,"74,4"
10433896,"100,0"
10342448,"78,3"
43154449,"97,4"
49170638,"95,3"
46379730,"94,9"
25379974,"100,0"
98032567,..
96194948,"77,8"
25955541,"93,8"
88025221,"99,7"
18042101,"100,0"
14799321,"96,6"
56041699,"97,1"
45111086,"100,0"
70955448,"100,0"
68824244,"98,1"
90685868,"100,0"
24501884,"100,0"
46707989,"100,0"
46986216,"97,0"
67924816,"98,2"
92805465,"98,9"
56084099,"97,4"
80711021,"96,8"
17648596,"94,5"
16720048,"95,5"
13960635,"96,2"
39341381,"91,7"
61176909,"100,0"
43479922,"100,0"
60088179,"98,4"
28391147,"98,5"
29209307,"100,0"
21778322,"98,7"
31380193,"100,0"
90290154,"96,7"
25847233,"91,5"
62612992,"95,8"
85485803,"97,2"
92816527,"87,2"
16848652,"95,2"
88429477,"91,7"
94975733,"98,5"
56802300,"95,2"
15149235,"98,7"
77379848,..
13981977,"94,4"
24538846,"94,3"
36886750,"88,9"
67422309,"88,6"
67058407,"97,1"
34421265,"84,1"
15791044,"97,5"
65392939,"100,0"
98696836,"99,1"
82160887,"98,1"
23175129,"94,4"
64908550,"100,0"
77358716,"98,8"
49739986,"98,6"
29225010,"100,0"
92192566,"94,5"
56886667,"99,4"
33249781,"90,4"
64648566,"94,7"
18691102,"84,6"
70302356,"100,0"
65421426,"99,4"
62394916,"100,0"
67908927,"100,0"
72071234,"100,0"
24349146,"96,7"
83605345,"95,2"
15933512,"98,6"
12198363,..
47692481,"80,4"
64693272,"96,3"
18072172,"100,0"
65833454,"96,2"
85188855,"78,3"
11341077,"100,0"
39528347,"94,4"
34988313,"100,0"
85473846,"97,3"
29744774,..
89690587,"97,9"
28045567,"98,7"
20768651,"100,0"
32239920,"86,2"
98781765,"92,8"
38880984,"96,8"
28872974,"100,0"
87112995,"89,3"
18686599,"100,0"
93779220,"96,2"
77797484,"91,2"
53279140,"89,4"
80785976,"94,6"
47559319,"100,0"
21532545,"91,3"
56187883,"80,9"
20752831,"98,2"
51023367,"100,0"
34739511,"100,0"
95069937,"100,0"
52690153,"100,0"
74776778,"94,6"
18345915,"100,0"
68229719,"96,6"
61004230,"95,9"
71262305,"98,5"
55795961,"100,0"
84947634,"100,0"
23517336,"100,0"
48009865,"93,9"
82840198,"98,0"
18208087,"100,0"
89982804,..
19464342,"90,9"
60743463,"100,0"
32960825,"100,0"
43609520,"80,0"
97968599,"100,0"
91748148,"98,9"
42218661,"100,0"
74434644,"98,4"
42022406,"96,4"
65192707,"100,0"
43634528,"100,0"
36263479,"100,0"
56679384,"97,4"
30538202,"100,0"
19150273,"90,9"
69018222,"96,1"
12889940,"97,2"
16554575,.
34076477,"99,3"
54896448,"100,0"
64284020,..
53400472,"95,0"
97758137,"98,3"
26334561,"98,9"
40386043,"97,0"
59483268,"94,9"
33685428,"100,0"
32879845,"100,0"
88573795,..
20699742,"100,0"
21663998,"100,0"
20595770,"97,1"
82814120,"100,0"
45164827,"100,0"
10924758,"94,6"
34153869,"100,0"
88259298,"100,0"
17846181,"97,1"
75082798,"94,9"
23555409,"97,5"
30341162,"96,6"
72266906,"97,2"
27030026,"100,0"
16950252,"100,0"
34637764,"97,3"
19912478,"100,0"
15077883,"95,9"
48434184,"100,0"
58724424,"100,0"
95684185,"100,0"
51138448,"97,5"
56421429,"100,0"
39911065,"100,0"
17008320,"100,0"
56737496,"94,7"
93939982,"97,7"
25720752,"100,0"
55155562,"97,6"
31533003,"100,0"
16361868,..
23164911,"100,0"
24008049,"100,0"
19981611,"100,0"
54481243,"90,9"
36680097,"100,0"
19586169,"100,0"
24273261,"100,0"
95683850,"100,0"
59455288,"100,0"
25679488,"100,0"
25677996,"97,1"
89888648,"100,0"
35063170,"100,0"
31279294,"92,3"
36782335,"99,6"
23897040,..
20666515,"100,0"
37906565,..
67279303,..
21648755,"97,2"
11111710,"100,0"
90551279,"98,0"
69686851,"100,0"
49616977,"98,1"
54965510,"98,3"
84835666,"100,0"
25872338,..
54164490,"96,0"
20319353,"100,0"
92194545,"100,0"
64740897,..
78979604,..
10974852,..
85068812,"96,0"
78397312,"99,0"
36444853,"96,3"
16819383,"100,0"
89837629,"96,1"
12994441,"92,6"
88774402,"100,0"
75141151,"98,8"
61701709,"100,0"
61469192,"95,2"
84306392,"100,0"
28627819,"95,1"
30086854,.
26627862,"97,9"
48847282,"96,7"
72517762,"100,0"
79094701,"100,0"
38684438,"96,0"
31251822,"88,6"
90099336,..
35647481,"98,6"
39549479,"97,6"
73147554,"100,0"
69983740,"100,0"
66491596,"100,0"
12052268,"89,9"
71597051,"100,0"
53231578,"98,9"
96279444,"92,7"
40690520,"100,0"
91011325,"93,3"
97382366,"88,5"
35006050,"100,0"
10638939,"60,6"
21505555,"99,2"
34336190,"100,0"
21052710,"100,0"
69739484,"83,1"
92887917,"100,0"
88834120,"100,0"
70066748,"100,0"
19207279,"100,0"
53640774,"99,2"
58502307,"100,0"
97177328,"90,6"
72127035,"97,7"
70969714,"100,0"
68734112,"100,0"
71922787,"100,0"
74148070,"100,0"
92507006,"100,0"
44653962,"92,6"
20100577,"97,9"
81993306,"95,2"
19051089,"100,0"
47264019,"88,9"
50198492,"99,3"
98052678,"100,0"
20099064,"97,5"
16313848,"96,5"
79606767,"93,0"
11294673,"100,0"
86327236,"100,0"
41745951,"100,0"
83137205,"97,7"
28398531,"100,0"
66335258,"100,0"
54172830,"100,0"
75458014,"94,1"
65136104,..
61826221,.
79033948,"94,4"
56330385,"90,7"
20228162,"100,0"
68240485,"95,6"
95046058,"100,0"
44392995,"100,0"
53462953,"97,6"
60730660,"100,0"
82592568,"100,0"
78875918,"100,0"
86385479,"100,0"
49862313,"97,1"
99838438,"94,2"
42859669,"93,0"
99592025,"100,0"
34247736,"99,0"
47550455,"100,0"
30329172,"100,0"
76877530,"93,8"
47046103,"100,0"
38167912,"94,7"
43826783,..
58125096,"91,1"
82914148,"90,9"
20620556,"100,0"
77839100,..
17173461,"100,0"
55535552,.
30468157,"100,0"
92533079,"98,0"
61528940,"98,3"
23681822,"98,9"
66861851,"100,0"
72206824,"96,2"
92858957,"99,3"
86296935,..
44113417,"99,0"
67783774,..
39555838,"100,0"
85214294,"94,4"
82084961,"99,3"
46162400,"100,0"
67279263,"100,0"
51210136,"99,2"
73829818,"100,0"
54395430,.
18881773,..
50908408,"100,0"
18594470,"97,9"
78295411,"100,0"
80686587,"100,0"
72232853,"98,8"
12279302,"92,3"
64205087,"96,4"
50500028,"100,0"
91984508,"100,0"
40667807,"100,0"
18091973,"100,0"
88466776,"95,6"
36539945,..
40634612,"100,0"
66132676,"98,4"
57942242,"100,0"
77688926,"98,8"
14508922,"100,0"
37358234,"100,0"
21008461,"98,3"
54606928,"100,0"
53893730,"98,2"
42573391,..
64574972,"97,7"
19741742,"100,0"
29032715,"98,3"
45830583,"100,0"
48931433,"98,8"
19909435,"100,0"
30530571,"99,4"
78839208,"98,5"
96024712,"99,1"
30458073,..
85800840,"96,4"
68920727,"100,0"
27115998,"99,2"
41867682,"100,0"
79516949,"100,0"
96684210,"98,3"
87207941,"98,4"
11673760,"100,0"
46574937,"100,0"
23836342,"98,5"
63791419,"100,0"
39805497,"100,0"
38400227,"100,0"
81619482,"100,0"
12395564,"100,0"
90006712,"100,0"
39149668,"98,6"
38233622,"95,8"
48722826,"98,3"
73063662,"90,5"
40766349,"96,6"
53691739,"100,0"
43251309,"100,0"
67554405,"98,8"
73944169,"100,0"
98239050,"95,2"
94455820,..
61547652,..
62104139,"100,0"
87034307,"99,2"
78872213,"98,6"
76860623,"100,0"
58191646,"97,9"
80405898,"100,0"
56021320,"89,5"
63179610,"91,3"
64569393,"96,2"
64160122,"100,0"
48217580,"100,0"
51620045,"100,0"
86888278,"94,7"
57397381,"90,7"
56947954,"100,0"
72022487,"100,0"
71512894,"100,0"
28248021,"97,8"
44417214,"94,6"
25025681,"100,0"
88776535,"100,0"
49488344,"95,8"
74408578,"98,1"
71043974,"99,6"
57777751,..
38732602,"91,7"
89807183,"100,0"
61161774,"99,3"
86158933,"100,0"
75914181,"88,9"
39302565,"100,0"
96818167,"100,0"
79527481,"99,3"
67300857,"100,0"
99279503,"100,0"
63653488,..
84476205,"100,0"
24544503,"100,0"
25392789,"100,0"
69240218,"100,0"
38460895,"100,0"
31199511,"100,0"
12934438,"100,0"
43313366,"100,0"
86787111,"94,3"
97868185,"100,0"
77823650,..
37550979,"100,0"
60214465,"100,0"
70137084,"96,4"
82002016,"100,0"
23306658,"100,0"
97535124,"100,0"
11102578,"98,7"
69306209,"100,0"
10129345,"98,9"
17944628,"100,0"
94468610,"94,6"
94090461,"100,0"
12954099,"98,6"
80931789,"100,0"
90473340,"100,0"
69807202,"100,0"
64648904,"97,1"
75939593,"99,1"
26324896,"100,0"
56639389,"100,0"
95700485,"100,0"
51449748,"94,2"
28267726,"100,0"
12613085,"100,0"
53896162,"99,9"
17779637,"98,9"
66824652,"93,1"
49168016,"100,0"
71929526,"100,0"
60873719,"98,8"
28085125,"87,5"
21938183,"100,0"
78986228,.
71472793,"100,0"
69063711,"85,7"
77609073,"100,0"
35894996,"100,0"
12926770,"92,1"
68748767,"100,0"
23548714,"93,7"
48593439,"100,0"
91773491,"92,9"
30361243,"100,0"
25596917,"100,0"
65722876,"97,9"
52129378,"100,0"
65381163,"97,3"
31155312,"89,5"
84424083,"100,0"
49231191,"89,4"
78231062,"100,0"
10481541,"97,5"
68381790,"100,0"
13006857,"99,2"
16956086,"98,4"
58187973,"100,0"
88894245,..
31870541,"98,7"
44672598,"100,0"
31822012,"98,9"
83161201,"100,0"
99356671,..
16702464,"100,0"
29449669,"98,1"
62855448,"98,1"
36252055,"100,0"
91812793,"99,7"
14355031,"87,1"
46611859,"94,4"
58907711,"100,0"
68285560,"96,7"
58544422,"100,0"
65150019,"100,0"
71541108,"100,0"
53832505,"100,0"
47537928,"96,6"
69471748,"97,1"
49750031,"98,0"
76485705,"100,0"
93239262,"100,0"
99976753,"100,0"
75575321,"100,0"
28023078,"100,0"
43284031,"100,0"
24194577,..
26267406,..
51955293,"100,0"
57690933,"98,9"
12130801,"100,0"
51736304,"100,0"
44285075,"100,0"
95785055,"100,0"
68655578,"100,0"
68741484,"98,1"
37054246,"100,0"
39199869,"100,0"
31179045,"100,0"
72421673,"97,9"
15763669,..
59655752,"100,0"
88750078,"100,0"
41555549,"98,6"
85459854,"100,0"
81876614,"100,0"
18711877,"100,0"
67071618,"100,0"
75324351,"100,0"
61229217,"94,7"
70376604,"100,0"
59575030,"100,0"
18617410,"98,3"
28025244,"100,0"
40338843,"98,3"
77440824,"100,0"
14292382,"100,0"
51981332,"100,0"
87859089,"100,0"
98908403,"86,4"
16493131,"98,0"
83272868,"98,8"
11526364,"94,3"
45552626,"99,0"
50906954,.
16748680,"100,0"
65674821,"100,0"
92332557,"97,6"
78690637,"96,4"
38048202,"98,6"
90990441,..
26671095,"100,0"
65320354,"99,2"
77544055,"100,0"
49112879,"98,0"
30279258,"97,2"
76903284,"100,0"
43623146,..
49141105,"88,5"
15870428,"100,0"
26646080,"100,0"
26750052,"100,0"
18974693,"100,0"
26996566,"100,0"
27704246,"99,4"
28967085,..
69747871,..
31151740,"100,0"
79346084,"100,0"
89816391,"97,6"
14448619,"100,0"
12546590,"100,0"
43565270,"100,0"
77176811,"100,0"
52791537,"100,0"
85152591,"100,0"
85819857,"100,0"
40600798,"98,5"
52942981,"100,0"
54117171,"100,0"
48120273,"100,0"
33233228,..
94167577,"97,9"
27023528,"98,1"
53903798,"87,2"
97770837,"87,9"
69650864,"100,0"
59581397,"95,8"
41938272,"100,0"
29423248,"94,0"
76054399,"93,9"
33132452,"84,6"
60142020,..
70811222,..
17911161,"96,4"
35084976,"96,0"
25525759,.
77632411,"98,8"
49068301,"100,0"
59898194,"95,3"
38195284,"96,9"
97510495,"95,9"
89461767,"96,0"
94717858,"99,1"
53760158,"100,0"
78422467,"99,3"
37802196,..
36288955,"99,2"
74812809,"100,0"
88839172,"100,0"
48412612,"95,7"
95618280,"100,0"
75075402,"99,1"
26326048,"93,3"
37839488,"98,2"
46256929,"84,3"
83374651,"95,8"
59796774,"100,0"
17675502,..
75600007,"93,2"
73812226,"93,3"
30762346,..
82964090,"98,8"
88955893,"99,2"
15278518,"100,0"
15390992,"99,0"
63943560,"80,6"
85516596,"94,7"
16784385,"100,0"
89963319,..
24339566,"100,0"
65458415,..
95154882,..
52333875,"96,9"
24663703,..
28519815,"98,1"
65666808,..
69543519,"100,0"
89693952,.
24759907,"76,0"
78433202,"98,3"
35366805,"96,4"
31315191,"100,0"
42775003,"100,0"
56670842,"100,0"
89370947,"99,2"
48555205,"96,2"
31313926,"100,0"
30312720,"100,0"
32116280,"100,0"
57143976,"100,0"
93367005,"93,0"
53175499,"100,0"
64388538,"99,4"
52153758,"100,0"
22116645,"100,0"
99755443,"99,6"
30167976,"100,0"
50104466,"100,0"
28004794,..
32071849,"100,0"
79845033,"100,0"
41099519,"100,0"
59386837,"95,7"
17276047,"100,0"
21382451,"98,8"
48244956,"88,6"
36769815,..
43873969,"96,4"
55825382,"98,3"
19306558,"95,2"
35301145,"96,3"
24993048,"100,0"
13084253,"100,0"
59942080,"97,2"
66273269,"100,0"
11275959,"100,0"
58518163,"100,0"
27993549,"100,0"
37912396,"100,0"
45593337,"97,4"
10226870,"100,0"
19839859,"100,0"
67628478,"100,0"
37517404,..
32057701,"100,0"
30615080,"95,7"
25178582,"100,0"
70543431,"100,0"
23476801,..
86351879,"98,0"
56041144,"86,8"
74322969,"100,0"
90260899,"100,0"
31057219,"100,0"
27079521,"100,0"
33572033,"93,8"
64579522,"97,3"
34381901,"100,0"
55150847,"94,0"
90076461,"93,9"
53069733,"100,0"
99394620,"100,0"
95368476,"97,1"
14853321,"100,0"
76448076,"100,0"
31537066,"100,0"
86488203,"100,0"
25156286,"92,0"
28081446,"95,7"
21400668,"92,9"
92949043,"100,0"
92818240,"100,0"
84329061,"100,0"
91048178,"100,0"
82718660,..
12399380,"100,0"
31486865,"98,7"
97265732,"100,0"
61720981,"99,1"
50424828,"100,0"
82931004,..
95024660,"98,6"
32263814,"100,0"
47393891,"97,3"
48414975,"100,0"
11533776,"93,3"
47108751,..
28829503,"95,6"
99622695,..
98651664,"100,0"
33657492,"99,1"
79309485,"100,0"
37078868,..
16130958,"100,0"
82195565,"100,0"
33596572,"100,0"
77713695,"100,0"
51131594,"85,7"
89680395,"100,0"
53696633,"100,0"
27440210,"100,0"
62758285,"100,0"
16218090,"100,0"
64667996,"100,0"
23544320,"99,4"
57668673,"100,0"
69040241,..
63993414,"100,0"
49136871,..
20855811,"96,4"
53923398,"95,8"
74560191,"100,0"
47844862,"99,1"
72984079,"100,0"
36480690,"96,0"
24787883,..
32995170,"100,0"
52048443,"92,6"
61674097,"100,0"
32550660,"99,2"
93488613,"100,0"
45600034,"90,9"
59599256,"98,5"
26957025,"100,0"
90509211,"94,0"
43277545,"89,3"
11953769,..
50393060,"100,0"
85788659,"89,5"
95340745,..
59521477,"96,9"
92442684,"100,0"
66095163,"82,4"
54599691,"100,0"
54004368,"100,0"
31975673,"99,6"
82251333,"100,0"
99864908,"97,3"
27106031,"100,0"
59463950,"100,0"
63931325,"100,0"
57391913,"100,0"
75374280,"100,0"
46148350,"100,0"
50133877,"100,0"
49868916,"100,0"
74919147,"96,8"
78389879,"100,0"
24277564,"100,0"
44412461,"99,5"
36355200,"100,0"
96920524,"100,0"
18217765,"100,0"
70803636,"100,0"
49576295,"100,0"
66028861,"100,0"
23797825,"94,3"
45293715,"95,5"
77712952,"90,5"
10433896,"100,0"
43154449,"95,2"
49170638,"95,3"
46379730,"94,9"
25379974,"100,0"
88025221,"99,7"
18042101,"100,0"
56041699,..
45111086,"100,0"
70955448,"100,0"
68824244,"100,0"
46707989,"100,0"
46986216,"97,0"
67924816,"98,2"
92805465,"98,9"
56084099,..
16720048,"92,6"
13960635,"96,2"
61176909,"100,0"
43479922,"100,0"
28391147,"100,0"
21778322,"100,0"
31380193,..
62612992,"95,8"
85485803,"97,2"
16848652,"100,0"
88429477,"91,7"
94975733,"100,0"
56802300,"100,0"
15149235,"98,2"
13981977,"100,0"
24538846,"96,4"
67058407,"96,6"
15791044,"96,9"
65392939,"100,0"
98696836,"100,0"
64908550,"100,0"
77358716,"98,4"
49739986,"98,6"
29225010,"100,0"
92192566,"94,5"
56886667,"99,4"
64648566,"100,0"
65421426,"100,0"
62394916,"100,0"
67908927,"100,0"
72071234,"100,0"
24349146,"100,0"
83605345,..
15933512,"99,3"
64693272,"100,0"
18072172,..
65833454,"96,2"
11341077,"100,0"
34988313,"100,0"
28045567,"98,7"
20768651,"100,0"
38880984,"96,8"
28872974,"100,0"
18686599,"100,0"
93779220,"97,4"
77797484,"91,2"
80785976,"94,4"
47559319,"100,0"
21532545,"88,2"
56187883,"91,7"
20752831,"98,2"
51023367,"100,0"
34739511,"100,0"
52690153,"100,0"
93221031,"86,1"
17474377,"100,0"
18345915,"100,0"
68229719,"100,0"
61004230,"90,9"
71262305,"100,0"
55795961,..
84947634,"85,2"
97870412,"92,9"
68564903,"100,0"
82840198,"95,0"
18208087,"97,0"
89982804,"100,0"
19464342,..
60743463,..
32960825,"100,0"
43609520,..
41416934,"97,2"
21567982,"100,0"
49379603,..
80167319,..
73171934,..
83474173,"93,5"
91487291,..
21866405,"94,9"
74434644,"98,0"
42022406,"96,0"
88445871,"95,1"
18425335,"90,5"
93281974,"88,9"
23424275,"96,7"
19150273,"100,0"
25624692,"100,0"
88534520,"100,0"
16554575,"100,0"
25356960,"87,8"
64284020,"93,7"
98132436,"92,2"
60096875,"92,3"
26334561,"94,7"
40386043,"95,3"
29324709,"100,0"
26864271,"94,1"
59483268,..
33685428,"93,3"
88573795,"100,0"
82814120,"97,7"
10924758,"68,4"
34153869,..
88259298,..
73098153,"83,3"
44240250,"100,0"
17846181,..
75082798,"82,4"
23555409,"100,0"
91333138,"96,2"
30341162,..
39936461,"85,2"
72266906,"95,2"
27030026,"100,0"
12154972,"100,0"
16950252,"92,3"
34637764,"88,2"
73255276,"100,0"
15077883,"75,0"
48434184,"91,7"
58724424,"86,7"
51138448,"93,8"
19647256,"100,0"
56421429,"93,8"
39911065,..
17008320,..
56737496,"94,6"
88850910,"86,7"
93939982,"91,7"
25720752,"95,0"
55155562,"92,1"
31533003,"92,3"
31429031,"97,7"
16361868,..
24008049,"100,0"
36680097,..
87756916,"84,2"
59734510,"79,4"
19586169,"86,4"
24273261,"86,7"
95683850,"100,0"
59455288,"83,3"
82163292,"94,4"
25679488,"95,7"
25677996,"83,3"
89888648,"100,0"
90003262,..
88163512,"100,0"
35063170,..
31279294,"70,6"
36782335,"84,1"
20666515,"94,4"
37906565,"100,0"
67279303,"100,0"
21648755,"93,0"
11111710,"95,8"
90551279,"90,7"
93062368,"75,0"
69686851,"95,1"
49616977,"76,9"
90267145,"100,0"
72998905,"96,2"
69481650,"78,9"
88153340,"85,0"
94353434,"80,7"
59396229,"83,3"
95165649,"98,0"
69626109,"81,4"
85068812,..
36444853,"96,6"
15414001,"98,2"
38311488,"100,0"
16819383,"100,0"
12994441,..
53660780,"95,2"
30086854,"97,5"
79094701,"96,0"
38684438,"94,7"
96590873,"94,1"
73147554,"100,0"
65752105,..
11274830,"98,6"
51321260,"91,4"
96279444,"100,0"
61880907,"100,0"
35006050,"100,0"
88886610,"88,9"
10638939,"87,5"
88556189,"91,8"
35236491,"98,4"
58502307,"100,0"
97177328,"76,5"
72127035,"93,8"
70969714,"91,7"
85003442,"97,3"
22752398,"90,6"
71922787,"100,0"
31843016,"70,6"
74148070,..
50696507,"100,0"
44653962,"97,4"
81993306,"93,5"
29097621,"80,6"
87764775,"66,7"
48438396,"82,9"
98052678,..
44341171,"93,1"
32671805,"93,6"
38448056,"86,7"
16313848,"92,3"
79606767,"91,3"
11294673,"100,0"
86327236,"100,0"
28398531,"100,0"
66335258,"100,0"
54172830,"73,9"
86310217,"85,7"
83085136,"100,0"
75458014,..
65136104,..
79033948,"96,6"
56330385,..
44392995,"88,5"
69241230,"82,6"
85544331,"100,0"
80327946,"96,9"
78875918,"96,2"
78023197,"97,8"
86385479,"96,2"
40991561,..
99838438,"100,0"
42859669,"87,8"
70923626,"96,8"
92905347,"95,7"
99592025,"92,3"
34247736,"100,0"
47550455,"88,7"
30329172,"94,1"
76877530,..
47046103,"96,9"
56664512,..
38167912,"90,9"
20620556,"100,0"
17173461,..
19560192,"96,2"
98053087,"91,9"
92858957,"100,0"
46660042,"88,3"
44113417,"91,7"
67783774,..
38917647,..
21363125,..
39555838,..
85214294,"100,0"
82084961,"98,7"
46162400,"94,5"
98369689,"90,3"
56529916,"98,3"
40810950,"96,3"
40037982,"95,6"
73829818,"75,0"
18881773,..
80686587,"100,0"
12279302,"92,7"
17849518,"100,0"
94570025,"100,0"
91984508,"97,0"
78659008,"91,7"
12448823,..
40667807,"100,0"
18091973,"97,9"
40634612,"100,0"
62439199,"95,0"
66132676,"88,5"
80762863,"93,1"
77688926,"93,8"
14508922,..
69629086,"98,2"
88624631,"87,0"
35390185,..
37358234,..
31657916,"100,0"
54606928,"87,5"
46241804,"80,0"
42573391,"94,4"
64574972,"100,0"
19741742,"81,3"
29032715,"96,9"
48931433,"100,0"
97270136,"96,6"
19909435,"100,0"
30530571,"92,7"
96024712,"97,9"
40829056,..
85800840,"98,9"
27115998,"100,0"
41867682,"100,0"
65662401,"94,7"
39583059,"92,9"
38645259,"78,1"
87207941,..
11673760,"95,8"
63791419,"86,4"
39805497,"97,6"
38400227,"86,0"
83829189,"92,7"
46145886,"100,0"
43649848,"95,0"
75344502,"95,0"
84247499,"87,8"
27041885,"84,2"
97064126,..
32580162,"100,0"
48722826,"96,8"
71571158,"93,8"
53691739,"77,4"
97596286,"84,5"
67554405,"91,5"
86473502,"78,6"
98239050,"100,0"
94455820,..
58368956,"97,6"
73567152,"85,7"
61547652,"83,0"
60209222,"96,6"
62104139,"100,0"
78872213,"96,0"
84286698,"96,2"
62490359,"84,6"
64725297,"89,7"
43362941,"91,3"
23350817,"91,7"
76860623,"95,2"
56021320,"100,0"
41358402,"100,0"
64569393,"83,3"
87262566,"90,2"
41844601,"90,0"
51620045,"100,0"
23457902,"92,9"
27597104,"100,0"
57397381,"84,7"
56947954,"94,9"
72022487,"100,0"
70969556,"90,0"
28248021,"83,9"
44417214,"91,1"
25025681,"84,6"
49488344,"88,2"
74408578,"82,1"
86724994,"98,8"
86158933,"100,0"
14102256,"100,0"
75082280,"85,7"
75914181,"88,2"
39302565,"91,3"
36072799,"88,5"
61432781,"98,6"
78287294,"100,0"
74316305,"97,1"
39096170,"94,1"
99279503,"100,0"
72109637,..
69240218,"84,6"
14057258,..
43313366,"100,0"
97868185,..
81551726,"83,3"
77823650,"98,0"
37550979,..
52634142,"96,8"
76195214,"98,5"
54839753,..
32705515,"98,2"
60214465,"100,0"
70137084,"100,0"
82002016,"92,9"
21901328,"100,0"
23306658,"98,6"
57350392,..
11102578,"91,7"
69306209,"97,6"
92651253,"81,0"
31740319,"83,8"
17944628,"92,9"
82826083,"81,3"
94090461,"100,0"
12954099,..
80931789,"88,9"
84098842,"100,0"
90473340,..
26167236,"85,7"
69807202,"96,2"
64648904,"93,8"
63035915,"81,4"
26324896,"93,8"
28848709,"70,0"
12613085,"96,2"
53896162,"100,0"
11185244,"91,4"
56211717,"95,0"
66824652,"100,0"
49168016,"95,5"
32042066,"98,1"
50821167,"100,0"
92814975,"97,5"
28770304,"100,0"
64123241,"93,3"
69063711,"100,0"
77609073,"100,0"
35894996,"98,0"
17119840,"100,0"
68748767,"87,1"
25596917,"100,0"
20984584,"63,2"
52129378,"89,7"
98541468,"94,4"
31155312,"83,3"
25648215,"95,8"
61823258,"100,0"
39178171,"93,1"
79994304,..
68006362,"95,9"
11608031,"94,1"
86762103,"92,9"
68381790,"94,9"
13006857,"92,5"
76007769,"100,0"
16956086,"86,1"
58187973,"90,9"
88894245,"100,0"
71160225,"92,0"
67752682,"97,9"
47884009,"100,0"
44672598,"96,7"
75340089,"93,8"
36670439,"96,2"
22220001,"98,3"
15100079,..
55421481,..
99356671,"92,9"
16702464,"90,9"
71353314,..
36252055,"100,0"
91812793,"88,9"
14355031,"78,6"
72891848,"71,4"
31796890,..
22426680,"92,3"
83805032,"100,0"
48862305,"91,4"
32887559,"82,6"
71541108,"100,0"
69471748,"91,5"
93239262,"97,9"
25745773,"97,1"
99976753,..
14278480,"91,7"
28023078,"98,0"
43284031,"98,1"
13963517,"100,0"
26267406,"100,0"
31255918,"100,0"
51955293,"100,0"
35035671,"94,1"
12130801,..
51736304,"100,0"
53180719,"97,3"
27489137,"100,0"
15609112,"100,0"
60424371,"97,1"
68655578,"93,1"
17062663,"90,9"
68741484,"96,6"
56267421,"100,0"
34990065,"83,9"
37054246,"93,1"
39199869,..
62216381,"98,0"
31179045,"93,5"
72421673,..
59655752,..
88750078,"97,1"
41878314,..
41555549,"95,8"
32003298,"95,8"
22383788,"95,7"
85459854,"100,0"
81876614,..
18711877,"100,0"
67071618,"100,0"
75324351,"68,4"
61229217,"91,2"
58929357,"100,0"
42517257,"93,8"
70376604,"91,7"
93503103,"95,5"
18617410,"100,0"
41697930,"92,9"
28025244,"88,9"
17184072,"100,0"
40338843,"95,7"
77440824,"95,2"
71069359,"100,0"
86896907,"100,0"
14292382,"98,7"
87859089,"84,2"
54764253,"95,7"
98908403,"87,5"
16493131,"97,5"
41119610,"100,0"
48304166,"83,0"
24982097,"88,9"
97104132,"100,0"
68597767,..
27964873,"86,1"
30706655,"92,5"
65674821,"91,7"
46332927,"100,0"
78690637,"95,5"
24653673,"100,0"
38048202,"98,3"
90990441,..
86319615,"100,0"
87303004,"94,6"
97835550,"90,9"
22446331,"86,5"
26671095,"100,0"
42911621,"99,0"
40575001,"96,5"
75027822,"100,0"
26508763,"97,4"
14504503,"96,2"
21850904,"100,0"
77544055,"100,0"
16198647,"97,2"
12496135,..
76903284,"98,8"
68649663,"89,2"
15870428,"94,3"
26750052,"100,0"
81997762,"93,4"
69747871,..
70119254,"91,7"
79346084,"97,9"
34222422,"86,7"
84230226,..
42060237,"97,7"
89816391,"100,0"
14448619,"97,5"
12546590,"100,0"
94167577,"89,5"
27023528,"87,8"
53903798,"97,5"
85782695,"84,6"
98815582,"97,3"
97770837,"72,2"
21312503,"100,0"
14926020,"89,5"
33132452,"92,8"
56942970,..
56653353,"97,9"
59898194,..
97510495,"100,0"
38683336,.
95618280,"89,1"
17675502,"82,1"
75600007,"90,9"
15278518,"97,8"
15390992,"100,0"
63943560,"75,0"
85516596,"85,5"
31998226,..
38236800,"81,3"
59026584,"100,0"
79829846,"90,5"
20061769,"100,0"
65458415,..
95154882,..
52333875,"93,0"
65666808,"96,7"
24397215,"88,6"
30677562,"92,5"
85054102,"90,5"
87274273,"93,8"
24759907,..
41631104,"100,0"
80357110,"87,0"
18451445,..
93367005,"100,0"
16501673,"97,4"
26298615,"93,5"
50104466,..
79845033,"100,0"
41099519,"88,0"
59386837,"94,1"
21627442,"100,0"
17276047,"80,0"
73217812,"63,2"
48244956,"100,0"
36769815,"100,0"
16931486,"90,5"
92489953,"96,3"
43873969,"100,0"
55825382,..
19306558,..
24993048,..
70132092,"94,9"
65034473,..
13084253,"92,3"
32321364,"90,9"
59942080,..
66273269,"92,9"
82888663,"94,9"
11275959,"98,5"
58518163,"92,9"
50615280,"100,0"
19035583,"100,0"
27993549,"100,0"
37912396,"100,0"
90312942,"95,2"
19839859,"80,0"
80280597,..
67628478,..
37517404,..
29159460,"100,0"
43601850,"100,0"
89630851,"97,7"
86351879,"86,8"
14586562,..
74322969,"88,2"
90260899,"100,0"
69302313,"87,0"
31057219,"100,0"
27079521,"100,0"
64579522,"76,0"
65234368,"100,0"
34381901,"100,0"
96414537,"93,5"
99394620,"100,0"
95368476,"94,4"
14853321,"92,9"
76448076,"96,0"
31537066,"93,3"
86488203,"100,0"
25156286,"100,0"
92949043,"100,0"
92818240,"87,3"
84329061,"95,2"
71969230,"95,2"
91048178,"96,6"
76942525,"96,2"
31486865,"100,0"
10373112,..
61720981,"91,5"
25698509,"97,4"
50424828,"90,5"
82931004,"100,0"
83584125,"100,0"
16496466,"100,0"
12075195,"100,0"
62300682,"94,7"
65265211,"89,7"
97191332,"96,6"
71938440,"100,0"
22811839,"85,2"
33205596,"100,0"
19930101,"91,2"
60727136,"93,3"
45132264,"75,0"
61647360,..
33657492,"83,7"
61622991,"100,0"
66644568,"97,2"
93659517,"100,0"
61175914,"94,1"
73316818,"100,0"
27859889,"92,3"
29161632,..
45541222,"100,0"
63451147,"83,3"
61197669,..
17812651,"100,0"
57668673,"96,0"
69040241,"100,0"
91905819,"83,3"
54882637,"100,0"
53923398,"87,7"
47844862,"96,3"
22239675,"95,2"
72984079,"100,0"
36480690,"96,2"
24787883,"87,5"
52048443,"86,7"
32550660,"93,8"
59599256,"93,5"
69865450,"92,0"
31112935,"86,7"
90509211,"81,8"
37316242,"97,7"
20173336,"93,9"
49872493,"100,0"
39147056,"86,8"
11953769,..
28646435,"84,0"
50393060,"84,0"
85788659,"53,8"
95340745,"100,0"
59521477,"97,4"
92442684,"91,7"
38544187,"93,6"
54599691,"87,5"
54467211,"96,7"
23517683,"100,0"
82251333,"98,0"
99864908,"100,0"
27106031,"91,7"
59463950,"100,0"
63931325,"100,0"
57391913,"81,0"
75374280,"88,9"
46148350,"87,0"
50133877,"90,5"
49868916,"93,9"
90240730,"96,1"
84908877,"90,3"
24277564,"95,2"
88956420,..
34002355,"82,1"
36355200,"87,5"
96920524,"89,5"
18217765,"100,0"
60919765,..
14677676,"69,7"
96152872,"100,0"
77835341,"100,0"
70803636,"91,7"
23797825,"95,2"
44738639,"87,5"
77712952,"85,0"
92009807,"74,4"
10433896,"100,0"
10342448,"78,3"
43154449,"100,0"
98032567,..
96194948,"77,8"
25955541,"93,8"
88025221,"100,0"
14799321,"96,6"
56041699,"96,0"
70955448,"100,0"
68824244,"95,1"
90685868,"100,0"
24501884,"100,0"
56084099,"96,6"
80711021,"96,8"
17648596,"94,5"
16720048,"97,4"
39341381,"91,7"
60088179,"98,4"
28391147,"97,0"
29209307,"100,0"
21778322,"94,7"
31380193,"100,0"
90290154,"96,7"
25847233,"91,5"
92816527,"87,2"
16848652,"87,5"
94975733,"96,8"
56802300,"88,2"
15149235,"100,0"
77379848,..
13981977,..
24538846,..
36886750,"88,9"
67422309,"88,6"
67058407,"100,0"
34421265,"84,1"
15791044,..
98696836,"96,6"
82160887,"98,1"
23175129,"94,4"
77358716,"100,0"
29225010,"100,0"
33249781,"90,4"
64648566,"91,7"
18691102,"84,6"
70302356,"100,0"
65421426,"94,4"
24349146,"94,1"
83605345,"94,4"
15933512,"97,9"
12198363,..
47692481,"80,4"
64693272,"92,3"
18072172,..
85188855,"78,3"
39528347,"94,4"
85473846,"97,3"
29744774,..
89690587,"97,9"
20768651,..
32239920,"86,2"
98781765,"92,8"
87112995,"89,3"
18686599,..
93779220,"88,9"
53279140,"89,4"
80785976,"95,0"
47559319,"100,0"
21532545,..
56187883,"78,6"
51023367,"100,0"
95069937,"100,0"
52690153,"100,0"
93221031,..
68229719,..
84947634,..
89982804,"100,0"
60743463,..
73171934,..
74434644,"100,0"
93281974,"90,9"
23424275,..
16554575,"100,0"
60096875,"83,3"
40386043,..
33685428,..
10924758,"68,4"
75082798,"100,0"
16950252,"84,6"
15077883,..
48434184,"90,9"
51138448,"93,8"
93939982,"92,9"
31533003,"92,0"
24273261,..
59455288,..
25677996,..
31279294,..
36782335,"100,0"
90551279,"97,0"
93062368,..
69626109,"81,4"
10638939,"100,0"
72127035,..
85003442,"100,0"
98052678,..
32671805,..
16313848,"97,2"
54172830,..
75458014,..
78023197,"94,7"
40991561,..
70923626,"92,9"
76877530,..
47046103,..
19560192,"95,5"
98053087,"100,0"
46660042,"86,1"
67783774,..
85214294,"100,0"
12279302,"100,0"
91984508,"97,0"
40667807,..
40634612,..
80762863,"95,0"
64574972,..
30530571,..
96024712,"96,4"
27115998,"100,0"
39583059,"94,7"
38645259,..
46145886,..
27041885,"76,9"
48722826,"94,1"
97596286,"63,0"
67554405,"100,0"
56021320,"100,0"
23457902,..
57397381,"92,9"
72022487,..
70969556,..
28248021,..
44417214,"100,0"
25025681,"84,6"
14102256,"100,0"
75082280,"85,7"
39096170,"94,1"
69240218,"84,6"
82002016,..
23306658,..
94090461,"100,0"
63035915,"78,9"
50821167,..
68748767,"94,4"
20984584,..
25648215,"100,0"
11608031,"86,7"
13006857,"100,0"
16956086,..
58187973,..
88894245,..
71160225,"88,9"
44672598,"94,7"
22220001,"100,0"
71353314,..
69471748,"100,0"
93239262,"97,9"
13963517,..
68655578,"100,0"
31179045,"85,7"
59655752,..
18711877,..
67071618,"100,0"
18617410,"100,0"
40338843,"93,3"
14292382,..
87859089,..
98908403,"90,9"
24982097,..
68597767,..
38048202,"100,0"
90990441,..
40575001,"95,8"
26508763,"100,0"
76903284,..
69747871,..
79346084,"100,0"
89816391,..
53903798,"100,0"
33132452,"85,7"
17675502,"82,1"
75600007,"90,9"
85516596,"91,7"
50104466,..
59386837,"100,0"
43873969,"100,0"
24993048,..
58518163,"92,9"
29159460,"100,0"
89630851,"100,0"
86351879,"73,3"
74322969,..
64579522,"92,9"
14853321,..
86488203,"100,0"
84329061,..
71969230,..
31486865,"100,0"
61720981,"87,5"
50424828,..
83584125,"100,0"
65265211,..
66644568,"97,2"
61175914,..
29161632,..
36480690,..
32550660,"93,8"
37316242,..
50393060,..
95340745,..
59521477,..
46148350,..
49868916,"96,7"
84908877,"92,9"
24277564,..
36355200,..
88025221,"100,0"
56041699,..
70955448,"100,0"
60088179,"100,0"
25847233,"100,0"
16848652,..
56802300,..
36886750,..
67422309,..
82160887,"100,0"
64648566,..
15933512,"100,0"
12198363,..
64693272,..
89690587,"94,7"
18686599,..
93779220,"88,9"
80785976,..
47559319,"100,0"
52690153,..
93221031,..
18345915,"100,0"
97870412,"100,0"
18208087,"90,9"
41416934,"92,9"
21567982,"100,0"
83474173,"100,0"
88445871,"92,7"
25624692,..
25356960,"93,3"
98132436,"92,5"
60096875,"100,0"
29324709,"100,0"
26864271,"93,3"
44240250,"100,0"
75082798,"86,7"
91333138,"100,0"
12154972,"100,0"
15077883,"76,9"
48434184,"92,3"
19647256,"100,0"
56737496,"93,8"
55155562,"94,1"
24008049,"100,0"
59734510,..
19586169,"93,3"
24273261,..
59455288,..
89888648,"100,0"
36782335,"80,0"
20666515,"91,7"
90551279,"79,4"
93062368,..
90267145,"100,0"
88153340,"85,0"
94353434,"80,7"
88886610,"88,9"
88556189,"92,9"
72127035,"92,3"
22752398,"87,8"
31843016,"86,7"
29097621,"73,7"
16313848,"85,7"
11294673,..
86327236,..
69241230,..
80327946,"100,0"
86385479,..
70923626,"95,2"
92905347,..
47550455,"92,6"
56664512,..
19560192,..
46660042,"90,0"
38917647,..
82084961,"100,0"
98369689,"100,0"
56529916,"100,0"
17849518,..
18091973,"94,4"
69629086,"97,7"
31657916,..
19741742,"78,6"
40829056,..
85800840,"97,8"
39583059,"95,0"
39805497,"100,0"
46145886,"100,0"
84247499,"100,0"
71571158,..
86473502,..
58368956,"97,6"
23350817,..
41358402,"100,0"
87262566,..
23457902,..
56947954,"93,8"
72022487,"100,0"
28248021,..
74408578,..
86724994,"100,0"
39302565,"95,0"
61432781,"98,3"
14057258,..
81551726,..
76195214,..
70137084,"100,0"
57350392,..
92651253,..
82826083,"90,0"
26167236,..
63035915,"82,1"
32042066,"94,7"
92814975,..
64123241,"93,3"
20984584,..
98541468,"94,4"
25648215,..
79994304,..
86762103,..
68381790,..
13006857,"83,3"
16956086,..
88894245,..
67752682,"94,1"
75340089,"100,0"
22220001,"96,0"
15100079,..
36252055,"100,0"
72891848,..
48862305,"92,9"
13963517,..
31255918,"100,0"
53180719,"100,0"
68655578,"88,6"
37054246,..
62216381,"96,3"
18711877,..
61229217,"84,6"
41697930,"96,9"
77440824,..
14292382,"100,0"
54764253,"90,5"
98908403,"84,6"
16493131,"100,0"
24982097,..
27964873,"84,6"
30706655,"100,0"
78690637,"100,0"
24653673,..
87303004,..
97835550,..
22446331,..
42911621,"100,0"
14504503,..
76903284,..
81997762,"93,3"
70119254,"91,7"
42060237,"96,4"
85782695,"84,6"
38236800,..
41631104,"100,0"
16501673,..
26298615,"100,0"
41099519,..
59386837,..
73217812,..
16931486,..
70132092,"92,0"
27993549,"100,0"
90312942,"85,7"
19839859,..
29159460,..
43601850,"100,0"
74322969,..
31057219,..
34381901,"100,0"
96414537,..
99394620,"100,0"
76448076,"92,0"
92818240,"90,2"
84329061,..
71969230,..
91048178,..
65265211,..
22811839,"85,2"
61622991,"100,0"
61175914,..
91905819,..
54882637,"100,0"
53923398,..
69865450,..
20173336,"100,0"
49872493,..
39147056,"82,4"
11953769,..
85788659,..
59521477,..
54467211,"100,0"
82251333,"100,0"
90240730,"97,1"
34002355,..
96920524,"83,3"
96152872,"100,0"
92009807,..
10342448,"75,0"
90685868,"100,0"
17648596,"94,5"
39341381,..
29209307,..
90290154,..
92816527,"90,0"
24538846,..
67422309,"84,6"
34421265,..
82160887,"95,8"
33249781,"100,0"
18691102,..
24349146,"91,2"
83605345,..
47692481,..
85188855,..
85473846,"95,5"
32239920,"88,9"
56187883,"71,4"
52690153,..
74776778,"94,6"
71262305,"100,0"
84947634,"100,0"
48009865,"94,9"
89982804,..
97968599,"100,0"
91748148,"100,0"
42218661,..
74434644,"96,1"
42022406,..
34076477,"99,3"
54896448,"100,0"
97758137,"100,0"
26334561,"100,0"
40386043,"100,0"
20699742,"100,0"
82814120,"100,0"
45164827,"100,0"
10924758,"100,0"
34153869,"100,0"
17846181,..
75082798,"96,2"
23555409,"96,7"
27030026,"100,0"
15077883,"92,3"
48434184,"100,0"
58724424,..
39911065,"100,0"
56737496,"94,7"
55155562,"98,3"
31533003,"100,0"
19981611,"100,0"
25679488,"100,0"
35063170,"100,0"
31279294,..
36782335,"100,0"
67279303,..
21648755,"96,3"
11111710,..
49616977,"100,0"
84835666,"100,0"
20319353,"100,0"
85068812,..
78397312,"100,0"
36444853,"100,0"
89837629,..
12994441,"86,7"
88774402,"100,0"
75141151,"100,0"
61701709,"100,0"
38684438,"92,3"
39549479,"97,6"
73147554,"100,0"
69983740,"100,0"
12052268,"86,4"
71597051,"100,0"
40690520,"100,0"
35006050,"100,0"
10638939,..
34336190,"100,0"
88834120,"100,0"
53640774,"100,0"
72127035,"100,0"
71922787,"100,0"
92507006,"100,0"
20100577,"97,9"
79606767,"93,0"
11294673,..
86327236,"100,0"
66335258,..
54172830,"100,0"
56330385,"89,5"
44392995,"100,0"
60730660,"100,0"
82592568,"100,0"
86385479,"100,0"
49862313,"95,8"
42859669,"100,0"
99592025,"100,0"
34247736,"100,0"
76877530,..
38167912,"100,0"
43826783,..
58125096,"90,4"
17173461,..
30468157,"100,0"
23681822,"98,9"
92858957,"98,3"
82084961,"100,0"
73829818,"100,0"
18881773,..
12279302,"94,1"
64205087,"96,4"
18091973,"100,0"
88466776,"91,7"
54606928,"100,0"
19741742,"100,0"
45830583,"100,0"
30530571,"98,4"
78839208,"96,3"
30458073,..
27115998,"100,0"
79516949,..
87207941,"96,2"
11673760,"100,0"
38400227,"100,0"
81619482,"100,0"
39149668,"100,0"
67554405,"100,0"
73944169,"100,0"
78872213,"100,0"
64569393,"91,7"
48217580,"100,0"
57397381,"90,8"
72022487,"100,0"
71512894,"100,0"
28248021,"100,0"
44417214,"95,0"
74408578,"98,1"
71043974,"100,0"
61161774,"98,6"
75914181,..
24544503,"100,0"
69240218,"100,0"
12934438,"100,0"
43313366,"100,0"
37550979,"100,0"
60214465,"100,0"
23306658,"100,0"
11102578,"100,0"
10129345,"98,9"
94090461,"100,0"
26324896,"100,0"
56639389,"100,0"
53896162,"99,3"
17779637,"100,0"
71929526,"100,0"
60873719,"93,8"
68748767,..
23548714,"88,5"
48593439,"100,0"
91773491,..
30361243,"100,0"
25596917,"100,0"
31155312,..
84424083,"100,0"
10481541,"97,9"
68381790,..
13006857,"96,4"
16956086,"100,0"
58187973,"100,0"
31870541,"100,0"
44672598,"100,0"
31822012,"100,0"
62855448,"100,0"
91812793,"100,0"
58907711,"100,0"
68285560,"97,8"
69471748,"100,0"
99976753,"100,0"
75575321,"100,0"
57690933,"100,0"
12130801,"100,0"
95785055,"100,0"
68741484,"100,0"
37054246,"100,0"
31179045,"100,0"
59655752,"100,0"
41555549,"100,0"
85459854,"100,0"
67071618,"100,0"
28025244,"100,0"
40338843,"100,0"
14292382,..
87859089,"100,0"
98908403,"96,3"
83272868,"93,8"
45552626,"97,7"
92332557,"100,0"
78690637,"94,7"
77544055,"100,0"
76903284,"100,0"
49141105,"85,7"
26646080,"100,0"
79346084,"100,0"
14448619,"100,0"
43565270,"100,0"
85152591,"100,0"
40600798,"98,5"
48120273,"100,0"
94167577,"94,1"
53903798,"82,4"
97770837,"87,5"
70811222,..
17911161,"91,9"
35084976,"100,0"
77632411,"100,0"
59898194,"100,0"
38195284,"94,7"
97510495,"89,8"
89461767,"93,1"
94717858,"100,0"
75075402,"96,3"
26326048,"95,7"
37839488,"98,2"
73812226,"88,9"
15278518,"100,0"
85516596,"94,7"
16784385,"100,0"
24339566,"100,0"
65458415,..
52333875,"94,7"
24759907,"64,0"
31315191,"100,0"
48555205,"96,7"
32116280,"100,0"
64388538,..
52153758,"100,0"
99755443,"99,3"
30167976,"100,0"
32071849,"100,0"
79845033,..
41099519,"100,0"
59386837,..
21382451,"100,0"
55825382,"98,3"
59942080,"95,5"
37912396,..
45593337,"100,0"
19839859,..
30615080,"100,0"
86351879,"96,3"
90260899,"100,0"
31057219,..
27079521,"100,0"
64579522,..
34381901,"100,0"
55150847,"98,2"
53069733,..
14853321,"100,0"
86488203,"100,0"
25156286,..
28081446,"100,0"
92818240,"100,0"
12399380,..
31486865,"98,3"
97265732,"100,0"
61720981,"100,0"
50424828,..
95024660,"98,6"
32263814,"100,0"
33657492,"96,6"
79309485,"100,0"
77713695,"100,0"
23544320,"100,0"
69040241,..
20855811,"92,3"
53923398,"91,7"
74560191,..
47844862,"97,8"
72984079,"100,0"
61674097,"100,0"
93488613,"100,0"
59599256,"98,8"
90509211,"97,5"
50393060,"100,0"
85788659,..
59521477,"95,0"
54599691,"100,0"
31975673,"100,0"
27106031,"100,0"
46148350,..
49868916,"100,0"
74919147,"100,0"
78389879,"100,0"
44412461,"98,9"
96920524,"100,0"
70803636,"100,0"
23797825,"94,3"
10433896,"100,0"
49170638,"100,0"
25379974,..
18042101,"100,0"
70955448,"100,0"
92805465,"98,9"
61176909,"100,0"
21778322,"100,0"
31380193,..
62612992,"100,0"
16848652,"100,0"
15149235,"92,9"
24538846,"100,0"
67058407,"100,0"
98696836,"100,0"
49739986,"100,0"
92192566,"100,0"
65421426,"100,0"
72071234,"100,0"
65833454,..
28045567,"100,0"
38880984,"95,8"
18686599,"100,0"
47559319,"100,0"
20752831,"98,2"
51023367,..
52690153,..
93221031,..
18345915,"100,0"
71262305,..
97870412,"100,0"
82840198,"92,3"
41416934,..
21866405,"100,0"
42022406,"96,0"
25624692,..
64284020,"93,0"
40386043,"100,0"
26864271,..
75082798,"87,5"
23555409,"100,0"
30341162,..
72266906,"95,2"
15077883,..
48434184,..
56421429,"100,0"
56737496,..
24008049,"100,0"
36680097,..
59734510,..
19586169,..
95683850,"100,0"
89888648,"100,0"
36782335,"78,3"
37906565,"100,0"
90551279,"94,7"
69686851,"88,0"
90267145,..
85068812,..
16819383,"100,0"
79094701,"96,0"
11274830,"98,6"
35006050,"100,0"
88556189,..
97177328,"76,5"
72127035,..
22752398,"100,0"
71922787,..
81993306,"89,5"
16313848,"91,2"
11294673,..
28398531,..
79033948,"96,6"
69241230,..
80327946,"100,0"
86385479,"100,0"
99838438,"100,0"
42859669,"100,0"
92905347,..
99592025,"92,3"
30329172,"94,1"
47046103,..
19560192,..
98053087,"92,3"
46660042,"100,0"
44113417,"100,0"
39555838,..
82084961,"98,0"
46162400,"96,8"
12448823,..
18091973,..
40634612,"100,0"
69629086,"98,3"
31657916,..
42573391,..
29032715,"100,0"
19909435,"100,0"
85800840,"100,0"
27115998,"100,0"
41867682,"100,0"
39583059,"96,7"
38645259,..
63791419,"95,5"
46145886,"100,0"
84247499,"86,7"
48722826,"100,0"
53691739,"77,4"
60209222,"96,4"
78872213,"100,0"
51620045,"100,0"
56947954,"96,3"
72022487,"100,0"
70969556,..
28248021,..
74408578,"100,0"
86724994,"100,0"
39302565,"92,9"
74316305,"100,0"
72109637,..
97868185,..
77823650,"95,8"
76195214,..
70137084,"100,0"
69306209,"96,2"
80931789,"88,9"
90473340,..
26167236,..
63035915,"93,8"
12613085,"96,2"
66824652,"100,0"
32042066,"100,0"
92814975,"100,0"
69063711,..
77609073,..
68748767,..
52129378,"89,7"
61823258,..
68006362,"97,7"
86762103,..
68381790,..
13006857,"92,9"
16956086,"96,3"
58187973,..
88894245,..
67752682,"100,0"
44672598,"100,0"
22220001,"100,0"
16702464,..
36252055,"100,0"
72891848,..
32887559,"93,5"
43284031,"100,0"
13963517,..
26267406,..
31255918,"100,0"
51736304,..
53180719,"100,0"
27489137,"100,0"
37054246,"90,5"
62216381,"100,0"
88750078,"100,0"
22383788,"95,7"
81876614,..
75324351,..
61229217,"100,0"
41697930,"88,5"
17184072,..
77440824,"100,0"
14292382,"100,0"
87859089,..
16493131,"100,0"
24982097,..
68597767,..
30706655,"100,0"
38048202,"100,0"
87303004,..
97835550,..
26671095,"100,0"
42911621,"96,2"
15870428,"90,0"
26750052,"100,0"
81997762,"100,0"
79346084,"95,8"
14448619,"96,6"
94167577,"87,5"
21312503,"100,0"
33132452,"86,4"
15390992,"100,0"
38236800,"92,9"
95154882,..
65666808,"100,0"
93367005,"100,0"
16501673,..
79845033,"100,0"
41099519,..
59386837,..
17276047,"80,0"
48244956,"100,0"
70132092,"100,0"
27993549,"100,0"
90312942,"100,0"
37517404,..
29159460,"100,0"
43601850,"100,0"
86351879,"100,0"
74322969,..
90260899,..
31057219,"100,0"
27079521,"100,0"
96414537,..
95368476,..
76448076,"100,0"
91048178,"100,0"
76942525,..
61720981,"94,1"
82931004,"100,0"
33205596,"100,0"
60727136,..
33657492,"90,9"
93659517,"100,0"
57668673,"95,0"
91905819,..
54882637,..
36480690,..
52048443,"86,7"
69865450,..
37316242,"100,0"
50393060,..
59521477,"100,0"
54467211,"90,0"
59463950,"100,0"
63931325,"100,0"
75374280,..
50133877,"86,7"
34002355,..
18217765,..
96152872,"100,0"
10433896,"100,0"
43154449,"100,0"
96194948,..
68824244,"93,1"
90685868,"100,0"
39341381,..
28391147,"97,0"
31380193,..
90290154,..
92816527,"96,7"
94975733,"100,0"
77379848,..
13981977,..
67422309,..
82160887,..
23175129,"91,7"
29225010,"100,0"
24349146,"90,2"
85188855,..
39528347,"92,9"
32239920,"80,0"
80785976,"91,7"
21532545,..
56187883,"100,0"
51023367,"100,0"
52690153,..
61004230,"96,0"
23517336,"100,0"
48009865,..
82840198,..
19464342,..
43609520,"80,0"
42218661,"100,0"
42022406,"95,7"
56679384,"97,4"
69018222,"93,8"
64284020,..
97758137,"100,0"
40386043,"86,4"
33685428,"100,0"
34153869,..
75082798,"83,3"
23555409,..
30341162,"92,3"
19912478,"100,0"
58724424,..
95684185,"100,0"
93939982,..
55155562,..
24008049,"100,0"
54481243,"90,9"
36680097,..
25677996,"95,2"
31279294,..
36782335,"93,8"
21648755,"86,7"
69686851,..
54965510,"95,6"
25872338,..
10974852,..
85068812,.
78397312,"96,6"
36444853,"92,9"
61469192,"95,2"
79094701,"100,0"
71597051,"100,0"
53231578,"96,6"
91011325,"93,3"
97382366,"86,8"
10638939,..
69739484,"83,1"
92887917,"100,0"
68734112,..
44653962,..
47264019,"76,7"
20099064,"97,5"
16313848,"100,0"
79033948,"92,9"
68240485,"92,9"
95046058,"100,0"
44392995,"100,0"
99838438,"92,3"
30329172,"100,0"
76877530,..
38167912,..
77839100,..
55535552,.
92533079,"98,0"
92858957,"100,0"
82084961,..
50908408,"100,0"
18594470,"97,1"
72232853,"98,8"
18091973,..
36539945,..
40634612,"100,0"
66132676,"98,4"
64574972,"100,0"
48931433,..
85800840,"96,4"
68920727,"100,0"
27115998,..
79516949,"100,0"
96684210,"95,8"
23836342,"100,0"
81619482,"100,0"
39149668,.
48722826,..
73063662,"90,5"
43251309,"100,0"
67554405,..
94455820,..
78872213,..
56021320,"89,5"
64569393,..
86888278,..
57397381,"92,6"
44417214,..
49488344,"95,8"
57777751,..
38732602,"91,7"
86158933,"100,0"
75914181,..
84476205,"100,0"
24544503,"100,0"
86787111,"92,9"
97868185,"100,0"
70137084,..
23306658,..
11102578,"100,0"
94468610,"94,6"
90473340,"100,0"
64648904,"100,0"
75939593,"100,0"
51449748,"92,6"
28267726,"100,0"
71929526,"100,0"
71472793,"100,0"
69063711,..
35894996,..
65722876,"96,1"
49231191,"89,4"
13006857,"100,0"
16956086,..
88894245,..
44672598,..
99356671,..
29449669,"98,3"
91812793,"100,0"
14355031,"78,9"
46611859,"94,4"
65150019,"100,0"
47537928,"96,6"
44285075,"100,0"
68741484,..
72421673,..
15763669,..
18711877,"100,0"
61229217,..
70376604,"100,0"
40338843,..
16493131,"95,7"
83272868,"100,0"
16748680,"100,0"
92332557,"97,3"
78690637,"94,1"
90990441,..
49112879,"98,0"
43623146,..
18974693,"100,0"
28967085,..
33233228,..
94167577,"100,0"
27023528,"92,3"
97770837,..
29423248,"84,2"
33132452,..
17911161,..
35084976,..
77632411,"100,0"
53760158,"100,0"
78422467,"99,3"
75075402,"100,0"
46256929,"79,5"
83374651,"95,8"
30762346,..
15390992,"95,7"
85516596,..
95154882,..
24663703,..
28519815,"98,8"
65666808,..
24759907,"72,8"
35366805,"96,4"
89370947,"99,2"
64388538,"98,7"
17276047,..
48244956,"76,9"
43873969,"79,2"
19306558,"95,2"
45593337,..
25178582,"100,0"
70543431,"100,0"
56041144,"83,3"
90260899,..
33572033,"93,8"
95368476,"100,0"
76448076,"100,0"
28081446,"83,3"
21400668,"88,9"
92949043,"100,0"
31486865,"97,8"
97265732,"100,0"
50424828,"100,0"
11533776,"93,3"
99622695,..
51131594,"85,7"
89680395,"100,0"
53696633,"100,0"
27440210,"100,0"
62758285,"100,0"
57668673,..
63993414,..
49136871,..
53923398,"100,0"
74560191,..
36480690,"87,5"
24787883,..
52048443,..
43277545,"89,3"
66095163,"73,3"
54004368,"100,0"
31975673,..
99864908,..
49868916,"100,0"
44412461,"100,0"
49576295,..
45293715,"95,5"
77712952,..
10433896,"100,0"
43154449,..
46379730,"86,7"
46986216,"95,7"
16720048,"92,6"
31380193,..
85485803,"91,7"
88429477,..
98696836,"100,0"
49739986,"100,0"
29225010,"100,0"
56886667,"98,1"
62394916,..
67908927,"100,0"
18072172,..
11341077,"100,0"
77797484,"90,9"
80785976,"93,3"
21532545,"92,3"
51023367,..
43649848,"95,0"
74316305,"94,7"
84098842,"100,0"
17062663,"100,0"
71069359,"100,0"
48304166,"100,0"
92009807,"93,3"
93221031,..
17474377,"100,0"
55795961,..
84947634,"85,7"
68564903,"100,0"
18208087,"100,0"
41416934,"100,0"
21866405,"92,9"
25624692,..
25356960,"86,4"
98132436,.
40386043,"84,6"
44240250,"100,0"
75082798,..
91333138,"92,3"
12154972,"100,0"
15077883,..
48434184,..
19647256,..
93939982,..
55155562,"90,5"
24008049,"100,0"
59734510,..
19586169,..
24273261,..
89888648,..
90003262,..
36782335,..
67279303,"100,0"
21648755,"90,9"
90267145,..
61880907,"100,0"
88556189,"100,0"
72127035,..
70969714,"86,7"
31843016,..
29097621,"91,7"
16313848,"89,6"
86327236,..
86310217,"85,7"
69241230,..
80327946,"100,0"
70923626,..
92905347,..
30329172,"100,0"
47046103,"94,4"
17173461,..
19560192,..
98053087,..
46660042,"84,6"
38917647,..
98369689,"86,7"
17849518,..
40667807,..
69629086,"100,0"
31657916,..
46241804,"80,0"
29032715,"94,4"
19909435,..
85800840,"100,0"
39583059,"85,7"
38645259,..
39805497,"100,0"
83829189,"100,0"
84247499,"85,7"
97064126,..
48722826,"100,0"
71571158,"95,7"
73567152,"77,3"
84286698,"91,7"
23350817,..
87262566,"93,1"
56947954,"90,5"
72022487,"100,0"
70969556,..
86724994,"94,4"
39302565,"83,3"
61432781,"100,0"
14057258,..
81551726,..
52634142,"100,0"
76195214,..
70137084,"100,0"
92651253,..
26167236,..
28848709,"70,0"
49168016,"100,0"
28770304,"100,0"
17119840,"100,0"
61823258,..
86762103,..
76007769,"100,0"
88894245,..
47884009,..
75340089,..
36670439,"100,0"
72891848,..
83805032,"100,0"
31255918,"100,0"
35035671,"94,1"
53180719,..
17062663,"87,5"
88750078,"92,3"
85459854,"100,0"
61229217,..
93503103,"95,5"
14292382,..
87859089,..
16493131,"95,0"
48304166,..
27964873,"87,0"
30706655,..
78690637,..
24653673,"100,0"
87303004,"100,0"
97835550,..
22446331,"81,8"
40575001,"95,8"
76903284,"96,4"
81997762,..
42060237,..
89816391,"100,0"
38236800,..
85054102,"90,5"
87274273,"93,8"
16501673,..
26298615,"91,7"
50104466,..
59386837,"100,0"
73217812,..
16931486,..
13084253,"92,3"
82888663,"97,0"
11275959,"100,0"
27993549,"100,0"
90312942,"100,0"
19839859,..
29159460,..
43601850,..
14586562,..
74322969,..
90260899,"100,0"
31057219,"100,0"
27079521,..
34381901,"100,0"
95368476,..
84329061,..
71969230,..
91048178,..
10373112,..
65265211,..
19930101,"91,2"
33657492,..
53923398,"90,5"
69865450,..
37316242,..
20173336,..
49872493,..
39147056,"88,9"
85788659,..
95340745,..
59521477,"100,0"
54467211,"94,1"
82251333,..
63931325,"100,0"
75374280,"100,0"
46148350,..
50133877,"100,0"
90240730,"95,3"
84908877,..
34002355,..
18217765,..
92009807,"69,8"
90685868,..
56084099,"100,0"
39341381,..
29209307,"100,0"
92816527,"100,0"
15149235,..
77379848,..
34421265,"86,4"
18691102,..
70302356,"100,0"
24349146,"98,0"
83605345,..
47692481,..
85188855,..
85473846,"100,0"
98781765,"91,9"
56187883,..
51023367,..
52690153,..
93221031,"91,7"
61004230,..
71262305,..
68564903,"100,0"
89982804,"100,0"
74434644,"100,0"
18425335,"92,3"
23424275,..
34153869,..
75082798,"80,0"
27030026,"100,0"
15077883,..
39911065,..
56737496,"92,3"
87756916,"73,3"
19586169,..
24273261,..
59455288,"76,9"
25679488,..
35063170,..
36782335,"100,0"
37906565,..
21648755,"91,3"
49616977,"76,9"
72998905,..
69481650,"72,7"
12994441,..
30086854,"97,5"
38684438,"94,7"
73147554,"100,0"
35006050,"100,0"
10638939,..
71922787,..
44341171,"92,3"
32671805,..
79606767,"89,5"
11294673,..
86327236,"100,0"
28398531,"100,0"
54172830,..
56330385,..
42859669,..
92905347,..
47550455,"85,7"
17173461,..
98053087,"85,2"
92858957,"100,0"
44113417,..
18881773,..
94570025,"100,0"
54606928,"87,5"
42573391,..
97270136,..
30530571,..
40829056,..
38645259,..
87207941,..
11673760,"100,0"
38400227,"78,6"
27041885,..
97064126,..
67554405,"85,7"
86473502,..
98239050,"100,0"
94455820,..
78872213,"92,9"
23350817,..
87262566,..
41844601,"81,8"
23457902,..
57397381,"84,2"
72022487,..
28248021,..
44417214,"91,7"
49488344,"88,2"
14102256,"100,0"
43313366,"100,0"
37550979,..
76195214,"100,0"
60214465,"100,0"
11102578,"91,7"
84098842,"100,0"
63035915,"45,8"
26324896,"93,8"
50821167,..
77609073,"100,0"
68748767,..
25596917,"100,0"
20984584,..
25648215,..
11608031,..
86762103,..
68381790,..
16956086,..
22220001,..
15100079,..
16702464,..
72891848,..
69471748,"81,3"
99976753,..
14278480,"88,2"
51955293,"100,0"
12130801,..
53180719,..
68741484,"100,0"
41555549,..
75324351,..
28025244,..
40338843,..
16493131,"100,0"
48304166,"92,3"
24982097,..
68597767,..
30706655,..
78690637,"100,0"
87303004,..
14504503,..
77544055,"100,0"
76903284,..
15870428,"100,0"
81997762,..
42060237,..
14448619,..
27023528,..
33132452,"100,0"
56942970,..
97510495,"100,0"
15278518,"97,8"
38236800,..
24759907,..
16501673,"100,0"
79845033,..
41099519,"88,2"
59386837,..
55825382,..
59942080,..
90312942,..
14586562,..
27079521,..
34381901,..
96414537,..
14853321,"83,3"
86488203,"100,0"
92818240,"82,1"
71969230,..
76942525,..
50424828,"95,0"
12075195,"100,0"
65265211,..
33657492,"86,4"
61175914,..
57668673,..
69040241,"100,0"
53923398,"81,8"
47844862,"96,3"
69865450,"92,9"
90509211,"81,8"
37316242,..
50393060,..
85788659,..
54599691,"94,7"
27106031,"88,2"
63931325,..
57391913,"100,0"
46148350,..
96920524,..
70803636,"100,0"
23797825,"95,2"
90685868,"100,0"
80711021,"93,8"
39341381,..
31380193,..
25847233,"100,0"
16848652,..
36886750,"91,7"
67058407,"100,0"
98696836,"95,2"
64648566,"90,9"
83605345,..
15933512,"100,0"
47692481,"78,6"
85188855,..
85473846,"100,0"
53279140,"84,6"
51023367,..
52690153,..
17474377,..
18425335,"88,9"
19150273,"100,0"
64284020,..
23555409,..
73255276,..
58724424,..
31429031,..
87756916,"91,3"
59734510,..
19586169,..
31279294,..
11111710,"95,8"
90551279,"92,3"
69686851,"100,0"
59396229,"83,3"
85068812,..
36444853,"96,6"
65752105,..
10638939,..
88556189,..
44653962,"100,0"
87764775,..
66335258,"100,0"
44392995,"88,5"
80327946,..
42859669,..
92905347,..
19560192,..
56529916,"90,9"
12279302,"84,2"
17849518,..
77688926,"93,8"
37358234,..
42573391,..
97270136,"100,0"
30530571,..
96024712,"100,0"
40829056,..
39583059,"97,4"
46145886,..
48722826,..
97596286,"100,0"
67554405,"100,0"
86473502,..
64569393,"83,3"
87262566,..
23457902,..
44417214,..
86158933,"100,0"
36072799,"88,5"
81551726,..
76195214,..
23306658,..
17944628,"92,9"
26167236,"88,2"
64648904,"93,8"
53896162,"100,0"
11185244,"87,0"
69063711,..
35894996,"95,7"
68748767,"90,9"
20984584,.
31155312,"83,3"
61823258,"100,0"
79994304,..
11608031,..
67752682,"100,0"
91812793,"90,9"
14355031,"78,6"
72891848,..
25745773,..
14278480,"94,7"
28023078,"96,9"
13963517,..
51736304,..
53180719,"94,7"
72421673,..
41878314,..
18711877,..
90990441,..
42911621,"100,0"
26508763,"95,7"
14504503,..
81997762,..
34222422,..
84230226,..
94167577,..
33132452,..
63943560,"75,0"
85516596,"84,2"
38236800,..
59026584,"100,0"
65666808,"93,2"
80357110,"87,0"
16501673,..
73217812,"60,7"
36769815,"100,0"
65034473,..
29159460,..
14586562,..
95368476,..
86488203,..
25156286,"100,0"
71969230,..
91048178,..
76942525,..
50424828,..
60727136,..
45132264,"75,0"
73316818,"100,0"
91905819,..
36480690,"90,9"
24787883,"87,5"
69865450,..
31112935,..
49872493,..
92442684,..
82251333,..
84908877,..
24277564,..
96152872,..
44738639,"87,5"
96194948,"81,8"
25955541,"92,3"
90685868,..
80711021,"100,0"
31380193,..
90290154,..
92816527,..
98696836,..
64648566,..
18691102,..
15933512,"97,6"
47692481,..
85188855,..
85473846,"90,9"
53279140,..
80785976,..
56187883,"88,9"
71262305,..
19464342,..
23424275,"100,0"
88573795,"100,0"
73255276,"100,0"
58724424,..
31429031,"94,4"
25679488,..
36782335,..
21648755,"100,0"
69481650,"87,5"
95165649,"97,2"
12994441,.
10638939,..
44341171,"93,8"
32671805,..
28398531,"100,0"
80327946,"90,0"
70923626,..
47550455,"80,0"
38167912,..
80686587,"100,0"
62439199,"95,0"
19741742,..
30530571,..
11673760,"100,0"
38400227,"100,0"
83829189,..
97064126,.
62104139,"100,0"
41844601,"100,0"
70969556,..
44417214,..
14102256,"100,0"
54839753,..
26167236,"85,7"
63035915,"87,0"
77609073,"100,0"
68748767,..
20984584,.
11608031,..
68381790,"100,0"
75340089,..
91812793,"87,5"
72891848,..
22426680,"92,3"
53180719,..
60424371,"100,0"
41555549,..
78690637,"89,5"
87303004,..
26508763,"100,0"
76903284,"100,0"
81997762,..
14448619,..
27023528,"96,7"
38236800,..
30677562,"90,4"
55825382,..
92949043,"100,0"
84329061,..
91048178,..
76942525,..
16496466,..
69865450,..
37316242,"96,8"
28646435,"84,0"
92442684,..
84908877,..
14799321,..
56041699,..
80711021,"100,0"
15149235,..
15791044,..
15933512,"100,0"
47692481,..
85188855,..
53279140,"94,1"
68229719,..
65192707,"100,0"
30538202,"100,0"
40386043,"100,0"
34153869,..
51138448,..
25720752,"100,0"
31533003,"100,0"
36782335,..
54965510,"100,0"
69983740,..
70066748,"100,0"
68734112,..
53462953,..
30468157,..
96684210,"100,0"
40766349,..
31199511,..
11102578,..
17944628,"100,0"
75939593,"100,0"
56639389,"100,0"
69063711,..
65722876,"100,0"
31822012,"100,0"
58544422,"100,0"
12130801,..
78690637,"100,0"
30279258,"95,8"
26996566,..
94167577,..
41938272,"100,0"
49068301,..
88839172,"100,0"
88955893,"96,6"
42775003,"100,0"
32071849,..
90076461,"83,3"
31486865,..
63993414,..
32995170,"100,0"
32550660,"100,0"
49868916,..
74919147,..
36355200,..
88025221,"100,0"
46986216,"100,0"
65392939,..
56886667,"100,0"
77797484,"92,3"
47559319,..
93221031,..
71262305,..
97870412,"78,6"
18208087,..
83474173,..
88445871,..
64284020,"93,8"
98132436,..
88259298,..
17846181,..
16950252,"100,0"
48434184,..
56421429,..
17008320,..
56737496,..
55155562,..
95683850,"100,0"
35063170,.
67279303,"100,0"
90267145,..
16819383,"100,0"
53660780,"95,2"
51321260,"95,2"
58502307,"100,0"
70969714,..
81993306,"100,0"
16313848,..
54172830,..
86385479,..
92905347,..
47550455,"95,2"
20620556,..
17173461,..
46660042,..
46162400,..
18091973,..
19909435,"100,0"
30530571,..
38645259,..
39805497,..
83829189,"88,5"
48722826,..
60209222,"90,9"
84286698,..
87262566,..
56947954,"100,0"
72022487,"100,0"
74316305,..
72109637,..
81551726,..
82002016,..
23306658,"100,0"
69306209,"100,0"
12954099,..
26167236,..
66824652,..
49168016,..
92814975,..
25648215,..
13006857,"100,0"
16956086,..
47884009,..
55421481,..
16702464,..
32887559,..
15609112,..
39199869,..
88750078,..
41555549,..
81876614,..
67071618,"100,0"
75324351,.
58929357,"100,0"
93503103,"95,5"
17184072,..
77440824,..
16493131,"100,0"
41119610,"100,0"
97835550,..
42911621,"100,0"
75027822,"100,0"
21850904,"100,0"
12546590,"100,0"
18451445,..
59386837,..
16931486,.
70132092,..
66273269,"92,9"
37912396,..
90312942,..
19839859,..
67628478,..
86351879,"91,7"
69302313,..
31057219,..
64579522,.
34381901,"100,0"
96414537,..
95368476,..
31537066,..
84329061,"95,7"
65265211,..
71938440,"100,0"
33657492,..
27859889,"92,3"
69865450,..
49872493,..
95340745,..
59521477,..
54467211,"100,0"
59463950,"100,0"
75374280,..
46148350,..
60919765,..
96152872,"100,0"
68824244,..
56084099,..
39341381,..
94975733,..
56802300,..
77379848,..
13981977,..
34421265,..
23175129,..
18691102,..
47692481,..
20768651,..
98781765,..
95069937,"100,0"
42218661,.
16554575,.
19912478,.
30086854,.
26627862,.
98052678,.
61826221,.
54395430,.
80686587,.
46574937,.
98239050,.
56021320,.
31199511,.
56639389,.
78986228,.
30361243,.
50906954,.
65674821,.
26671095,.
25525759,.
77632411,.
89693952,.
30615080,.
32550660,.
77712952,.
92805465,.
65421426,.
82814120,"94,4"
13006857,..
21567982,..
49379603,..
80167319,..
88534520,"100,0"
82814120,"98,5"
39936461,"85,2"
59734510,..
59455288,..
82163292,"94,4"
88163512,"100,0"
31279294,.
36782335,"73,3"
69686851,"93,9"
95165649,"100,0"
35236491,"98,4"
50696507,"100,0"
38448056,"86,7"
83085136,"100,0"
85544331,"100,0"
19560192,..
21363125,..
78659008,"91,7"
18091973,"100,0"
88624631,"87,0"
35390185,..
40829056,..
65662401,"94,7"
75344502,"95,0"
32580162,"100,0"
61547652,"83,0"
62490359,"84,6"
64725297,"89,7"
43362941,"91,3"
23457902,..
27597104,"100,0"
77823650,"100,0"
52634142,"95,4"
32705515,"97,4"
23306658,"97,1"
26167236,..
11185244,"100,0"
56211717,"95,0"
32042066,..
92814975,"100,0"
20984584,..
61823258,..
39178171,"93,1"
25745773,"97,1"
43284031,"96,2"
26267406,..
53180719,..
56267421,"100,0"
34990065,"83,9"
32003298,"95,8"
42517257,"93,8"
86896907,"100,0"
14292382,"97,7"
54764253,"100,0"
97104132,"100,0"
46332927,"100,0"
86319615,"100,0"
22446331,"91,7"
76903284,..
34222422,..
98815582,"97,3"
59026584,"100,0"
52333875,"93,0"
92489953,"96,3"
82888663,"92,3"
11275959,"96,9"
50615280,"100,0"
19035583,"100,0"
80280597,..
89630851,..
14586562,..
65234368,"100,0"
76942525,..
25698509,"97,4"
16496466,..
65265211,..
61175914,..
63451147,"83,3"
31112935,"89,5"
20173336,"89,7"
38544187,"93,6"
23517683,"100,0"
88956420,..
14677676,"69,7"
98032567,..
25955541,"94,3"
24501884,"100,0"
25847233,..
34421265,"87,5"
33249781,"88,1"
64693272,..
61004230,"95,8"
71262305,..
55795961,..
84947634,..
48009865,"100,0"
18208087,"100,0"
19464342,..
60743463,..
32960825,"100,0"
91748148,"100,0"
42022406,..
65192707,"100,0"
43634528,"100,0"
53400472,"92,9"
97758137,"95,2"
26334561,"98,8"
40386043,"100,0"
59483268,"100,0"
21663998,"100,0"
20595770,"96,0"
45164827,"100,0"
34153869,"100,0"
17846181,..
75082798,"100,0"
34637764,"97,2"
48434184,"100,0"
95684185,"100,0"
17008320,"100,0"
25720752,"100,0"
55155562,"100,0"
23164911,"100,0"
19981611,..
19586169,"100,0"
24273261,..
59455288,..
25677996,"100,0"
35063170,"100,0"
31279294,..
36782335,"100,0"
23897040,..
20666515,"100,0"
54965510,"100,0"
84835666,"100,0"
64740897,..
78979604,..
85068812,..
78397312,"98,5"
89837629,"93,8"
12994441,"95,5"
88774402,"100,0"
75141151,"100,0"
84306392,"100,0"
26627862,"100,0"
72517762,"100,0"
38684438,"100,0"
35647481,"98,6"
69983740,"100,0"
66491596,"100,0"
12052268,"92,6"
71597051,"100,0"
40690520,"100,0"
21505555,"99,2"
70066748,"100,0"
19207279,"100,0"
53640774,"100,0"
72127035,"90,9"
74148070,"100,0"
19051089,"100,0"
98052678,"100,0"
16313848,"100,0"
11294673,"100,0"
86327236,..
83137205,"100,0"
54172830,"100,0"
65136104,..
56330385,..
20228162,"100,0"
53462953,"100,0"
60730660,"100,0"
82592568,"100,0"
78875918,"100,0"
86385479,..
49862313,"100,0"
42859669,"100,0"
99592025,"100,0"
47550455,"100,0"
47046103,"100,0"
58125096,"100,0"
82914148,..
20620556,..
17173461,..
30468157,"100,0"
61528940,"98,3"
92858957,"100,0"
86296935,..
44113417,"100,0"
39555838,..
85214294,..
82084961,"98,4"
51210136,"99,2"
80686587,"100,0"
91984508,"100,0"
40667807,"100,0"
88466776,"100,0"
57942242,"100,0"
77688926,"98,8"
29032715,"100,0"
48931433,"100,0"
96024712,"98,6"
30458073,..
27115998,"100,0"
79516949,"100,0"
87207941,"100,0"
46574937,"100,0"
63791419,"100,0"
81619482,"100,0"
90006712,"100,0"
39149668,"100,0"
38233622,"95,8"
48722826,"100,0"
98239050,"95,2"
61547652,..
87034307,"100,0"
78872213,"100,0"
76860623,"100,0"
64160122,"100,0"
56947954,"100,0"
72022487,..
71512894,"100,0"
28248021,"100,0"
44417214,"100,0"
88776535,"100,0"
71043974,"100,0"
57777751,..
89807183,"100,0"
96818167,"100,0"
67300857,"100,0"
99279503,..
63653488,..
84476205,"100,0"
69240218,..
12934438,"100,0"
43313366,"100,0"
82002016,"100,0"
23306658,"100,0"
69306209,"100,0"
94090461,"100,0"
80931789,"100,0"
69807202,"100,0"
75939593,"100,0"
56639389,"100,0"
95700485,"100,0"
53896162,"100,0"
17779637,"100,0"
66824652,..
49168016,"100,0"
60873719,"100,0"
21938183,"100,0"
69063711,..
12926770,"95,2"
68748767,..
23548714,"100,0"
48593439,"100,0"
91773491,"94,9"
30361243,"100,0"
25596917,"100,0"
65722876,"100,0"
65381163,"100,0"
84424083,"100,0"
78231062,"100,0"
10481541,"100,0"
68381790,"100,0"
13006857,"100,0"
16956086,"100,0"
58187973,"100,0"
31870541,..
44672598,"100,0"
31822012,..
83161201,"100,0"
16702464,..
36252055,"100,0"
58907711,"100,0"
71541108,"100,0"
69471748,..
76485705,"100,0"
93239262,"100,0"
75575321,"100,0"
24194577,..
51955293,"100,0"
51736304,"100,0"
95785055,"100,0"
68655578,"100,0"
37054246,..
39199869,"100,0"
59655752,"100,0"
41555549,..
81876614,"100,0"
67071618,..
75324351,..
61229217,"100,0"
59575030,"100,0"
77440824,"100,0"
14292382,"100,0"
87859089,"100,0"
98908403,"100,0"
16493131,"100,0"
83272868,"100,0"
45552626,"100,0"
16748680,"100,0"
65674821,"100,0"
38048202,"100,0"
65320354,"98,4"
76903284,"100,0"
49141105,"92,3"
26996566,..
27704246,"99,4"
69747871,..
79346084,"100,0"
14448619,"100,0"
43565270,"100,0"
52791537,"100,0"
85819857,"100,0"
54117171,"100,0"
48120273,"100,0"
94167577,"100,0"
53903798,..
69650864,"100,0"
41938272,"100,0"
76054399,"93,9"
60142020,..
70811222,..
17911161,"100,0"
35084976,"95,5"
77632411,"97,6"
49068301,"100,0"
38195284,"100,0"
97510495,"100,0"
89461767,"94,1"
94717858,"100,0"
53760158,"100,0"
37802196,..
36288955,"100,0"
74812809,"100,0"
88839172,"100,0"
95618280,"100,0"
26326048,"93,3"
37839488,"98,1"
59796774,..
75600007,"95,5"
73812226,"100,0"
82964090,"98,8"
24339566,"100,0"
65458415,..
52333875,"97,8"
69543519,"100,0"
24759907,"80,0"
31315191,"100,0"
56670842,"100,0"
48555205,"95,8"
31313926,..
30312720,"100,0"
32116280,..
53175499,"100,0"
52153758,"100,0"
22116645,"100,0"
30167976,"100,0"
50104466,..
28004794,..
32071849,"100,0"
41099519,"100,0"
59386837,..
21382451,"100,0"
43873969,"100,0"
24993048,"100,0"
66273269,"100,0"
11275959,"100,0"
58518163,..
37912396,"100,0"
45593337,"100,0"
10226870,"100,0"
32057701,"100,0"
30615080,"92,0"
70543431,..
23476801,..
86351879,"100,0"
74322969,..
90260899,..
31057219,"100,0"
27079521,"100,0"
64579522,..
34381901,"100,0"
55150847,"88,6"
53069733,"100,0"
99394620,"100,0"
76448076,"100,0"
84329061,"100,0"
82718660,..
31486865,"100,0"
97265732,"100,0"
61720981,"100,0"
98651664,"100,0"
33657492,"100,0"
37078868,..
16130958,"100,0"
77713695,"100,0"
16218090,"100,0"
23544320,"100,0"
49136871,.
20855811,"93,3"
53923398,"100,0"
74560191,..
47844862,"100,0"
72984079,"100,0"
52048443,..
61674097,..
32550660,"100,0"
93488613,..
45600034,..
59599256,"100,0"
26957025,"100,0"
90509211,..
11953769,..
50393060,"100,0"
95340745,..
54004368,"100,0"
31975673,"97,6"
82251333,"100,0"
63931325,..
57391913,"100,0"
46148350,"100,0"
50133877,"100,0"
74919147,"100,0"
24277564,"100,0"
44412461,"100,0"
18217765,"100,0"
49576295,"100,0"
49170638,"100,0"
25379974,..
88025221,"100,0"
18042101,"100,0"
56041699,..
70955448,"100,0"
46707989,"100,0"
61176909,"100,0"
21778322,"100,0"
62612992,"89,7"
94975733,"100,0"
56802300,..
15149235,"100,0"
13981977,..
67058407,"88,2"
15791044,"100,0"
64908550,"100,0"
77358716,"100,0"
92192566,..
56886667,"100,0"
65421426,"100,0"
62394916,..
72071234,"100,0"
64693272,..
65833454,"100,0"
34988313,"100,0"
38880984,"98,1"
18686599,"100,0"
47559319,"100,0"
20752831,"100,0"
51023367,..
34739511,"100,0"
52690153,..
61004230,..
19464342,..
43609520,..
83474173,..
91487291,..
88445871,"96,9"
23424275,"94,3"
40386043,..
33685428,..
75082798,..
34637764,"100,0"
15077883,..
19647256,"100,0"
16361868,..
19586169,..
25679488,"100,0"
31279294,..
36782335,..
90551279,"94,7"
93062368,..
15414001,"98,2"
38311488,"100,0"
74148070,..
32671805,"97,0"
79606767,..
65136104,..
80327946,"92,9"
86385479,..
70923626,..
47550455,..
20620556,..
19560192,..
46660042,..
40810950,"96,3"
17849518,..
66132676,"88,5"
19741742,..
97270136,"100,0"
30530571,"100,0"
11673760,"90,0"
38400227,"76,9"
60209222,"100,0"
23350817,..
87262566,..
41844601,"86,7"
57397381,..
72022487,..
44417214,..
86158933,"100,0"
78287294,"100,0"
32705515,"100,0"
23306658,..
31740319,"86,4"
63035915,"75,5"
50821167,..
92814975,..
68748767,..
20984584,..
11608031,"100,0"
76007769,"100,0"
88894245,..
47884009,"100,0"
75340089,..
31796890,..
69471748,"95,2"
60424371,"95,2"
37054246,..
18711877,..
28025244,..
16493131,..
48304166,..
68597767,..
38048202,"100,0"
40575001,..
12496135,..
42060237,..
56653353,"97,9"
31998226,..
24397215,"88,6"
30677562,"96,4"
79845033,..
21627442,"100,0"
16931486,..
19306558,..
37912396,..
29159460,..
89630851,"100,0"
69302313,..
27079521,..
14853321,..
92949043,"100,0"
71969230,..
61720981,..
16496466,..
62300682,"94,7"
61175914,..
61197669,..
37316242,"95,5"
54599691,..
27106031,..
63931325,..
57391913,..
70803636,"84,6"
14799321,"96,0"
16720048,"97,4"
31380193,..
92816527,..
15149235,..
82160887,..
15933512,"93,5"
12198363,..
18072172,..
85188855,..
39528347,..
53279140,..
56187883,..
51023367,..
68229719,"96,2"
71262305,"100,0"
55795961,..
84947634,..
48009865,"83,3"
82840198,"97,6"
19464342,..
60743463,..
97968599,"100,0"
42218661,"100,0"
74434644,"100,0"
36263479,"100,0"
19150273,"90,9"
53400472,..
97758137,"100,0"
26334561,"98,5"
40386043,"100,0"
59483268,"89,5"
32879845,"100,0"
88573795,..
20595770,"97,5"
82814120,"100,0"
45164827,"100,0"
10924758,"87,5"
34153869,"100,0"
17846181,..
75082798,"92,5"
23555409,"100,0"
72266906,"97,2"
34637764,..
19912478,"100,0"
15077883,"100,0"
48434184,"100,0"
51138448,"97,0"
93939982,"97,4"
25720752,"100,0"
55155562,"100,0"
31533003,"100,0"
16361868,..
19981611,..
19586169,"100,0"
24273261,"100,0"
59455288,..
25679488,"100,0"
35063170,..
31279294,..
36782335,"100,0"
20666515,"100,0"
21648755,"100,0"
11111710,"100,0"
49616977,"95,5"
54965510,"97,7"
54164490,"96,0"
20319353,"100,0"
92194545,"100,0"
64740897,..
78979604,..
85068812,"100,0"
78397312,"100,0"
36444853,"96,3"
89837629,"95,5"
12994441,"94,1"
88774402,"100,0"
75141151,"97,1"
28627819,"95,1"
26627862,"94,1"
48847282,"96,7"
72517762,..
38684438,"98,0"
31251822,"88,6"
90099336,..
69983740,"100,0"
12052268,"87,5"
71597051,"100,0"
40690520,"100,0"
97382366,"92,0"
10638939,"60,9"
21052710,"100,0"
88834120,"100,0"
19207279,"100,0"
53640774,"95,7"
72127035,"100,0"
68734112,"100,0"
92507006,"100,0"
44653962,"91,3"
50198492,"99,3"
16313848,"93,1"
11294673,"100,0"
86327236,..
41745951,"100,0"
83137205,"95,8"
28398531,..
66335258,"100,0"
54172830,"100,0"
75458014,"94,1"
65136104,..
56330385,"87,5"
20228162,"100,0"
53462953,"96,6"
60730660,"100,0"
82592568,"100,0"
86385479,..
49862313,"96,0"
99838438,..
42859669,"84,2"
99592025,"100,0"
34247736,"97,7"
76877530,..
47046103,..
58125096,"80,8"
82914148,..
20620556,"100,0"
17173461,..
30468157,"100,0"
66861851,"100,0"
92858957,"98,7"
44113417,"100,0"
67783774,..
39555838,..
85214294,"92,3"
82084961,"100,0"
73829818,"100,0"
18881773,..
78295411,"100,0"
12279302,"90,9"
50500028,"100,0"
18091973,"100,0"
88466776,"94,4"
40634612,"100,0"
37358234,"100,0"
21008461,"98,3"
53893730,"98,2"
42573391,..
64574972,"95,8"
45830583,..
48931433,"98,0"
30530571,"100,0"
78839208,"100,0"
30458073,.
68920727,"100,0"
27115998,"100,0"
79516949,"100,0"
96684210,"100,0"
87207941,"100,0"
23836342,"97,4"
12395564,"100,0"
39149668,"100,0"
48722826,"100,0"
40766349,"100,0"
67554405,"98,3"
73944169,"100,0"
94455820,..
62104139,"100,0"
78872213,"100,0"
58191646,"97,9"
63179610,"91,3"
64569393,"100,0"
48217580,"100,0"
57397381,"89,2"
72022487,"100,0"
71512894,"100,0"
28248021,"95,8"
44417214,"100,0"
25025681,"100,0"
71043974,"98,7"
57777751,..
61161774,"100,0"
75914181,"100,0"
99279503,"100,0"
63653488,..
25392789,"100,0"
69240218,"100,0"
38460895,"100,0"
31199511,"100,0"
43313366,"100,0"
37550979,..
70137084,"100,0"
23306658,"100,0"
11102578,"97,3"
17944628,"100,0"
94090461,"100,0"
64648904,"95,8"
75939593,"97,1"
26324896,"100,0"
56639389,"100,0"
95700485,"100,0"
53896162,"100,0"
17779637,"97,1"
71929526,..
60873719,"100,0"
28085125,"87,5"
21938183,"100,0"
69063711,..
77609073,..
35894996,"100,0"
12926770,"88,2"
68748767,"100,0"
23548714,"95,0"
48593439,"100,0"
91773491,"88,0"
30361243,"100,0"
25596917,"100,0"
65722876,"100,0"
65381163,"97,8"
31155312,"87,9"
84424083,"100,0"
78231062,"100,0"
10481541,"95,8"
68381790,"100,0"
13006857,"100,0"
16956086,"92,9"
58187973,..
31870541,"94,4"
44672598,"100,0"
31822012,"96,9"
99356671,..
16702464,..
29449669,"100,0"
62855448,"96,0"
91812793,"99,5"
58907711,"100,0"
68285560,"94,9"
58544422,"100,0"
69471748,"95,8"
49750031,"98,0"
93239262,"100,0"
75575321,"100,0"
28023078,"100,0"
24194577,..
57690933,"98,5"
12130801,"100,0"
95785055,"100,0"
68741484,"98,6"
37054246,"100,0"
72421673,"97,5"
15763669,..
59655752,"100,0"
41555549,"95,5"
85459854,"100,0"
67071618,..
75324351,..
61229217,"94,1"
18617410,"98,3"
40338843,"100,0"
14292382,"100,0"
87859089,"100,0"
98908403,"77,8"
16493131,"96,6"
83272868,"100,0"
11526364,"91,2"
45552626,"100,0"
16748680,"100,0"
92332557,"94,1"
78690637,"100,0"
30279258,"97,6"
76903284,"100,0"
49141105,"88,0"
18974693,"100,0"
26996566,..
69747871,..
31151740,"100,0"
79346084,"100,0"
89816391,"97,6"
43565270,"100,0"
77176811,"100,0"
52791537,"100,0"
52942981,"100,0"
48120273,"100,0"
94167577,"92,3"
27023528,"100,0"
53903798,"89,5"
97770837,"88,9"
69650864,"100,0"
59581397,"95,8"
41938272,"100,0"
29423248,"96,3"
33132452,"85,7"
70811222,..
17911161,"100,0"
35084976,..
77632411,"100,0"
49068301,"100,0"
59898194,"89,5"
38195284,"98,1"
97510495,"100,0"
89461767,"100,0"
94717858,"100,0"
36288955,"98,4"
74812809,"100,0"
88839172,"100,0"
48412612,"95,7"
75075402,"100,0"
26326048,"90,9"
37839488,"98,2"
59796774,..
17675502,..
75600007,"91,9"
73812226,"85,0"
88955893,"100,0"
63943560,"75,0"
85516596,"94,1"
16784385,"100,0"
89963319,..
24339566,"100,0"
65458415,..
95154882,..
28519815,"96,2"
69543519,..
24759907,"85,5"
31315191,"100,0"
42775003,"100,0"
48555205,"95,2"
32116280,..
57143976,"100,0"
53175499,..
64388538,"100,0"
52153758,"100,0"
22116645,..
99755443,"100,0"
30167976,..
50104466,..
28004794,..
32071849,"100,0"
79845033,"100,0"
41099519,"100,0"
59386837,..
21382451,"96,8"
36769815,..
43873969,"100,0"
35301145,"96,3"
59942080,"100,0"
66273269,"100,0"
11275959,..
58518163,"100,0"
37912396,"100,0"
45593337,"94,1"
19839859,..
30615080,"92,1"
25178582,"100,0"
23476801,..
56041144,"87,8"
74322969,"100,0"
90260899,"100,0"
31057219,"100,0"
27079521,"100,0"
64579522,"94,1"
34381901,"100,0"
55150847,..
90076461,"97,3"
53069733,"100,0"
95368476,"95,9"
76448076,..
86488203,"100,0"
25156286,"100,0"
28081446,"100,0"
92949043,"100,0"
91048178,"100,0"
82718660,..
12399380,..
31486865,"98,9"
97265732,"100,0"
61720981,"96,7"
50424828,..
47393891,"97,3"
48414975,"100,0"
47108751,..
33657492,"100,0"
82195565,"100,0"
77713695,"100,0"
64667996,"100,0"
23544320,"97,1"
69040241,..
63993414,..
20855811,"100,0"
53923398,"93,0"
74560191,..
47844862,"100,0"
72984079,"100,0"
36480690,"100,0"
32995170,"100,0"
52048443,..
61674097,"100,0"
32550660,"98,1"
93488613,"100,0"
45600034,..
59599256,"97,0"
26957025,"100,0"
90509211,"89,5"
50393060,"100,0"
85788659,"84,6"
95340745,..
59521477,..
92442684,"100,0"
54599691,"100,0"
31975673,"100,0"
99864908,"100,0"
63931325,..
57391913,"100,0"
46148350,"100,0"
49868916,"100,0"
74919147,"84,6"
78389879,"100,0"
24277564,..
44412461,"99,2"
36355200,"100,0"
70803636,"100,0"
77712952,"90,0"
10433896,"100,0"
49170638,"88,9"
46379730,"100,0"
25379974,"100,0"
88025221,"99,4"
18042101,"100,0"
56041699,..
45111086,"100,0"
70955448,"100,0"
67924816,"98,2"
56084099,..
13960635,"96,2"
61176909,"100,0"
21778322,"100,0"
85485803,"98,3"
88429477,"93,0"
56802300,"100,0"
15149235,"100,0"
24538846,"93,8"
67058407,"100,0"
15791044,"91,7"
65392939,"100,0"
77358716,"97,6"
49739986,"97,5"
92192566,"90,9"
56886667,"100,0"
64648566,"100,0"
65421426,"100,0"
62394916,"100,0"
72071234,"100,0"
15933512,"99,3"
64693272,..
18072172,..
65833454,..
28045567,"97,6"
18686599,"100,0"
93779220,"97,4"
80785976,"92,9"
47559319,"100,0"
56187883,"91,7"
20752831,"96,2"
51023367,..
52690153,..
36782335,..
96279444,"100,0"
19560192,..
31657916,..
85800840,"100,0"
20061769,"100,0"
77358716,"100,0"
18345915,"100,0"
71262305,"100,0"
55795961,..
48009865,"100,0"
18208087,"100,0"
60743463,..
32960825,"100,0"
91748148,"96,3"
42022406,"94,7"
65192707,"100,0"
69018222,"100,0"
12889940,"97,2"
40386043,"100,0"
21663998,"100,0"
88259298,"100,0"
17846181,..
75082798,"96,2"
23555409,"95,2"
30341162,"100,0"
16950252,"100,0"
15077883,..
48434184,..
56421429,"100,0"
17008320,"100,0"
25720752,"100,0"
55155562,"100,0"
23164911,"100,0"
36680097,..
95683850,"100,0"
89888648,"100,0"
35063170,"100,0"
31279294,..
36782335,"100,0"
23897040,..
37906565,..
90551279,"98,0"
69686851,..
85068812,..
16819383,"100,0"
89837629,"100,0"
72517762,..
79094701,"100,0"
66491596,"100,0"
12052268,"100,0"
53231578,"100,0"
96279444,"92,7"
40690520,"100,0"
35006050,"100,0"
21052710,"100,0"
58502307,"100,0"
97177328,"90,6"
70969714,"100,0"
81993306,"95,2"
47264019,"100,0"
16313848,"98,8"
86327236,..
28398531,"100,0"
79033948,"95,5"
68240485,"98,3"
78875918,"100,0"
86385479,..
49862313,..
99838438,"100,0"
42859669,"100,0"
99592025,"100,0"
47550455,"100,0"
58125096,"96,6"
30468157,"100,0"
72206824,"96,2"
92858957,"100,0"
44113417,"96,2"
39555838,..
82084961,"100,0"
46162400,"100,0"
67279263,"100,0"
18594470,"98,4"
40667807,..
88466776,..
40634612,..
14508922,"100,0"
29032715,"96,6"
19909435,"100,0"
96024712,"100,0"
27115998,"100,0"
41867682,"100,0"
79516949,"100,0"
46574937,"100,0"
39805497,"100,0"
81619482,"100,0"
90006712,..
39149668,..
48722826,"100,0"
53691739,"100,0"
43251309,"100,0"
87034307,"97,3"
78872213,..
80405898,"100,0"
51620045,"100,0"
86888278,"90,9"
56947954,"100,0"
72022487,"100,0"
71512894,"100,0"
28248021,..
44417214,"78,6"
88776535,"100,0"
71043974,"100,0"
89807183,"100,0"
39302565,"100,0"
79527481,"99,3"
69240218,..
86787111,"96,4"
77823650,..
82002016,"100,0"
97535124,"100,0"
69306209,"100,0"
12954099,"98,6"
90473340,"100,0"
51449748,"100,0"
12613085,"100,0"
53896162,"100,0"
66824652,"90,0"
49168016,"100,0"
60873719,"100,0"
69063711,..
77609073,..
52129378,"100,0"
65381163,"95,7"
68381790,..
13006857,"100,0"
16956086,"100,0"
31870541,"100,0"
44672598,"100,0"
83161201,"100,0"
16702464,..
29449669,"96,6"
36252055,"100,0"
14355031,"100,0"
53832505,"100,0"
69471748,..
43284031,"100,0"
26267406,..
51955293,"100,0"
51736304,"100,0"
44285075,..
68655578,"100,0"
37054246,..
39199869,"100,0"
88750078,"100,0"
41555549,"100,0"
81876614,"100,0"
67071618,"100,0"
75324351,..
59575030,"100,0"
77440824,"100,0"
51981332,"100,0"
87859089,..
98908403,"86,4"
16493131,"100,0"
11526364,"100,0"
38048202,"97,6"
26671095,"100,0"
65320354,"100,0"
76903284,"100,0"
15870428,"100,0"
26750052,"100,0"
12546590,"100,0"
54117171,"100,0"
94167577,"100,0"
27023528,"100,0"
17911161,"100,0"
35084976,..
49068301,"100,0"
94717858,"96,9"
46256929,"88,9"
73812226,"100,0"
15390992,"100,0"
63943560,"86,7"
78433202,"98,3"
31313926,"100,0"
30312720,"100,0"
32116280,"100,0"
57143976,"100,0"
93367005,"93,0"
50104466,..
79845033,"100,0"
41099519,..
59386837,..
17276047,"100,0"
48244956,"95,5"
13084253,"100,0"
58518163,"100,0"
27993549,"100,0"
37912396,..
45593337,"96,8"
67628478,"100,0"
37517404,..
25178582,"100,0"
86351879,..
74322969,..
90260899,..
31057219,"100,0"
27079521,"100,0"
64579522,..
53069733,"100,0"
99394620,"100,0"
31537066,"100,0"
21400668,"100,0"
84329061,"100,0"
91048178,"100,0"
31486865,"100,0"
97265732,"100,0"
61720981,"99,0"
82931004,..
28829503,"95,6"
33657492,"100,0"
33596572,"100,0"
57668673,"100,0"
20855811,"100,0"
53923398,"100,0"
72984079,"100,0"
36480690,"100,0"
52048443,"97,1"
50393060,"100,0"
95340745,..
59521477,..
66095163,"95,2"
54004368,"100,0"
31975673,"100,0"
59463950,"100,0"
63931325,..
75374280,"100,0"
46148350,..
50133877,"100,0"
44412461,"100,0"
18217765,"100,0"
66028861,"100,0"
10433896,"100,0"
43154449,"100,0"
68824244,"100,0"
43479922,"100,0"
28391147,"100,0"
62612992,"94,4"
94975733,..
56802300,..
15149235,..
13981977,..
67058407,..
15791044,..
65392939,"100,0"
29225010,"100,0"
24349146,"100,0"
83605345,..
64693272,..
18072172,..
20768651,"100,0"
28872974,"100,0"
80785976,..
21532545,..
20752831,"100,0"
34739511,"100,0"
68824244,..
68564903,"100,0"
88445871,"100,0"
98132436,"95,2"
59483268,..
12154972,"100,0"
59734510,..
59455288,..
89888648,..
36782335,..
20666515,..
90551279,"85,7"
93062368,..
90267145,..
16819383,"100,0"
51321260,"89,2"
88556189,..
31843016,..
87764775,..
16313848,..
65136104,..
69241230,..
80327946,"100,0"
86385479,..
42859669,"90,9"
92905347,"100,0"
30329172,..
19560192,..
82084961,"100,0"
73829818,"75,0"
14508922,..
19741742,..
19909435,"100,0"
85800840,..
39583059,"85,7"
38645259,..
38400227,"88,2"
86473502,..
73567152,"100,0"
23457902,..
72022487,..
44417214,..
86724994,..
78287294,..
81551726,..
76195214,..
82826083,..
26167236,..
63035915,"96,2"
17119840,"100,0"
20984584,..
25648215,..
68006362,"100,0"
86762103,..
58187973,..
88894245,..
22220001,..
72891848,..
48862305,"88,0"
26267406,..
53180719,..
15609112,"100,0"
62216381,..
85459854,"100,0"
41697930,"92,3"
78690637,..
97835550,..
42911621,"100,0"
42060237,..
14926020,"89,5"
31998226,..
79829846,"90,5"
41631104,..
16931486,..
19839859,..
43601850,..
96414537,..
99394620,..
84329061,"100,0"
65265211,..
61647360,..
45541222,"100,0"
91905819,..
54882637,..
72984079,"100,0"
69865450,..
49872493,..
54467211,"100,0"
82251333,..
34002355,..
10342448,..
60088179,"100,0"
90290154,"100,0"
18691102,..
24349146,"100,0"
47692481,..
18072172,..
29744774,..
32239920,..
68229719,"100,0"
84947634,..
68564903,"100,0"
82840198,..
32960825,"100,0"
83474173,"92,3"
74434644,"94,4"
93281974,"88,2"
23424275,..
19150273,..
26334561,"94,7"
59483268,..
73098153,"83,3"
17846181,..
75082798,..
34637764,"82,4"
15077883,..
48434184,..
88850910,"86,7"
25720752,"95,0"
31533003,..
31429031,"100,0"
19586169,..
95683850,"100,0"
59455288,..
25677996,..
36782335,"100,0"
37906565,..
90551279,"94,4"
90267145,..
72998905,"100,0"
96590873,"94,1"
88556189,..
72127035,..
85003442,"95,7"
44653962,"95,5"
87764775,..
48438396,"82,9"
32671805,..
16313848,"95,2"
11294673,..
66335258,"100,0"
78875918,"96,2"
78023197,"100,0"
70923626,"100,0"
92905347,..
34247736,"100,0"
38167912,..
19560192,..
46660042,"85,2"
85214294,..
40037982,"95,6"
12279302,"96,0"
40667807,"100,0"
80762863,"88,9"
31657916,..
64574972,"100,0"
48931433,"100,0"
96024712,..
40829056,..
38645259,..
11673760,"90,0"
63791419,"81,8"
46145886,..
27041885,"93,3"
97596286,"91,2"
67554405,"89,7"
86473502,..
84286698,..
76860623,"95,2"
57397381,"100,0"
72022487,"100,0"
28248021,..
44417214,..
14102256,"100,0"
75914181,"88,2"
99279503,"100,0"
76195214,"100,0"
21901328,"100,0"
23306658,..
31740319,"80,0"
69807202,"96,2"
63035915,"87,0"
32042066,"100,0"
92814975,..
35894996,"100,0"
20984584,..
25648215,"91,7"
68006362,"92,3"
13006857,"100,0"
16956086,"93,8"
71160225,..
75340089,..
36670439,"92,9"
22220001,..
99356671,"92,9"
16702464,..
72891848,..
71541108,"100,0"
28023078,"100,0"
13963517,..
51955293,"100,0"
12130801,..
53180719,"91,7"
68741484,..
31179045,"100,0"
41555549,..
18711877,"100,0"
75324351,..
70376604,"91,7"
14292382,..
16493131,"95,5"
48304166,..
65674821,"91,7"
38048202,"95,7"
87303004,"90,9"
97835550,..
26508763,"95,2"
14504503,..
16198647,"97,2"
12496135,..
76903284,"100,0"
68649663,"89,2"
81997762,..
42060237,..
53903798,"92,9"
97770837,"72,2"
33132452,"100,0"
59898194,..
95618280,"89,1"
65458415,..
16501673,..
59386837,..
16931486,..
32321364,"90,9"
27993549,..
37912396,..
90312942,"100,0"
19839859,..
29159460,..
43601850,..
14586562,..
69302313,..
31057219,"100,0"
64579522,..
34381901,..
96414537,..
31537066,..
84329061,"90,0"
71969230,..
61720981,"100,0"
50424828,"95,2"
65265211,..
97191332,"96,6"
33657492,..
17812651,"100,0"
22239675,"95,2"
59599256,"93,5"
49872493,..
11953769,..
50393060,..
95340745,..
92442684,"97,1"
54599691,..
54467211,..
99864908,"100,0"
63931325,..
46148350,..
49868916,"89,5"
84908877,..
24277564,..
36355200,"87,5"
77835341,"100,0"
77712952,"85,0"
56041699,"100,0"
90685868,"100,0"
60088179,"96,0"
21778322,"94,7"
90290154,..
25847233,"95,2"
16848652,..
56802300,..
77379848,..
67422309,..
15791044,..
65421426,"94,4"
12198363,..
47692481,..
64693272,..
89690587,"100,0"
87112995,"89,3"
51023367,..
52690153,..
38683336,.
