skolkod,andel_minst_e_na1
93221031,"97,2"
17474377,"100,0"
74776778,"100,0"
18345915,"91,9"
68229719,"100,0"
61004230,"100,0"
71262305,"100,0"
55795961,"83,3"
84947634,"100,0"
23517336,"91,7"
48009865,"97,0"
97870412,"90,5"
68564903,"98,2"
82840198,"100,0"
18208087,"90,9"
89982804,"100,0"
19464342,"100,0"
60743463,..
32960825,"100,0"
43609520,"95,5"
41416934,"95,8"
97968599,"100,0"
21567982,"86,7"
91748148,"100,0"
49379603,..
80167319,..
42218661,"100,0"
73171934,..
83474173,"97,8"
91487291,..
21866405,"76,9"
74434644,"98,3"
42022406,"92,6"
88445871,"99,0"
65192707,"100,0"
18425335,"89,3"
93281974,"100,0"
23424275,"88,3"
43634528,.
36263479,"99,3"
56679384,"98,7"
30538202,"100,0"
19150273,"100,0"
69018222,"83,3"
25624692,"94,7"
88534520,"96,9"
12889940,.
16554575,"96,3"
34076477,"100,0"
54896448,"100,0"
25356960,"95,9"
64284020,"91,5"
98132436,"94,8"
53400472,..
60096875,"76,9"
97758137,"94,9"
26334561,"96,5"
40386043,"96,0"
29324709,..
26864271,..
59483268,"88,9"
33685428,"93,9"
32879845,"100,0"
88573795,"100,0"
20699742,"100,0"
21663998,.
20595770,"98,8"
82814120,"100,0"
45164827,"97,8"
10924758,"92,9"
34153869,"92,9"
88259298,..
73098153,"91,7"
44240250,"97,3"
17846181,"95,2"
75082798,"90,2"
23555409,"100,0"
91333138,"88,5"
30341162,"89,5"
39936461,"100,0"
72266906,"94,5"
27030026,"100,0"
12154972,"88,5"
16950252,"96,2"
34637764,"94,3"
19912478,"99,1"
73255276,"100,0"
15077883,"76,4"
48434184,"93,3"
58724424,"79,3"
95684185,"97,2"
51138448,"100,0"
19647256,"95,5"
56421429,"100,0"
39911065,"100,0"
17008320,..
56737496,"96,0"
88850910,"73,3"
93939982,"98,8"
25720752,"96,9"
55155562,"93,6"
31533003,"100,0"
31429031,"95,3"
16361868,..
23164911,.
24008049,"92,2"
19981611,"93,8"
54481243,"100,0"
36680097,"73,3"
87756916,"86,8"
59734510,"91,2"
19586169,"86,2"
24273261,"92,9"
95683850,"91,9"
59455288,"89,7"
82163292,"94,4"
25679488,"87,5"
25677996,"94,9"
89888648,"97,2"
90003262,..
88163512,"90,9"
35063170,"100,0"
31279294,"83,9"
36782335,"96,5"
23897040,.
20666515,"100,0"
37906565,"100,0"
67279303,"100,0"
21648755,"91,1"
11111710,"100,0"
90551279,"92,7"
93062368,"93,8"
69686851,"91,7"
49616977,"98,5"
54965510,"95,9"
90267145,"100,0"
72998905,"96,2"
84835666,"96,3"
25872338,..
54164490,"72,0"
69481650,"78,9"
20319353,"97,1"
92194545,"100,0"
88153340,"95,0"
94353434,"86,0"
59396229,"90,9"
95165649,"90,2"
64740897,..
78979604,..
69626109,"83,7"
10974852,..
85068812,"66,7"
78397312,"98,4"
36444853,"96,4"
15414001,"74,5"
38311488,"90,6"
16819383,"95,6"
89837629,"98,1"
12994441,"97,7"
53660780,"100,0"
88774402,"100,0"
75141151,"97,0"
61701709,"100,0"
61469192,"90,5"
84306392,.
28627819,"100,0"
30086854,"87,5"
26627862,"100,0"
48847282,"100,0"
72517762,..
79094701,"100,0"
38684438,"91,0"
31251822,"93,3"
90099336,..
96590873,"96,5"
35647481,.
39549479,"100,0"
73147554,"100,0"
65752105,..
69983740,"100,0"
66491596,.
12052268,"100,0"
71597051,"100,0"
53231578,"89,7"
11274830,"88,9"
51321260,"98,3"
96279444,"100,0"
40690520,"100,0"
61880907,"85,5"
91011325,"80,0"
97382366,"97,4"
35006050,"90,5"
88886610,"88,9"
10638939,"94,5"
21505555,.
34336190,"100,0"
21052710,"98,2"
88556189,"49,0"
35236491,"98,4"
69739484,"91,5"
92887917,"96,1"
88834120,"98,7"
70066748,"100,0"
19207279,"100,0"
53640774,"99,0"
58502307,"92,9"
97177328,"94,1"
72127035,"96,9"
70969714,"83,3"
85003442,"97,3"
22752398,"90,6"
68734112,"97,5"
71922787,"100,0"
31843016,"70,6"
74148070,..
50696507,"100,0"
92507006,"100,0"
44653962,"100,0"
20100577,"95,7"
81993306,"90,3"
19051089,.
29097621,"87,1"
47264019,"96,7"
87764775,"83,3"
50198492,"94,4"
48438396,"95,1"
98052678,..
20099064,"90,0"
44341171,"79,3"
32671805,"87,2"
38448056,"100,0"
16313848,"99,2"
79606767,"98,5"
11294673,"97,6"
86327236,"97,8"
41745951,"100,0"
83137205,"95,8"
28398531,"91,4"
66335258,"94,1"
54172830,"89,4"
86310217,"71,4"
83085136,"100,0"
75458014,"96,2"
65136104,"92,9"
61826221,.
79033948,"97,7"
56330385,"88,7"
20228162,"100,0"
68240485,"98,2"
95046058,"97,4"
44392995,"89,8"
53462953,"95,8"
69241230,"91,3"
60730660,"100,0"
85544331,"100,0"
80327946,"91,9"
82592568,"100,0"
78875918,"76,9"
78023197,"95,7"
86385479,"89,6"
40991561,..
49862313,"91,9"
99838438,"91,9"
42859669,"88,1"
70923626,"96,8"
92905347,"100,0"
99592025,"97,1"
34247736,"99,2"
47550455,"96,9"
30329172,"100,0"
76877530,"76,5"
47046103,"92,3"
56664512,..
38167912,"100,0"
43826783,..
58125096,"91,0"
82914148,..
20620556,"100,0"
77839100,..
17173461,"95,0"
55535552,.
19560192,"98,1"
30468157,"100,0"
98053087,"70,3"
92533079,"98,0"
61528940,.
23681822,"100,0"
66861851,"100,0"
72206824,.
92858957,"98,8"
46660042,"82,0"
86296935,.
44113417,"95,3"
67783774,..
38917647,..
21363125,..
39555838,"100,0"
85214294,"100,0"
82084961,"80,3"
46162400,"94,5"
98369689,"93,5"
56529916,"95,0"
40810950,"100,0"
67279263,.
40037982,"93,3"
51210136,.
73829818,"99,2"
54395430,.
18881773,"100,0"
50908408,"100,0"
18594470,"100,0"
78295411,"97,4"
80686587,"100,0"
72232853,"100,0"
12279302,"100,0"
17849518,"100,0"
64205087,"95,7"
50500028,"98,2"
94570025,"91,7"
91984508,"93,9"
78659008,"91,7"
12448823,..
40667807,"100,0"
18091973,"93,0"
88466776,"93,3"
36539945,..
40634612,"94,0"
62439199,"95,0"
66132676,"98,9"
57942242,.
80762863,"94,8"
77688926,"100,0"
14508922,..
69629086,"96,5"
88624631,"95,7"
35390185,..
37358234,"88,9"
31657916,"100,0"
21008461,"100,0"
54606928,"99,0"
53893730,"100,0"
46241804,"90,0"
42573391,"100,0"
64574972,"100,0"
19741742,"89,5"
29032715,"100,0"
45830583,"100,0"
48931433,"97,6"
97270136,"96,6"
19909435,"100,0"
30530571,"94,2"
78839208,"100,0"
96024712,"100,0"
30458073,..
40829056,"100,0"
85800840,"100,0"
68920727,"100,0"
27115998,"95,6"
41867682,"100,0"
79516949,"97,2"
65662401,"94,7"
39583059,"89,1"
38645259,"84,4"
96684210,"99,2"
87207941,"100,0"
11673760,"97,2"
46574937,.
23836342,"98,5"
63791419,"75,8"
39805497,"95,2"
38400227,"79,0"
81619482,"100,0"
83829189,"100,0"
46145886,"100,0"
12395564,"100,0"
90006712,.
43649848,"100,0"
75344502,"85,0"
84247499,"98,6"
27041885,"100,0"
39149668,"100,0"
97064126,..
32580162,"95,7"
38233622,.
48722826,"95,3"
73063662,"93,7"
40766349,"100,0"
71571158,"96,9"
53691739,"100,0"
43251309,"100,0"
97596286,"94,0"
67554405,"99,4"
86473502,"92,9"
73944169,"100,0"
98239050,"78,6"
94455820,..
58368956,"92,9"
73567152,"71,4"
61547652,"100,0"
60209222,"77,6"
62104139,"96,8"
87034307,.
78872213,"97,3"
84286698,"96,2"
62490359,"100,0"
64725297,"72,4"
43362941,"82,6"
23350817,..
76860623,"100,0"
58191646,"96,8"
80405898,.
56021320,"100,0"
41358402,"100,0"
63179610,"100,0"
64569393,"97,7"
87262566,"97,6"
64160122,.
48217580,"99,3"
41844601,"100,0"
51620045,"91,7"
86888278,..
23457902,"85,7"
27597104,"100,0"
57397381,"88,1"
56947954,"97,4"
72022487,"88,4"
71512894,"96,9"
70969556,"100,0"
28248021,"95,5"
44417214,"98,0"
25025681,"83,8"
88776535,.
49488344,"92,7"
74408578,"98,8"
71043974,"90,3"
57777751,..
38732602,"91,7"
89807183,.
86724994,"98,8"
61161774,"99,3"
86158933,"94,7"
14102256,"96,3"
75082280,"100,0"
75914181,"90,3"
39302565,"93,5"
96818167,.
36072799,"100,0"
61432781,"90,1"
78287294,"96,3"
74316305,"91,4"
39096170,"100,0"
79527481,.
67300857,.
99279503,"100,0"
63653488,..
84476205,"95,2"
24544503,"97,4"
25392789,"94,8"
72109637,..
69240218,"98,6"
14057258,"100,0"
38460895,"88,9"
31199511,"94,9"
12934438,"98,1"
43313366,"90,7"
86787111,"100,0"
97868185,"93,1"
81551726,"66,7"
77823650,"98,0"
37550979,"100,0"
52634142,"98,9"
76195214,"96,9"
54839753,..
32705515,"90,9"
60214465,"94,6"
70137084,"92,0"
82002016,..
21901328,"100,0"
23306658,"99,1"
57350392,..
97535124,.
11102578,"100,0"
69306209,"100,0"
92651253,"100,0"
31740319,"89,2"
10129345,"100,0"
17944628,"98,5"
82826083,"93,8"
94468610,"94,6"
94090461,"93,6"
12954099,..
80931789,"96,3"
84098842,"100,0"
90473340,"100,0"
26167236,"98,2"
69807202,"98,1"
64648904,"100,0"
75939593,"100,0"
63035915,"79,9"
26324896,"93,5"
56639389,"100,0"
95700485,"100,0"
51449748,"95,7"
28267726,"98,0"
28848709,"90,0"
12613085,"96,2"
53896162,"99,2"
17779637,"95,6"
11185244,"100,0"
56211717,"95,0"
66824652,"94,4"
49168016,"95,5"
32042066,"98,1"
50821167,"100,0"
71929526,"100,0"
92814975,"100,0"
60873719,"100,0"
28085125,"93,8"
28770304,"81,1"
21938183,"97,6"
78986228,.
71472793,"100,0"
64123241,"100,0"
69063711,"97,1"
77609073,"89,1"
35894996,"93,7"
12926770,"94,1"
17119840,"93,9"
68748767,"90,6"
23548714,"95,7"
48593439,"97,7"
91773491,"93,5"
30361243,"99,5"
25596917,"92,2"
65722876,"98,1"
20984584,"100,0"
52129378,"94,9"
65381163,"91,4"
98541468,"94,4"
31155312,"90,0"
25648215,"93,8"
61823258,"87,5"
84424083,"100,0"
39178171,"89,7"
49231191,"95,7"
78231062,"100,0"
79994304,..
10481541,"86,5"
68006362,"99,2"
11608031,"76,5"
86762103,"67,9"
68381790,"91,5"
13006857,"96,8"
76007769,"100,0"
16956086,"92,5"
58187973,"100,0"
88894245,"100,0"
31870541,"97,9"
71160225,"100,0"
67752682,"97,9"
47884009,"90,3"
44672598,"97,2"
75340089,"90,6"
36670439,"88,5"
22220001,"91,5"
31822012,"96,8"
83161201,.
15100079,..
55421481,..
99356671,"88,2"
16702464,"100,0"
71353314,..
29449669,"96,2"
62855448,"100,0"
36252055,"96,2"
91812793,"100,0"
14355031,"78,8"
72891848,"88,1"
46611859,"96,7"
58907711,"98,9"
68285560,"97,3"
58544422,"100,0"
65150019,"94,4"
31796890,..
22426680,"92,3"
83805032,"100,0"
48862305,"77,8"
32887559,"100,0"
71541108,"94,4"
53832505,.
47537928,"82,8"
69471748,"85,7"
49750031,"100,0"
76485705,.
93239262,"100,0"
25745773,"95,7"
99976753,"96,8"
14278480,"77,8"
75575321,"100,0"
28023078,"100,0"
43284031,"94,3"
13963517,"100,0"
24194577,..
26267406,"87,5"
31255918,"98,5"
51955293,"97,4"
57690933,"98,9"
35035671,"88,2"
12130801,"100,0"
51736304,..
53180719,"98,6"
27489137,"100,0"
15609112,"90,0"
44285075,"100,0"
60424371,"82,4"
95785055,"100,0"
68655578,"79,3"
17062663,"98,2"
68741484,"94,8"
56267421,"100,0"
34990065,"94,6"
37054246,"85,7"
39199869,..
62216381,"87,8"
31179045,"94,4"
72421673,"96,6"
15763669,..
59655752,"100,0"
88750078,"97,1"
41878314,..
41555549,"98,8"
32003298,"100,0"
22383788,"91,3"
85459854,"98,1"
81876614,..
18711877,"98,1"
67071618,"100,0"
75324351,"100,0"
61229217,"87,5"
58929357,"100,0"
42517257,"84,4"
70376604,"98,5"
59575030,.
93503103,"86,4"
18617410,"100,0"
41697930,"100,0"
28025244,"97,8"
17184072,"100,0"
40338843,"100,0"
77440824,"100,0"
71069359,"100,0"
86896907,"100,0"
14292382,"100,0"
51981332,.
87859089,"95,8"
54764253,"97,9"
98908403,"94,7"
16493131,"97,1"
41119610,"100,0"
83272868,"94,3"
11526364,"91,2"
48304166,"91,5"
24982097,"94,4"
45552626,"100,0"
50906954,.
97104132,"100,0"
16748680,"100,0"
68597767,"100,0"
27964873,"94,4"
30706655,"85,0"
65674821,"100,0"
92332557,"95,2"
46332927,"100,0"
78690637,"92,9"
24653673,"100,0"
38048202,"94,0"
90990441,"81,3"
86319615,"100,0"
87303004,"100,0"
97835550,"100,0"
22446331,"89,2"
26671095,"100,0"
42911621,"94,8"
40575001,"93,0"
75027822,"93,8"
26508763,"98,7"
14504503,"100,0"
21850904,"100,0"
65320354,.
77544055,"95,6"
49112879,"98,0"
30279258,"98,1"
16198647,"98,6"
12496135,"100,0"
76903284,"84,7"
68649663,"81,1"
43623146,..
49141105,"92,3"
15870428,"91,4"
26646080,"100,0"
26750052,"100,0"
18974693,"99,3"
26996566,..
27704246,.
81997762,"96,7"
28967085,..
69747871,..
70119254,"100,0"
31151740,"100,0"
79346084,"99,4"
34222422,"100,0"
84230226,..
42060237,"70,5"
89816391,"88,7"
14448619,"95,7"
12546590,"90,5"
43565270,"98,8"
77176811,"93,5"
52791537,"100,0"
85152591,"99,0"
85819857,.
40600798,"98,5"
52942981,"97,6"
54117171,.
48120273,"100,0"
33233228,..
94167577,"90,3"
27023528,"91,4"
53903798,"81,6"
85782695,"92,3"
98815582,"92,0"
97770837,"93,2"
21312503,"97,4"
69650864,"100,0"
59581397,"100,0"
14926020,"94,7"
41938272,"100,0"
29423248,"98,0"
76054399,.
33132452,"91,0"
56942970,..
60142020,.
70811222,..
17911161,"82,1"
35084976,"100,0"
25525759,.
77632411,"98,8"
56653353,"97,9"
49068301,"100,0"
59898194,"96,1"
38195284,"97,3"
97510495,"89,8"
89461767,"96,6"
94717858,"96,5"
53760158,"100,0"
78422467,"94,6"
37802196,.
38683336,..
36288955,"100,0"
74812809,"96,7"
88839172,"100,0"
48412612,"98,6"
95618280,"80,0"
75075402,"98,2"
26326048,"96,7"
37839488,"91,1"
46256929,"100,0"
83374651,"100,0"
59796774,..
17675502,"92,1"
75600007,"95,8"
73812226,"98,2"
30762346,..
82964090,.
88955893,"100,0"
15278518,"97,2"
15390992,"96,4"
63943560,"100,0"
85516596,"89,7"
31998226,..
38236800,"60,4"
16784385,"96,3"
59026584,"97,1"
79829846,"95,2"
89963319,..
24339566,"99,2"
20061769,"91,7"
65458415,..
95154882,"92,9"
52333875,"90,3"
24663703,..
28519815,"91,5"
65666808,"75,8"
69543519,..
24397215,"97,7"
30677562,"83,8"
85054102,"76,2"
87274273,"100,0"
89693952,.
24759907,"82,5"
78433202,.
41631104,..
35366805,"94,6"
31315191,"97,1"
80357110,"82,6"
42775003,"98,7"
56670842,.
89370947,"97,5"
18451445,..
48555205,"97,7"
31313926,.
30312720,.
32116280,"100,0"
57143976,"98,7"
93367005,"89,2"
53175499,..
64388538,"100,0"
52153758,"100,0"
16501673,"81,6"
26298615,"82,6"
22116645,..
99755443,"99,6"
30167976,"100,0"
50104466,..
28004794,..
32071849,"100,0"
79845033,"94,4"
41099519,"100,0"
59386837,"92,5"
21627442,"94,5"
17276047,"96,3"
73217812,"89,5"
21382451,"100,0"
48244956,"84,8"
36769815,"100,0"
16931486,"100,0"
92489953,"100,0"
43873969,"100,0"
55825382,"98,7"
19306558,"96,0"
35301145,"96,3"
24993048,..
70132092,"84,7"
65034473,..
13084253,"96,2"
32321364,"100,0"
59942080,"77,5"
66273269,"100,0"
82888663,"100,0"
11275959,"94,5"
58518163,"96,3"
50615280,"100,0"
19035583,"100,0"
27993549,"100,0"
37912396,"96,2"
45593337,"100,0"
90312942,"91,7"
10226870,.
19839859,"92,3"
80280597,..
67628478,..
37517404,..
29159460,"82,0"
32057701,.
43601850,"100,0"
30615080,"91,2"
89630851,"97,7"
25178582,"96,4"
70543431,"100,0"
23476801,.
86351879,"87,7"
56041144,"98,1"
14586562,..
74322969,"100,0"
90260899,"100,0"
69302313,"100,0"
31057219,"96,4"
27079521,"98,7"
33572033,"83,3"
64579522,"88,2"
65234368,"98,4"
34381901,"96,3"
55150847,"98,5"
90076461,"94,9"
96414537,"100,0"
53069733,"100,0"
99394620,"100,0"
95368476,"100,0"
14853321,"92,2"
76448076,"98,4"
31537066,"100,0"
86488203,"95,7"
25156286,"100,0"
28081446,"98,9"
21400668,"100,0"
92949043,"100,0"
92818240,"95,1"
84329061,"100,0"
71969230,"81,0"
91048178,"73,0"
82718660,..
76942525,"76,9"
12399380,"100,0"
31486865,"99,7"
97265732,"100,0"
10373112,..
61720981,"100,0"
25698509,"97,4"
50424828,"82,4"
82931004,"94,7"
83584125,"100,0"
95024660,"95,8"
32263814,"100,0"
16496466,"100,0"
12075195,"100,0"
62300682,"100,0"
47393891,"100,0"
48414975,"100,0"
65265211,"96,6"
11533776,"88,0"
47108751,..
97191332,"96,6"
71938440,"92,9"
28829503,.
22811839,"100,0"
33205596,"100,0"
99622695,..
19930101,"100,0"
60727136,"100,0"
45132264,"95,8"
61647360,..
98651664,.
33657492,"88,0"
61622991,"84,7"
66644568,"94,4"
93659517,"100,0"
79309485,"100,0"
61175914,"88,2"
73316818,"100,0"
37078868,.
27859889,"100,0"
16130958,.
29161632,..
82195565,"100,0"
33596572,.
45541222,"100,0"
77713695,"100,0"
63451147,"91,7"
51131594,"90,5"
89680395,"100,0"
53696633,"100,0"
27440210,"100,0"
62758285,"100,0"
16218090,.
61197669,..
64667996,"100,0"
17812651,"100,0"
23544320,"100,0"
57668673,"85,3"
69040241,"100,0"
63993414,"100,0"
49136871,..
91905819,"83,3"
20855811,"80,8"
54882637,"87,5"
53923398,"93,3"
74560191,..
47844862,"97,0"
22239675,"100,0"
72984079,"90,3"
36480690,"93,4"
24787883,"85,7"
32995170,"97,2"
52048443,"93,3"
61674097,"100,0"
32550660,"99,3"
93488613,"96,3"
45600034,..
59599256,"97,2"
69865450,"82,0"
31112935,"86,7"
26957025,"100,0"
90509211,"97,8"
43277545,"92,9"
37316242,"92,0"
20173336,"81,8"
49872493,"89,7"
39147056,"98,1"
11953769,"100,0"
28646435,"96,0"
50393060,"98,4"
85788659,"95,6"
95340745,"100,0"
59521477,"84,8"
92442684,"93,3"
66095163,"96,7"
38544187,"100,0"
54599691,"85,4"
54004368,"96,4"
54467211,"100,0"
23517683,"100,0"
31975673,"99,4"
82251333,"90,0"
99864908,"98,1"
27106031,"95,8"
59463950,"85,7"
63931325,"86,4"
57391913,"96,3"
75374280,"96,3"
46148350,"97,7"
50133877,"95,2"
49868916,"100,0"
74919147,"97,3"
90240730,"90,9"
84908877,"77,4"
78389879,"100,0"
24277564,"96,0"
88956420,..
44412461,"100,0"
34002355,"92,3"
36355200,"100,0"
96920524,"94,2"
18217765,"100,0"
60919765,..
14677676,"97,0"
96152872,"97,8"
77835341,"100,0"
70803636,"100,0"
49576295,..
66028861,.
23797825,"98,6"
45293715,"93,9"
44738639,"87,5"
77712952,"95,2"
92009807,"84,6"
10433896,"93,4"
10342448,"89,1"
43154449,"100,0"
49170638,"100,0"
46379730,"97,4"
25379974,"93,8"
98032567,..
96194948,"92,6"
25955541,"91,7"
88025221,"97,6"
18042101,"100,0"
14799321,"93,1"
56041699,"85,7"
45111086,"100,0"
70955448,"100,0"
68824244,"92,7"
90685868,"98,4"
24501884,"90,7"
46707989,.
46986216,"95,5"
67924816,"95,5"
92805465,"100,0"
56084099,"97,4"
80711021,"95,7"
17648596,"78,2"
16720048,"95,5"
13960635,"100,0"
39341381,..
61176909,"100,0"
43479922,.
60088179,"80,3"
28391147,"88,1"
29209307,"96,4"
21778322,"100,0"
31380193,"86,4"
90290154,"93,3"
25847233,"95,8"
62612992,"92,6"
85485803,"94,4"
92816527,"83,7"
16848652,"100,0"
88429477,"100,0"
94975733,"83,9"
56802300,"100,0"
15149235,"92,6"
77379848,"100,0"
13981977,..
24538846,"100,0"
36886750,"100,0"
67422309,"97,1"
67058407,"98,0"
34421265,"96,8"
15791044,"100,0"
65392939,"96,3"
98696836,"95,6"
82160887,"96,3"
23175129,"100,0"
64908550,.
77358716,"100,0"
49739986,"98,6"
29225010,"82,9"
92192566,"100,0"
56886667,"98,2"
33249781,"88,5"
64648566,"97,4"
18691102,"84,6"
70302356,"96,0"
65421426,"98,3"
62394916,"100,0"
67908927,"95,8"
72071234,"100,0"
24349146,"90,6"
83605345,"100,0"
15933512,"98,9"
12198363,..
47692481,"71,7"
64693272,"90,0"
18072172,..
65833454,"92,3"
85188855,"95,7"
11341077,"100,0"
39528347,"97,2"
34988313,.
85473846,"94,6"
29744774,..
89690587,"95,7"
28045567,"100,0"
20768651,..
32239920,"100,0"
98781765,"94,2"
38880984,"97,2"
28872974,.
87112995,"96,4"
18686599,"100,0"
93779220,"95,5"
77797484,"98,5"
53279140,"91,5"
80785976,"89,8"
47559319,"97,5"
21532545,"100,0"
56187883,"80,9"
20752831,"77,1"
51023367,"93,2"
34739511,.
95069937,"100,0"
52690153,"80,8"
74776778,"100,0"
18345915,.
68229719,"100,0"
61004230,"100,0"
71262305,"100,0"
55795961,..
84947634,"100,0"
23517336,"91,7"
48009865,"97,0"
82840198,"100,0"
18208087,.
89982804,..
19464342,"100,0"
60743463,..
32960825,.
43609520,"100,0"
97968599,"100,0"
91748148,"100,0"
42218661,"100,0"
74434644,"98,4"
42022406,"89,7"
65192707,"100,0"
43634528,.
36263479,"99,3"
56679384,"98,7"
30538202,"100,0"
19150273,"100,0"
69018222,"83,3"
12889940,.
16554575,.
34076477,"100,0"
54896448,"100,0"
64284020,..
53400472,..
97758137,"94,9"
26334561,"97,9"
40386043,"95,1"
59483268,"94,7"
33685428,"94,4"
32879845,"100,0"
88573795,..
20699742,"100,0"
21663998,.
20595770,"98,8"
82814120,"100,0"
45164827,"97,8"
10924758,"100,0"
34153869,"97,9"
88259298,.
17846181,"94,1"
75082798,"97,4"
23555409,"100,0"
30341162,"84,6"
72266906,"95,3"
27030026,"100,0"
16950252,.
34637764,..
19912478,"99,1"
15077883,"80,5"
48434184,"97,6"
58724424,"85,7"
95684185,"97,2"
51138448,"100,0"
56421429,.
39911065,"100,0"
17008320,.
56737496,"100,0"
93939982,"97,7"
25720752,"97,7"
55155562,"93,5"
31533003,"100,0"
16361868,..
23164911,.
24008049,"96,7"
19981611,"93,8"
54481243,"100,0"
36680097,..
19586169,"85,7"
24273261,"92,3"
95683850,.
59455288,..
25679488,"98,5"
25677996,"95,2"
89888648,.
35063170,"100,0"
31279294,"71,4"
36782335,"99,3"
23897040,.
20666515,"100,0"
37906565,.
67279303,..
21648755,"95,5"
11111710,"100,0"
90551279,.
69686851,..
49616977,"100,0"
54965510,"95,9"
84835666,"96,3"
25872338,..
54164490,"72,0"
20319353,"97,1"
92194545,"100,0"
64740897,..
78979604,..
10974852,..
85068812,"68,8"
78397312,"98,4"
36444853,"96,3"
16819383,.
89837629,"98,1"
12994441,"96,9"
88774402,"100,0"
75141151,"97,0"
61701709,"100,0"
61469192,"90,5"
84306392,.
28627819,"100,0"
30086854,.
26627862,"100,0"
48847282,"100,0"
72517762,..
79094701,"100,0"
38684438,"94,2"
31251822,"93,3"
90099336,..
35647481,.
39549479,"100,0"
73147554,"100,0"
69983740,"100,0"
66491596,.
12052268,"100,0"
71597051,"100,0"
53231578,"89,7"
96279444,.
40690520,"100,0"
91011325,"80,0"
97382366,"97,4"
35006050,"89,5"
10638939,"87,9"
21505555,.
34336190,"100,0"
21052710,"98,2"
69739484,"91,5"
92887917,"96,1"
88834120,"98,7"
70066748,"100,0"
19207279,"100,0"
53640774,"99,0"
58502307,.
97177328,.
72127035,"97,0"
70969714,.
68734112,"97,5"
71922787,"100,0"
74148070,.
92507006,"100,0"
44653962,"100,0"
20100577,"95,7"
81993306,.
19051089,.
47264019,"96,7"
50198492,"94,4"
98052678,.
20099064,"90,0"
16313848,"99,4"
79606767,"97,7"
11294673,"100,0"
86327236,"94,4"
41745951,"100,0"
83137205,"95,8"
28398531,..
66335258,"95,2"
54172830,"100,0"
75458014,"100,0"
65136104,..
61826221,.
79033948,"92,9"
56330385,"100,0"
20228162,"100,0"
68240485,"98,2"
95046058,"97,4"
44392995,"94,4"
53462953,"95,8"
60730660,"100,0"
82592568,"100,0"
78875918,.
86385479,"100,0"
49862313,"91,9"
99838438,"88,9"
42859669,"93,8"
99592025,"99,2"
34247736,"99,0"
47550455,.
30329172,"100,0"
76877530,"75,0"
47046103,..
38167912,"100,0"
43826783,..
58125096,"91,0"
82914148,..
20620556,"100,0"
77839100,..
17173461,"100,0"
55535552,.
30468157,"100,0"
92533079,"98,0"
61528940,.
23681822,"100,0"
66861851,"100,0"
72206824,.
92858957,"99,4"
86296935,.
44113417,"100,0"
67783774,..
39555838,..
85214294,"100,0"
82084961,"100,0"
46162400,.
67279263,.
51210136,.
73829818,"100,0"
54395430,.
18881773,..
50908408,"100,0"
18594470,"100,0"
78295411,"97,4"
80686587,.
72232853,"100,0"
12279302,"100,0"
64205087,"95,7"
50500028,"98,2"
91984508,.
40667807,.
18091973,"97,4"
88466776,"93,3"
36539945,..
40634612,"97,1"
66132676,"98,4"
57942242,.
77688926,.
14508922,.
37358234,"92,3"
21008461,"100,0"
54606928,"100,0"
53893730,"100,0"
42573391,..
64574972,"100,0"
19741742,"97,7"
29032715,.
45830583,"100,0"
48931433,"96,5"
19909435,.
30530571,"96,4"
78839208,"100,0"
96024712,.
30458073,..
85800840,"100,0"
68920727,"100,0"
27115998,"98,0"
41867682,.
79516949,"97,2"
96684210,"99,2"
87207941,"100,0"
11673760,"99,1"
46574937,.
23836342,"98,5"
63791419,.
39805497,.
38400227,"93,0"
81619482,"100,0"
12395564,"100,0"
90006712,.
39149668,"100,0"
38233622,.
48722826,"91,3"
73063662,"93,7"
40766349,"100,0"
53691739,.
43251309,"100,0"
67554405,"100,0"
73944169,"100,0"
98239050,.
94455820,..
61547652,.
62104139,"100,0"
87034307,.
78872213,"100,0"
76860623,.
58191646,"96,8"
80405898,.
56021320,"100,0"
63179610,"100,0"
64569393,"100,0"
64160122,.
48217580,"99,3"
51620045,.
86888278,..
57397381,"94,7"
56947954,.
72022487,"91,8"
71512894,"96,9"
28248021,"97,1"
44417214,"95,6"
25025681,"89,1"
88776535,.
49488344,"100,0"
74408578,"100,0"
71043974,"90,3"
57777751,..
38732602,"91,7"
89807183,.
61161774,"99,3"
86158933,"98,1"
75914181,"91,1"
39302565,.
96818167,.
79527481,.
67300857,.
99279503,"100,0"
63653488,..
84476205,"95,2"
24544503,"97,4"
25392789,"94,8"
69240218,"98,3"
38460895,"88,9"
31199511,"94,9"
12934438,"98,1"
43313366,"95,1"
86787111,"100,0"
97868185,"92,9"
77823650,.
37550979,"100,0"
60214465,"100,0"
70137084,"100,0"
82002016,.
23306658,"100,0"
97535124,.
11102578,"100,0"
69306209,.
10129345,"100,0"
17944628,"98,3"
94468610,"94,6"
94090461,"100,0"
12954099,.
80931789,.
90473340,"100,0"
69807202,.
64648904,"100,0"
75939593,"100,0"
26324896,"93,3"
56639389,"100,0"
95700485,"100,0"
51449748,"95,7"
28267726,"98,0"
12613085,.
53896162,"99,1"
17779637,"95,6"
66824652,.
49168016,.
71929526,"100,0"
60873719,"100,0"
28085125,"93,8"
21938183,"97,6"
78986228,.
71472793,"100,0"
69063711,"95,0"
77609073,..
35894996,"96,7"
12926770,"94,1"
68748767,"91,3"
23548714,"95,7"
48593439,"97,7"
91773491,"93,5"
30361243,"99,5"
25596917,"98,8"
65722876,"98,1"
52129378,.
65381163,"91,4"
31155312,"86,8"
84424083,"100,0"
49231191,"95,7"
78231062,"100,0"
10481541,"86,5"
68381790,"93,8"
13006857,"100,0"
16956086,"97,3"
58187973,"100,0"
88894245,..
31870541,"97,9"
44672598,"100,0"
31822012,"96,8"
83161201,.
99356671,..
16702464,..
29449669,"96,2"
62855448,"100,0"
36252055,.
91812793,"100,0"
14355031,"100,0"
46611859,"96,7"
58907711,"98,9"
68285560,"97,3"
58544422,"100,0"
65150019,"94,4"
71541108,.
53832505,.
47537928,"82,8"
69471748,"94,8"
49750031,"100,0"
76485705,.
93239262,"100,0"
99976753,"96,7"
75575321,"100,0"
28023078,"100,0"
43284031,.
24194577,..
26267406,.
51955293,.
57690933,"98,9"
12130801,"100,0"
51736304,.
44285075,"100,0"
95785055,"100,0"
68655578,.
68741484,"99,0"
37054246,"100,0"
39199869,.
31179045,"96,2"
72421673,"97,9"
15763669,..
59655752,"100,0"
88750078,.
41555549,"100,0"
85459854,"100,0"
81876614,.
18711877,"100,0"
67071618,"100,0"
75324351,..
61229217,"86,4"
70376604,"97,6"
59575030,.
18617410,"100,0"
28025244,"100,0"
40338843,"100,0"
77440824,.
14292382,"100,0"
51981332,.
87859089,"100,0"
98908403,"94,4"
16493131,"98,1"
83272868,"94,3"
11526364,"91,2"
45552626,"100,0"
50906954,.
16748680,"100,0"
65674821,.
92332557,"95,2"
78690637,"96,4"
38048202,.
90990441,..
26671095,.
65320354,.
77544055,"100,0"
49112879,"98,0"
30279258,"98,1"
76903284,"100,0"
43623146,..
49141105,"92,3"
15870428,.
26646080,"100,0"
26750052,.
18974693,"99,3"
26996566,..
27704246,.
28967085,..
69747871,..
31151740,"100,0"
79346084,"100,0"
89816391,"100,0"
14448619,"96,2"
12546590,.
43565270,"98,8"
77176811,"93,5"
52791537,"100,0"
85152591,"99,0"
85819857,.
40600798,"98,5"
52942981,"97,6"
54117171,.
48120273,"100,0"
33233228,..
94167577,"94,6"
27023528,"96,6"
53903798,"66,7"
97770837,"94,9"
69650864,"100,0"
59581397,"100,0"
41938272,"100,0"
29423248,"98,0"
76054399,.
33132452,"87,2"
60142020,.
70811222,..
17911161,"82,1"
35084976,"100,0"
25525759,.
77632411,"98,8"
49068301,"100,0"
59898194,"97,7"
38195284,"97,3"
97510495,"93,1"
89461767,"96,6"
94717858,"96,5"
53760158,"100,0"
78422467,"94,6"
37802196,.
36288955,"100,0"
74812809,"96,7"
88839172,"100,0"
48412612,"98,6"
95618280,.
75075402,"98,2"
26326048,"96,7"
37839488,"91,1"
46256929,"100,0"
83374651,"100,0"
59796774,..
17675502,..
75600007,"100,0"
73812226,"98,2"
30762346,..
82964090,.
88955893,"100,0"
15278518,"96,3"
15390992,"93,6"
63943560,"100,0"
85516596,"94,7"
16784385,"96,3"
89963319,..
24339566,"99,2"
65458415,..
95154882,..
52333875,"100,0"
24663703,..
28519815,"91,5"
65666808,..
69543519,..
89693952,.
24759907,"84,7"
78433202,.
35366805,"94,6"
31315191,"97,1"
42775003,"98,7"
56670842,.
89370947,"97,5"
48555205,"97,7"
31313926,.
30312720,.
32116280,"100,0"
57143976,"98,7"
93367005,.
53175499,..
64388538,"100,0"
52153758,"100,0"
22116645,..
99755443,"99,6"
30167976,"100,0"
50104466,..
28004794,..
32071849,"100,0"
79845033,"97,8"
41099519,"100,0"
59386837,"100,0"
17276047,..
21382451,"100,0"
48244956,"84,6"
36769815,..
43873969,"100,0"
55825382,"100,0"
19306558,"95,2"
35301145,"96,3"
24993048,.
13084253,.
59942080,"77,8"
66273269,"100,0"
11275959,..
58518163,"92,3"
27993549,.
37912396,"100,0"
45593337,"100,0"
10226870,.
19839859,"100,0"
67628478,.
37517404,.
32057701,.
30615080,"91,2"
25178582,"96,4"
70543431,"100,0"
23476801,.
86351879,"100,0"
56041144,"98,1"
74322969,"100,0"
90260899,"100,0"
31057219,"100,0"
27079521,"100,0"
33572033,"83,3"
64579522,"100,0"
34381901,"100,0"
55150847,"98,5"
90076461,"94,9"
53069733,"100,0"
99394620,.
95368476,"100,0"
14853321,"100,0"
76448076,"90,9"
31537066,.
86488203,"95,3"
25156286,"100,0"
28081446,"98,9"
21400668,"100,0"
92949043,"100,0"
92818240,"100,0"
84329061,.
91048178,"86,7"
82718660,..
12399380,"100,0"
31486865,"99,6"
97265732,"100,0"
61720981,"100,0"
50424828,"78,6"
82931004,.
95024660,"95,8"
32263814,"100,0"
47393891,"100,0"
48414975,"100,0"
11533776,"88,0"
47108751,..
28829503,.
99622695,..
98651664,.
33657492,"100,0"
79309485,"100,0"
37078868,.
16130958,.
82195565,"100,0"
33596572,.
77713695,"100,0"
51131594,"90,5"
89680395,"100,0"
53696633,"100,0"
27440210,"100,0"
62758285,"100,0"
16218090,.
64667996,"100,0"
23544320,"100,0"
57668673,..
69040241,..
63993414,"100,0"
49136871,..
20855811,"80,8"
53923398,"94,8"
74560191,..
47844862,"99,4"
72984079,"92,7"
36480690,"91,4"
24787883,..
32995170,"97,2"
52048443,"100,0"
61674097,"100,0"
32550660,"99,2"
93488613,"96,3"
45600034,..
59599256,"98,9"
26957025,"100,0"
90509211,"100,0"
43277545,"92,9"
11953769,.
50393060,"100,0"
85788659,"94,7"
95340745,..
59521477,"96,3"
92442684,"91,7"
66095163,"96,7"
54599691,"95,8"
54004368,"96,4"
31975673,"99,4"
82251333,.
99864908,"97,3"
27106031,"100,0"
59463950,.
63931325,..
57391913,"100,0"
75374280,.
46148350,"95,2"
50133877,.
49868916,"100,0"
74919147,"97,3"
78389879,"100,0"
24277564,..
44412461,"100,0"
36355200,"100,0"
96920524,"94,0"
18217765,.
70803636,"100,0"
49576295,..
66028861,.
23797825,"98,1"
45293715,"93,9"
77712952,"95,2"
10433896,"97,4"
43154449,"100,0"
49170638,"100,0"
46379730,"97,4"
25379974,"93,8"
88025221,"98,4"
18042101,"100,0"
56041699,..
45111086,"100,0"
70955448,"100,0"
68824244,.
46707989,.
46986216,"95,5"
67924816,"95,5"
92805465,"100,0"
56084099,..
16720048,"96,3"
13960635,"100,0"
61176909,"100,0"
43479922,.
28391147,.
21778322,"100,0"
31380193,..
62612992,"92,6"
85485803,"94,4"
16848652,"100,0"
88429477,"100,0"
94975733,.
56802300,"100,0"
15149235,"90,3"
13981977,.
24538846,"100,0"
67058407,"100,0"
15791044,"100,0"
65392939,"96,3"
98696836,"100,0"
64908550,.
77358716,"100,0"
49739986,"98,6"
29225010,"87,5"
92192566,"100,0"
56886667,"98,2"
64648566,"100,0"
65421426,"97,9"
62394916,"100,0"
67908927,"95,8"
72071234,"100,0"
24349146,.
83605345,.
15933512,"99,3"
64693272,..
18072172,..
65833454,"92,3"
11341077,"100,0"
34988313,.
28045567,"100,0"
20768651,.
38880984,"97,2"
28872974,.
18686599,"100,0"
93779220,"97,4"
77797484,"98,5"
80785976,"86,2"
47559319,"100,0"
21532545,"100,0"
56187883,"100,0"
20752831,"77,1"
51023367,"100,0"
34739511,.
52690153,"100,0"
93221031,"97,2"
17474377,"100,0"
18345915,"91,9"
68229719,"100,0"
61004230,"100,0"
71262305,"100,0"
55795961,..
84947634,"100,0"
97870412,"90,5"
68564903,"98,2"
82840198,"100,0"
18208087,"90,9"
89982804,"100,0"
19464342,..
60743463,..
32960825,"100,0"
43609520,..
41416934,"95,8"
21567982,"86,7"
49379603,..
80167319,..
73171934,..
83474173,"97,8"
91487291,..
21866405,"76,9"
74434644,"98,0"
42022406,"96,0"
88445871,"99,0"
18425335,"89,3"
93281974,"100,0"
23424275,"88,3"
19150273,"100,0"
25624692,"94,7"
88534520,"96,9"
16554575,"96,3"
25356960,"95,9"
64284020,"90,5"
98132436,"94,8"
60096875,"76,9"
26334561,"89,5"
40386043,"100,0"
29324709,..
26864271,..
59483268,..
33685428,"93,3"
88573795,"100,0"
82814120,"100,0"
10924758,"78,9"
34153869,..
88259298,..
73098153,"91,7"
44240250,"97,3"
17846181,..
75082798,"83,5"
23555409,"100,0"
91333138,"88,5"
30341162,..
39936461,"100,0"
72266906,"90,5"
27030026,"100,0"
12154972,"88,5"
16950252,"96,2"
34637764,"94,1"
73255276,"100,0"
15077883,"72,9"
48434184,"89,6"
58724424,"73,3"
51138448,"100,0"
19647256,"95,5"
56421429,"100,0"
39911065,..
17008320,..
56737496,"91,9"
88850910,"73,3"
93939982,"100,0"
25720752,"95,0"
55155562,"93,7"
31533003,"100,0"
31429031,"95,3"
16361868,..
24008049,"88,1"
36680097,..
87756916,"86,8"
59734510,"91,2"
19586169,"86,4"
24273261,"93,3"
95683850,"91,9"
59455288,"87,5"
82163292,"94,4"
25679488,"56,5"
25677996,"94,4"
89888648,"97,2"
90003262,..
88163512,"90,9"
35063170,..
31279294,"94,1"
36782335,"93,5"
20666515,"100,0"
37906565,"100,0"
67279303,"100,0"
21648755,"77,2"
11111710,"100,0"
90551279,"92,7"
93062368,"93,8"
69686851,"91,3"
49616977,"92,3"
90267145,"100,0"
72998905,"96,2"
69481650,"78,9"
88153340,"95,0"
94353434,"86,0"
59396229,"90,9"
95165649,"90,2"
69626109,"83,7"
85068812,..
36444853,"96,6"
15414001,"74,5"
38311488,"90,6"
16819383,"95,6"
12994441,"100,0"
53660780,"100,0"
30086854,"87,5"
79094701,"100,0"
38684438,"73,7"
96590873,"96,5"
73147554,"100,0"
65752105,..
11274830,"88,9"
51321260,"98,3"
96279444,"100,0"
61880907,"85,5"
35006050,"90,9"
88886610,"88,9"
10638939,"100,0"
88556189,"49,0"
35236491,"98,4"
58502307,"92,9"
97177328,"94,1"
72127035,"96,9"
70969714,"83,3"
85003442,"97,3"
22752398,"90,6"
71922787,"100,0"
31843016,"70,6"
74148070,..
50696507,"100,0"
44653962,"100,0"
81993306,"90,3"
29097621,"87,1"
87764775,"83,3"
48438396,"95,1"
98052678,..
44341171,"79,3"
32671805,"87,2"
38448056,"100,0"
16313848,"98,9"
79606767,"100,0"
11294673,"95,5"
86327236,"100,0"
28398531,"94,1"
66335258,"93,3"
54172830,"69,6"
86310217,"71,4"
83085136,"100,0"
75458014,..
65136104,..
79033948,"100,0"
56330385,"66,7"
44392995,"76,9"
69241230,"91,3"
85544331,"100,0"
80327946,"91,9"
78875918,"76,9"
78023197,"95,7"
86385479,"80,8"
40991561,..
99838438,"94,7"
42859669,"78,4"
70923626,"96,8"
92905347,"100,0"
99592025,"76,9"
34247736,"100,0"
47550455,"96,9"
30329172,"100,0"
76877530,..
47046103,"90,6"
56664512,..
38167912,"100,0"
20620556,"100,0"
17173461,..
19560192,"98,1"
98053087,"70,3"
92858957,"93,3"
46660042,"82,0"
44113417,"87,5"
67783774,..
38917647,..
21363125,..
39555838,..
85214294,"100,0"
82084961,"69,6"
46162400,"94,5"
98369689,"93,5"
56529916,"95,0"
40810950,"100,0"
40037982,"93,3"
73829818,"93,8"
18881773,..
80686587,"100,0"
12279302,"100,0"
17849518,"100,0"
94570025,"91,7"
91984508,"93,9"
78659008,"91,7"
12448823,..
40667807,"100,0"
18091973,"89,6"
40634612,"87,5"
62439199,"95,0"
66132676,"100,0"
80762863,"94,8"
77688926,"100,0"
14508922,..
69629086,"96,5"
88624631,"95,7"
35390185,..
37358234,"85,7"
31657916,"100,0"
54606928,"93,8"
46241804,"90,0"
42573391,"100,0"
64574972,"100,0"
19741742,"78,1"
29032715,"100,0"
48931433,"100,0"
97270136,"96,6"
19909435,"100,0"
30530571,"85,4"
96024712,"100,0"
40829056,"100,0"
85800840,"100,0"
27115998,"88,9"
41867682,"100,0"
65662401,"94,7"
39583059,"89,1"
38645259,"84,4"
87207941,..
11673760,"94,7"
63791419,"75,8"
39805497,"95,2"
38400227,"68,4"
83829189,"100,0"
46145886,"100,0"
43649848,"100,0"
75344502,"85,0"
84247499,"98,6"
27041885,"100,0"
97064126,..
32580162,"95,7"
48722826,"96,8"
71571158,"96,9"
53691739,"100,0"
97596286,"94,0"
67554405,"98,8"
86473502,"92,9"
98239050,"78,6"
94455820,..
58368956,"92,9"
73567152,"71,4"
61547652,"100,0"
60209222,"77,6"
62104139,..
78872213,"92,0"
84286698,"96,2"
62490359,"100,0"
64725297,"72,4"
43362941,"82,6"
23350817,..
76860623,"100,0"
56021320,"100,0"
41358402,"100,0"
64569393,"94,4"
87262566,"97,6"
41844601,"100,0"
51620045,"91,7"
23457902,"85,7"
27597104,"100,0"
57397381,"71,2"
56947954,"97,4"
72022487,"86,2"
70969556,"100,0"
28248021,"93,5"
44417214,"100,0"
25025681,..
49488344,"82,4"
74408578,"96,4"
86724994,"98,8"
86158933,"87,0"
14102256,"96,3"
75082280,"100,0"
75914181,"88,2"
39302565,"93,5"
36072799,"100,0"
61432781,"90,1"
78287294,"96,3"
74316305,"91,4"
39096170,"100,0"
99279503,"100,0"
72109637,..
69240218,"100,0"
14057258,"100,0"
43313366,"77,8"
97868185,..
81551726,"66,7"
77823650,"98,0"
37550979,..
52634142,"98,9"
76195214,"96,9"
54839753,..
32705515,"90,9"
60214465,..
70137084,"88,3"
82002016,..
21901328,"100,0"
23306658,"98,6"
57350392,..
11102578,"100,0"
69306209,"100,0"
92651253,"100,0"
31740319,"89,2"
17944628,"100,0"
82826083,"93,8"
94090461,"66,7"
12954099,..
80931789,"96,3"
84098842,"100,0"
90473340,..
26167236,"98,2"
69807202,"98,1"
64648904,"100,0"
63035915,"79,9"
26324896,"93,8"
28848709,"90,0"
12613085,"96,2"
53896162,"100,0"
11185244,"100,0"
56211717,"95,0"
66824652,"94,4"
49168016,"95,5"
32042066,"98,1"
50821167,"100,0"
92814975,"100,0"
28770304,"81,1"
64123241,"100,0"
69063711,"100,0"
77609073,"89,7"
35894996,"91,8"
17119840,"93,9"
68748767,"90,3"
25596917,"58,8"
20984584,"100,0"
52129378,"94,9"
98541468,"94,4"
31155312,"100,0"
25648215,"93,8"
61823258,"87,5"
39178171,"89,7"
79994304,..
68006362,"99,2"
11608031,"76,5"
86762103,"67,9"
68381790,"89,7"
13006857,"92,5"
76007769,"100,0"
16956086,"87,5"
58187973,"100,0"
88894245,"100,0"
71160225,"100,0"
67752682,"97,9"
47884009,"90,3"
44672598,"90,0"
75340089,"90,6"
36670439,"88,5"
22220001,"91,5"
15100079,..
55421481,..
99356671,"85,7"
16702464,"100,0"
71353314,..
36252055,"96,2"
91812793,"100,0"
14355031,..
72891848,"88,1"
31796890,..
22426680,"92,3"
83805032,"100,0"
48862305,"77,8"
32887559,"100,0"
71541108,"94,4"
69471748,"74,5"
93239262,"100,0"
25745773,"95,7"
99976753,..
14278480,"77,8"
28023078,"100,0"
43284031,"94,3"
13963517,"100,0"
26267406,"87,5"
31255918,"98,5"
51955293,"97,4"
35035671,"88,2"
12130801,..
51736304,..
53180719,"98,6"
27489137,"100,0"
15609112,"90,0"
60424371,"82,4"
68655578,"79,3"
17062663,"98,2"
68741484,"79,3"
56267421,"100,0"
34990065,"94,6"
37054246,"72,4"
39199869,..
62216381,"87,8"
31179045,"93,5"
72421673,"91,7"
59655752,..
88750078,"97,1"
41878314,..
41555549,"95,8"
32003298,"100,0"
22383788,"91,3"
85459854,"94,4"
81876614,..
18711877,"96,2"
67071618,"100,0"
75324351,"100,0"
61229217,"88,2"
58929357,"100,0"
42517257,"84,4"
70376604,"100,0"
93503103,"86,4"
18617410,"100,0"
41697930,"100,0"
28025244,"94,4"
17184072,"100,0"
40338843,"100,0"
77440824,"100,0"
71069359,"100,0"
86896907,"100,0"
14292382,"100,0"
87859089,"89,5"
54764253,"97,9"
98908403,"95,8"
16493131,"96,6"
41119610,"100,0"
48304166,"91,5"
24982097,"94,4"
97104132,"100,0"
68597767,"100,0"
27964873,"94,4"
30706655,"85,0"
65674821,"100,0"
46332927,"100,0"
78690637,"84,1"
24653673,"100,0"
38048202,"94,0"
90990441,..
86319615,"100,0"
87303004,"100,0"
97835550,"100,0"
22446331,"89,2"
26671095,"100,0"
42911621,"94,8"
40575001,"93,0"
75027822,"93,8"
26508763,"98,7"
14504503,"100,0"
21850904,"100,0"
77544055,"85,7"
16198647,"98,6"
12496135,"100,0"
76903284,"77,8"
68649663,"81,1"
15870428,"91,4"
26750052,"100,0"
81997762,"96,7"
69747871,..
70119254,"100,0"
79346084,"97,9"
34222422,"100,0"
84230226,..
42060237,"70,5"
89816391,"66,7"
14448619,"95,0"
12546590,"90,5"
94167577,"73,7"
27023528,"87,8"
53903798,"95,0"
85782695,"92,3"
98815582,"92,0"
97770837,"83,3"
21312503,"97,4"
14926020,"94,7"
33132452,"92,8"
56942970,..
56653353,"97,9"
59898194,..
97510495,"70,6"
38683336,..
95618280,"80,0"
17675502,"92,9"
75600007,..
15278518,"97,8"
15390992,"98,5"
63943560,"100,0"
85516596,"87,0"
31998226,..
38236800,"60,4"
59026584,"97,1"
79829846,"95,2"
20061769,"91,7"
65458415,..
95154882,..
52333875,"86,0"
65666808,"75,6"
24397215,"97,7"
30677562,"83,8"
85054102,"76,2"
87274273,"100,0"
24759907,"58,8"
41631104,..
80357110,"82,6"
18451445,..
93367005,"89,2"
16501673,"81,6"
26298615,"82,6"
50104466,..
79845033,"88,9"
41099519,"100,0"
59386837,"90,2"
21627442,"94,5"
17276047,"100,0"
73217812,"89,5"
48244956,"85,0"
36769815,"100,0"
16931486,"100,0"
92489953,"100,0"
43873969,"100,0"
55825382,"93,8"
19306558,..
24993048,..
70132092,"84,7"
65034473,..
13084253,"96,2"
32321364,"100,0"
59942080,..
66273269,"100,0"
82888663,"100,0"
11275959,"94,0"
58518163,"100,0"
50615280,"100,0"
19035583,"100,0"
27993549,"100,0"
37912396,"90,9"
90312942,"91,7"
19839859,"86,7"
80280597,..
67628478,..
37517404,..
29159460,"82,0"
43601850,"100,0"
89630851,"97,7"
86351879,"78,9"
14586562,..
74322969,"100,0"
90260899,"100,0"
69302313,"100,0"
31057219,"95,5"
27079521,"97,3"
64579522,"76,0"
65234368,"98,4"
34381901,"93,6"
96414537,"100,0"
99394620,"100,0"
95368476,"100,0"
14853321,"85,7"
76448076,"100,0"
31537066,"100,0"
86488203,"97,0"
25156286,"100,0"
92949043,"100,0"
92818240,"92,4"
84329061,"100,0"
71969230,"81,0"
91048178,"69,5"
76942525,"76,9"
31486865,"100,0"
10373112,..
61720981,"100,0"
25698509,"97,4"
50424828,"83,8"
82931004,"94,7"
83584125,"100,0"
16496466,"100,0"
12075195,"100,0"
62300682,"100,0"
65265211,"96,6"
97191332,"96,6"
71938440,"92,9"
22811839,"100,0"
33205596,"100,0"
19930101,"100,0"
60727136,"100,0"
45132264,"95,8"
61647360,..
33657492,"72,1"
61622991,"84,7"
66644568,"94,4"
93659517,"100,0"
61175914,"88,2"
73316818,"100,0"
27859889,"100,0"
29161632,..
45541222,"100,0"
63451147,"91,7"
61197669,..
17812651,"100,0"
57668673,"80,0"
69040241,"100,0"
91905819,"83,3"
54882637,"87,5"
53923398,"91,8"
47844862,"81,5"
22239675,"100,0"
72984079,"82,4"
36480690,"96,2"
24787883,"81,3"
52048443,"86,7"
32550660,"100,0"
59599256,"87,1"
69865450,"82,0"
31112935,"86,7"
90509211,"93,9"
37316242,"92,0"
20173336,"81,8"
49872493,"89,7"
39147056,"98,1"
11953769,"100,0"
28646435,"96,0"
50393060,"96,0"
85788659,"96,2"
95340745,"100,0"
59521477,"76,9"
92442684,"93,8"
38544187,"100,0"
54599691,"46,9"
54467211,"100,0"
23517683,"100,0"
82251333,"90,0"
99864908,"100,0"
27106031,"87,5"
59463950,"85,7"
63931325,"85,2"
57391913,"90,5"
75374280,"96,3"
46148350,"100,0"
50133877,"95,2"
49868916,"100,0"
90240730,"90,9"
84908877,"77,4"
24277564,"100,0"
88956420,..
34002355,"92,3"
36355200,"100,0"
96920524,"94,7"
18217765,"100,0"
60919765,..
14677676,"97,0"
96152872,"97,8"
77835341,"100,0"
70803636,"100,0"
23797825,"100,0"
44738639,"87,5"
77712952,"95,0"
92009807,"84,6"
10433896,..
10342448,"89,1"
43154449,"100,0"
98032567,..
96194948,"92,6"
25955541,"91,7"
88025221,"92,3"
14799321,"93,1"
56041699,"84,0"
70955448,"100,0"
68824244,"92,7"
90685868,"98,4"
24501884,"90,7"
56084099,"96,6"
80711021,"95,7"
17648596,"78,2"
16720048,"94,9"
39341381,..
60088179,"80,3"
28391147,"88,1"
29209307,"96,4"
21778322,"100,0"
31380193,"88,2"
90290154,"93,3"
25847233,"95,8"
92816527,"83,7"
16848652,"100,0"
94975733,"83,9"
56802300,"100,0"
15149235,"95,7"
77379848,"100,0"
13981977,..
24538846,..
36886750,"100,0"
67422309,"97,1"
67058407,"90,9"
34421265,"96,8"
15791044,..
98696836,"82,8"
82160887,"96,3"
23175129,"100,0"
77358716,"100,0"
29225010,"78,9"
33249781,"88,5"
64648566,"95,8"
18691102,"84,6"
70302356,"96,0"
65421426,"100,0"
24349146,"90,6"
83605345,"100,0"
15933512,"98,6"
12198363,..
47692481,"71,7"
64693272,"84,6"
18072172,..
85188855,"95,7"
39528347,"97,2"
85473846,"94,6"
29744774,..
89690587,"95,7"
20768651,..
32239920,"100,0"
98781765,"94,2"
87112995,"96,4"
18686599,..
93779220,"83,3"
53279140,"91,5"
80785976,"95,0"
47559319,"92,9"
21532545,..
56187883,"76,8"
51023367,"91,5"
95069937,"100,0"
52690153,"68,8"
93221031,..
68229719,..
84947634,..
89982804,"100,0"
60743463,..
73171934,..
74434644,"100,0"
93281974,"100,0"
23424275,..
16554575,"96,3"
60096875,"83,3"
40386043,..
33685428,..
10924758,"78,9"
75082798,"100,0"
16950252,"92,3"
15077883,"78,6"
48434184,"100,0"
51138448,"100,0"
93939982,"100,0"
31533003,"100,0"
24273261,..
59455288,..
25677996,"100,0"
31279294,..
36782335,"100,0"
90551279,"90,9"
93062368,..
69626109,"83,7"
10638939,"100,0"
72127035,..
85003442,"100,0"
98052678,..
32671805,..
16313848,"100,0"
54172830,..
75458014,..
78023197,"89,5"
40991561,..
70923626,"100,0"
76877530,..
47046103,..
19560192,"95,5"
98053087,"92,9"
46660042,"75,0"
67783774,..
85214294,"100,0"
12279302,"100,0"
91984508,"93,9"
40667807,..
40634612,..
80762863,"92,5"
64574972,..
30530571,..
96024712,"100,0"
27115998,"100,0"
39583059,"100,0"
38645259,..
46145886,..
27041885,"100,0"
48722826,"94,1"
97596286,"96,3"
67554405,"100,0"
56021320,"100,0"
23457902,..
57397381,"92,9"
72022487,..
70969556,..
28248021,..
44417214,"100,0"
25025681,..
14102256,"95,0"
75082280,"100,0"
39096170,"100,0"
69240218,"100,0"
82002016,..
23306658,..
94090461,"66,7"
63035915,"92,1"
50821167,..
68748767,"100,0"
20984584,..
25648215,"100,0"
11608031,"100,0"
13006857,"100,0"
16956086,..
58187973,..
88894245,..
71160225,"100,0"
44672598,"89,5"
22220001,..
71353314,..
69471748,"100,0"
93239262,"100,0"
13963517,..
68655578,"100,0"
31179045,"95,2"
59655752,..
18711877,..
67071618,"100,0"
18617410,"100,0"
40338843,"100,0"
14292382,..
87859089,..
98908403,"90,9"
24982097,..
68597767,..
38048202,"91,3"
90990441,..
40575001,"95,8"
26508763,"100,0"
76903284,..
69747871,..
79346084,"95,7"
89816391,..
53903798,"92,3"
33132452,"100,0"
17675502,"92,9"
75600007,..
85516596,"91,7"
50104466,..
59386837,..
43873969,"100,0"
24993048,..
58518163,"100,0"
29159460,"84,6"
89630851,"100,0"
86351879,"86,7"
74322969,..
64579522,"92,9"
14853321,..
86488203,"100,0"
84329061,..
71969230,..
31486865,"100,0"
61720981,"100,0"
50424828,..
83584125,"100,0"
65265211,..
66644568,"94,4"
61175914,..
29161632,..
36480690,..
32550660,"100,0"
37316242,..
50393060,..
95340745,..
59521477,..
46148350,..
49868916,"100,0"
84908877,"78,6"
24277564,..
36355200,..
88025221,"92,3"
56041699,..
70955448,"100,0"
60088179,"80,0"
25847233,"95,7"
16848652,..
56802300,..
36886750,..
67422309,..
82160887,"100,0"
64648566,..
15933512,"96,3"
12198363,..
64693272,..
89690587,"89,5"
18686599,..
93779220,"83,3"
80785976,..
47559319,"92,9"
52690153,..
93221031,..
18345915,"88,2"
97870412,"100,0"
18208087,"100,0"
41416934,"96,4"
21567982,"84,6"
83474173,"93,3"
88445871,"98,2"
25624692,..
25356960,"93,3"
98132436,"96,2"
60096875,"71,4"
29324709,..
26864271,..
44240250,"92,3"
75082798,"93,3"
91333138,"84,6"
12154972,"83,3"
15077883,"76,9"
48434184,"84,6"
19647256,"95,8"
56737496,"93,8"
55155562,"97,1"
24008049,"95,5"
59734510,..
19586169,"100,0"
24273261,..
59455288,..
89888648,"90,9"
36782335,"100,0"
20666515,"100,0"
90551279,"88,2"
93062368,..
90267145,"100,0"
88153340,"95,0"
94353434,"86,0"
88886610,"88,9"
88556189,..
72127035,"92,3"
22752398,"90,2"
31843016,"100,0"
29097621,"92,1"
16313848,"96,4"
11294673,..
86327236,..
69241230,..
80327946,"94,1"
86385479,..
70923626,"95,2"
92905347,..
47550455,"100,0"
56664512,..
19560192,..
46660042,"85,0"
38917647,..
82084961,..
98369689,"88,2"
56529916,"93,9"
17849518,..
18091973,"100,0"
69629086,"100,0"
31657916,..
19741742,"78,6"
40829056,..
85800840,"100,0"
39583059,"80,0"
39805497,"90,9"
46145886,"100,0"
84247499,"100,0"
71571158,..
86473502,..
58368956,"92,9"
23350817,.
41358402,"100,0"
87262566,..
23457902,..
56947954,"100,0"
72022487,"66,7"
28248021,..
74408578,"92,3"
86724994,"97,1"
39302565,"85,0"
61432781,"89,8"
14057258,..
81551726,..
76195214,..
70137084,"81,5"
57350392,..
92651253,"100,0"
82826083,"95,0"
26167236,..
63035915,"61,5"
32042066,"94,7"
92814975,..
64123241,"100,0"
20984584,..
98541468,"94,4"
25648215,..
79994304,..
86762103,..
68381790,..
13006857,"83,3"
16956086,..
88894245,..
67752682,"94,1"
75340089,"94,4"
22220001,"88,0"
15100079,..
36252055,"88,9"
72891848,..
48862305,"67,9"
13963517,..
31255918,"100,0"
53180719,"100,0"
68655578,"65,7"
37054246,..
62216381,"77,8"
18711877,..
61229217,"92,3"
41697930,"100,0"
77440824,..
14292382,"100,0"
54764253,"95,2"
98908403,"100,0"
16493131,"100,0"
24982097,..
27964873,"92,3"
30706655,"92,9"
78690637,"96,6"
24653673,..
87303004,..
97835550,..
22446331,..
42911621,"100,0"
14504503,..
76903284,..
81997762,"100,0"
70119254,"100,0"
42060237,"67,9"
85782695,"92,3"
38236800,..
41631104,..
16501673,..
26298615,"100,0"
41099519,..
59386837,..
73217812,..
16931486,..
70132092,"88,0"
27993549,"100,0"
90312942,"85,7"
19839859,..
29159460,..
43601850,"100,0"
74322969,..
31057219,..
34381901,"100,0"
96414537,..
99394620,"100,0"
76448076,"100,0"
92818240,"90,2"
84329061,..
71969230,..
91048178,..
65265211,..
22811839,"100,0"
61622991,"84,7"
61175914,..
91905819,..
54882637,"92,3"
53923398,..
69865450,..
20173336,"70,0"
49872493,..
39147056,"100,0"
11953769,..
85788659,..
59521477,..
54467211,"100,0"
82251333,"90,0"
90240730,"97,1"
34002355,..
96920524,"91,7"
96152872,"100,0"
92009807,..
10342448,"86,1"
90685868,"100,0"
17648596,"78,2"
39341381,..
29209307,..
90290154,..
92816527,"70,0"
24538846,..
67422309,"92,3"
34421265,"100,0"
82160887,"95,8"
33249781,..
18691102,..
24349146,"91,2"
83605345,"100,0"
47692481,..
85188855,..
85473846,"95,5"
32239920,"100,0"
56187883,..
52690153,..
74776778,"100,0"
71262305,"100,0"
84947634,"100,0"
48009865,"100,0"
89982804,..
97968599,"100,0"
91748148,"100,0"
42218661,..
74434644,"100,0"
42022406,..
34076477,"100,0"
54896448,"100,0"
97758137,"100,0"
26334561,"100,0"
40386043,"100,0"
20699742,"100,0"
82814120,"100,0"
45164827,"96,7"
10924758,"100,0"
34153869,"92,3"
17846181,..
75082798,"96,2"
23555409,"100,0"
27030026,"100,0"
15077883,"73,1"
48434184,"100,0"
58724424,..
39911065,"100,0"
56737496,"100,0"
55155562,"96,6"
31533003,"100,0"
19981611,"100,0"
25679488,"95,8"
35063170,"100,0"
31279294,..
36782335,"100,0"
67279303,..
21648755,"91,4"
11111710,..
49616977,"100,0"
84835666,"96,3"
20319353,"100,0"
85068812,..
78397312,"96,8"
36444853,"100,0"
89837629,..
12994441,"100,0"
88774402,"100,0"
75141151,"96,9"
61701709,"100,0"
38684438,"90,4"
39549479,"100,0"
73147554,"100,0"
69983740,"100,0"
12052268,"100,0"
71597051,"100,0"
40690520,"100,0"
35006050,"89,5"
10638939,..
34336190,"100,0"
88834120,"100,0"
53640774,"98,7"
72127035,"92,9"
71922787,"100,0"
92507006,"100,0"
20100577,"95,7"
79606767,"97,7"
11294673,..
86327236,"93,3"
66335258,..
54172830,"100,0"
56330385,"100,0"
44392995,"100,0"
60730660,"100,0"
82592568,"100,0"
86385479,"100,0"
49862313,"87,5"
42859669,"98,1"
99592025,"98,3"
34247736,"98,4"
76877530,..
38167912,"100,0"
43826783,..
58125096,"88,5"
17173461,..
30468157,"100,0"
23681822,"100,0"
92858957,"100,0"
82084961,"100,0"
73829818,"100,0"
18881773,..
12279302,"100,0"
64205087,"95,7"
18091973,"100,0"
88466776,"83,3"
54606928,"100,0"
19741742,"97,7"
45830583,"100,0"
30530571,"96,8"
78839208,"100,0"
30458073,..
27115998,"97,0"
79516949,..
87207941,"100,0"
11673760,"99,1"
38400227,"93,0"
81619482,"100,0"
39149668,"100,0"
67554405,"100,0"
73944169,"100,0"
78872213,"100,0"
64569393,"100,0"
48217580,"99,1"
57397381,"93,1"
72022487,"90,7"
71512894,"100,0"
28248021,"100,0"
44417214,"95,0"
74408578,"100,0"
71043974,"97,7"
61161774,"100,0"
75914181,..
24544503,"100,0"
69240218,"100,0"
12934438,"98,1"
43313366,"94,7"
37550979,"100,0"
60214465,"100,0"
23306658,"100,0"
11102578,"100,0"
10129345,"100,0"
94090461,"100,0"
26324896,"94,1"
56639389,"100,0"
53896162,"99,3"
17779637,"94,1"
71929526,"100,0"
60873719,"100,0"
68748767,..
23548714,"96,2"
48593439,"100,0"
91773491,..
30361243,"100,0"
25596917,"100,0"
31155312,..
84424083,"100,0"
10481541,"89,6"
68381790,..
13006857,"100,0"
16956086,"97,4"
58187973,"100,0"
31870541,"96,6"
44672598,"100,0"
31822012,"94,0"
62855448,"100,0"
91812793,"100,0"
58907711,"96,6"
68285560,"97,8"
69471748,"97,1"
99976753,"96,7"
75575321,"100,0"
57690933,"100,0"
12130801,"100,0"
95785055,"100,0"
68741484,"100,0"
37054246,"100,0"
31179045,"96,2"
59655752,"100,0"
41555549,"100,0"
85459854,"100,0"
67071618,"100,0"
28025244,"100,0"
40338843,"100,0"
14292382,..
87859089,"100,0"
98908403,"96,3"
83272868,"93,8"
45552626,"100,0"
92332557,"100,0"
78690637,"98,7"
77544055,"100,0"
76903284,"100,0"
49141105,"100,0"
26646080,"100,0"
79346084,"100,0"
14448619,"96,2"
43565270,"100,0"
85152591,"99,0"
40600798,"98,5"
48120273,"100,0"
94167577,"100,0"
53903798,"64,7"
97770837,"91,7"
70811222,..
17911161,"83,8"
35084976,"100,0"
77632411,"100,0"
59898194,"95,8"
38195284,"98,2"
97510495,"87,8"
89461767,"96,6"
94717858,"96,4"
75075402,"96,3"
26326048,"97,8"
37839488,"89,5"
73812226,"97,2"
15278518,"96,3"
85516596,"94,7"
16784385,"96,2"
24339566,"100,0"
65458415,..
52333875,"100,0"
24759907,"92,0"
31315191,"97,4"
48555205,"99,3"
32116280,"100,0"
64388538,..
52153758,"100,0"
99755443,"99,3"
30167976,"100,0"
32071849,"100,0"
79845033,..
41099519,"100,0"
59386837,..
21382451,"100,0"
55825382,"100,0"
59942080,"77,3"
37912396,..
45593337,"100,0"
19839859,..
30615080,"92,5"
86351879,"100,0"
90260899,"100,0"
31057219,..
27079521,"100,0"
64579522,..
34381901,"100,0"
55150847,"100,0"
53069733,..
14853321,"100,0"
86488203,"92,2"
25156286,..
28081446,"100,0"
92818240,"100,0"
12399380,..
31486865,"100,0"
97265732,"100,0"
61720981,"100,0"
50424828,..
95024660,"95,8"
32263814,"100,0"
33657492,"100,0"
79309485,"100,0"
77713695,"100,0"
23544320,"100,0"
69040241,..
20855811,"76,9"
53923398,"95,8"
74560191,..
47844862,"98,9"
72984079,"95,5"
61674097,"100,0"
93488613,"100,0"
59599256,"98,8"
90509211,"100,0"
50393060,"100,0"
85788659,..
59521477,"95,0"
54599691,"91,4"
31975673,"98,6"
27106031,"100,0"
46148350,..
49868916,"100,0"
74919147,"100,0"
78389879,"100,0"
44412461,"100,0"
96920524,"94,0"
70803636,"100,0"
23797825,"98,1"
10433896,"96,4"
49170638,"100,0"
25379974,..
18042101,"100,0"
70955448,"100,0"
92805465,"100,0"
61176909,"100,0"
21778322,"100,0"
31380193,..
62612992,"92,6"
16848652,"100,0"
15149235,"92,9"
24538846,"100,0"
67058407,"100,0"
98696836,"100,0"
49739986,"100,0"
92192566,"100,0"
65421426,"100,0"
72071234,"100,0"
65833454,..
28045567,"100,0"
38880984,"97,2"
18686599,"100,0"
47559319,"100,0"
20752831,"77,2"
51023367,..
52690153,..
93221031,..
18345915,"95,0"
71262305,..
97870412,"100,0"
82840198,"100,0"
41416934,..
21866405,..
42022406,"96,0"
25624692,..
64284020,"86,0"
40386043,"100,0"
26864271,.
75082798,"87,5"
23555409,"100,0"
30341162,..
72266906,"90,5"
15077883,..
48434184,"90,9"
56421429,"100,0"
56737496,..
24008049,"100,0"
36680097,..
59734510,..
19586169,..
95683850,"100,0"
89888648,"100,0"
36782335,"95,7"
37906565,"100,0"
90551279,"100,0"
69686851,"68,0"
90267145,..
85068812,..
16819383,"100,0"
79094701,"100,0"
11274830,"88,9"
35006050,"88,5"
88556189,..
97177328,"94,1"
72127035,..
22752398,"91,7"
71922787,..
81993306,"89,5"
16313848,"100,0"
11294673,..
28398531,..
79033948,"100,0"
69241230,..
80327946,"87,5"
86385479,"83,3"
99838438,"94,7"
42859669,"85,7"
92905347,..
99592025,"76,9"
30329172,"100,0"
47046103,..
19560192,..
98053087,"76,9"
46660042,"80,0"
44113417,"100,0"
39555838,..
82084961,"82,4"
46162400,"98,4"
12448823,..
18091973,..
40634612,..
69629086,"93,1"
31657916,..
42573391,..
29032715,"100,0"
19909435,"100,0"
85800840,"100,0"
27115998,"77,8"
41867682,"100,0"
39583059,"86,7"
38645259,..
63791419,"72,7"
46145886,"100,0"
84247499,"100,0"
48722826,"100,0"
53691739,"100,0"
60209222,"89,3"
78872213,"90,9"
51620045,"91,7"
56947954,"100,0"
72022487,"100,0"
70969556,..
28248021,..
74408578,"100,0"
86724994,"100,0"
39302565,"100,0"
74316305,"100,0"
72109637,..
97868185,..
77823650,"95,8"
76195214,..
70137084,"100,0"
69306209,"100,0"
80931789,"96,3"
90473340,..
26167236,..
63035915,"93,8"
12613085,"96,2"
66824652,"93,3"
32042066,"100,0"
92814975,"100,0"
69063711,..
77609073,..
68748767,..
52129378,"94,9"
61823258,..
68006362,"97,7"
86762103,..
68381790,..
13006857,"100,0"
16956086,"96,3"
58187973,..
88894245,..
67752682,"100,0"
44672598,"90,9"
22220001,"100,0"
16702464,..
36252055,"100,0"
72891848,..
32887559,"100,0"
43284031,"92,6"
13963517,..
26267406,..
31255918,"100,0"
51736304,..
53180719,"100,0"
27489137,"100,0"
37054246,"61,9"
62216381,"100,0"
88750078,"100,0"
22383788,"91,3"
81876614,..
75324351,..
61229217,"84,6"
41697930,"100,0"
17184072,..
77440824,"100,0"
14292382,"100,0"
87859089,..
16493131,"93,8"
24982097,..
68597767,..
30706655,"90,9"
38048202,"100,0"
87303004,..
97835550,..
26671095,"100,0"
42911621,"96,2"
15870428,"85,0"
26750052,"100,0"
81997762,"100,0"
79346084,"100,0"
14448619,"100,0"
94167577,"68,8"
21312503,"97,4"
33132452,"90,9"
15390992,"98,5"
38236800,..
95154882,..
65666808,"67,4"
93367005,"89,2"
16501673,..
79845033,"95,2"
41099519,..
59386837,..
17276047,"100,0"
48244956,"85,0"
70132092,"82,1"
27993549,"100,0"
90312942,"91,3"
37517404,..
29159460,..
43601850,"100,0"
86351879,"100,0"
74322969,..
90260899,..
31057219,"94,4"
27079521,"100,0"
96414537,..
95368476,..
76448076,"100,0"
91048178,"76,9"
76942525,..
61720981,"100,0"
82931004,"94,7"
33205596,"100,0"
60727136,..
33657492,..
93659517,"100,0"
57668673,"75,0"
91905819,..
54882637,..
36480690,..
52048443,"86,7"
69865450,..
37316242,"100,0"
50393060,..
59521477,..
54467211,"100,0"
59463950,"88,2"
63931325,"84,6"
75374280,..
50133877,"100,0"
34002355,..
18217765,..
96152872,"100,0"
10433896,..
43154449,"100,0"
96194948,..
68824244,"93,1"
90685868,"100,0"
39341381,..
28391147,"88,1"
31380193,..
90290154,..
92816527,"93,3"
94975733,"78,3"
77379848,..
13981977,..
67422309,..
82160887,..
23175129,"100,0"
29225010,"78,9"
24349146,"97,6"
85188855,..
39528347,"96,4"
32239920,"100,0"
80785976,"91,7"
21532545,..
56187883,"100,0"
51023367,"95,5"
52690153,..
61004230,"100,0"
23517336,"91,7"
48009865,..
82840198,..
19464342,..
43609520,"100,0"
42218661,"100,0"
42022406,"87,0"
56679384,"98,7"
69018222,"83,3"
64284020,..
97758137,"100,0"
40386043,"88,1"
33685428,"94,4"
34153869,..
75082798,"91,7"
23555409,"100,0"
30341162,"84,6"
19912478,"97,8"
58724424,..
95684185,"97,2"
93939982,..
55155562,..
24008049,"96,7"
54481243,"100,0"
36680097,..
25677996,"95,2"
31279294,..
36782335,"100,0"
21648755,"93,3"
69686851,..
54965510,"86,7"
25872338,..
10974852,..
85068812,.
78397312,"100,0"
36444853,"96,4"
61469192,"90,5"
79094701,"100,0"
71597051,"100,0"
53231578,"89,7"
91011325,"80,0"
97382366,"96,2"
10638939,..
69739484,"91,5"
92887917,"96,1"
68734112,..
44653962,..
47264019,"96,7"
20099064,"90,0"
16313848,"100,0"
79033948,"92,9"
68240485,"98,2"
95046058,"97,4"
44392995,"90,0"
99838438,"92,3"
30329172,"100,0"
76877530,..
38167912,..
77839100,..
55535552,.
92533079,"98,0"
92858957,"94,7"
82084961,..
50908408,"100,0"
18594470,"100,0"
72232853,"100,0"
18091973,..
36539945,..
40634612,..
66132676,"98,4"
64574972,"100,0"
48931433,..
85800840,"100,0"
68920727,"100,0"
27115998,..
79516949,"93,3"
96684210,"99,0"
23836342,"100,0"
81619482,"100,0"
39149668,..
48722826,..
73063662,"93,7"
43251309,"100,0"
67554405,..
94455820,..
78872213,"100,0"
56021320,"100,0"
64569393,..
86888278,..
57397381,"92,6"
44417214,..
49488344,"100,0"
57777751,..
38732602,"91,7"
86158933,"98,1"
75914181,"100,0"
84476205,"95,2"
24544503,"88,5"
86787111,"100,0"
97868185,"92,9"
70137084,..
23306658,..
11102578,"100,0"
94468610,"94,6"
90473340,"100,0"
64648904,"100,0"
75939593,"100,0"
51449748,"95,7"
28267726,"98,0"
71929526,"100,0"
71472793,"100,0"
69063711,"90,9"
35894996,..
65722876,"96,8"
49231191,"95,7"
13006857,"100,0"
16956086,..
88894245,..
44672598,..
99356671,..
29449669,"94,9"
91812793,"100,0"
14355031,"100,0"
46611859,"96,7"
65150019,"94,4"
47537928,"82,8"
44285075,"100,0"
68741484,..
72421673,..
15763669,..
18711877,"100,0"
61229217,..
70376604,"97,6"
40338843,..
16493131,"100,0"
83272868,..
16748680,"100,0"
92332557,"91,9"
78690637,"91,2"
90990441,..
49112879,"98,0"
43623146,..
18974693,"93,3"
28967085,..
33233228,..
94167577,"90,9"
27023528,"100,0"
97770837,..
29423248,"89,5"
33132452,..
17911161,..
35084976,..
77632411,"96,3"
53760158,"100,0"
78422467,"94,6"
75075402,"96,2"
46256929,"100,0"
83374651,"100,0"
30762346,..
15390992,"93,6"
85516596,..
95154882,..
24663703,..
28519815,"91,3"
65666808,..
24759907,"78,6"
35366805,"94,6"
89370947,"97,5"
64388538,"100,0"
17276047,..
48244956,"84,6"
43873969,"100,0"
19306558,"95,2"
45593337,..
25178582,"95,2"
70543431,"100,0"
56041144,"91,7"
90260899,..
33572033,"83,3"
95368476,"100,0"
76448076,..
28081446,"95,8"
21400668,"100,0"
92949043,"100,0"
31486865,"97,8"
97265732,"100,0"
50424828,"71,4"
11533776,"88,0"
99622695,..
51131594,"90,5"
89680395,"100,0"
53696633,"100,0"
27440210,"100,0"
62758285,"100,0"
57668673,..
63993414,..
49136871,..
53923398,..
74560191,..
36480690,"93,8"
24787883,..
52048443,"100,0"
43277545,"92,9"
66095163,"96,7"
54004368,"96,4"
31975673,..
99864908,..
49868916,"100,0"
44412461,"100,0"
49576295,..
45293715,"93,9"
77712952,..
10433896,"92,3"
43154449,"100,0"
46379730,"100,0"
46986216,"93,6"
16720048,"96,3"
31380193,..
85485803,"100,0"
88429477,..
98696836,"100,0"
49739986,"100,0"
29225010,"87,5"
56886667,"96,2"
62394916,..
67908927,"95,8"
18072172,..
11341077,"100,0"
77797484,"98,2"
80785976,"80,0"
21532545,"100,0"
51023367,..
43649848,"100,0"
74316305,"94,7"
84098842,"100,0"
17062663,"100,0"
71069359,"100,0"
48304166,"100,0"
92009807,"93,3"
93221031,"100,0"
17474377,"100,0"
55795961,..
84947634,"100,0"
68564903,"100,0"
18208087,"88,2"
41416934,"94,6"
21866405,"75,0"
25624692,..
25356960,"96,6"
98132436,.
40386043,"100,0"
44240250,"100,0"
75082798,..
91333138,"92,3"
12154972,"92,9"
15077883,..
48434184,..
19647256,..
93939982,..
55155562,"85,7"
24008049,"65,0"
59734510,..
19586169,..
24273261,..
89888648,..
90003262,..
36782335,"100,0"
67279303,"100,0"
21648755,"81,8"
90267145,..
61880907,"85,5"
88556189,..
72127035,..
70969714,"100,0"
31843016,..
29097621,"79,2"
16313848,"97,9"
86327236,..
86310217,"71,4"
69241230,..
80327946,"87,5"
70923626,..
92905347,..
30329172,"100,0"
47046103,"88,9"
17173461,..
19560192,..
98053087,..
46660042,"100,0"
38917647,..
98369689,"95,6"
17849518,..
40667807,..
69629086,"100,0"
31657916,..
46241804,"90,0"
29032715,"100,0"
19909435,..
85800840,"100,0"
39583059,"92,9"
38645259,..
39805497,"100,0"
83829189,"100,0"
84247499,"98,0"
97064126,..
48722826,..
71571158,"95,7"
73567152,"54,5"
84286698,"91,7"
23350817,..
87262566,"100,0"
56947954,"90,5"
72022487,"76,5"
70969556,..
86724994,"100,0"
39302565,"100,0"
61432781,"91,7"
14057258,..
81551726,..
52634142,"100,0"
76195214,..
70137084,"88,9"
92651253,..
26167236,"100,0"
28848709,"90,0"
49168016,"94,7"
28770304,"81,1"
17119840,"90,9"
61823258,..
86762103,.
76007769,"100,0"
88894245,..
47884009,..
75340089,..
36670439,"91,7"
72891848,..
83805032,"100,0"
31255918,"95,5"
35035671,"88,2"
53180719,..
17062663,"97,5"
88750078,"92,3"
85459854,"91,3"
61229217,..
93503103,"95,5"
14292382,..
87859089,..
16493131,"90,0"
48304166,..
27964873,"95,7"
30706655,..
78690637,..
24653673,"100,0"
87303004,"100,0"
97835550,..
22446331,"90,9"
40575001,"95,8"
76903284,"71,4"
81997762,..
42060237,..
89816391,..
38236800,..
85054102,"76,2"
87274273,"100,0"
16501673,..
26298615,"77,8"
50104466,..
59386837,"85,7"
73217812,..
16931486,..
13084253,"96,2"
82888663,"100,0"
11275959,"100,0"
27993549,"100,0"
90312942,"100,0"
19839859,..
29159460,..
43601850,..
14586562,..
74322969,"100,0"
90260899,"100,0"
31057219,"95,7"
27079521,..
34381901,"100,0"
95368476,..
84329061,..
71969230,..
91048178,..
10373112,..
65265211,..
19930101,"100,0"
33657492,..
53923398,"85,7"
69865450,..
37316242,..
20173336,..
49872493,..
39147056,"97,2"
85788659,"100,0"
95340745,..
59521477,..
54467211,"100,0"
82251333,..
63931325,"80,0"
75374280,"100,0"
46148350,..
50133877,"83,3"
90240730,"86,0"
84908877,..
34002355,"100,0"
18217765,..
92009807,"81,1"
90685868,..
56084099,"100,0"
39341381,.
29209307,"100,0"
92816527,"100,0"
15149235,..
77379848,..
34421265,"95,5"
18691102,..
70302356,"96,0"
24349146,"82,4"
83605345,..
47692481,..
85188855,..
85473846,"93,1"
98781765,"95,2"
56187883,..
51023367,..
52690153,..
93221031,"100,0"
61004230,"100,0"
71262305,..
68564903,"100,0"
89982804,"100,0"
74434644,"92,3"
18425335,"89,7"
23424275,..
34153869,..
75082798,"73,3"
27030026,"100,0"
15077883,..
39911065,..
56737496,"84,6"
87756916,"80,0"
19586169,..
24273261,..
59455288,"76,9"
25679488,..
35063170,..
36782335,"93,3"
37906565,..
21648755,"60,9"
49616977,"92,3"
72998905,..
69481650,"72,7"
12994441,..
30086854,"87,5"
38684438,"73,7"
73147554,"100,0"
35006050,"94,4"
10638939,..
71922787,..
44341171,..
32671805,..
79606767,"100,0"
11294673,..
86327236,"100,0"
28398531,"100,0"
54172830,..
56330385,"66,7"
42859669,"84,6"
92905347,..
47550455,"95,2"
17173461,..
98053087,"51,9"
92858957,"93,3"
44113417,..
18881773,..
94570025,"91,7"
54606928,"93,8"
42573391,..
97270136,..
30530571,..
40829056,..
38645259,..
87207941,..
11673760,"96,7"
38400227,..
27041885,"100,0"
97064126,..
67554405,"100,0"
86473502,..
98239050,"78,6"
94455820,..
78872213,"92,9"
23350817,.
87262566,..
41844601,"100,0"
23457902,.
57397381,"52,6"
72022487,..
28248021,..
44417214,"100,0"
49488344,"82,4"
14102256,"100,0"
43313366,"77,8"
37550979,..
76195214,"100,0"
60214465,..
11102578,"100,0"
84098842,"100,0"
63035915,"62,5"
26324896,"93,8"
50821167,..
77609073,"100,0"
68748767,..
25596917,"58,8"
20984584,..
25648215,..
11608031,..
86762103,..
68381790,..
16956086,..
22220001,..
15100079,..
16702464,..
72891848,..
69471748,"68,8"
99976753,..
14278480,"58,8"
51955293,"96,3"
12130801,..
53180719,..
68741484,"70,0"
41555549,..
75324351,..
28025244,"90,9"
40338843,..
16493131,"100,0"
48304166,"100,0"
24982097,..
68597767,..
30706655,..
78690637,"73,9"
87303004,..
14504503,..
77544055,"85,7"
76903284,..
15870428,"100,0"
81997762,..
42060237,..
14448619,..
27023528,"100,0"
33132452,"90,9"
56942970,..
97510495,"70,6"
15278518,"97,8"
38236800,..
24759907,"58,8"
16501673,"85,7"
79845033,..
41099519,"100,0"
59386837,..
55825382,..
59942080,..
90312942,..
14586562,..
27079521,..
34381901,..
96414537,..
14853321,"91,7"
86488203,"100,0"
92818240,"96,4"
71969230,..
76942525,..
50424828,"65,0"
12075195,"100,0"
65265211,..
33657492,"72,7"
61175914,..
57668673,..
69040241,"100,0"
53923398,"100,0"
47844862,"81,5"
69865450,"100,0"
90509211,"93,9"
37316242,..
50393060,..
85788659,..
54599691,..
27106031,"82,4"
63931325,..
57391913,"100,0"
46148350,..
96920524,..
70803636,"100,0"
23797825,"100,0"
90685868,"90,9"
80711021,"97,9"
39341381,..
31380193,.
25847233,"93,8"
16848652,..
36886750,"100,0"
67058407,"90,9"
98696836,"81,0"
64648566,"100,0"
83605345,..
15933512,"100,0"
47692481,"71,4"
85188855,..
85473846,"91,7"
53279140,"92,3"
51023367,..
52690153,..
17474377,..
18425335,"88,9"
19150273,"100,0"
64284020,..
23555409,..
73255276,..
58724424,..
31429031,..
87756916,"91,3"
59734510,..
19586169,..
31279294,..
11111710,"100,0"
90551279,"84,6"
69686851,"100,0"
59396229,"90,9"
85068812,..
36444853,"96,6"
65752105,..
10638939,..
88556189,..
44653962,"100,0"
87764775,..
66335258,"90,0"
44392995,"76,9"
80327946,..
42859669,..
92905347,..
19560192,..
56529916,"100,0"
12279302,"100,0"
17849518,..
77688926,"100,0"
37358234,"85,7"
42573391,..
97270136,"100,0"
30530571,..
96024712,"100,0"
40829056,..
39583059,"92,3"
46145886,..
48722826,..
97596286,"95,7"
67554405,"100,0"
86473502,..
64569393,"94,4"
87262566,..
23457902,..
44417214,..
86158933,"100,0"
36072799,"100,0"
81551726,..
76195214,..
23306658,..
17944628,"100,0"
26167236,"100,0"
64648904,"100,0"
53896162,"100,0"
11185244,"100,0"
69063711,..
35894996,"82,6"
68748767,..
20984584,..
31155312,"100,0"
61823258,"84,6"
79994304,..
11608031,..
67752682,"100,0"
91812793,"100,0"
14355031,..
72891848,..
25745773,..
14278480,"94,7"
28023078,"100,0"
13963517,..
51736304,..
53180719,"100,0"
72421673,"91,7"
41878314,..
18711877,..
90990441,..
42911621,"100,0"
26508763,"100,0"
14504503,..
81997762,..
34222422,..
84230226,..
94167577,..
33132452,..
63943560,"100,0"
85516596,"86,0"
38236800,..
59026584,"97,5"
65666808,"84,1"
80357110,"82,6"
16501673,..
73217812,"92,9"
36769815,"100,0"
65034473,..
29159460,..
14586562,..
95368476,..
86488203,..
25156286,"100,0"
71969230,..
91048178,..
76942525,..
50424828,..
60727136,..
45132264,"95,8"
73316818,"100,0"
91905819,"100,0"
36480690,"90,9"
24787883,"81,3"
69865450,..
31112935,..
49872493,..
92442684,..
82251333,..
84908877,..
24277564,..
96152872,..
44738639,"87,5"
96194948,"90,9"
25955541,"92,3"
90685868,..
80711021,"95,7"
31380193,..
90290154,..
92816527,"64,7"
98696836,..
64648566,..
18691102,..
15933512,"97,6"
47692481,..
85188855,..
85473846,"100,0"
53279140,..
80785976,..
56187883,"66,7"
71262305,..
19464342,..
23424275,"100,0"
88573795,"100,0"
73255276,"100,0"
58724424,..
31429031,"88,9"
25679488,.
36782335,..
21648755,"100,0"
69481650,"87,5"
95165649,"86,1"
12994441,..
10638939,..
44341171,"93,8"
32671805,.
28398531,"90,0"
80327946,"80,0"
70923626,..
47550455,"95,0"
38167912,..
80686587,"100,0"
62439199,"95,0"
19741742,"100,0"
30530571,..
11673760,"96,0"
38400227,"92,3"
83829189,..
97064126,..
62104139,..
41844601,"100,0"
70969556,..
44417214,..
14102256,"100,0"
54839753,..
26167236,"92,9"
63035915,"91,3"
77609073,"81,3"
68748767,..
20984584,..
11608031,..
68381790,"85,7"
75340089,..
91812793,"100,0"
72891848,..
22426680,"92,3"
53180719,..
60424371,..
41555549,..
78690637,"73,7"
87303004,..
26508763,"100,0"
76903284,"100,0"
81997762,"100,0"
14448619,..
27023528,"83,3"
38236800,..
30677562,"75,0"
55825382,..
92949043,"100,0"
84329061,..
91048178,..
76942525,..
16496466,..
69865450,..
37316242,"96,8"
28646435,"96,0"
92442684,"100,0"
84908877,..
14799321,..
56041699,..
80711021,"90,9"
15149235,..
15791044,..
15933512,"100,0"
47692481,..
85188855,..
53279140,"94,1"
68229719,..
65192707,"100,0"
30538202,"100,0"
40386043,"100,0"
34153869,..
51138448,..
25720752,"100,0"
31533003,"100,0"
36782335,..
54965510,"100,0"
69983740,..
70066748,"100,0"
68734112,..
53462953,..
30468157,..
96684210,"100,0"
40766349,..
31199511,..
11102578,..
17944628,"94,7"
75939593,"100,0"
56639389,"100,0"
69063711,..
65722876,"100,0"
31822012,"100,0"
58544422,"100,0"
12130801,..
78690637,"100,0"
30279258,"95,8"
26996566,..
94167577,..
41938272,"100,0"
49068301,..
88839172,"100,0"
88955893,"100,0"
42775003,"98,4"
32071849,..
90076461,"95,8"
31486865,..
63993414,..
32995170,"100,0"
32550660,"100,0"
49868916,..
74919147,..
36355200,..
88025221,"100,0"
46986216,"100,0"
65392939,..
56886667,"100,0"
77797484,"100,0"
47559319,..
93221031,..
71262305,..
97870412,"71,4"
18208087,..
83474173,..
88445871,..
64284020,"100,0"
98132436,..
88259298,..
17846181,..
16950252,"100,0"
48434184,..
56421429,..
17008320,..
56737496,..
55155562,..
95683850,"82,8"
35063170,..
67279303,"100,0"
90267145,..
16819383,"93,3"
53660780,"100,0"
51321260,"100,0"
58502307,"92,9"
70969714,..
81993306,"91,7"
16313848,..
54172830,..
86385479,..
92905347,..
47550455,"95,2"
20620556,..
17173461,..
46660042,.
46162400,..
18091973,..
19909435,"100,0"
30530571,..
38645259,..
39805497,..
83829189,"100,0"
48722826,..
60209222,..
84286698,..
87262566,..
56947954,"100,0"
72022487,"100,0"
74316305,..
72109637,..
81551726,..
82002016,..
23306658,"100,0"
69306209,"100,0"
12954099,..
26167236,..
66824652,..
49168016,..
92814975,..
25648215,..
13006857,..
16956086,..
47884009,..
55421481,..
16702464,..
32887559,"100,0"
15609112,..
39199869,..
88750078,..
41555549,..
81876614,..
67071618,"100,0"
75324351,..
58929357,"100,0"
93503103,"77,3"
17184072,..
77440824,..
16493131,"94,4"
41119610,"100,0"
97835550,..
42911621,"83,3"
75027822,"93,8"
21850904,"100,0"
12546590,"90,5"
18451445,..
59386837,..
16931486,..
70132092,..
66273269,"100,0"
37912396,..
90312942,..
19839859,..
67628478,..
86351879,..
69302313,..
31057219,..
64579522,.
34381901,"90,9"
96414537,..
95368476,..
31537066,..
84329061,"100,0"
65265211,..
71938440,"92,9"
33657492,..
27859889,"100,0"
69865450,..
49872493,..
95340745,..
59521477,..
54467211,"100,0"
59463950,..
75374280,..
46148350,..
60919765,..
96152872,"100,0"
68824244,..
56084099,..
39341381,..
94975733,..
56802300,..
77379848,..
13981977,..
34421265,..
23175129,..
18691102,..
47692481,..
20768651,..
98781765,..
95069937,"100,0"
42218661,.
16554575,.
19912478,.
30086854,.
26627862,.
98052678,.
61826221,.
54395430,.
80686587,.
46574937,.
98239050,.
56021320,.
31199511,.
56639389,.
78986228,.
30361243,.
50906954,.
65674821,.
26671095,.
25525759,.
77632411,.
89693952,.
30615080,.
32550660,.
77712952,.
92805465,.
65421426,.
82814120,"100,0"
13006857,..
21567982,..
49379603,..
80167319,..
88534520,"96,9"
82814120,"100,0"
39936461,"100,0"
59734510,..
59455288,..
82163292,"94,4"
88163512,"90,9"
31279294,..
36782335,"73,3"
69686851,"97,0"
95165649,"100,0"
35236491,"98,4"
50696507,"100,0"
38448056,"100,0"
83085136,"100,0"
85544331,"100,0"
19560192,..
21363125,..
78659008,"91,7"
18091973,"73,7"
88624631,"95,7"
35390185,..
40829056,..
65662401,"94,7"
75344502,"85,0"
32580162,"95,7"
61547652,"100,0"
62490359,"100,0"
64725297,"72,4"
43362941,"82,6"
23457902,..
27597104,"100,0"
77823650,"100,0"
52634142,"98,5"
32705515,"89,5"
23306658,"97,1"
26167236,..
11185244,"100,0"
56211717,"95,0"
32042066,..
92814975,"100,0"
20984584,..
61823258,..
39178171,"89,7"
25745773,"95,6"
43284031,"96,2"
26267406,..
53180719,..
56267421,"100,0"
34990065,"94,6"
32003298,"100,0"
42517257,"84,4"
86896907,"100,0"
14292382,"100,0"
54764253,"100,0"
97104132,"100,0"
46332927,"100,0"
86319615,"100,0"
22446331,"83,3"
76903284,..
34222422,..
98815582,"92,0"
59026584,"96,7"
52333875,"86,0"
92489953,"100,0"
82888663,"100,0"
11275959,"87,5"
50615280,"100,0"
19035583,"100,0"
80280597,..
89630851,..
14586562,..
65234368,"98,4"
76942525,..
25698509,"97,4"
16496466,..
65265211,..
61175914,..
63451147,"91,7"
31112935,"89,5"
20173336,"84,6"
38544187,"100,0"
23517683,"100,0"
88956420,..
14677676,"97,0"
98032567,..
25955541,"91,4"
24501884,"90,7"
25847233,"100,0"
34421265,"100,0"
33249781,"92,9"
64693272,..
61004230,.
71262305,.
55795961,.
84947634,.
48009865,.
18208087,.
19464342,.
60743463,.
32960825,.
91748148,.
42022406,.
65192707,.
43634528,.
53400472,.
97758137,.
26334561,.
40386043,.
59483268,.
21663998,.
20595770,.
45164827,.
34153869,.
17846181,.
75082798,.
34637764,.
48434184,.
95684185,.
17008320,.
25720752,.
55155562,.
23164911,.
19981611,.
19586169,.
24273261,.
59455288,.
25677996,.
35063170,.
31279294,.
36782335,.
23897040,.
20666515,.
54965510,.
84835666,.
64740897,.
78979604,.
85068812,.
78397312,.
89837629,.
12994441,.
88774402,.
75141151,.
84306392,.
26627862,.
72517762,.
38684438,.
35647481,.
69983740,.
66491596,.
12052268,.
71597051,.
40690520,.
21505555,.
70066748,.
19207279,.
53640774,.
72127035,.
74148070,.
19051089,.
98052678,.
16313848,.
11294673,.
86327236,.
83137205,.
54172830,.
65136104,.
56330385,.
20228162,.
53462953,.
60730660,.
82592568,.
78875918,.
86385479,.
49862313,.
42859669,.
99592025,.
47550455,.
47046103,.
58125096,.
82914148,.
20620556,.
17173461,.
30468157,.
61528940,.
92858957,.
86296935,.
44113417,.
39555838,.
85214294,.
82084961,.
51210136,.
80686587,.
91984508,.
40667807,.
88466776,.
57942242,.
77688926,.
29032715,.
48931433,.
96024712,.
30458073,.
27115998,.
79516949,.
87207941,.
46574937,.
63791419,.
81619482,.
90006712,.
39149668,.
38233622,.
48722826,.
98239050,.
61547652,.
87034307,.
78872213,.
76860623,.
64160122,.
56947954,.
72022487,.
71512894,.
28248021,.
44417214,.
88776535,.
71043974,.
57777751,.
89807183,.
96818167,.
67300857,.
99279503,.
63653488,.
84476205,.
69240218,.
12934438,.
43313366,.
82002016,.
23306658,.
69306209,.
94090461,.
80931789,.
69807202,.
75939593,.
56639389,.
95700485,.
53896162,.
17779637,.
66824652,.
49168016,.
60873719,.
21938183,.
69063711,.
12926770,.
68748767,.
23548714,.
48593439,.
91773491,.
30361243,.
25596917,.
65722876,.
65381163,.
84424083,.
78231062,.
10481541,.
68381790,.
13006857,.
16956086,.
58187973,.
31870541,.
44672598,.
31822012,.
83161201,.
16702464,.
36252055,.
58907711,.
71541108,.
69471748,.
76485705,.
93239262,.
75575321,.
24194577,.
51955293,.
51736304,.
95785055,.
68655578,.
37054246,.
39199869,.
59655752,.
41555549,.
81876614,.
67071618,.
75324351,.
61229217,.
59575030,.
77440824,.
14292382,.
87859089,.
98908403,.
16493131,.
83272868,.
45552626,.
16748680,.
65674821,.
38048202,.
65320354,.
76903284,.
49141105,.
26996566,.
27704246,.
69747871,.
79346084,.
14448619,.
43565270,.
52791537,.
85819857,.
54117171,.
48120273,.
94167577,.
53903798,.
69650864,.
41938272,.
76054399,.
60142020,.
70811222,.
17911161,.
35084976,.
77632411,.
49068301,.
38195284,.
97510495,.
89461767,.
94717858,.
53760158,.
37802196,.
36288955,.
74812809,.
88839172,.
95618280,.
26326048,.
37839488,.
59796774,.
75600007,.
73812226,.
82964090,.
24339566,.
65458415,.
52333875,.
69543519,.
24759907,.
31315191,.
56670842,.
48555205,.
31313926,.
30312720,.
32116280,.
53175499,.
52153758,.
22116645,.
30167976,.
50104466,.
28004794,.
32071849,.
41099519,.
59386837,.
21382451,.
43873969,.
24993048,.
66273269,.
11275959,.
58518163,.
37912396,.
45593337,.
10226870,.
32057701,.
30615080,.
70543431,.
23476801,.
86351879,.
74322969,.
90260899,.
31057219,.
27079521,.
64579522,.
34381901,.
55150847,.
53069733,.
99394620,.
76448076,.
84329061,.
82718660,.
31486865,.
97265732,.
61720981,.
98651664,.
33657492,.
37078868,.
16130958,.
77713695,.
16218090,.
23544320,.
49136871,.
20855811,.
53923398,.
74560191,.
47844862,.
72984079,.
52048443,.
61674097,.
32550660,.
93488613,.
45600034,.
59599256,.
26957025,.
90509211,.
11953769,.
50393060,.
95340745,.
54004368,.
31975673,.
82251333,.
63931325,.
57391913,.
46148350,.
50133877,.
74919147,.
24277564,.
44412461,.
18217765,.
49576295,.
49170638,.
25379974,.
88025221,.
18042101,.
56041699,.
70955448,.
46707989,.
61176909,.
21778322,.
62612992,.
94975733,.
56802300,.
15149235,.
13981977,.
67058407,.
15791044,.
64908550,.
77358716,.
92192566,.
56886667,.
65421426,.
62394916,.
72071234,.
64693272,.
65833454,.
34988313,.
38880984,.
18686599,.
47559319,.
20752831,.
51023367,.
34739511,.
52690153,.
61004230,..
19464342,..
43609520,..
83474173,"100,0"
91487291,..
88445871,"100,0"
23424275,"80,0"
40386043,..
33685428,..
75082798,..
34637764,"100,0"
15077883,..
19647256,"92,9"
16361868,..
19586169,..
25679488,..
31279294,..
36782335,..
90551279,"89,5"
93062368,..
15414001,"74,5"
38311488,"90,6"
74148070,..
32671805,"90,9"
79606767,..
65136104,..
80327946,"97,6"
86385479,..
70923626,..
47550455,..
20620556,..
19560192,..
46660042,..
40810950,"100,0"
17849518,..
66132676,"100,0"
19741742,..
97270136,..
30530571,..
11673760,"95,0"
38400227,..
60209222,"63,2"
23350817,..
87262566,..
41844601,"100,0"
57397381,..
72022487,..
44417214,"100,0"
86158933,..
78287294,"100,0"
32705515,"94,1"
23306658,..
31740319,"90,9"
63035915,"79,2"
50821167,..
92814975,..
68748767,..
20984584,..
11608031,"85,7"
76007769,"100,0"
88894245,..
47884009,"87,5"
75340089,..
31796890,..
69471748,"66,7"
60424371,"90,5"
37054246,..
18711877,..
28025244,..
16493131,..
48304166,..
68597767,..
38048202,"83,3"
40575001,..
12496135,..
42060237,..
56653353,"97,9"
31998226,..
24397215,"97,7"
30677562,"100,0"
79845033,..
21627442,"94,5"
16931486,..
19306558,..
37912396,..
29159460,..
89630851,"92,3"
69302313,..
27079521,..
14853321,..
92949043,"100,0"
71969230,..
61720981,..
16496466,..
62300682,"100,0"
61175914,..
61197669,..
37316242,"77,3"
54599691,.
27106031,..
63931325,..
57391913,..
70803636,"100,0"
14799321,"92,0"
16720048,"94,9"
31380193,..
92816527,..
15149235,..
82160887,..
15933512,"100,0"
12198363,..
18072172,..
85188855,..
39528347,..
53279140,"100,0"
56187883,..
51023367,..
68229719,"100,0"
71262305,"100,0"
55795961,..
84947634,..
48009865,"95,8"
82840198,"100,0"
19464342,..
60743463,..
97968599,"100,0"
42218661,"100,0"
74434644,"97,4"
36263479,"99,3"
19150273,"100,0"
53400472,..
97758137,"84,6"
26334561,"97,0"
40386043,"93,6"
59483268,"94,7"
32879845,"100,0"
88573795,..
20595770,"98,8"
82814120,"100,0"
45164827,"100,0"
10924758,"100,0"
34153869,"100,0"
17846181,..
75082798,"100,0"
23555409,"100,0"
72266906,"95,3"
34637764,..
19912478,"100,0"
15077883,"93,3"
48434184,"94,7"
51138448,"100,0"
93939982,"97,4"
25720752,"97,0"
55155562,"92,6"
31533003,"100,0"
16361868,..
19981611,..
19586169,"85,7"
24273261,"92,3"
59455288,..
25679488,"100,0"
35063170,..
31279294,..
36782335,"98,6"
20666515,"100,0"
21648755,"100,0"
11111710,"100,0"
49616977,"100,0"
54965510,"98,5"
54164490,"72,0"
20319353,"95,3"
92194545,"100,0"
64740897,..
78979604,..
85068812,..
78397312,"98,4"
36444853,"92,6"
89837629,"97,7"
12994441,"94,1"
88774402,"100,0"
75141151,"97,1"
28627819,"100,0"
26627862,"100,0"
48847282,"100,0"
72517762,..
38684438,"98,0"
31251822,"93,3"
90099336,..
69983740,"100,0"
12052268,"100,0"
71597051,"100,0"
40690520,"100,0"
97382366,"100,0"
10638939,"82,6"
21052710,"98,2"
88834120,"98,2"
19207279,"100,0"
53640774,"100,0"
72127035,"100,0"
68734112,"96,9"
92507006,"100,0"
44653962,"100,0"
50198492,"94,4"
16313848,"99,3"
11294673,"100,0"
86327236,..
41745951,"100,0"
83137205,"95,8"
28398531,..
66335258,"93,8"
54172830,"100,0"
75458014,"100,0"
65136104,..
56330385,"100,0"
20228162,"100,0"
53462953,"95,4"
60730660,"100,0"
82592568,"100,0"
86385479,..
49862313,"94,0"
99838438,..
42859669,"90,8"
99592025,"100,0"
34247736,"100,0"
76877530,..
47046103,..
58125096,"96,2"
82914148,..
20620556,"100,0"
17173461,..
30468157,"100,0"
66861851,"100,0"
92858957,"100,0"
44113417,"100,0"
67783774,..
39555838,..
85214294,"100,0"
82084961,"100,0"
73829818,"100,0"
18881773,..
78295411,"97,4"
12279302,"100,0"
50500028,"98,2"
18091973,"96,0"
88466776,"100,0"
40634612,"100,0"
37358234,"92,3"
21008461,"100,0"
53893730,"100,0"
42573391,..
64574972,"100,0"
45830583,..
48931433,"98,0"
30530571,"96,2"
78839208,"100,0"
30458073,..
68920727,"100,0"
27115998,"100,0"
79516949,"100,0"
96684210,"99,2"
87207941,"100,0"
23836342,"97,4"
12395564,"100,0"
39149668,"100,0"
48722826,"94,4"
40766349,"100,0"
67554405,"100,0"
73944169,"100,0"
94455820,..
62104139,"100,0"
78872213,"100,0"
58191646,"96,8"
63179610,"100,0"
64569393,"100,0"
48217580,"100,0"
57397381,"100,0"
72022487,"93,3"
71512894,"91,7"
28248021,"95,8"
44417214,"95,0"
25025681,"89,1"
71043974,"81,8"
57777751,..
61161774,"98,5"
75914181,"83,3"
99279503,"100,0"
63653488,..
25392789,"94,8"
69240218,"97,2"
38460895,"88,9"
31199511,"94,3"
43313366,"95,3"
37550979,..
70137084,"100,0"
23306658,"100,0"
11102578,"100,0"
17944628,"99,0"
94090461,"100,0"
64648904,"100,0"
75939593,"100,0"
26324896,"92,3"
56639389,"100,0"
95700485,"100,0"
53896162,"99,0"
17779637,"97,1"
71929526,..
60873719,"100,0"
28085125,"93,8"
21938183,"97,6"
69063711,..
77609073,..
35894996,"95,2"
12926770,"94,1"
68748767,"93,8"
23548714,"95,0"
48593439,"96,2"
91773491,"96,0"
30361243,"98,7"
25596917,"98,2"
65722876,"100,0"
65381163,"91,4"
31155312,"84,8"
84424083,"100,0"
78231062,"100,0"
10481541,"83,3"
68381790,"95,8"
13006857,"100,0"
16956086,"96,4"
58187973,..
31870541,"100,0"
44672598,"100,0"
31822012,"100,0"
99356671,..
16702464,..
29449669,"100,0"
62855448,"100,0"
91812793,"100,0"
58907711,"100,0"
68285560,"96,6"
58544422,"100,0"
69471748,"91,7"
49750031,"100,0"
93239262,"100,0"
75575321,"100,0"
28023078,"100,0"
24194577,..
57690933,"98,5"
12130801,"100,0"
95785055,"100,0"
68741484,"100,0"
37054246,"100,0"
72421673,"100,0"
15763669,..
59655752,"100,0"
41555549,"100,0"
85459854,"100,0"
67071618,..
75324351,..
61229217,"88,2"
18617410,"100,0"
40338843,"100,0"
14292382,"100,0"
87859089,"100,0"
98908403,"93,7"
16493131,"96,6"
83272868,"100,0"
11526364,"91,2"
45552626,"100,0"
16748680,"100,0"
92332557,"94,1"
78690637,"98,4"
30279258,"98,8"
76903284,"100,0"
49141105,"88,0"
18974693,"100,0"
26996566,..
69747871,..
31151740,"100,0"
79346084,"100,0"
89816391,"100,0"
43565270,"97,4"
77176811,"93,5"
52791537,"100,0"
52942981,"97,6"
48120273,"100,0"
94167577,"92,3"
27023528,"93,8"
53903798,"68,4"
97770837,"97,8"
69650864,"100,0"
59581397,"100,0"
41938272,"100,0"
29423248,"100,0"
33132452,"94,3"
70811222,..
17911161,"77,1"
35084976,..
77632411,"100,0"
49068301,"100,0"
59898194,"100,0"
38195284,"96,2"
97510495,"98,1"
89461767,"96,6"
94717858,"96,6"
36288955,"100,0"
74812809,"96,7"
88839172,"100,0"
48412612,"98,6"
75075402,"100,0"
26326048,"95,5"
37839488,"92,7"
59796774,..
17675502,..
75600007,"100,0"
73812226,"100,0"
88955893,"100,0"
63943560,"100,0"
85516596,"94,1"
16784385,"96,3"
89963319,..
24339566,"98,3"
65458415,..
95154882,..
28519815,"92,3"
69543519,..
24759907,"92,7"
31315191,"96,9"
42775003,"98,9"
48555205,"93,5"
32116280,..
57143976,"98,7"
53175499,..
64388538,"100,0"
52153758,"100,0"
22116645,..
99755443,"100,0"
30167976,..
50104466,..
28004794,..
32071849,"100,0"
79845033,"97,2"
41099519,"100,0"
59386837,..
21382451,"100,0"
36769815,..
43873969,"100,0"
35301145,"96,3"
59942080,"78,6"
66273269,"100,0"
11275959,..
58518163,"92,3"
37912396,"100,0"
45593337,"100,0"
19839859,..
30615080,"89,5"
25178582,"100,0"
23476801,.
56041144,"100,0"
74322969,"100,0"
90260899,"100,0"
31057219,"100,0"
27079521,"100,0"
64579522,"100,0"
34381901,"100,0"
55150847,..
90076461,"94,6"
53069733,"100,0"
95368476,"100,0"
76448076,..
86488203,"98,2"
25156286,"100,0"
28081446,"100,0"
92949043,"100,0"
91048178,"86,7"
82718660,..
12399380,..
31486865,"100,0"
97265732,"100,0"
61720981,"100,0"
50424828,..
47393891,"100,0"
48414975,"100,0"
47108751,..
33657492,"100,0"
82195565,"100,0"
77713695,"100,0"
64667996,"100,0"
23544320,"100,0"
69040241,..
63993414,..
20855811,"85,3"
53923398,"95,3"
74560191,..
47844862,"100,0"
72984079,"90,9"
36480690,"89,5"
32995170,"95,7"
52048443,..
61674097,"100,0"
32550660,"99,1"
93488613,"93,3"
45600034,..
59599256,"99,0"
26957025,"100,0"
90509211,"100,0"
50393060,"100,0"
85788659,"92,3"
95340745,..
59521477,..
92442684,"91,7"
54599691,"100,0"
31975673,"100,0"
99864908,"100,0"
63931325,..
57391913,"100,0"
46148350,"92,3"
49868916,"100,0"
74919147,"92,3"
78389879,"100,0"
24277564,..
44412461,"100,0"
36355200,"100,0"
70803636,"100,0"
77712952,"95,0"
10433896,"100,0"
49170638,"100,0"
46379730,"95,8"
25379974,"100,0"
88025221,"98,2"
18042101,"100,0"
56041699,..
45111086,"100,0"
70955448,"100,0"
67924816,"95,5"
56084099,..
13960635,"100,0"
61176909,"100,0"
21778322,"100,0"
85485803,"93,2"
88429477,"100,0"
56802300,"100,0"
15149235,"88,2"
24538846,"100,0"
67058407,"100,0"
15791044,"100,0"
65392939,"98,0"
77358716,"100,0"
49739986,"97,5"
92192566,"100,0"
56886667,"100,0"
64648566,"100,0"
65421426,"93,9"
62394916,"100,0"
72071234,"100,0"
15933512,"99,3"
64693272,..
18072172,..
65833454,..
28045567,"100,0"
18686599,"100,0"
93779220,"97,4"
80785976,"92,9"
47559319,"100,0"
56187883,"100,0"
20752831,"76,9"
51023367,..
52690153,..
36782335,..
96279444,"100,0"
19560192,..
31657916,..
85800840,"100,0"
20061769,"91,7"
77358716,"100,0"
18345915,.
71262305,.
55795961,.
48009865,.
18208087,.
60743463,.
32960825,.
91748148,.
42022406,.
65192707,.
69018222,.
12889940,.
40386043,.
21663998,.
88259298,.
17846181,.
75082798,.
23555409,.
30341162,.
16950252,.
15077883,.
48434184,.
56421429,.
17008320,.
25720752,.
55155562,.
23164911,.
36680097,.
95683850,.
89888648,.
35063170,.
31279294,.
36782335,.
23897040,.
37906565,.
90551279,.
69686851,.
85068812,.
16819383,.
89837629,.
72517762,.
79094701,.
66491596,.
12052268,.
53231578,.
96279444,.
40690520,.
35006050,.
21052710,.
58502307,.
97177328,.
70969714,.
81993306,.
47264019,.
16313848,.
86327236,.
28398531,.
79033948,.
68240485,.
78875918,.
86385479,.
49862313,.
99838438,.
42859669,.
99592025,.
47550455,.
58125096,.
30468157,.
72206824,.
92858957,.
44113417,.
39555838,.
82084961,.
46162400,.
67279263,.
18594470,.
40667807,.
88466776,.
40634612,.
14508922,.
29032715,.
19909435,.
96024712,.
27115998,.
41867682,.
79516949,.
46574937,.
39805497,.
81619482,.
90006712,.
39149668,.
48722826,.
53691739,.
43251309,.
87034307,.
78872213,.
80405898,.
51620045,.
86888278,.
56947954,.
72022487,.
71512894,.
28248021,.
44417214,.
88776535,.
71043974,.
89807183,.
39302565,.
79527481,.
69240218,.
86787111,.
77823650,.
82002016,.
97535124,.
69306209,.
12954099,.
90473340,.
51449748,.
12613085,.
53896162,.
66824652,.
49168016,.
60873719,.
69063711,.
77609073,.
52129378,.
65381163,.
68381790,.
13006857,.
16956086,.
31870541,.
44672598,.
83161201,.
16702464,.
29449669,.
36252055,.
14355031,.
53832505,.
69471748,.
43284031,.
26267406,.
51955293,.
51736304,.
44285075,.
68655578,.
37054246,.
39199869,.
88750078,.
41555549,.
81876614,.
67071618,.
75324351,.
59575030,.
77440824,.
51981332,.
87859089,.
98908403,.
16493131,.
11526364,.
38048202,.
26671095,.
65320354,.
76903284,.
15870428,.
26750052,.
12546590,.
54117171,.
94167577,.
27023528,.
17911161,.
35084976,.
49068301,.
94717858,.
46256929,.
73812226,.
15390992,.
63943560,.
78433202,.
31313926,.
30312720,.
32116280,.
57143976,.
93367005,.
50104466,.
79845033,.
41099519,.
59386837,.
17276047,.
48244956,.
13084253,.
58518163,.
27993549,.
37912396,.
45593337,.
67628478,.
37517404,.
25178582,.
86351879,.
74322969,.
90260899,.
31057219,.
27079521,.
64579522,.
53069733,.
99394620,.
31537066,.
21400668,.
84329061,.
91048178,.
31486865,.
97265732,.
61720981,.
82931004,.
28829503,.
33657492,.
33596572,.
57668673,.
20855811,.
53923398,.
72984079,.
36480690,.
52048443,.
50393060,.
95340745,.
59521477,.
66095163,.
54004368,.
31975673,.
59463950,.
63931325,.
75374280,.
46148350,.
50133877,.
44412461,.
18217765,.
66028861,.
10433896,.
43154449,.
68824244,.
43479922,.
28391147,.
62612992,.
94975733,.
56802300,.
15149235,.
13981977,.
67058407,.
15791044,.
65392939,.
29225010,.
24349146,.
83605345,.
64693272,.
18072172,.
20768651,.
28872974,.
80785976,.
21532545,.
20752831,.
34739511,.
68824244,..
68564903,"100,0"
88445871,"100,0"
98132436,"95,2"
59483268,..
12154972,"92,9"
59734510,..
59455288,..
89888648,..
36782335,..
20666515,..
90551279,"100,0"
93062368,..
90267145,..
16819383,..
51321260,"97,3"
88556189,..
31843016,..
87764775,..
16313848,..
65136104,..
69241230,..
80327946,"100,0"
86385479,..
42859669,"72,7"
92905347,"100,0"
30329172,..
19560192,..
82084961,..
73829818,"93,8"
14508922,..
19741742,..
19909435,"100,0"
85800840,..
39583059,"85,7"
38645259,..
38400227,"76,5"
86473502,..
73567152,"100,0"
23457902,..
72022487,..
44417214,..
86724994,..
78287294,..
81551726,..
76195214,..
82826083,"91,7"
26167236,..
63035915,"69,2"
17119840,"100,0"
20984584,..
25648215,..
68006362,"100,0"
86762103,..
58187973,..
88894245,..
22220001,..
72891848,..
48862305,"100,0"
26267406,..
53180719,..
15609112,"84,6"
62216381,..
85459854,"100,0"
41697930,"100,0"
78690637,..
97835550,..
42911621,"83,3"
42060237,..
14926020,"94,7"
31998226,..
79829846,"95,2"
41631104,..
16931486,..
19839859,..
43601850,..
96414537,..
99394620,..
84329061,"100,0"
65265211,..
61647360,..
45541222,"100,0"
91905819,..
54882637,..
72984079,"82,4"
69865450,..
49872493,..
54467211,"100,0"
82251333,..
34002355,"100,0"
10342448,"100,0"
60088179,"75,0"
90290154,"100,0"
18691102,..
24349146,"95,2"
47692481,..
18072172,..
29744774,..
32239920,..
68229719,"100,0"
84947634,..
68564903,"94,1"
82840198,..
32960825,"100,0"
83474173,"100,0"
74434644,"100,0"
93281974,"100,0"
23424275,..
19150273,..
26334561,"89,5"
59483268,..
73098153,"91,7"
17846181,..
75082798,..
34637764,"91,2"
15077883,..
48434184,..
88850910,"73,3"
25720752,"95,0"
31533003,..
31429031,"100,0"
19586169,..
95683850,"100,0"
59455288,..
25677996,..
36782335,"100,0"
37906565,..
90551279,"100,0"
90267145,..
72998905,"94,1"
96590873,"96,5"
88556189,..
72127035,..
85003442,"95,7"
44653962,"100,0"
87764775,..
48438396,"95,1"
32671805,..
16313848,"100,0"
11294673,..
66335258,"100,0"
78875918,"76,9"
78023197,"100,0"
70923626,"100,0"
92905347,..
34247736,"100,0"
38167912,"100,0"
19560192,..
46660042,"85,2"
85214294,..
40037982,"93,3"
12279302,"100,0"
40667807,"100,0"
80762863,"100,0"
31657916,..
64574972,"100,0"
48931433,"100,0"
96024712,..
40829056,..
38645259,..
11673760,"90,0"
63791419,"77,3"
46145886,..
27041885,"100,0"
97596286,"91,2"
67554405,"96,6"
86473502,..
84286698,..
76860623,"100,0"
57397381,"80,0"
72022487,"83,3"
28248021,..
44417214,..
14102256,"93,1"
75914181,"88,2"
99279503,"100,0"
76195214,"100,0"
21901328,"100,0"
23306658,..
31740319,"86,7"
69807202,"98,1"
63035915,"82,6"
32042066,"100,0"
92814975,..
35894996,"100,0"
20984584,..
25648215,"91,7"
68006362,"100,0"
13006857,"92,9"
16956086,"100,0"
71160225,..
75340089,..
36670439,"85,7"
22220001,..
99356671,"85,7"
16702464,..
72891848,..
71541108,"94,4"
28023078,"100,0"
13963517,..
51955293,"100,0"
12130801,..
53180719,"91,7"
68741484,..
31179045,"92,0"
41555549,..
18711877,"100,0"
75324351,..
70376604,"100,0"
14292382,..
16493131,"100,0"
48304166,..
65674821,"100,0"
38048202,"93,5"
87303004,"100,0"
97835550,..
26508763,"95,2"
14504503,..
16198647,"98,6"
12496135,..
76903284,"100,0"
68649663,"81,1"
81997762,..
42060237,..
53903798,"100,0"
97770837,"83,3"
33132452,"95,8"
59898194,..
95618280,"80,0"
65458415,..
16501673,..
59386837,..
16931486,..
32321364,"100,0"
27993549,..
37912396,..
90312942,"100,0"
19839859,..
29159460,..
43601850,..
14586562,..
69302313,"100,0"
31057219,"100,0"
64579522,..
34381901,..
96414537,..
31537066,"100,0"
84329061,"100,0"
71969230,..
61720981,"100,0"
50424828,"92,9"
65265211,..
97191332,"96,6"
33657492,..
17812651,"100,0"
22239675,"100,0"
59599256,"87,1"
49872493,..
11953769,..
50393060,..
95340745,..
92442684,"91,2"
54599691,..
54467211,..
99864908,"100,0"
63931325,..
46148350,..
49868916,"100,0"
84908877,..
24277564,..
36355200,"100,0"
77835341,"100,0"
77712952,"95,0"
56041699,"87,5"
90685868,"100,0"
60088179,"84,0"
21778322,"100,0"
90290154,..
25847233,"95,2"
16848652,..
56802300,..
77379848,..
67422309,..
15791044,..
65421426,"100,0"
12198363,..
47692481,..
64693272,..
89690587,"100,0"
87112995,"96,4"
51023367,..
52690153,..
38683336,..
