skolkod,andel_med_examen
93221031,"75,0"
17474377,"94,4"
74776778,"96,4"
18345915,"96,6"
68229719,"98,6"
61004230,"90,0"
71262305,"95,3"
55795961,"100,0"
84947634,"89,6"
23517336,"100,0"
48009865,"89,6"
97870412,"100,0"
68564903,"98,2"
82840198,"98,6"
18208087,"91,8"
89982804,"100,0"
19464342,"100,0"
60743463,"100,0"
32960825,"93,2"
43609520,"90,9"
41416934,"100,0"
97968599,"94,1"
21567982,"86,7"
91748148,"88,5"
49379603,..
80167319,..
42218661,"84,8"
73171934,..
83474173,"84,8"
91487291,..
21866405,"89,7"
74434644,"86,0"
42022406,"91,4"
88445871,"91,3"
65192707,"95,7"
18425335,"86,9"
93281974,"88,9"
23424275,"95,0"
43634528,"96,2"
36263479,"95,4"
56679384,"97,4"
30538202,"89,3"
19150273,"96,7"
69018222,"77,6"
25624692,"100,0"
88534520,"96,9"
12889940,"92,6"
16554575,"96,3"
34076477,"88,6"
54896448,"100,0"
25356960,"97,3"
64284020,"91,5"
98132436,"90,9"
53400472,"65,0"
60096875,"80,8"
97758137,"71,7"
26334561,"89,3"
40386043,"86,5"
29324709,"100,0"
26864271,"64,7"
59483268,"78,7"
33685428,"93,9"
32879845,"100,0"
88573795,"93,3"
20699742,"96,3"
21663998,"89,0"
20595770,"90,5"
82814120,"99,3"
45164827,"94,9"
10924758,"92,9"
34153869,"97,5"
88259298,"81,8"
73098153,"83,3"
44240250,"75,7"
17846181,"92,1"
75082798,"82,6"
23555409,"97,9"
91333138,"73,1"
30341162,"82,9"
39936461,"100,0"
72266906,"84,3"
27030026,"92,8"
12154972,"88,5"
16950252,"92,7"
34637764,"87,9"
19912478,"91,7"
73255276,"100,0"
15077883,"86,6"
48434184,"87,2"
58724424,"82,8"
95684185,"97,1"
51138448,"87,5"
19647256,"84,1"
56421429,"96,0"
39911065,"90,3"
17008320,"95,8"
56737496,"93,3"
88850910,"80,0"
93939982,"91,3"
25720752,"94,1"
55155562,"82,8"
31533003,"96,6"
31429031,"93,0"
16361868,..
23164911,"97,0"
24008049,"95,3"
19981611,"94,7"
54481243,"100,0"
36680097,"76,5"
87756916,"76,3"
59734510,"85,3"
19586169,"86,8"
24273261,"97,1"
95683850,"99,2"
59455288,"71,1"
82163292,"94,4"
25679488,"85,2"
25677996,"86,5"
89888648,"89,2"
90003262,..
88163512,"72,7"
35063170,"93,2"
31279294,"81,4"
36782335,"92,3"
23897040,..
20666515,"98,1"
37906565,"100,0"
67279303,"91,3"
21648755,"83,0"
11111710,"84,6"
90551279,"90,5"
93062368,"75,0"
69686851,"83,2"
49616977,"83,3"
54965510,"92,7"
90267145,"97,7"
72998905,"100,0"
84835666,"78,2"
25872338,..
54164490,"72,0"
69481650,"84,2"
20319353,"73,5"
92194545,"98,4"
88153340,"92,5"
94353434,"86,0"
59396229,"90,9"
95165649,"90,2"
64740897,..
78979604,..
69626109,"74,4"
10974852,..
85068812,"66,7"
78397312,"97,4"
36444853,"83,8"
15414001,"78,2"
38311488,"100,0"
16819383,"73,7"
89837629,"84,5"
12994441,"70,8"
53660780,"99,0"
88774402,"98,9"
75141151,"64,6"
61701709,"96,6"
61469192,"93,7"
84306392,"98,9"
28627819,"89,3"
30086854,"90,0"
26627862,"97,9"
48847282,"86,7"
72517762,..
79094701,"100,0"
38684438,"87,5"
31251822,"85,7"
90099336,..
96590873,"82,4"
35647481,"85,1"
39549479,"81,0"
73147554,"100,0"
65752105,..
69983740,"100,0"
66491596,"100,0"
12052268,"78,9"
71597051,"100,0"
53231578,"97,9"
11274830,"87,5"
51321260,"91,4"
96279444,"86,1"
40690520,"100,0"
61880907,"88,0"
91011325,"86,7"
97382366,"87,2"
35006050,"87,3"
88886610,"96,3"
10638939,"64,4"
21505555,"98,3"
34336190,"100,0"
21052710,"98,3"
88556189,"67,3"
35236491,"95,1"
69739484,"77,5"
92887917,"94,7"
88834120,"92,0"
70066748,"85,9"
19207279,"99,4"
53640774,"94,2"
58502307,"100,0"
97177328,"73,5"
72127035,"94,7"
70969714,"94,3"
85003442,"97,3"
22752398,"94,3"
68734112,"95,0"
71922787,"92,5"
31843016,"88,2"
74148070,"95,3"
50696507,"85,2"
92507006,"97,0"
44653962,"100,0"
20100577,"87,2"
81993306,"89,4"
19051089,"97,2"
29097621,"90,3"
47264019,"96,8"
87764775,"72,2"
50198492,"90,9"
48438396,"75,6"
98052678,"91,1"
20099064,"92,5"
44341171,"62,1"
32671805,"76,6"
38448056,"80,0"
16313848,"79,5"
79606767,"77,3"
11294673,"100,0"
86327236,"90,2"
41745951,"100,0"
83137205,"88,4"
28398531,"94,5"
66335258,"88,2"
54172830,"88,6"
86310217,"78,6"
83085136,"100,0"
75458014,"88,5"
65136104,"82,4"
61826221,.
79033948,"96,9"
56330385,"73,8"
20228162,"100,0"
68240485,"100,0"
95046058,"94,7"
44392995,"89,8"
53462953,"91,3"
69241230,"78,3"
60730660,"100,0"
85544331,"100,0"
80327946,"88,8"
82592568,"86,7"
78875918,"88,5"
78023197,"89,1"
86385479,"91,2"
40991561,..
49862313,"76,2"
99838438,"78,9"
42859669,"80,0"
70923626,"61,9"
92905347,"91,3"
99592025,"98,3"
34247736,"92,9"
47550455,"92,0"
30329172,"97,9"
76877530,"70,6"
47046103,"86,0"
56664512,..
38167912,"93,3"
43826783,..
58125096,"80,6"
82914148,..
20620556,"93,1"
77839100,..
17173461,"78,6"
55535552,.
19560192,"84,6"
30468157,"91,0"
98053087,"89,2"
92533079,"95,9"
61528940,"94,8"
23681822,"94,4"
66861851,"92,9"
72206824,"94,3"
92858957,"89,7"
46660042,"83,6"
86296935,..
44113417,"89,1"
67783774,..
38917647,..
21363125,.
39555838,"87,0"
85214294,"78,6"
82084961,"73,5"
46162400,"87,8"
98369689,"83,9"
56529916,"91,7"
40810950,"88,9"
67279263,"91,9"
40037982,"91,1"
51210136,"97,5"
73829818,"98,5"
54395430,.
18881773,"78,6"
50908408,"90,9"
18594470,"89,5"
78295411,"78,2"
80686587,"94,0"
72232853,"93,8"
12279302,"85,1"
17849518,"100,0"
64205087,"89,1"
50500028,"89,3"
94570025,"79,2"
91984508,"80,9"
78659008,"80,6"
12448823,..
40667807,"91,9"
18091973,"96,5"
88466776,"97,8"
36539945,..
40634612,"87,7"
62439199,"85,0"
66132676,"89,7"
57942242,"89,7"
80762863,"77,6"
77688926,"98,0"
14508922,"96,9"
69629086,"96,5"
88624631,"82,6"
35390185,..
37358234,"74,1"
31657916,..
21008461,"98,3"
54606928,"93,1"
53893730,"88,1"
46241804,"90,0"
42573391,"100,0"
64574972,"92,3"
19741742,"90,8"
29032715,"88,9"
45830583,"100,0"
48931433,"88,3"
97270136,"82,8"
19909435,"98,6"
30530571,"94,7"
78839208,"98,5"
96024712,"95,6"
30458073,..
40829056,"91,7"
85800840,"95,2"
68920727,"85,7"
27115998,"93,8"
41867682,"88,5"
79516949,"90,3"
65662401,"93,0"
39583059,"89,1"
38645259,"81,3"
96684210,"95,4"
87207941,"90,1"
11673760,"86,3"
46574937,"93,8"
23836342,"87,9"
63791419,"82,1"
39805497,"90,3"
38400227,"77,0"
81619482,"98,4"
83829189,"95,1"
46145886,"96,6"
12395564,"100,0"
90006712,"100,0"
43649848,"80,0"
75344502,"75,0"
84247499,"87,8"
27041885,"76,3"
39149668,"95,8"
97064126,..
32580162,"100,0"
38233622,"87,5"
48722826,"93,3"
73063662,"71,4"
40766349,"89,7"
71571158,"84,4"
53691739,"100,0"
43251309,"100,0"
97596286,"84,5"
67554405,"97,5"
86473502,"78,6"
73944169,"96,0"
98239050,"91,4"
94455820,..
58368956,"83,3"
73567152,"77,1"
61547652,"91,7"
60209222,"91,4"
62104139,"87,3"
87034307,"90,8"
78872213,"97,0"
84286698,"100,0"
62490359,"84,6"
64725297,"89,7"
43362941,"82,6"
23350817,"83,3"
76860623,"98,4"
58191646,"89,4"
80405898,"95,2"
56021320,"96,7"
41358402,"100,0"
63179610,"73,9"
64569393,"86,4"
87262566,"85,4"
64160122,"100,0"
48217580,"93,0"
41844601,"71,7"
51620045,"94,9"
86888278,"78,9"
23457902,"85,7"
27597104,"91,3"
57397381,"79,5"
56947954,"92,4"
72022487,"90,2"
71512894,"91,9"
70969556,"90,0"
28248021,"77,9"
44417214,"95,4"
25025681,"85,3"
88776535,"89,3"
49488344,"95,1"
74408578,"91,3"
71043974,"90,7"
57777751,..
38732602,"91,7"
89807183,"93,9"
86724994,"94,0"
61161774,"93,4"
86158933,"86,7"
14102256,"90,0"
75082280,"85,7"
75914181,"85,5"
39302565,"88,3"
96818167,"94,1"
36072799,"84,6"
61432781,"85,9"
78287294,"96,3"
74316305,"91,4"
39096170,"94,1"
79527481,"89,6"
67300857,"90,9"
99279503,"90,0"
63653488,..
84476205,"95,6"
24544503,"90,4"
25392789,"96,5"
72109637,..
69240218,"90,7"
14057258,..
38460895,"66,7"
31199511,"91,1"
12934438,"96,5"
43313366,"92,7"
86787111,"94,3"
97868185,"100,0"
81551726,..
77823650,"94,7"
37550979,"100,0"
52634142,"94,6"
76195214,"96,9"
54839753,..
32705515,"92,7"
60214465,"75,7"
70137084,"85,2"
82002016,"89,6"
21901328,"78,9"
23306658,"96,6"
57350392,..
97535124,"100,0"
11102578,"98,0"
69306209,"84,8"
92651253,"95,2"
31740319,"89,2"
10129345,"98,9"
17944628,"90,8"
82826083,"96,9"
94468610,"91,9"
94090461,"93,3"
12954099,"94,9"
80931789,"95,3"
84098842,"89,7"
90473340,"93,5"
26167236,"89,3"
69807202,"91,9"
64648904,"100,0"
75939593,"94,2"
63035915,"84,7"
26324896,"87,0"
56639389,"98,5"
95700485,"95,2"
51449748,"90,1"
28267726,"94,0"
28848709,"100,0"
12613085,"94,0"
53896162,"94,8"
17779637,"85,1"
11185244,"68,6"
56211717,"90,0"
66824652,"83,0"
49168016,"96,6"
32042066,"94,2"
50821167,..
71929526,"93,5"
92814975,"90,0"
60873719,"96,3"
28085125,"87,5"
28770304,"83,8"
21938183,"94,2"
78986228,.
71472793,"93,5"
64123241,"86,7"
69063711,"100,0"
77609073,"76,9"
35894996,"84,8"
12926770,"86,8"
17119840,"93,9"
68748767,"73,4"
23548714,"69,8"
48593439,"70,0"
91773491,"65,7"
30361243,"91,6"
25596917,"90,6"
65722876,"92,7"
20984584,"89,5"
52129378,"79,5"
65381163,"74,3"
98541468,"88,9"
31155312,"64,0"
25648215,"79,2"
61823258,"87,5"
84424083,"97,7"
39178171,"86,2"
49231191,"89,4"
78231062,"99,2"
79994304,..
10481541,"87,7"
68006362,"84,4"
11608031,"88,2"
86762103,"85,7"
68381790,"92,8"
13006857,"92,9"
76007769,"100,0"
16956086,"91,0"
58187973,"95,0"
88894245,"100,0"
31870541,"94,7"
71160225,"92,0"
67752682,"100,0"
47884009,"87,1"
44672598,"95,4"
75340089,"93,8"
36670439,"84,6"
22220001,"88,1"
31822012,"83,2"
83161201,"91,4"
15100079,..
55421481,..
99356671,"64,7"
16702464,"91,3"
71353314,..
29449669,"89,8"
62855448,"88,9"
36252055,"94,5"
91812793,"98,0"
14355031,"97,8"
72891848,"78,6"
46611859,"91,1"
58907711,"100,0"
68285560,"96,0"
58544422,"92,8"
65150019,"91,7"
31796890,..
22426680,..
83805032,"69,0"
48862305,"88,9"
32887559,"91,3"
71541108,"77,5"
53832505,"61,0"
47537928,"75,9"
69471748,"76,5"
49750031,"98,0"
76485705,"98,2"
93239262,"92,1"
25745773,"92,8"
99976753,"88,2"
14278480,"80,6"
75575321,"97,7"
28023078,"89,2"
43284031,"94,0"
13963517,"100,0"
24194577,..
26267406,"100,0"
31255918,"89,7"
51955293,"97,9"
57690933,"95,8"
35035671,"82,4"
12130801,"92,7"
51736304,"93,8"
53180719,"90,5"
27489137,"100,0"
15609112,"100,0"
44285075,"82,9"
60424371,"88,2"
95785055,"100,0"
68655578,"80,8"
17062663,"96,4"
68741484,"88,8"
56267421,"100,0"
34990065,"91,1"
37054246,"93,1"
39199869,"98,4"
62216381,"89,8"
31179045,"86,1"
72421673,"96,6"
15763669,..
59655752,"92,3"
88750078,"93,9"
41878314,..
41555549,"92,6"
32003298,"100,0"
22383788,"95,7"
85459854,"99,0"
81876614,"98,3"
18711877,"98,1"
67071618,"94,0"
75324351,"97,1"
61229217,"79,2"
58929357,"100,0"
42517257,"81,3"
70376604,"93,9"
59575030,"92,9"
93503103,"100,0"
18617410,"86,5"
41697930,"98,8"
28025244,"86,7"
17184072,"100,0"
40338843,"94,0"
77440824,"94,9"
71069359,"100,0"
86896907,"93,5"
14292382,"92,7"
51981332,"100,0"
87859089,"86,4"
54764253,"100,0"
98908403,"78,2"
16493131,"94,4"
41119610,"100,0"
83272868,"96,3"
11526364,"96,2"
48304166,"100,0"
24982097,"66,7"
45552626,"82,5"
50906954,.
97104132,"100,0"
16748680,"87,9"
68597767,..
27964873,"80,6"
30706655,"80,0"
65674821,"87,1"
92332557,"88,0"
46332927,"94,6"
78690637,"87,4"
24653673,"95,2"
38048202,"92,2"
90990441,"75,0"
86319615,"75,0"
87303004,"94,6"
97835550,"77,3"
22446331,"83,8"
26671095,"100,0"
42911621,"94,8"
40575001,"84,2"
75027822,"100,0"
26508763,"97,4"
14504503,"88,5"
21850904,"100,0"
65320354,"100,0"
77544055,"92,2"
49112879,"88,0"
30279258,"94,4"
16198647,"98,6"
12496135,"100,0"
76903284,"86,4"
68649663,"81,1"
43623146,..
49141105,"71,2"
15870428,"84,7"
26646080,"91,2"
26750052,"96,8"
18974693,"92,5"
26996566,..
27704246,"90,9"
81997762,"91,8"
28967085,..
69747871,..
70119254,"100,0"
31151740,"81,0"
79346084,"87,2"
34222422,"86,7"
84230226,..
42060237,"86,4"
89816391,"93,5"
14448619,"89,5"
12546590,"82,8"
43565270,"80,2"
77176811,"93,5"
52791537,"97,6"
85152591,"100,0"
85819857,"100,0"
40600798,"96,2"
52942981,"91,8"
54117171,"95,2"
48120273,"97,3"
33233228,..
94167577,"67,1"
27023528,"76,6"
53903798,"68,4"
85782695,"84,6"
98815582,"77,3"
97770837,"83,8"
21312503,"100,0"
69650864,"100,0"
59581397,"95,8"
14926020,"73,7"
41938272,"96,2"
29423248,"97,0"
76054399,"93,9"
33132452,"76,2"
56942970,..
60142020,..
70811222,"100,0"
17911161,"59,0"
35084976,"88,0"
25525759,.
77632411,"95,9"
56653353,"97,9"
49068301,"76,8"
59898194,"86,3"
38195284,"89,9"
97510495,"91,3"
89461767,"86,7"
94717858,"90,8"
53760158,"100,0"
78422467,"94,6"
37802196,..
38683336,"100,0"
36288955,"98,4"
74812809,"97,8"
88839172,"98,7"
48412612,"88,6"
95618280,"76,4"
75075402,"89,5"
26326048,"76,7"
37839488,"78,0"
46256929,"92,1"
83374651,"100,0"
59796774,"100,0"
17675502,"60,5"
75600007,"80,0"
73812226,"77,1"
30762346,..
82964090,"98,8"
88955893,"97,6"
15278518,"86,1"
15390992,"95,3"
63943560,"85,1"
85516596,"87,9"
31998226,..
38236800,"81,3"
16784385,"87,5"
59026584,"93,6"
79829846,"92,9"
89963319,..
24339566,"95,8"
20061769,"100,0"
65458415,..
95154882,"85,7"
52333875,"77,8"
24663703,..
28519815,"74,5"
65666808,"85,7"
69543519,"59,3"
24397215,"88,6"
30677562,"92,5"
85054102,"95,2"
87274273,"100,0"
89693952,.
24759907,"56,9"
78433202,"84,7"
41631104,"68,8"
35366805,"85,7"
31315191,"91,7"
80357110,"78,3"
42775003,"99,3"
56670842,"100,0"
89370947,"97,5"
18451445,..
48555205,"86,9"
31313926,"72,4"
30312720,"92,6"
32116280,"92,2"
57143976,"86,0"
93367005,"83,0"
53175499,"100,0"
64388538,"100,0"
52153758,"100,0"
16501673,"68,4"
26298615,"100,0"
22116645,"95,2"
99755443,"97,0"
30167976,"88,4"
50104466,"100,0"
28004794,..
32071849,"99,0"
79845033,"89,5"
41099519,"93,3"
59386837,"97,3"
21627442,"100,0"
17276047,"79,2"
73217812,"73,7"
21382451,"90,7"
48244956,"80,0"
36769815,"100,0"
16931486,"90,5"
92489953,"85,2"
43873969,"94,2"
55825382,"80,3"
19306558,"96,0"
35301145,"87,5"
24993048,"88,0"
70132092,"84,7"
65034473,..
13084253,"80,4"
32321364,..
59942080,"77,5"
66273269,"92,5"
82888663,"71,2"
11275959,"90,6"
58518163,"82,5"
50615280,"94,4"
19035583,"100,0"
27993549,"68,5"
37912396,"97,7"
45593337,"85,5"
90312942,"96,4"
10226870,"95,0"
19839859,"100,0"
80280597,..
67628478,"100,0"
37517404,"100,0"
29159460,"92,0"
32057701,"95,7"
43601850,"87,9"
30615080,"69,0"
89630851,"93,0"
25178582,"87,0"
70543431,"100,0"
23476801,..
86351879,"88,5"
56041144,"84,9"
14586562,..
74322969,"89,3"
90260899,"94,4"
69302313,"91,3"
31057219,"86,5"
27079521,"96,9"
33572033,"85,4"
64579522,"91,9"
65234368,"100,0"
34381901,"93,1"
55150847,"93,0"
90076461,"91,8"
96414537,"96,8"
53069733,"87,8"
99394620,"100,0"
95368476,"95,5"
14853321,"96,1"
76448076,"79,3"
31537066,"86,7"
86488203,"84,9"
25156286,"91,4"
28081446,"96,7"
21400668,"92,9"
92949043,"87,0"
92818240,"86,2"
84329061,"89,6"
71969230,"81,0"
91048178,"88,4"
82718660,"100,0"
76942525,"73,1"
12399380,"100,0"
31486865,"98,0"
97265732,"98,1"
10373112,..
61720981,"89,5"
25698509,"86,8"
50424828,"82,4"
82931004,"89,3"
83584125,"100,0"
95024660,"90,3"
32263814,"94,7"
16496466,..
12075195,"87,5"
62300682,"94,7"
47393891,"89,3"
48414975,"100,0"
65265211,"96,6"
11533776,"82,7"
47108751,..
97191332,"82,8"
71938440,"85,7"
28829503,"91,1"
22811839,"100,0"
33205596,"100,0"
99622695,..
19930101,"94,7"
60727136,"100,0"
45132264,"87,5"
61647360,..
98651664,"98,7"
33657492,"85,6"
61622991,"95,8"
66644568,"83,3"
93659517,"94,7"
79309485,"98,9"
61175914,"94,1"
73316818,"100,0"
37078868,..
27859889,"100,0"
16130958,"95,7"
29161632,..
82195565,"97,6"
33596572,"97,3"
45541222,"100,0"
77713695,"97,5"
63451147,"100,0"
51131594,"85,7"
89680395,"100,0"
53696633,"100,0"
27440210,"89,6"
62758285,"100,0"
16218090,"100,0"
61197669,..
64667996,"97,2"
17812651,"95,2"
23544320,"100,0"
57668673,"88,6"
69040241,"89,5"
63993414,"100,0"
49136871,..
91905819,"96,7"
20855811,"72,1"
54882637,"87,5"
53923398,"83,4"
74560191,"100,0"
47844862,"93,7"
22239675,"81,0"
72984079,"71,7"
36480690,"86,8"
24787883,"81,0"
32995170,"86,1"
52048443,"97,1"
61674097,"93,4"
32550660,"97,7"
93488613,"82,4"
45600034,"100,0"
59599256,"95,4"
69865450,"88,0"
31112935,"73,3"
26957025,"96,2"
90509211,"87,0"
43277545,"69,6"
37316242,"93,1"
20173336,"84,8"
49872493,"96,6"
39147056,"90,6"
11953769,..
28646435,"96,0"
50393060,"95,3"
85788659,"80,0"
95340745,"93,9"
59521477,"91,5"
92442684,"83,3"
66095163,"80,4"
38544187,"76,6"
54599691,"88,7"
54004368,"94,7"
54467211,"97,8"
23517683,"94,7"
31975673,"95,1"
82251333,"97,1"
99864908,"86,8"
27106031,"93,0"
59463950,"100,0"
63931325,"100,0"
57391913,"93,3"
75374280,"83,0"
46148350,"89,4"
50133877,"94,5"
49868916,"92,1"
74919147,"88,7"
90240730,"84,4"
84908877,"87,1"
78389879,"88,0"
24277564,"71,4"
88956420,..
44412461,"97,3"
34002355,"71,8"
36355200,"85,9"
96920524,"89,9"
18217765,"93,6"
60919765,..
14677676,"72,7"
96152872,"82,6"
77835341,"91,7"
70803636,"96,6"
49576295,"100,0"
66028861,"100,0"
23797825,"75,7"
45293715,"78,8"
44738639,"75,0"
77712952,"80,6"
92009807,"78,2"
10433896,"92,3"
10342448,"67,4"
43154449,"100,0"
49170638,"79,1"
46379730,"97,4"
25379974,"81,8"
98032567,..
96194948,"81,5"
25955541,"100,0"
88025221,"90,5"
18042101,"96,5"
14799321,"96,6"
56041699,"82,4"
45111086,"100,0"
70955448,"99,4"
68824244,"91,3"
90685868,"96,7"
24501884,"90,7"
46707989,"92,0"
46986216,"89,4"
67924816,"93,7"
92805465,"87,4"
56084099,"81,6"
80711021,"88,2"
17648596,"89,1"
16720048,"93,9"
13960635,"93,7"
39341381,..
61176909,"100,0"
43479922,"95,5"
60088179,"78,7"
28391147,"83,0"
29209307,"96,4"
21778322,"93,7"
31380193,"72,7"
90290154,"90,0"
25847233,"81,7"
62612992,"85,7"
85485803,"85,9"
92816527,"91,9"
16848652,"100,0"
88429477,"95,8"
94975733,"95,5"
56802300,"100,0"
15149235,"92,4"
77379848,..
13981977,"100,0"
24538846,"94,3"
36886750,"94,4"
67422309,"77,1"
67058407,"84,3"
34421265,"88,9"
15791044,"95,0"
65392939,"95,5"
98696836,"96,5"
82160887,"88,9"
23175129,"83,3"
64908550,"96,8"
77358716,"93,9"
49739986,"89,0"
29225010,"88,2"
92192566,"78,2"
56886667,"96,1"
33249781,"80,8"
64648566,"92,1"
18691102,..
70302356,"92,0"
65421426,"91,3"
62394916,"100,0"
67908927,"87,5"
72071234,"99,4"
24349146,"93,6"
83605345,"90,5"
15933512,"96,5"
12198363,..
47692481,"95,7"
64693272,"81,5"
18072172,"100,0"
65833454,"96,2"
85188855,"95,7"
11341077,"93,5"
39528347,"94,4"
34988313,"95,5"
85473846,"98,6"
29744774,..
89690587,"83,0"
28045567,"98,1"
20768651,"89,5"
32239920,"93,8"
98781765,"89,9"
38880984,"89,6"
28872974,"78,4"
87112995,"75,0"
18686599,"92,7"
93779220,"88,6"
77797484,"92,6"
53279140,"85,1"
80785976,"91,1"
47559319,"94,1"
21532545,"91,3"
56187883,"76,5"
20752831,"79,5"
51023367,"98,4"
34739511,"100,0"
95069937,"100,0"
52690153,"100,0"
74776778,"96,4"
18345915,"98,0"
68229719,"98,3"
61004230,"89,8"
71262305,"94,1"
55795961,"100,0"
84947634,"100,0"
23517336,"100,0"
48009865,"89,6"
82840198,"100,0"
18208087,"90,0"
89982804,..
19464342,"100,0"
60743463,"100,0"
32960825,"93,4"
43609520,"93,3"
97968599,"94,1"
91748148,"88,5"
42218661,"84,8"
74434644,"87,5"
42022406,"91,1"
65192707,"95,7"
43634528,"96,2"
36263479,"95,4"
56679384,"97,4"
30538202,"89,3"
19150273,"90,9"
69018222,"77,6"
12889940,"92,6"
16554575,.
34076477,"88,6"
54896448,"100,0"
64284020,..
53400472,"65,0"
97758137,"71,7"
26334561,"89,9"
40386043,"85,8"
59483268,"79,5"
33685428,"94,4"
32879845,"100,0"
88573795,..
20699742,"96,3"
21663998,"89,0"
20595770,"90,5"
82814120,"100,0"
45164827,"94,9"
10924758,"94,6"
34153869,"97,2"
88259298,"80,0"
17846181,"91,2"
75082798,"89,7"
23555409,"97,5"
30341162,"86,2"
72266906,"84,9"
27030026,"91,3"
16950252,"96,9"
34637764,"89,0"
19912478,"91,7"
15077883,"87,8"
48434184,"91,8"
58724424,"85,7"
95684185,"97,1"
51138448,"85,0"
56421429,"100,0"
39911065,"91,2"
17008320,"96,9"
56737496,"86,8"
93939982,"95,5"
25720752,"93,9"
55155562,"83,7"
31533003,"97,8"
16361868,.
23164911,"97,0"
24008049,"98,4"
19981611,"94,7"
54481243,"100,0"
36680097,..
19586169,"83,3"
24273261,"100,0"
95683850,"98,5"
59455288,"85,7"
25679488,"90,8"
25677996,"91,2"
89888648,"89,4"
35063170,"94,1"
31279294,"76,9"
36782335,"96,0"
23897040,..
20666515,"100,0"
37906565,..
67279303,..
21648755,"84,8"
11111710,..
90551279,"89,2"
69686851,..
49616977,"84,9"
54965510,"92,7"
84835666,"78,2"
25872338,..
54164490,"72,0"
20319353,"73,5"
92194545,"98,4"
64740897,..
78979604,..
10974852,..
85068812,"68,0"
78397312,"97,4"
36444853,"82,9"
16819383,..
89837629,"84,5"
12994441,"79,6"
88774402,"98,9"
75141151,"64,6"
61701709,"96,6"
61469192,"93,7"
84306392,"98,9"
28627819,"89,3"
30086854,.
26627862,"97,9"
48847282,"86,7"
72517762,..
79094701,"100,0"
38684438,"86,4"
31251822,"85,7"
90099336,..
35647481,"85,1"
39549479,"81,0"
73147554,"100,0"
69983740,"100,0"
66491596,"100,0"
12052268,"78,9"
71597051,"100,0"
53231578,"97,9"
96279444,"83,6"
40690520,"100,0"
91011325,"86,7"
97382366,"87,2"
35006050,"84,8"
10638939,"36,4"
21505555,"98,3"
34336190,"100,0"
21052710,"98,3"
69739484,"77,5"
92887917,"94,7"
88834120,"92,0"
70066748,"85,9"
19207279,"99,4"
53640774,"94,2"
58502307,"100,0"
97177328,"68,8"
72127035,"95,5"
70969714,"96,6"
68734112,"95,0"
71922787,"92,9"
74148070,"97,2"
92507006,"97,0"
44653962,"100,0"
20100577,"87,2"
81993306,"88,9"
19051089,"97,2"
47264019,"96,8"
50198492,"90,9"
98052678,"89,4"
20099064,"92,5"
16313848,"77,5"
79606767,"72,1"
11294673,"100,0"
86327236,"100,0"
41745951,"100,0"
83137205,"88,4"
28398531,"81,8"
66335258,"81,0"
54172830,"92,3"
75458014,"88,2"
65136104,..
61826221,.
79033948,"97,2"
56330385,"81,4"
20228162,"100,0"
68240485,"100,0"
95046058,"94,7"
44392995,"88,9"
53462953,"91,3"
60730660,"100,0"
82592568,"86,7"
78875918,"90,2"
86385479,"93,5"
49862313,"76,2"
99838438,"75,0"
42859669,"78,9"
99592025,"98,6"
34247736,"95,2"
47550455,"95,4"
30329172,"100,0"
76877530,"68,8"
47046103,"94,4"
38167912,"94,7"
43826783,..
58125096,"80,6"
82914148,..
20620556,"89,5"
77839100,..
17173461,"83,3"
55535552,.
30468157,"91,0"
92533079,"95,9"
61528940,"94,8"
23681822,"94,4"
66861851,"92,9"
72206824,"94,3"
92858957,"89,9"
86296935,..
44113417,"94,3"
67783774,..
39555838,"85,0"
85214294,"77,8"
82084961,"71,4"
46162400,"94,1"
67279263,"91,9"
51210136,"97,5"
73829818,"98,2"
54395430,.
18881773,..
50908408,"90,9"
18594470,"89,5"
78295411,"78,2"
80686587,"93,1"
72232853,"93,8"
12279302,"76,9"
64205087,"89,1"
50500028,"89,3"
91984508,"97,1"
40667807,"91,9"
18091973,"100,0"
88466776,"97,8"
36539945,..
40634612,"87,8"
66132676,"90,2"
57942242,"89,7"
77688926,"97,7"
14508922,"96,6"
37358234,"92,3"
21008461,"98,3"
54606928,"97,7"
53893730,"88,1"
42573391,..
64574972,"93,2"
19741742,"95,5"
29032715,"87,9"
45830583,"100,0"
48931433,"84,5"
19909435,"96,6"
30530571,"94,6"
78839208,"98,5"
96024712,"95,6"
30458073,..
85800840,"92,7"
68920727,"85,7"
27115998,"92,8"
41867682,"81,3"
79516949,"90,3"
96684210,"95,4"
87207941,"88,9"
11673760,"94,0"
46574937,"93,8"
23836342,"87,9"
63791419,"93,1"
39805497,"86,7"
38400227,"83,7"
81619482,"98,4"
12395564,"100,0"
90006712,"100,0"
39149668,"95,8"
38233622,"87,5"
48722826,"89,7"
73063662,"71,4"
40766349,"89,7"
53691739,"100,0"
43251309,"100,0"
67554405,"98,8"
73944169,"96,0"
98239050,"90,5"
94455820,..
61547652,..
62104139,"86,5"
87034307,"90,8"
78872213,"97,3"
76860623,"100,0"
58191646,"89,4"
80405898,"95,2"
56021320,"94,7"
63179610,"73,9"
64569393,"84,6"
64160122,"100,0"
48217580,"93,0"
51620045,"92,9"
86888278,"78,9"
57397381,"81,5"
56947954,"91,1"
72022487,"91,7"
71512894,"91,9"
28248021,"82,6"
44417214,"94,6"
25025681,"85,5"
88776535,"89,3"
49488344,"91,7"
74408578,"92,3"
71043974,"90,7"
57777751,..
38732602,"91,7"
89807183,"93,9"
61161774,"93,4"
86158933,"92,3"
75914181,"82,2"
39302565,"78,6"
96818167,"94,1"
79527481,"89,6"
67300857,"90,9"
99279503,"83,3"
63653488,..
84476205,"95,6"
24544503,"90,4"
25392789,"96,5"
69240218,"93,2"
38460895,"66,7"
31199511,"91,1"
12934438,"96,5"
43313366,"94,8"
86787111,"94,3"
97868185,"100,0"
77823650,..
37550979,"100,0"
60214465,"76,9"
70137084,"92,9"
82002016,"96,2"
23306658,"100,0"
97535124,"100,0"
11102578,"98,7"
69306209,"89,5"
10129345,"98,9"
17944628,"91,4"
94468610,"91,9"
94090461,"95,9"
12954099,"94,2"
80931789,"95,0"
90473340,"91,7"
69807202,"86,4"
64648904,"100,0"
75939593,"94,2"
26324896,"90,0"
56639389,"98,5"
95700485,"95,2"
51449748,"90,1"
28267726,"94,0"
12613085,"87,5"
53896162,"94,7"
17779637,"85,1"
66824652,"86,2"
49168016,"94,4"
71929526,"93,5"
60873719,"96,3"
28085125,"87,5"
21938183,"94,2"
78986228,.
71472793,"93,5"
69063711,"100,0"
77609073,..
35894996,"76,7"
12926770,"86,8"
68748767,"71,9"
23548714,"69,8"
48593439,"70,0"
91773491,"65,7"
30361243,"91,6"
25596917,"93,7"
65722876,"92,7"
52129378,"85,3"
65381163,"74,3"
31155312,"55,3"
84424083,"97,7"
49231191,"89,4"
78231062,"99,2"
10481541,"87,7"
68381790,"93,2"
13006857,"96,2"
16956086,"90,6"
58187973,"96,6"
88894245,..
31870541,"94,7"
44672598,"95,9"
31822012,"83,2"
83161201,"91,4"
99356671,..
16702464,"100,0"
29449669,"89,8"
62855448,"88,9"
36252055,"95,0"
91812793,"97,8"
14355031,"96,8"
46611859,"91,1"
58907711,"100,0"
68285560,"96,0"
58544422,"92,8"
65150019,"91,7"
71541108,"81,8"
53832505,"61,0"
47537928,"75,9"
69471748,"76,5"
49750031,"98,0"
76485705,"98,2"
93239262,"86,2"
99976753,"88,0"
75575321,"97,7"
28023078,"87,5"
43284031,"93,3"
24194577,..
26267406,..
51955293,"96,4"
57690933,"95,8"
12130801,"91,2"
51736304,"95,2"
44285075,"82,9"
95785055,"100,0"
68655578,"76,1"
68741484,"88,6"
37054246,"97,7"
39199869,"98,3"
31179045,"73,1"
72421673,"95,7"
15763669,..
59655752,"90,7"
88750078,"93,3"
41555549,"94,4"
85459854,"98,5"
81876614,"98,0"
18711877,"96,2"
67071618,"100,0"
75324351,"100,0"
61229217,"68,4"
70376604,"92,9"
59575030,"92,9"
18617410,"82,8"
28025244,"92,6"
40338843,"93,3"
77440824,"94,8"
14292382,"94,1"
51981332,"100,0"
87859089,"97,5"
98908403,"75,0"
16493131,"93,9"
83272868,"96,3"
11526364,"96,2"
45552626,"82,5"
50906954,.
16748680,"87,9"
65674821,"94,7"
92332557,"88,0"
78690637,"86,9"
38048202,"98,6"
90990441,..
26671095,"100,0"
65320354,"100,0"
77544055,"98,4"
49112879,"88,0"
30279258,"94,4"
76903284,"87,7"
43623146,..
49141105,"71,2"
15870428,"87,5"
26646080,"91,2"
26750052,"97,8"
18974693,"92,5"
26996566,..
27704246,"90,9"
28967085,..
69747871,..
31151740,"81,0"
79346084,"87,2"
89816391,"95,1"
14448619,"94,6"
12546590,"90,7"
43565270,"80,2"
77176811,"93,5"
52791537,"97,6"
85152591,"100,0"
85819857,"100,0"
40600798,"96,2"
52942981,"91,8"
54117171,"95,2"
48120273,"97,3"
33233228,..
94167577,"66,9"
27023528,"75,5"
53903798,"64,1"
97770837,"84,8"
69650864,"100,0"
59581397,"95,8"
41938272,"96,2"
29423248,"97,0"
76054399,"93,9"
33132452,"66,7"
60142020,..
70811222,"100,0"
17911161,"59,0"
35084976,"88,0"
25525759,.
77632411,"95,9"
49068301,"76,8"
59898194,"88,4"
38195284,"89,9"
97510495,"90,1"
89461767,"86,7"
94717858,"90,8"
53760158,"100,0"
78422467,"94,6"
37802196,..
36288955,"98,4"
74812809,"97,8"
88839172,"98,7"
48412612,"88,6"
95618280,"86,3"
75075402,"89,5"
26326048,"76,7"
37839488,"78,0"
46256929,"92,1"
83374651,"100,0"
59796774,"100,0"
17675502,..
75600007,"81,4"
73812226,"77,1"
30762346,..
82964090,"98,8"
88955893,"97,6"
15278518,"85,2"
15390992,"94,8"
63943560,"80,6"
85516596,"81,6"
16784385,"87,5"
89963319,..
24339566,"95,8"
65458415,..
95154882,..
52333875,"76,9"
24663703,..
28519815,"74,5"
65666808,.
69543519,"59,3"
89693952,.
24759907,"60,6"
78433202,"84,7"
35366805,"85,7"
31315191,"91,7"
42775003,"99,3"
56670842,"100,0"
89370947,"97,5"
48555205,"86,9"
31313926,"72,4"
30312720,"92,6"
32116280,"92,2"
57143976,"86,0"
93367005,"80,7"
53175499,"100,0"
64388538,"100,0"
52153758,"100,0"
22116645,"95,2"
99755443,"97,0"
30167976,"88,4"
50104466,"100,0"
28004794,..
32071849,"99,0"
79845033,"93,2"
41099519,"92,0"
59386837,"100,0"
17276047,"87,9"
21382451,"90,7"
48244956,"74,3"
36769815,..
43873969,"95,0"
55825382,"83,3"
19306558,"95,2"
35301145,"87,5"
24993048,"87,5"
13084253,"84,2"
59942080,"77,8"
66273269,"96,2"
11275959,"100,0"
58518163,"80,8"
27993549,"80,0"
37912396,"100,0"
45593337,"85,5"
10226870,"95,0"
19839859,"100,0"
67628478,"100,0"
37517404,..
32057701,"95,7"
30615080,"69,0"
25178582,"87,0"
70543431,"100,0"
23476801,..
86351879,"87,8"
56041144,"84,9"
74322969,"95,5"
90260899,"92,3"
31057219,"88,6"
27079521,"100,0"
33572033,"85,4"
64579522,"97,3"
34381901,"96,3"
55150847,"93,0"
90076461,"91,8"
53069733,"87,8"
99394620,"100,0"
95368476,"94,3"
14853321,"95,7"
76448076,"78,1"
31537066,"93,3"
86488203,"87,7"
25156286,"92,0"
28081446,"96,7"
21400668,"92,9"
92949043,"86,8"
92818240,"81,8"
84329061,"88,5"
91048178,"88,9"
82718660,"100,0"
12399380,"100,0"
31486865,"98,1"
97265732,"98,1"
61720981,"90,3"
50424828,"71,4"
82931004,..
95024660,"90,3"
32263814,"94,7"
47393891,"89,3"
48414975,"100,0"
11533776,"82,7"
47108751,..
28829503,"91,1"
99622695,..
98651664,"98,7"
33657492,"93,6"
79309485,"98,9"
37078868,..
16130958,"95,7"
82195565,"97,6"
33596572,"97,3"
77713695,"97,5"
51131594,"85,7"
89680395,"100,0"
53696633,"100,0"
27440210,"89,6"
62758285,"100,0"
16218090,"100,0"
64667996,"97,2"
23544320,"100,0"
57668673,"94,7"
69040241,..
63993414,"100,0"
49136871,..
20855811,"72,1"
53923398,"84,2"
74560191,"100,0"
47844862,"93,4"
72984079,"75,5"
36480690,"86,0"
24787883,..
32995170,"86,1"
52048443,"98,1"
61674097,"93,4"
32550660,"98,8"
93488613,"82,4"
45600034,"100,0"
59599256,"95,6"
26957025,"96,2"
90509211,"89,6"
43277545,"69,6"
11953769,.
50393060,"96,7"
85788659,"78,9"
95340745,..
59521477,"90,6"
92442684,..
66095163,"80,4"
54599691,"91,6"
54004368,"94,7"
31975673,"95,1"
82251333,"95,0"
99864908,"89,2"
27106031,"93,6"
59463950,"100,0"
63931325,"100,0"
57391913,"98,1"
75374280,"95,0"
46148350,"90,7"
50133877,"95,5"
49868916,"94,4"
74919147,"88,7"
78389879,"88,0"
24277564,..
44412461,"97,3"
36355200,"88,5"
96920524,"90,0"
18217765,"92,3"
70803636,"97,9"
49576295,"100,0"
66028861,"100,0"
23797825,"75,5"
45293715,"78,8"
77712952,"81,0"
10433896,"92,3"
43154449,"100,0"
49170638,"79,1"
46379730,"97,4"
25379974,"81,8"
88025221,"91,6"
18042101,"96,5"
56041699,..
45111086,"100,0"
70955448,"99,4"
68824244,"90,3"
46707989,"92,0"
46986216,"89,4"
67924816,"93,7"
92805465,"87,4"
56084099,..
16720048,"96,3"
13960635,"93,7"
61176909,"100,0"
43479922,"95,5"
28391147,"88,2"
21778322,"95,0"
31380193,..
62612992,"85,7"
85485803,"85,9"
16848652,"100,0"
88429477,"95,8"
94975733,"97,1"
56802300,"100,0"
15149235,"91,1"
13981977,"100,0"
24538846,"92,9"
67058407,"81,4"
15791044,"93,8"
65392939,"95,5"
98696836,"100,0"
64908550,"96,8"
77358716,"93,8"
49739986,"89,0"
29225010,"87,5"
92192566,"78,2"
56886667,"96,1"
64648566,"85,7"
65421426,"91,7"
62394916,"100,0"
67908927,"87,5"
72071234,"99,4"
24349146,"95,3"
83605345,..
15933512,"95,6"
64693272,"78,6"
18072172,..
65833454,"96,2"
11341077,"93,5"
34988313,"95,5"
28045567,"98,1"
20768651,"87,5"
38880984,"89,6"
28872974,"78,4"
18686599,"94,2"
93779220,"91,2"
77797484,"92,6"
80785976,"86,1"
47559319,"94,6"
21532545,"88,2"
56187883,"83,3"
20752831,"79,5"
51023367,"100,0"
34739511,"100,0"
52690153,"100,0"
93221031,"75,0"
17474377,"94,4"
18345915,"94,6"
68229719,"100,0"
61004230,"90,9"
71262305,"100,0"
55795961,..
84947634,"81,5"
97870412,"100,0"
68564903,"98,2"
82840198,"95,0"
18208087,"93,9"
89982804,"100,0"
19464342,..
60743463,..
32960825,"91,7"
43609520,..
41416934,"100,0"
21567982,"86,7"
49379603,..
80167319,..
73171934,..
83474173,"84,8"
91487291,..
21866405,"89,7"
74434644,"82,0"
42022406,"92,0"
88445871,"91,3"
18425335,"86,9"
93281974,"88,9"
23424275,"95,0"
19150273,"100,0"
25624692,"100,0"
88534520,"96,9"
16554575,"96,3"
25356960,"97,3"
64284020,"90,5"
98132436,"90,9"
60096875,"80,8"
26334561,"84,2"
40386043,"90,7"
29324709,"100,0"
26864271,"64,7"
59483268,..
33685428,"93,3"
88573795,..
82814120,"98,8"
10924758,"89,5"
34153869,..
88259298,..
73098153,"83,3"
44240250,"75,7"
17846181,..
75082798,"69,4"
23555409,"100,0"
91333138,"73,1"
30341162,..
39936461,"100,0"
72266906,"81,0"
27030026,"100,0"
12154972,"88,5"
16950252,"76,9"
34637764,"86,3"
73255276,"100,0"
15077883,"85,4"
48434184,"81,3"
58724424,"80,0"
51138448,"93,8"
19647256,"84,1"
56421429,"87,5"
39911065,..
17008320,..
56737496,"100,0"
88850910,"80,0"
93939982,"86,1"
25720752,"95,0"
55155562,"81,0"
31533003,"92,3"
31429031,"93,0"
16361868,..
24008049,"92,5"
36680097,..
87756916,"76,3"
59734510,"85,3"
19586169,"88,6"
24273261,"93,3"
95683850,"100,0"
59455288,"62,5"
82163292,"94,4"
25679488,"69,6"
25677996,"77,8"
89888648,"88,9"
90003262,..
88163512,"72,7"
35063170,..
31279294,"88,2"
36782335,"86,2"
20666515,"94,4"
37906565,"100,0"
67279303,"92,3"
21648755,"77,2"
11111710,"100,0"
90551279,"91,3"
93062368,"75,0"
69686851,"83,5"
49616977,"76,9"
90267145,"97,7"
72998905,"100,0"
69481650,"84,2"
88153340,"92,5"
94353434,"86,0"
59396229,"90,9"
95165649,"90,2"
69626109,"74,4"
85068812,..
36444853,"86,2"
15414001,"78,2"
38311488,"100,0"
16819383,"73,3"
12994441,..
53660780,"99,0"
30086854,"90,0"
79094701,"100,0"
38684438,"94,7"
96590873,"82,4"
73147554,"100,0"
65752105,..
11274830,"87,5"
51321260,"91,4"
96279444,"94,1"
61880907,"88,0"
35006050,"90,9"
88886610,"96,3"
10638939,"87,5"
88556189,"67,3"
35236491,"95,1"
58502307,"100,0"
97177328,"82,4"
72127035,"93,8"
70969714,"91,7"
85003442,"97,3"
22752398,"94,3"
71922787,"90,9"
31843016,"88,2"
74148070,..
50696507,"85,2"
44653962,"100,0"
81993306,"90,3"
29097621,"90,3"
87764775,"72,2"
48438396,"75,6"
98052678,..
44341171,"62,1"
32671805,"76,6"
38448056,"80,0"
16313848,"83,1"
79606767,"87,0"
11294673,"100,0"
86327236,"78,6"
28398531,"100,0"
66335258,"93,3"
54172830,"78,3"
86310217,"78,6"
83085136,"100,0"
75458014,..
65136104,..
79033948,"96,6"
56330385,"55,6"
44392995,"92,3"
69241230,"78,3"
85544331,"100,0"
80327946,"88,8"
78875918,"80,8"
78023197,"89,1"
86385479,"88,5"
40991561,..
99838438,"89,5"
42859669,"82,4"
70923626,"61,9"
92905347,"91,3"
99592025,"92,3"
34247736,"81,0"
47550455,"89,7"
30329172,"97,1"
76877530,..
47046103,"81,3"
56664512,..
38167912,"90,9"
20620556,"100,0"
17173461,..
19560192,"84,6"
98053087,"89,2"
92858957,"86,7"
46660042,"83,6"
44113417,"66,7"
67783774,..
38917647,..
21363125,.
39555838,..
85214294,"79,2"
82084961,"77,2"
46162400,"86,3"
98369689,"83,9"
56529916,"91,7"
40810950,"88,9"
40037982,"91,1"
73829818,"100,0"
18881773,..
80686587,"95,2"
12279302,"90,9"
17849518,"100,0"
94570025,"79,2"
91984508,"63,6"
78659008,"80,6"
12448823,..
40667807,"92,0"
18091973,"93,8"
40634612,"87,5"
62439199,"85,0"
66132676,"88,5"
80762863,"77,6"
77688926,"100,0"
14508922,..
69629086,"96,5"
88624631,"82,6"
35390185,..
37358234,..
31657916,..
54606928,"68,8"
46241804,"90,0"
42573391,"100,0"
64574972,"90,5"
19741742,"84,4"
29032715,"90,6"
48931433,"100,0"
97270136,"82,8"
19909435,"100,0"
30530571,"95,1"
96024712,"95,7"
40829056,"91,7"
85800840,"96,7"
27115998,"97,2"
41867682,"100,0"
65662401,"93,0"
39583059,"89,1"
38645259,"81,3"
87207941,..
11673760,"76,8"
63791419,"77,3"
39805497,"92,9"
38400227,"71,9"
83829189,"95,1"
46145886,"96,6"
43649848,"80,0"
75344502,"75,0"
84247499,"87,8"
27041885,"76,3"
97064126,..
32580162,"100,0"
48722826,"96,8"
71571158,"84,4"
53691739,"100,0"
97596286,"84,5"
67554405,"96,3"
86473502,"78,6"
98239050,"92,9"
94455820,..
58368956,"83,3"
73567152,"77,1"
61547652,"91,5"
60209222,"91,4"
62104139,"90,9"
78872213,"96,0"
84286698,"100,0"
62490359,"84,6"
64725297,"89,7"
43362941,"82,6"
23350817,"83,3"
76860623,"95,2"
56021320,"100,0"
41358402,"100,0"
64569393,"88,9"
87262566,"85,4"
41844601,"71,7"
51620045,"97,2"
23457902,"85,7"
27597104,"91,3"
57397381,"74,6"
56947954,"93,6"
72022487,"88,8"
70969556,"90,0"
28248021,"71,0"
44417214,"96,4"
25025681,"84,6"
49488344,"100,0"
74408578,"89,3"
86724994,"94,0"
86158933,"73,9"
14102256,"90,0"
75082280,"85,7"
75914181,"94,1"
39302565,"91,3"
36072799,"84,6"
61432781,"85,9"
78287294,"96,3"
74316305,"91,4"
39096170,"94,1"
99279503,"93,5"
72109637,..
69240218,"76,9"
14057258,..
43313366,"85,2"
97868185,..
81551726,..
77823650,"94,0"
37550979,..
52634142,"94,6"
76195214,"96,9"
54839753,..
32705515,"92,7"
60214465,..
70137084,"81,7"
82002016,..
21901328,"78,9"
23306658,"94,4"
57350392,..
11102578,"95,8"
69306209,"80,5"
92651253,"95,2"
31740319,"89,2"
17944628,"85,7"
82826083,"96,9"
94090461,"80,0"
12954099,..
80931789,"96,3"
84098842,"89,7"
90473340,..
26167236,"89,3"
69807202,"94,2"
64648904,"100,0"
63035915,"84,7"
26324896,"81,3"
28848709,"100,0"
12613085,"100,0"
53896162,"100,0"
11185244,"68,6"
56211717,"90,0"
66824652,"77,8"
49168016,"100,0"
32042066,"94,2"
50821167,..
92814975,"90,0"
28770304,"83,8"
64123241,"86,7"
69063711,"100,0"
77609073,"84,6"
35894996,"89,8"
17119840,"93,9"
68748767,"74,2"
25596917,"70,6"
20984584,"89,5"
52129378,"74,4"
98541468,"88,9"
31155312,"91,7"
25648215,"79,2"
61823258,"87,5"
39178171,"86,2"
79994304,..
68006362,"84,4"
11608031,"88,2"
86762103,"85,7"
68381790,"92,3"
13006857,"86,6"
76007769,"100,0"
16956086,"91,7"
58187973,"90,9"
88894245,"100,0"
71160225,"92,0"
67752682,"100,0"
47884009,"87,1"
44672598,"93,3"
75340089,"93,8"
36670439,"84,6"
22220001,"88,1"
15100079,..
55421481,..
99356671,..
16702464,..
71353314,..
36252055,"92,5"
91812793,"100,0"
14355031,"100,0"
72891848,"78,6"
31796890,..
22426680,..
83805032,"69,0"
48862305,"88,9"
32887559,"91,3"
71541108,"72,2"
69471748,"76,6"
93239262,"95,7"
25745773,"92,8"
99976753,..
14278480,"80,6"
28023078,"89,8"
43284031,"94,3"
13963517,"100,0"
26267406,"100,0"
31255918,"89,7"
51955293,"100,0"
35035671,"82,4"
12130801,..
51736304,"90,9"
53180719,"90,5"
27489137,"100,0"
15609112,"100,0"
60424371,"88,2"
68655578,"86,2"
17062663,"96,4"
68741484,"89,7"
56267421,"100,0"
34990065,"91,1"
37054246,"86,2"
39199869,..
62216381,"89,8"
31179045,"93,5"
72421673,"100,0"
59655752,..
88750078,"94,1"
41878314,..
41555549,"87,5"
32003298,"100,0"
22383788,"95,7"
85459854,"100,0"
81876614,..
18711877,"100,0"
67071618,"85,7"
75324351,"94,7"
61229217,"91,2"
58929357,"100,0"
42517257,"81,3"
70376604,"95,8"
93503103,"100,0"
18617410,"100,0"
41697930,"98,8"
28025244,"77,8"
17184072,"100,0"
40338843,"95,7"
77440824,"95,2"
71069359,"100,0"
86896907,"93,5"
14292382,"92,1"
87859089,"63,2"
54764253,"100,0"
98908403,"95,8"
16493131,"94,9"
41119610,"100,0"
48304166,"100,0"
24982097,"66,7"
97104132,"100,0"
68597767,..
27964873,"80,6"
30706655,"80,0"
65674821,..
46332927,"94,6"
78690637,"88,6"
24653673,"95,2"
38048202,"84,6"
90990441,..
86319615,"75,0"
87303004,"94,6"
97835550,"77,3"
22446331,"83,8"
26671095,"100,0"
42911621,"94,8"
40575001,"84,2"
75027822,"100,0"
26508763,"97,4"
14504503,"88,5"
21850904,"100,0"
77544055,"78,6"
16198647,"98,6"
12496135,"100,0"
76903284,"85,2"
68649663,"81,1"
15870428,"82,9"
26750052,"94,1"
81997762,"91,8"
69747871,..
70119254,"100,0"
79346084,"87,2"
34222422,"86,7"
84230226,..
42060237,"86,4"
89816391,"90,5"
14448619,"80,0"
12546590,"66,7"
94167577,"68,4"
27023528,"78,0"
53903798,"72,5"
85782695,"84,6"
98815582,"77,3"
97770837,"77,8"
21312503,"100,0"
14926020,"73,7"
33132452,"80,7"
56942970,..
56653353,"97,9"
59898194,..
97510495,"100,0"
38683336,"100,0"
95618280,"67,3"
17675502,"67,9"
75600007,..
15278518,"86,7"
15390992,"96,9"
63943560,"93,8"
85516596,"91,3"
31998226,..
38236800,"81,3"
59026584,"93,6"
79829846,"92,9"
20061769,"100,0"
65458415,..
95154882,..
52333875,"79,1"
65666808,"86,7"
24397215,"88,6"
30677562,"92,5"
85054102,"95,2"
87274273,"100,0"
24759907,..
41631104,"68,8"
80357110,"78,3"
18451445,..
93367005,"86,5"
16501673,"68,4"
26298615,"100,0"
50104466,..
79845033,"81,5"
41099519,"96,0"
59386837,"96,1"
21627442,"100,0"
17276047,"65,0"
73217812,"73,7"
48244956,"90,0"
36769815,"100,0"
16931486,"90,5"
92489953,"85,2"
43873969,"85,7"
55825382,"68,8"
19306558,..
24993048,..
70132092,"84,7"
65034473,..
13084253,"69,2"
32321364,..
59942080,..
66273269,"85,7"
82888663,"71,2"
11275959,"88,1"
58518163,"85,7"
50615280,"94,4"
19035583,"100,0"
27993549,"66,2"
37912396,"90,9"
90312942,"96,4"
19839859,"100,0"
80280597,..
67628478,..
37517404,..
29159460,"92,0"
43601850,"87,9"
89630851,"93,0"
86351879,"89,5"
14586562,..
74322969,"85,3"
90260899,"100,0"
69302313,"91,3"
31057219,"85,1"
27079521,"91,9"
64579522,"84,0"
65234368,"100,0"
34381901,"89,4"
96414537,"96,8"
99394620,"100,0"
95368476,"100,0"
14853321,"96,4"
76448076,"80,0"
31537066,"80,0"
86488203,"75,8"
25156286,..
92949043,"87,5"
92818240,"88,6"
84329061,"92,1"
71969230,"81,0"
91048178,"88,1"
76942525,"73,1"
31486865,"96,0"
10373112,..
61720981,"87,3"
25698509,"86,8"
50424828,"86,5"
82931004,"94,7"
83584125,"100,0"
16496466,..
12075195,"87,5"
62300682,"94,7"
65265211,"96,6"
97191332,"82,8"
71938440,"85,7"
22811839,"100,0"
33205596,"100,0"
19930101,"94,7"
60727136,"100,0"
45132264,"87,5"
61647360,..
33657492,"65,1"
61622991,"95,8"
66644568,"83,3"
93659517,"94,7"
61175914,"94,1"
73316818,"100,0"
27859889,"100,0"
29161632,..
45541222,"100,0"
63451147,"100,0"
61197669,..
17812651,"95,2"
57668673,"84,0"
69040241,..
91905819,"96,7"
54882637,"87,5"
53923398,"82,2"
47844862,"96,3"
22239675,"81,0"
72984079,..
36480690,"88,5"
24787883,"87,5"
52048443,"93,3"
32550660,"81,3"
59599256,"93,5"
69865450,"88,0"
31112935,"73,3"
90509211,"81,8"
37316242,"93,1"
20173336,"84,8"
49872493,"96,6"
39147056,"90,6"
11953769,..
28646435,"96,0"
50393060,"92,0"
85788659,"80,8"
95340745,"92,3"
59521477,"92,3"
92442684,"85,4"
38544187,"76,6"
54599691,"78,1"
54467211,"97,8"
23517683,"94,7"
82251333,"98,0"
99864908,"81,3"
27106031,"91,7"
59463950,"100,0"
63931325,"100,0"
57391913,"81,0"
75374280,"74,1"
46148350,"87,0"
50133877,"92,9"
49868916,"87,8"
90240730,"84,4"
84908877,"87,1"
24277564,"76,2"
88956420,..
34002355,"71,8"
36355200,"79,2"
96920524,"89,5"
18217765,"100,0"
60919765,..
14677676,"72,7"
96152872,"82,6"
77835341,"91,7"
70803636,"91,7"
23797825,"76,2"
44738639,"75,0"
77712952,"80,0"
92009807,"78,2"
10433896,"92,3"
10342448,"67,4"
43154449,"100,0"
98032567,..
96194948,"81,5"
25955541,"100,0"
88025221,"76,9"
14799321,"96,6"
56041699,"80,0"
70955448,"100,0"
68824244,"92,7"
90685868,"96,7"
24501884,"90,7"
56084099,"96,6"
80711021,"88,2"
17648596,"89,1"
16720048,"92,3"
39341381,..
60088179,"78,7"
28391147,"77,6"
29209307,"96,4"
21778322,"89,5"
31380193,"70,6"
90290154,"90,0"
25847233,"81,7"
92816527,"91,9"
16848652,"100,0"
94975733,"93,5"
56802300,"100,0"
15149235,"95,7"
77379848,..
13981977,..
24538846,..
36886750,"94,4"
67422309,"77,1"
67058407,"100,0"
34421265,"88,9"
15791044,..
98696836,"86,2"
82160887,"88,9"
23175129,"83,3"
77358716,"94,4"
29225010,"89,5"
33249781,"80,8"
64648566,"95,8"
18691102,..
70302356,"92,0"
65421426,"88,9"
24349146,"92,4"
83605345,"88,9"
15933512,"97,3"
12198363,..
47692481,"95,7"
64693272,"84,6"
18072172,..
85188855,"95,7"
39528347,"94,4"
85473846,"98,6"
29744774,..
89690587,"83,0"
20768651,..
32239920,"93,8"
98781765,"89,9"
87112995,"75,0"
18686599,..
93779220,"72,2"
53279140,"85,1"
80785976,"100,0"
47559319,"92,9"
21532545,..
56187883,"75,0"
51023367,"97,9"
95069937,"100,0"
52690153,"100,0"
93221031,..
68229719,..
84947634,..
89982804,"100,0"
60743463,..
73171934,..
74434644,"84,2"
93281974,"100,0"
23424275,..
16554575,"96,3"
60096875,"83,3"
40386043,..
33685428,..
10924758,"89,5"
75082798,"85,7"
16950252,"76,9"
15077883,"85,7"
48434184,..
51138448,"93,8"
93939982,"82,1"
31533003,"92,0"
24273261,..
59455288,..
25677996,..
31279294,..
36782335,"100,0"
90551279,"90,9"
93062368,..
69626109,"74,4"
10638939,"95,0"
72127035,..
85003442,"100,0"
98052678,..
32671805,..
16313848,"77,8"
54172830,..
75458014,..
78023197,"84,2"
40991561,..
70923626,..
76877530,..
47046103,..
19560192,"77,3"
98053087,"92,9"
46660042,"77,8"
67783774,..
85214294,"82,4"
12279302,"100,0"
91984508,"63,6"
40667807,..
40634612,..
80762863,"77,5"
64574972,..
30530571,..
96024712,"96,4"
27115998,"94,4"
39583059,"84,2"
38645259,..
46145886,..
27041885,..
48722826,"100,0"
97596286,"74,1"
67554405,"100,0"
56021320,"100,0"
23457902,..
57397381,"85,7"
72022487,..
70969556,..
28248021,..
44417214,"100,0"
25025681,"84,6"
14102256,"85,0"
75082280,"85,7"
39096170,"94,1"
69240218,"76,9"
82002016,..
23306658,..
94090461,"80,0"
63035915,"78,9"
50821167,..
68748767,"72,2"
20984584,..
25648215,"80,0"
11608031,"93,3"
13006857,..
16956086,..
58187973,..
88894245,..
71160225,"100,0"
44672598,"89,5"
22220001,..
71353314,..
69471748,..
93239262,"95,7"
13963517,..
68655578,"95,7"
31179045,"95,2"
59655752,..
18711877,..
67071618,"88,9"
18617410,"100,0"
40338843,"93,3"
14292382,..
87859089,..
98908403,"90,9"
24982097,..
68597767,..
38048202,"78,3"
90990441,..
40575001,"83,3"
26508763,"100,0"
76903284,..
69747871,..
79346084,"82,6"
89816391,..
53903798,"76,9"
33132452,"76,2"
17675502,"67,9"
75600007,..
85516596,..
50104466,..
59386837,..
43873969,"85,7"
24993048,..
58518163,"85,7"
29159460,"92,3"
89630851,"100,0"
86351879,"80,0"
74322969,..
64579522,"92,9"
14853321,..
86488203,"81,3"
84329061,..
71969230,..
31486865,"96,0"
61720981,"87,5"
50424828,..
83584125,"100,0"
65265211,..
66644568,"83,3"
61175914,..
29161632,..
36480690,..
32550660,"81,3"
37316242,..
50393060,..
95340745,..
59521477,..
46148350,..
49868916,"90,0"
84908877,"92,9"
24277564,..
36355200,..
88025221,"76,9"
56041699,..
70955448,"100,0"
60088179,"70,0"
25847233,"78,3"
16848652,..
56802300,..
36886750,..
67422309,..
82160887,"86,7"
64648566,..
15933512,"96,3"
12198363,..
64693272,..
89690587,"78,9"
18686599,..
93779220,"72,2"
80785976,..
47559319,"92,9"
52690153,..
93221031,..
18345915,"94,1"
97870412,"100,0"
18208087,"90,9"
41416934,"100,0"
21567982,"84,6"
83474173,"93,3"
88445871,"92,7"
25624692,..
25356960,"93,3"
98132436,"96,2"
60096875,"78,6"
29324709,"100,0"
26864271,"73,3"
44240250,"76,9"
75082798,"80,0"
91333138,..
12154972,"94,4"
15077883,"84,6"
48434184,"84,6"
19647256,"100,0"
56737496,"100,0"
55155562,"88,2"
24008049,"90,9"
59734510,..
19586169,"100,0"
24273261,..
59455288,..
89888648,..
36782335,"73,3"
20666515,"100,0"
90551279,"88,2"
93062368,..
90267145,"100,0"
88153340,"92,5"
94353434,"86,0"
88886610,"96,3"
88556189,..
72127035,"92,3"
22752398,"95,1"
31843016,"93,3"
29097621,"89,5"
16313848,"78,6"
11294673,..
86327236,..
69241230,..
80327946,"94,1"
86385479,..
70923626,"76,2"
92905347,..
47550455,"92,6"
56664512,..
19560192,..
46660042,"85,0"
38917647,..
82084961,"100,0"
98369689,"88,2"
56529916,"95,9"
17849518,..
18091973,"94,4"
69629086,"97,7"
31657916,.
19741742,"71,4"
40829056,..
85800840,"95,6"
39583059,"87,5"
39805497,"100,0"
46145886,"100,0"
84247499,"100,0"
71571158,..
86473502,..
58368956,"83,3"
23350817,.
41358402,"100,0"
87262566,..
23457902,..
56947954,"81,3"
72022487,"75,0"
28248021,..
74408578,"92,3"
86724994,"97,1"
39302565,"90,0"
61432781,"89,8"
14057258,..
81551726,..
76195214,..
70137084,"77,8"
57350392,..
92651253,"91,7"
82826083,"95,0"
26167236,..
63035915,"74,4"
32042066,"94,7"
92814975,..
64123241,"86,7"
20984584,..
98541468,"88,9"
25648215,..
79994304,..
86762103,..
68381790,..
13006857,"100,0"
16956086,..
88894245,..
67752682,"100,0"
75340089,"88,9"
22220001,"84,0"
15100079,..
36252055,"77,8"
72891848,..
48862305,"89,3"
13963517,..
31255918,"95,0"
53180719,"100,0"
68655578,"80,0"
37054246,..
62216381,"88,9"
18711877,..
61229217,"84,6"
41697930,"100,0"
77440824,..
14292382,"100,0"
54764253,"100,0"
98908403,"100,0"
16493131,"100,0"
24982097,.
27964873,..
30706655,"100,0"
78690637,"100,0"
24653673,..
87303004,..
97835550,..
22446331,..
42911621,"97,1"
14504503,..
76903284,..
81997762,"100,0"
70119254,"100,0"
42060237,"82,1"
85782695,"84,6"
38236800,..
41631104,..
16501673,..
26298615,"100,0"
41099519,..
59386837,..
73217812,..
16931486,..
70132092,"76,0"
27993549,"72,7"
90312942,"100,0"
19839859,..
29159460,..
43601850,"100,0"
74322969,..
31057219,..
34381901,"93,8"
96414537,..
99394620,"100,0"
76448076,"76,0"
92818240,"92,2"
84329061,..
71969230,..
91048178,..
65265211,..
22811839,"100,0"
61622991,"95,8"
61175914,..
91905819,..
54882637,"100,0"
53923398,..
69865450,..
20173336,"90,0"
49872493,..
39147056,"94,1"
11953769,..
85788659,..
59521477,..
54467211,"96,7"
82251333,"100,0"
90240730,"91,2"
34002355,..
96920524,"91,7"
96152872,"76,9"
92009807,..
10342448,"63,9"
90685868,"100,0"
17648596,"89,1"
39341381,..
29209307,..
90290154,..
92816527,"100,0"
24538846,..
67422309,"76,9"
34421265,"100,0"
82160887,"91,7"
33249781,"100,0"
18691102,..
24349146,"84,2"
83605345,..
47692481,..
85188855,..
85473846,"100,0"
32239920,"97,2"
56187883,..
52690153,..
74776778,"96,4"
71262305,"92,6"
84947634,"100,0"
48009865,"87,2"
89982804,..
97968599,"95,0"
91748148,"92,3"
42218661,..
74434644,"84,3"
42022406,..
34076477,"88,6"
54896448,"100,0"
97758137,..
26334561,"100,0"
40386043,"85,2"
20699742,"96,3"
82814120,"100,0"
45164827,"96,7"
10924758,"100,0"
34153869,"92,3"
17846181,..
75082798,"88,5"
23555409,"96,7"
27030026,"91,3"
15077883,"84,6"
48434184,"90,9"
58724424,..
39911065,"91,2"
56737496,"86,8"
55155562,"93,1"
31533003,"98,0"
19981611,"100,0"
25679488,"87,5"
35063170,"92,9"
31279294,..
36782335,"96,4"
67279303,..
21648755,"85,2"
11111710,..
49616977,"80,6"
84835666,"74,1"
20319353,"88,0"
85068812,..
78397312,"96,8"
36444853,"88,9"
89837629,..
12994441,"93,3"
88774402,"100,0"
75141151,"53,1"
61701709,"96,6"
38684438,"76,9"
39549479,"81,0"
73147554,"100,0"
69983740,"100,0"
12052268,"72,7"
71597051,"100,0"
40690520,"100,0"
35006050,"94,7"
10638939,..
34336190,"100,0"
88834120,"94,4"
53640774,"94,7"
72127035,"92,9"
71922787,"92,9"
92507006,"100,0"
20100577,"87,2"
79606767,"72,1"
11294673,..
86327236,"100,0"
66335258,..
54172830,"95,7"
56330385,"84,2"
44392995,"96,9"
60730660,"100,0"
82592568,"83,3"
86385479,"100,0"
49862313,"66,7"
42859669,"88,5"
99592025,"98,3"
34247736,"95,2"
76877530,..
38167912,"100,0"
43826783,..
58125096,"86,5"
17173461,..
30468157,"96,7"
23681822,"94,4"
92858957,"87,9"
82084961,..
73829818,"98,3"
18881773,..
12279302,"82,4"
64205087,"89,1"
18091973,"100,0"
88466776,"91,7"
54606928,"97,7"
19741742,"95,5"
45830583,"100,0"
30530571,"90,3"
78839208,"96,3"
30458073,..
27115998,"93,9"
79516949,..
87207941,"96,2"
11673760,"94,0"
38400227,"83,7"
81619482,"95,5"
39149668,"96,3"
67554405,"100,0"
73944169,"91,1"
78872213,"94,4"
64569393,..
48217580,"93,9"
57397381,"77,0"
72022487,"90,7"
71512894,"100,0"
28248021,"90,9"
44417214,"90,0"
74408578,"92,3"
71043974,"90,9"
61161774,"95,8"
75914181,..
24544503,"88,6"
69240218,"100,0"
12934438,"94,2"
43313366,"92,1"
37550979,"100,0"
60214465,"76,9"
23306658,"100,0"
11102578,"100,0"
10129345,"98,9"
94090461,"100,0"
26324896,"94,1"
56639389,"100,0"
53896162,"95,3"
17779637,"91,2"
71929526,"100,0"
60873719,"100,0"
68748767,..
23548714,"73,1"
48593439,"61,1"
91773491,.
30361243,"93,3"
25596917,"100,0"
31155312,..
84424083,"98,2"
10481541,"87,5"
68381790,..
13006857,"92,9"
16956086,"97,4"
58187973,..
31870541,"93,1"
44672598,"98,0"
31822012,"88,0"
62855448,"96,6"
91812793,"97,5"
58907711,"100,0"
68285560,"93,4"
69471748,"73,5"
99976753,"88,0"
75575321,"98,1"
57690933,"92,9"
12130801,"100,0"
95785055,"100,0"
68741484,"96,0"
37054246,"100,0"
31179045,"73,1"
59655752,"90,9"
41555549,"94,1"
85459854,"100,0"
67071618,"100,0"
28025244,"92,6"
40338843,"95,7"
14292382,..
87859089,"100,0"
98908403,"96,3"
83272868,"81,3"
45552626,"79,5"
92332557,"89,7"
78690637,"90,7"
77544055,"98,4"
76903284,"90,9"
49141105,..
26646080,"91,2"
79346084,"94,5"
14448619,"96,2"
43565270,"80,0"
85152591,"100,0"
40600798,"96,2"
48120273,"100,0"
94167577,"100,0"
53903798,"58,8"
97770837,"77,1"
70811222,..
17911161,"55,4"
35084976,"91,7"
77632411,"93,3"
59898194,"87,5"
38195284,"91,2"
97510495,"87,8"
89461767,"93,1"
94717858,"85,7"
75075402,"88,9"
26326048,"73,9"
37839488,"75,4"
73812226,"75,0"
15278518,"85,2"
85516596,"78,9"
16784385,"90,6"
24339566,"96,7"
65458415,..
52333875,"89,5"
24759907,"60,0"
31315191,"92,1"
48555205,"86,1"
32116280,"92,5"
64388538,..
52153758,"100,0"
99755443,"95,4"
30167976,"84,4"
32071849,"100,0"
79845033,..
41099519,"92,3"
59386837,..
21382451,"83,3"
55825382,"83,3"
59942080,"86,4"
37912396,..
45593337,"92,3"
19839859,..
30615080,"81,1"
86351879,"77,8"
90260899,"100,0"
31057219,..
27079521,"100,0"
64579522,..
34381901,"100,0"
55150847,"96,4"
53069733,..
14853321,"95,7"
86488203,"84,3"
25156286,..
28081446,"93,8"
92818240,"81,8"
12399380,..
31486865,"98,3"
97265732,"98,7"
61720981,"91,7"
50424828,..
95024660,"90,3"
32263814,"94,7"
33657492,"89,7"
79309485,"98,9"
77713695,"100,0"
23544320,"100,0"
69040241,..
20855811,"79,5"
53923398,"95,8"
74560191,..
47844862,"97,8"
72984079,"95,5"
61674097,"96,9"
93488613,"91,7"
59599256,"93,9"
90509211,"90,0"
50393060,"100,0"
85788659,..
59521477,"90,0"
54599691,"89,7"
31975673,"94,5"
27106031,"93,6"
46148350,..
49868916,"89,3"
74919147,"85,0"
78389879,"91,7"
44412461,"95,7"
96920524,"90,0"
70803636,"97,3"
23797825,"75,5"
10433896,"92,9"
49170638,"78,6"
25379974,..
18042101,"100,0"
70955448,"100,0"
92805465,"87,4"
61176909,"100,0"
21778322,"100,0"
31380193,..
62612992,"90,7"
16848652,"100,0"
15149235,"92,9"
24538846,"100,0"
67058407,"85,0"
98696836,"100,0"
49739986,"95,0"
92192566,"76,9"
65421426,"95,3"
72071234,"100,0"
65833454,..
28045567,"98,7"
38880984,"85,9"
18686599,"92,9"
47559319,"100,0"
20752831,"82,5"
51023367,..
52690153,..
93221031,..
18345915,"95,0"
71262305,..
97870412,"100,0"
82840198,"100,0"
41416934,..
21866405,"90,9"
42022406,"92,0"
25624692,..
64284020,"86,0"
40386043,"95,7"
26864271,.
75082798,"75,0"
23555409,"100,0"
30341162,..
72266906,"81,0"
15077883,..
48434184,..
56421429,"83,3"
56737496,..
24008049,"96,0"
36680097,..
59734510,..
19586169,..
95683850,"100,0"
89888648,"95,2"
36782335,"87,0"
37906565,"100,0"
90551279,"94,7"
69686851,"84,0"
90267145,..
85068812,..
16819383,"85,0"
79094701,"100,0"
11274830,"87,5"
35006050,"96,2"
88556189,..
97177328,"82,4"
72127035,..
22752398,"91,7"
71922787,..
81993306,"84,2"
16313848,"88,2"
11294673,..
28398531,..
79033948,"96,6"
69241230,..
80327946,"90,6"
86385479,"91,7"
99838438,"89,5"
42859669,"85,7"
92905347,..
99592025,"92,3"
30329172,"100,0"
47046103,..
19560192,..
98053087,"88,5"
46660042,"90,0"
44113417,"78,6"
39555838,..
82084961,"80,4"
46162400,"87,3"
12448823,..
18091973,..
40634612,"100,0"
69629086,"96,6"
31657916,..
42573391,..
29032715,"100,0"
19909435,"100,0"
85800840,"100,0"
27115998,"100,0"
41867682,"100,0"
39583059,"86,7"
38645259,..
63791419,"81,8"
46145886,"96,6"
84247499,"93,3"
48722826,"100,0"
53691739,"100,0"
60209222,"96,4"
78872213,"100,0"
51620045,"97,2"
56947954,"96,3"
72022487,"100,0"
70969556,..
28248021,..
74408578,"86,7"
86724994,"91,3"
39302565,"92,9"
74316305,"90,9"
72109637,..
97868185,..
77823650,"87,5"
76195214,..
70137084,"93,3"
69306209,"80,8"
80931789,"96,3"
90473340,..
26167236,..
63035915,"95,8"
12613085,"100,0"
66824652,"73,3"
32042066,"92,9"
92814975,"85,7"
69063711,..
77609073,..
68748767,..
52129378,"74,4"
61823258,..
68006362,"90,9"
86762103,..
68381790,..
13006857,"78,6"
16956086,"92,6"
58187973,..
88894245,..
67752682,"100,0"
44672598,"100,0"
22220001,"93,3"
16702464,..
36252055,"100,0"
72891848,"100,0"
32887559,"93,5"
43284031,"96,3"
13963517,..
26267406,..
31255918,"84,6"
51736304,..
53180719,"100,0"
27489137,"100,0"
37054246,"81,0"
62216381,"90,5"
88750078,"100,0"
22383788,"95,7"
81876614,..
75324351,..
61229217,"92,3"
41697930,"96,2"
17184072,..
77440824,"100,0"
14292382,"100,0"
87859089,..
16493131,"100,0"
24982097,..
68597767,..
30706655,"90,9"
38048202,"97,2"
87303004,..
97835550,..
26671095,"100,0"
42911621,"100,0"
15870428,"90,0"
26750052,"94,1"
81997762,"93,8"
79346084,"91,7"
14448619,"79,3"
94167577,"75,0"
21312503,"100,0"
33132452,"95,5"
15390992,"96,9"
38236800,"100,0"
95154882,..
65666808,"80,4"
93367005,"86,5"
16501673,..
79845033,"85,7"
41099519,..
59386837,..
17276047,"65,0"
48244956,"90,0"
70132092,"89,3"
27993549,"75,0"
90312942,"91,3"
37517404,..
29159460,"100,0"
43601850,"83,3"
86351879,"100,0"
74322969,..
90260899,..
31057219,"77,8"
27079521,"93,3"
96414537,..
95368476,..
76448076,"84,0"
91048178,"88,5"
76942525,..
61720981,"88,2"
82931004,"94,7"
33205596,"100,0"
60727136,..
33657492,"90,9"
93659517,"94,7"
57668673,"80,0"
91905819,..
54882637,..
36480690,..
52048443,"93,3"
69865450,..
37316242,"100,0"
50393060,..
59521477,"100,0"
54467211,"100,0"
59463950,"100,0"
63931325,"100,0"
75374280,..
50133877,"96,7"
34002355,..
18217765,..
96152872,"100,0"
10433896,"92,3"
43154449,"100,0"
96194948,..
68824244,"93,1"
90685868,"93,8"
39341381,..
28391147,"77,6"
31380193,..
90290154,..
92816527,"93,3"
94975733,"95,7"
77379848,..
13981977,..
67422309,..
82160887,..
23175129,..
29225010,"89,5"
24349146,"92,7"
85188855,..
39528347,"92,9"
32239920,"85,0"
80785976,"100,0"
21532545,..
56187883,"100,0"
51023367,"100,0"
52690153,..
61004230,"88,0"
23517336,"100,0"
48009865,..
82840198,..
19464342,..
43609520,"93,3"
42218661,"88,9"
42022406,"95,7"
56679384,"97,4"
69018222,"81,3"
64284020,..
97758137,"92,3"
40386043,"89,8"
33685428,"94,4"
34153869,..
75082798,"100,0"
23555409,..
30341162,"92,3"
19912478,"87,0"
58724424,..
95684185,"97,2"
93939982,..
55155562,..
24008049,"98,4"
54481243,"100,0"
36680097,..
25677996,"85,7"
31279294,..
36782335,"93,8"
21648755,..
69686851,..
54965510,"84,4"
25872338,..
10974852,..
85068812,.
78397312,"93,1"
36444853,"85,7"
61469192,"93,7"
79094701,"100,0"
71597051,"100,0"
53231578,"100,0"
91011325,"86,7"
97382366,"88,7"
10638939,..
69739484,"77,5"
92887917,"94,7"
68734112,..
44653962,..
47264019,"96,7"
20099064,"92,5"
16313848,"80,0"
79033948,"92,9"
68240485,"100,0"
95046058,"94,7"
44392995,"82,5"
99838438,"76,9"
30329172,"100,0"
76877530,..
38167912,..
77839100,..
55535552,.
92533079,"95,9"
92858957,"89,5"
82084961,..
50908408,"90,9"
18594470,"94,1"
72232853,"93,8"
18091973,..
36539945,..
40634612,..
66132676,"90,2"
64574972,"95,0"
48931433,..
85800840,"92,7"
68920727,"89,7"
27115998,..
79516949,"86,7"
96684210,"99,0"
23836342,"92,6"
81619482,"100,0"
39149668,..
48722826,..
73063662,"71,4"
43251309,"100,0"
67554405,..
94455820,..
78872213,..
56021320,"94,7"
64569393,..
86888278,..
57397381,"85,2"
44417214,..
49488344,"91,7"
57777751,..
38732602,"91,7"
86158933,"92,3"
75914181,"83,3"
84476205,"95,2"
24544503,"96,2"
86787111,"95,2"
97868185,"100,0"
70137084,..
23306658,..
11102578,"100,0"
94468610,"91,9"
90473340,"100,0"
64648904,"100,0"
75939593,"94,1"
51449748,"90,4"
28267726,"94,0"
71929526,"100,0"
71472793,"93,5"
69063711,"100,0"
35894996,..
65722876,"90,3"
49231191,"89,4"
13006857,..
16956086,..
88894245,..
44672598,..
99356671,..
29449669,"91,5"
91812793,"100,0"
14355031,"100,0"
46611859,"91,1"
65150019,"91,7"
47537928,"75,9"
44285075,"80,8"
68741484,..
72421673,..
15763669,..
18711877,"96,2"
61229217,..
70376604,"92,9"
40338843,..
16493131,"87,0"
83272868,"100,0"
16748680,"93,3"
92332557,"91,9"
78690637,"80,9"
90990441,..
49112879,"88,0"
43623146,..
18974693,"80,0"
28967085,..
33233228,..
94167577,"72,7"
27023528,"84,6"
97770837,..
29423248,"89,5"
33132452,..
17911161,..
35084976,..
77632411,"92,6"
53760158,"100,0"
78422467,"94,6"
75075402,"80,8"
46256929,"93,2"
83374651,"100,0"
30762346,..
15390992,"93,6"
85516596,..
95154882,..
24663703,..
28519815,"82,5"
65666808,.
24759907,"63,1"
35366805,"85,7"
89370947,"97,5"
64388538,"100,0"
17276047,..
48244956,"92,3"
43873969,"79,2"
19306558,"95,2"
45593337,..
25178582,"90,5"
70543431,"100,0"
56041144,"91,7"
90260899,..
33572033,"85,4"
95368476,"95,2"
76448076,..
28081446,"95,8"
21400668,"92,6"
92949043,"84,6"
31486865,"97,8"
97265732,"96,2"
50424828,..
11533776,"82,7"
99622695,..
51131594,"85,7"
89680395,"100,0"
53696633,"100,0"
27440210,"89,6"
62758285,"100,0"
57668673,..
63993414,..
49136871,..
53923398,..
74560191,..
36480690,"81,3"
24787883,..
52048443,"100,0"
43277545,"69,6"
66095163,"83,3"
54004368,"96,4"
31975673,..
99864908,..
49868916,"100,0"
44412461,"93,3"
49576295,..
45293715,"78,8"
77712952,..
10433896,"84,6"
43154449,"100,0"
46379730,"100,0"
46986216,"87,2"
16720048,"96,3"
31380193,..
85485803,"91,7"
88429477,..
98696836,"100,0"
49739986,"84,6"
29225010,"87,5"
56886667,"97,2"
62394916,..
67908927,"87,5"
18072172,..
11341077,"93,5"
77797484,"90,9"
80785976,"86,7"
21532545,"84,6"
51023367,..
43649848,"80,0"
74316305,"94,7"
84098842,"92,3"
17062663,"93,3"
71069359,"100,0"
48304166,"100,0"
92009807,"73,3"
93221031,..
17474377,"100,0"
55795961,..
84947634,"90,5"
68564903,"100,0"
18208087,"94,1"
41416934,"100,0"
21866405,"89,3"
25624692,..
25356960,"98,3"
98132436,.
40386043,"92,3"
44240250,"75,0"
75082798,..
91333138,"76,9"
12154972,"75,0"
15077883,..
48434184,..
19647256,..
93939982,..
55155562,"61,9"
24008049,"90,0"
59734510,..
19586169,..
24273261,..
89888648,..
90003262,..
36782335,"83,3"
67279303,"88,0"
21648755,"77,3"
90267145,..
61880907,"88,0"
88556189,..
72127035,..
70969714,"86,7"
31843016,"83,3"
29097621,"91,7"
16313848,"81,3"
86327236,..
86310217,"78,6"
69241230,..
80327946,"91,7"
70923626,..
92905347,..
30329172,"100,0"
47046103,"77,8"
17173461,..
19560192,..
98053087,..
46660042,"92,3"
38917647,..
98369689,"82,2"
17849518,..
40667807,..
69629086,"92,3"
31657916,..
46241804,"90,0"
29032715,"83,3"
19909435,..
85800840,"100,0"
39583059,"88,1"
38645259,..
39805497,"88,2"
83829189,"100,0"
84247499,"83,7"
97064126,.
48722826,"100,0"
71571158,"78,3"
73567152,"86,4"
84286698,"100,0"
23350817,..
87262566,"79,3"
56947954,"95,2"
72022487,"82,4"
70969556,..
86724994,"88,9"
39302565,"91,7"
61432781,..
14057258,..
81551726,.
52634142,"100,0"
76195214,..
70137084,"77,8"
92651253,..
26167236,..
28848709,"100,0"
49168016,"100,0"
28770304,"83,8"
17119840,"95,5"
61823258,..
86762103,..
76007769,"100,0"
88894245,..
47884009,..
75340089,..
36670439,..
72891848,..
83805032,"69,0"
31255918,"90,9"
35035671,"82,4"
53180719,..
17062663,"97,5"
88750078,"92,3"
85459854,"100,0"
61229217,..
93503103,"100,0"
14292382,..
87859089,..
16493131,"90,0"
48304166,"100,0"
27964873,"91,3"
30706655,..
78690637,..
24653673,"93,8"
87303004,"100,0"
97835550,..
22446331,"90,9"
40575001,"91,7"
76903284,"78,6"
81997762,..
42060237,..
89816391,"84,6"
38236800,..
85054102,"95,2"
87274273,"100,0"
16501673,..
26298615,"100,0"
50104466,..
59386837,"92,9"
73217812,..
16931486,..
13084253,"69,2"
82888663,"78,8"
11275959,"91,4"
27993549,..
90312942,"95,7"
19839859,..
29159460,..
43601850,..
14586562,..
74322969,..
90260899,"100,0"
31057219,"95,7"
27079521,..
34381901,"100,0"
95368476,..
84329061,..
71969230,..
91048178,..
10373112,..
65265211,..
19930101,"94,7"
33657492,..
53923398,"78,6"
69865450,..
37316242,..
20173336,..
49872493,..
39147056,"88,9"
85788659,"92,3"
95340745,..
59521477,..
54467211,"94,1"
82251333,..
63931325,"100,0"
75374280,..
46148350,..
50133877,"83,3"
90240730,"79,1"
84908877,..
34002355,..
18217765,..
92009807,"77,4"
90685868,..
56084099,"100,0"
39341381,..
29209307,"100,0"
92816527,"84,6"
15149235,..
77379848,..
34421265,"81,8"
18691102,..
70302356,"92,0"
24349146,"100,0"
83605345,..
47692481,..
85188855,..
85473846,"100,0"
98781765,"90,3"
56187883,..
51023367,..
52690153,..
93221031,..
61004230,..
71262305,..
68564903,"100,0"
89982804,"100,0"
74434644,"84,6"
18425335,"82,1"
23424275,..
34153869,..
75082798,..
27030026,"100,0"
15077883,..
39911065,..
56737496,"100,0"
87756916,"80,0"
19586169,..
24273261,..
59455288,..
25679488,..
35063170,..
36782335,"86,7"
37906565,..
21648755,"69,6"
49616977,"76,9"
72998905,..
69481650,"77,3"
12994441,..
30086854,"90,0"
38684438,"94,7"
73147554,"100,0"
35006050,"83,3"
10638939,..
71922787,..
44341171,..
32671805,..
79606767,"100,0"
11294673,..
86327236,..
28398531,"100,0"
54172830,..
56330385,"55,6"
42859669,"76,9"
92905347,..
47550455,"76,2"
17173461,..
98053087,"92,6"
92858957,"86,7"
44113417,..
18881773,..
94570025,"79,2"
54606928,"68,8"
42573391,..
97270136,..
30530571,..
40829056,..
38645259,..
87207941,..
11673760,"80,0"
38400227,..
27041885,..
97064126,..
67554405,"96,4"
86473502,..
98239050,"92,9"
94455820,..
78872213,"92,9"
23350817,..
87262566,..
41844601,"81,8"
23457902,.
57397381,"73,7"
72022487,..
28248021,..
44417214,"95,8"
49488344,"100,0"
14102256,"87,5"
43313366,"85,2"
37550979,..
76195214,"96,3"
60214465,..
11102578,"95,8"
84098842,"87,5"
63035915,"79,2"
26324896,"81,3"
50821167,..
77609073,"86,7"
68748767,..
25596917,"70,6"
20984584,..
25648215,..
11608031,..
86762103,..
68381790,"100,0"
16956086,..
22220001,..
15100079,..
16702464,..
72891848,..
69471748,"62,5"
99976753,..
14278480,"58,8"
51955293,"100,0"
12130801,..
53180719,..
68741484,"95,0"
41555549,..
75324351,..
28025244,..
40338843,..
16493131,"100,0"
48304166,"100,0"
24982097,..
68597767,..
30706655,..
78690637,"78,3"
87303004,..
14504503,..
77544055,"78,6"
76903284,..
15870428,"73,3"
81997762,..
42060237,..
14448619,..
27023528,..
33132452,..
56942970,..
97510495,"100,0"
15278518,"86,7"
38236800,..
24759907,..
16501673,"71,4"
79845033,..
41099519,"94,1"
59386837,..
55825382,..
59942080,..
90312942,..
14586562,..
27079521,..
34381901,..
96414537,..
14853321,"100,0"
86488203,"76,9"
92818240,"82,1"
71969230,..
76942525,..
50424828,"75,0"
12075195,"87,5"
65265211,..
33657492,"54,5"
61175914,..
57668673,..
69040241,..
53923398,"86,4"
47844862,"96,3"
69865450,"85,7"
90509211,"81,8"
37316242,..
50393060,..
85788659,..
54599691,"84,2"
27106031,"88,2"
63931325,..
57391913,"100,0"
46148350,..
96920524,..
70803636,"100,0"
23797825,"76,2"
90685868,"100,0"
80711021,"83,3"
39341381,..
31380193,..
25847233,"75,0"
16848652,..
36886750,"91,7"
67058407,"100,0"
98696836,"85,7"
64648566,"100,0"
83605345,..
15933512,"100,0"
47692481,"100,0"
85188855,..
85473846,"100,0"
53279140,"92,3"
51023367,..
52690153,..
17474377,..
18425335,"91,1"
19150273,"100,0"
64284020,..
23555409,..
73255276,..
58724424,..
31429031,..
87756916,"73,9"
59734510,..
19586169,..
31279294,..
11111710,"100,0"
90551279,"92,3"
69686851,"80,0"
59396229,"90,9"
85068812,..
36444853,"86,2"
65752105,..
10638939,..
88556189,..
44653962,"100,0"
87764775,..
66335258,"95,0"
44392995,"92,3"
80327946,..
42859669,..
92905347,..
19560192,..
56529916,..
12279302,"78,9"
17849518,..
77688926,"100,0"
37358234,..
42573391,..
97270136,..
30530571,..
96024712,"100,0"
40829056,..
39583059,"94,9"
46145886,..
48722826,..
97596286,"95,7"
67554405,"100,0"
86473502,..
64569393,"88,9"
87262566,..
23457902,..
44417214,..
86158933,..
36072799,"84,6"
81551726,..
76195214,..
23306658,..
17944628,"85,7"
26167236,"94,1"
64648904,"100,0"
53896162,"100,0"
11185244,"60,9"
69063711,..
35894996,"87,0"
68748767,..
20984584,..
31155312,"91,7"
61823258,"76,9"
79994304,..
11608031,..
67752682,"100,0"
91812793,"100,0"
14355031,"100,0"
72891848,..
25745773,..
14278480,"100,0"
28023078,"84,4"
13963517,..
51736304,..
53180719,"84,2"
72421673,"100,0"
41878314,..
18711877,..
90990441,..
42911621,..
26508763,"100,0"
14504503,..
81997762,..
34222422,..
84230226,..
94167577,..
33132452,..
63943560,"93,8"
85516596,"94,7"
38236800,..
59026584,"93,7"
65666808,"93,2"
80357110,"78,3"
16501673,..
73217812,"78,6"
36769815,"100,0"
65034473,..
29159460,..
14586562,..
95368476,..
86488203,..
25156286,..
71969230,..
91048178,..
76942525,..
50424828,..
60727136,..
45132264,"87,5"
73316818,"100,0"
91905819,"100,0"
36480690,"90,9"
24787883,"87,5"
69865450,..
31112935,..
49872493,..
92442684,..
82251333,..
84908877,..
24277564,..
96152872,..
44738639,"75,0"
96194948,"81,8"
25955541,"100,0"
90685868,..
80711021,"100,0"
31380193,..
90290154,..
92816527,"82,4"
98696836,..
64648566,..
18691102,..
15933512,"97,6"
47692481,..
85188855,..
85473846,"90,9"
53279140,..
80785976,..
56187883,"61,1"
71262305,..
19464342,..
23424275,"86,7"
88573795,..
73255276,"100,0"
58724424,..
31429031,"83,3"
25679488,.
36782335,..
21648755,"91,7"
69481650,"93,8"
95165649,"86,1"
12994441,.
10638939,..
44341171,"81,3"
32671805,.
28398531,"100,0"
80327946,"85,0"
70923626,..
47550455,"85,0"
38167912,..
80686587,"95,2"
62439199,"85,0"
19741742,"100,0"
30530571,..
11673760,"92,0"
38400227,"84,6"
83829189,..
97064126,.
62104139,"90,9"
41844601,"73,9"
70969556,..
44417214,..
14102256,"86,7"
54839753,..
26167236,"92,9"
63035915,"100,0"
77609073,"81,3"
68748767,..
20984584,..
11608031,..
68381790,"92,9"
75340089,..
91812793,"100,0"
72891848,..
22426680,..
53180719,..
60424371,"100,0"
41555549,..
78690637,"89,5"
87303004,..
26508763,"100,0"
76903284,"100,0"
81997762,"100,0"
14448619,..
27023528,"86,7"
38236800,..
30677562,"90,4"
55825382,..
92949043,"83,3"
84329061,..
91048178,..
76942525,..
16496466,..
69865450,..
37316242,"93,5"
28646435,"96,0"
92442684,"100,0"
84908877,..
14799321,..
56041699,..
80711021,"86,4"
15149235,..
15791044,..
15933512,"95,0"
47692481,..
85188855,..
53279140,"76,5"
68229719,..
65192707,"92,3"
30538202,"89,3"
40386043,"83,3"
34153869,..
51138448,..
25720752,"100,0"
31533003,"90,9"
36782335,..
54965510,"100,0"
69983740,..
70066748,"92,1"
68734112,..
53462953,..
30468157,..
96684210,"93,8"
40766349,..
31199511,..
11102578,..
17944628,"89,5"
75939593,"96,0"
56639389,"100,0"
69063711,..
65722876,"96,2"
31822012,"83,3"
58544422,"92,9"
12130801,..
78690637,"93,8"
30279258,"95,8"
26996566,..
94167577,..
41938272,"100,0"
49068301,..
88839172,"100,0"
88955893,"89,7"
42775003,"98,4"
32071849,..
90076461,"91,7"
31486865,..
63993414,..
32995170,"100,0"
32550660,"100,0"
49868916,..
74919147,..
36355200,..
88025221,"100,0"
46986216,"94,7"
65392939,..
56886667,"100,0"
77797484,"100,0"
47559319,..
93221031,..
71262305,..
97870412,"100,0"
18208087,..
83474173,..
88445871,..
64284020,"100,0"
98132436,..
88259298,..
17846181,..
16950252,"76,9"
48434184,..
56421429,..
17008320,..
56737496,..
55155562,..
95683850,"100,0"
35063170,.
67279303,"100,0"
90267145,..
16819383,"73,3"
53660780,"99,0"
51321260,"95,2"
58502307,"100,0"
70969714,..
81993306,"100,0"
16313848,..
54172830,..
86385479,..
92905347,..
47550455,"100,0"
20620556,..
17173461,..
46660042,..
46162400,..
18091973,..
19909435,"100,0"
30530571,..
38645259,..
39805497,..
83829189,"92,3"
48722826,..
60209222,..
84286698,..
87262566,..
56947954,"100,0"
72022487,..
74316305,..
72109637,..
81551726,..
82002016,..
23306658,"84,6"
69306209,"80,0"
12954099,..
26167236,..
66824652,..
49168016,..
92814975,..
25648215,..
13006857,..
16956086,..
47884009,.
55421481,..
16702464,..
32887559,"86,7"
15609112,..
39199869,..
88750078,..
41555549,..
81876614,..
67071618,..
75324351,..
58929357,"100,0"
93503103,"100,0"
17184072,..
77440824,..
16493131,"94,4"
41119610,"100,0"
97835550,..
42911621,"83,3"
75027822,"100,0"
21850904,"100,0"
12546590,"66,7"
18451445,..
59386837,..
16931486,..
70132092,..
66273269,"85,7"
37912396,..
90312942,..
19839859,..
67628478,..
86351879,"91,7"
69302313,..
31057219,..
64579522,..
34381901,"100,0"
96414537,..
95368476,..
31537066,..
84329061,"100,0"
65265211,..
71938440,"85,7"
33657492,..
27859889,"100,0"
69865450,..
49872493,..
95340745,..
59521477,..
54467211,"100,0"
59463950,"100,0"
75374280,..
46148350,..
60919765,..
96152872,..
68824244,..
56084099,..
39341381,..
94975733,..
56802300,..
77379848,.
13981977,..
34421265,..
23175129,..
18691102,..
47692481,..
20768651,..
98781765,..
95069937,"100,0"
42218661,.
16554575,.
19912478,.
30086854,.
26627862,.
98052678,.
61826221,.
54395430,.
80686587,.
46574937,.
98239050,.
56021320,.
31199511,.
56639389,.
78986228,.
30361243,.
50906954,.
65674821,.
26671095,.
25525759,.
77632411,.
89693952,.
30615080,.
32550660,.
77712952,.
92805465,.
65421426,.
82814120,"94,4"
13006857,..
21567982,..
49379603,..
80167319,..
88534520,"96,9"
82814120,"100,0"
39936461,"100,0"
59734510,..
59455288,..
82163292,"94,4"
88163512,"72,7"
31279294,..
36782335,"73,3"
69686851,"87,9"
95165649,"100,0"
35236491,"95,1"
50696507,"85,2"
38448056,"80,0"
83085136,"100,0"
85544331,"100,0"
19560192,..
21363125,.
78659008,"80,6"
18091973,"89,5"
88624631,"82,6"
35390185,..
40829056,..
65662401,"93,0"
75344502,"75,0"
32580162,"100,0"
61547652,"91,5"
62490359,"84,6"
64725297,"89,7"
43362941,"82,6"
23457902,..
27597104,"91,3"
77823650,"100,0"
52634142,"92,3"
32705515,"89,5"
23306658,"97,1"
26167236,..
11185244,"83,3"
56211717,"90,0"
32042066,..
92814975,"100,0"
20984584,..
61823258,..
39178171,"86,2"
25745773,"92,6"
43284031,"92,3"
26267406,..
53180719,..
56267421,"100,0"
34990065,"91,1"
32003298,"100,0"
42517257,"81,3"
86896907,"93,5"
14292382,"86,4"
54764253,"100,0"
97104132,"100,0"
46332927,"94,6"
86319615,"75,0"
22446331,..
76903284,..
34222422,..
98815582,"77,3"
59026584,"93,5"
52333875,"79,1"
92489953,"85,2"
82888663,"61,5"
11275959,"84,4"
50615280,"94,4"
19035583,"100,0"
80280597,..
89630851,..
14586562,..
65234368,"100,0"
76942525,..
25698509,"86,8"
16496466,..
65265211,..
61175914,..
63451147,"100,0"
31112935,"78,9"
20173336,"84,6"
38544187,"76,6"
23517683,"94,7"
88956420,..
14677676,"72,7"
98032567,..
25955541,"100,0"
24501884,"90,7"
25847233,..
34421265,"91,7"
33249781,"76,2"
64693272,..
61004230,"91,7"
71262305,..
55795961,..
84947634,..
48009865,"80,0"
18208087,"91,7"
19464342,..
60743463,..
32960825,"91,3"
91748148,"90,5"
42022406,..
65192707,"96,8"
43634528,"96,2"
53400472,..
97758137,"71,4"
26334561,"86,6"
40386043,"96,9"
59483268,"70,0"
21663998,"90,3"
20595770,"96,0"
45164827,"92,0"
34153869,"96,0"
17846181,..
75082798,"88,5"
34637764,"90,1"
48434184,"93,8"
95684185,"96,9"
17008320,"100,0"
25720752,"96,3"
55155562,"92,3"
23164911,"98,7"
19981611,..
19586169,..
24273261,..
59455288,..
25677996,"100,0"
35063170,"94,7"
31279294,..
36782335,"95,9"
23897040,..
20666515,"100,0"
54965510,"92,2"
84835666,"82,1"
64740897,..
78979604,..
85068812,..
78397312,"100,0"
89837629,"93,8"
12994441,"68,2"
88774402,"100,0"
75141151,..
84306392,"98,9"
26627862,"100,0"
72517762,..
38684438,"95,5"
35647481,"85,1"
69983740,"100,0"
66491596,"100,0"
12052268,"85,2"
71597051,"100,0"
40690520,"100,0"
21505555,"98,3"
70066748,"80,0"
19207279,"98,9"
53640774,"100,0"
72127035,"100,0"
74148070,"97,2"
19051089,"97,2"
98052678,"89,4"
16313848,"80,0"
11294673,"100,0"
86327236,..
83137205,"94,7"
54172830,"100,0"
65136104,..
56330385,..
20228162,"100,0"
53462953,"100,0"
60730660,"100,0"
82592568,"89,5"
78875918,"93,5"
86385479,..
49862313,"76,9"
42859669,"85,7"
99592025,"98,1"
47550455,"97,5"
47046103,"90,9"
58125096,"82,4"
82914148,..
20620556,..
17173461,..
30468157,"96,0"
61528940,"94,8"
92858957,"100,0"
86296935,..
44113417,"92,3"
39555838,..
85214294,..
82084961,"79,0"
51210136,"97,5"
80686587,"93,1"
91984508,"97,1"
40667807,"90,3"
88466776,"100,0"
57942242,"89,7"
77688926,"97,7"
29032715,"86,2"
48931433,"96,3"
96024712,"95,8"
30458073,..
27115998,"100,0"
79516949,"93,3"
87207941,"90,9"
46574937,"95,8"
63791419,"93,1"
81619482,"100,0"
90006712,"100,0"
39149668,"100,0"
38233622,"87,5"
48722826,"90,9"
98239050,"90,5"
61547652,..
87034307,"95,1"
78872213,"100,0"
76860623,"100,0"
64160122,"100,0"
56947954,"94,2"
72022487,..
71512894,"100,0"
28248021,..
44417214,"93,3"
88776535,"97,7"
71043974,"98,9"
57777751,..
89807183,"98,0"
96818167,"94,1"
67300857,"90,9"
99279503,..
63653488,..
84476205,"95,8"
69240218,..
12934438,"97,3"
43313366,"93,8"
82002016,"96,6"
23306658,"100,0"
69306209,"91,7"
94090461,"100,0"
80931789,"95,0"
69807202,"86,4"
75939593,"97,3"
56639389,"99,4"
95700485,"100,0"
53896162,"96,7"
17779637,"73,7"
66824652,..
49168016,"100,0"
60873719,"91,4"
21938183,"96,3"
69063711,..
12926770,"90,5"
68748767,..
23548714,"70,6"
48593439,"62,5"
91773491,"69,2"
30361243,"92,2"
25596917,"92,0"
65722876,"96,3"
65381163,"80,0"
84424083,"100,0"
78231062,"99,1"
10481541,"92,3"
68381790,..
13006857,"96,0"
16956086,"100,0"
58187973,"100,0"
31870541,..
44672598,"92,3"
31822012,..
83161201,"93,8"
16702464,..
36252055,"98,0"
58907711,"100,0"
71541108,"81,8"
69471748,..
76485705,"98,2"
93239262,"83,3"
75575321,"94,6"
24194577,..
51955293,"96,6"
51736304,"100,0"
95785055,"100,0"
68655578,"80,6"
37054246,..
39199869,"100,0"
59655752,"83,3"
41555549,..
81876614,"96,0"
67071618,..
75324351,..
61229217,"81,3"
59575030,"100,0"
77440824,"91,7"
14292382,"91,7"
87859089,"100,0"
98908403,"100,0"
16493131,"100,0"
83272868,"100,0"
45552626,"80,0"
16748680,"89,5"
65674821,"94,7"
38048202,"100,0"
65320354,"100,0"
76903284,"84,2"
49141105,..
26996566,..
27704246,"90,9"
69747871,..
79346084,"89,3"
14448619,"90,9"
43565270,"69,6"
52791537,"96,7"
85819857,"100,0"
54117171,"98,1"
48120273,"95,5"
94167577,"44,0"
53903798,..
69650864,"100,0"
41938272,"94,1"
76054399,"93,9"
60142020,..
70811222,..
17911161,"64,3"
35084976,"86,4"
77632411,"97,6"
49068301,"75,0"
38195284,"100,0"
97510495,"95,0"
89461767,"64,7"
94717858,"95,0"
53760158,"100,0"
37802196,..
36288955,"100,0"
74812809,"96,8"
88839172,"97,9"
95618280,"86,3"
26326048,"90,0"
37839488,"84,6"
59796774,..
75600007,"72,7"
73812226,"91,2"
82964090,"98,8"
24339566,"97,9"
65458415,..
52333875,"71,7"
69543519,"61,5"
24759907,"60,0"
31315191,"88,5"
56670842,"100,0"
48555205,"83,3"
31313926,..
30312720,"88,5"
32116280,..
53175499,"100,0"
52153758,"100,0"
22116645,"95,1"
30167976,"100,0"
50104466,..
28004794,..
32071849,"100,0"
41099519,"91,7"
59386837,..
21382451,"93,5"
43873969,"100,0"
24993048,"87,5"
66273269,..
11275959,"100,0"
58518163,..
37912396,"100,0"
45593337,"71,4"
10226870,"95,0"
32057701,"95,7"
30615080,"68,0"
70543431,..
23476801,..
86351879,"100,0"
74322969,..
90260899,..
31057219,"92,9"
27079521,"100,0"
64579522,..
34381901,"100,0"
55150847,"91,4"
53069733,"93,3"
99394620,"100,0"
76448076,"85,7"
84329061,"91,5"
82718660,..
31486865,"100,0"
97265732,"100,0"
61720981,"98,4"
98651664,"98,7"
33657492,"100,0"
37078868,..
16130958,"95,7"
77713695,"96,9"
16218090,"100,0"
23544320,"100,0"
49136871,..
20855811,"80,0"
53923398,"72,0"
74560191,..
47844862,"94,6"
72984079,"68,8"
52048443,..
61674097,..
32550660,"98,3"
93488613,..
45600034,..
59599256,"95,7"
26957025,"95,0"
90509211,..
11953769,.
50393060,..
95340745,..
54004368,"93,8"
31975673,"95,2"
82251333,"95,0"
63931325,..
57391913,"95,2"
46148350,"88,9"
50133877,"96,4"
74919147,"96,0"
24277564,..
44412461,"99,3"
18217765,"93,9"
49576295,"100,0"
49170638,"90,9"
25379974,..
88025221,"92,0"
18042101,"87,5"
56041699,..
70955448,"100,0"
46707989,"92,0"
61176909,"100,0"
21778322,"100,0"
62612992,"86,2"
94975733,"96,6"
56802300,..
15149235,"94,4"
13981977,..
67058407,"76,5"
15791044,"100,0"
64908550,"96,8"
77358716,"100,0"
92192566,..
56886667,"93,8"
65421426,"92,7"
62394916,..
72071234,"98,0"
64693272,..
65833454,"100,0"
34988313,"95,5"
38880984,"94,4"
18686599,"100,0"
47559319,"90,9"
20752831,"68,8"
51023367,..
34739511,"100,0"
52690153,..
61004230,..
19464342,..
43609520,..
83474173,..
91487291,..
88445871,"90,6"
23424275,"97,1"
40386043,..
33685428,..
75082798,..
34637764,"94,1"
15077883,..
19647256,..
16361868,..
19586169,..
25679488,"83,3"
31279294,..
36782335,..
90551279,"84,2"
93062368,..
15414001,"78,2"
38311488,"100,0"
74148070,..
32671805,"81,8"
79606767,..
65136104,..
80327946,"81,0"
86385479,..
70923626,..
47550455,..
20620556,..
19560192,..
46660042,..
40810950,"88,9"
17849518,..
66132676,"88,5"
19741742,..
97270136,..
30530571,"91,7"
11673760,"75,0"
38400227,..
60209222,"89,5"
23350817,..
87262566,..
41844601,..
57397381,..
72022487,..
44417214,"100,0"
86158933,..
78287294,"95,2"
32705515,"100,0"
23306658,..
31740319,"86,4"
63035915,"83,0"
50821167,..
92814975,..
68748767,..
20984584,..
11608031,"92,9"
76007769,"100,0"
88894245,..
47884009,"91,7"
75340089,..
31796890,..
69471748,"81,0"
60424371,"81,0"
37054246,..
18711877,..
28025244,..
16493131,..
48304166,..
68597767,..
38048202,..
40575001,..
12496135,..
42060237,..
56653353,"97,9"
31998226,..
24397215,"88,6"
30677562,"96,4"
79845033,..
21627442,"100,0"
16931486,..
19306558,..
37912396,..
29159460,..
89630851,"76,9"
69302313,..
27079521,..
14853321,..
92949043,"91,7"
71969230,..
61720981,..
16496466,..
62300682,"94,7"
61175914,..
61197669,..
37316242,"90,9"
54599691,.
27106031,..
63931325,..
57391913,..
70803636,"84,6"
14799321,"96,0"
16720048,"92,3"
31380193,..
92816527,..
15149235,..
82160887,..
15933512,"96,8"
12198363,..
18072172,..
85188855,..
39528347,..
53279140,..
56187883,..
51023367,..
68229719,"98,1"
71262305,"93,3"
55795961,..
84947634,..
48009865,"91,7"
82840198,"100,0"
19464342,..
60743463,..
97968599,"93,5"
42218661,..
74434644,"89,6"
36263479,"95,4"
19150273,"90,9"
53400472,..
97758137,..
26334561,"89,4"
40386043,"83,0"
59483268,"89,5"
32879845,"100,0"
88573795,..
20595770,"88,8"
82814120,"100,0"
45164827,"100,0"
10924758,"87,5"
34153869,"100,0"
17846181,..
75082798,"92,5"
23555409,"98,3"
72266906,"84,9"
34637764,..
19912478,"95,2"
15077883,"86,7"
48434184,"89,5"
51138448,"81,8"
93939982,"94,7"
25720752,"93,9"
55155562,"70,4"
31533003,"100,0"
16361868,.
19981611,..
19586169,"78,6"
24273261,"100,0"
59455288,..
25679488,"92,7"
35063170,..
31279294,..
36782335,"95,8"
20666515,"100,0"
21648755,"89,0"
11111710,..
49616977,"90,9"
54965510,"94,7"
54164490,"72,0"
20319353,"65,1"
92194545,"98,4"
64740897,..
78979604,..
85068812,..
78397312,"96,9"
36444853,"74,1"
89837629,"77,3"
12994441,"82,4"
88774402,"96,6"
75141151,"82,9"
28627819,"89,3"
26627862,"94,1"
48847282,"86,7"
72517762,..
38684438,"92,2"
31251822,"85,7"
90099336,..
69983740,"100,0"
12052268,"75,0"
71597051,"100,0"
40690520,"100,0"
97382366,"84,0"
10638939,..
21052710,"96,4"
88834120,"91,2"
19207279,"100,0"
53640774,"87,0"
72127035,"94,7"
68734112,"93,8"
92507006,"95,8"
44653962,"100,0"
50198492,"90,9"
16313848,"76,6"
11294673,"100,0"
86327236,..
41745951,"100,0"
83137205,"83,3"
28398531,..
66335258,"93,8"
54172830,"80,0"
75458014,"88,2"
65136104,..
56330385,"68,8"
20228162,"100,0"
53462953,"87,4"
60730660,"100,0"
82592568,"93,8"
86385479,..
49862313,"78,0"
99838438,..
42859669,"72,4"
99592025,"100,0"
34247736,"95,3"
76877530,..
47046103,..
58125096,"61,5"
82914148,..
20620556,..
17173461,..
30468157,"83,9"
66861851,"92,9"
92858957,"85,9"
44113417,"100,0"
67783774,..
39555838,..
85214294,..
82084961,..
73829818,"98,1"
18881773,..
78295411,"78,2"
12279302,"72,7"
50500028,"89,3"
18091973,"100,0"
88466776,"100,0"
40634612,"91,7"
37358234,"92,3"
21008461,"98,3"
53893730,"88,1"
42573391,..
64574972,"91,7"
45830583,..
48931433,"79,6"
30530571,"97,1"
78839208,"100,0"
30458073,.
68920727,"80,0"
27115998,"89,3"
79516949,"92,9"
96684210,"92,8"
87207941,"80,8"
23836342,"84,6"
12395564,"100,0"
39149668,"88,2"
48722826,"88,9"
40766349,"86,4"
67554405,"98,3"
73944169,"100,0"
94455820,..
62104139,"86,5"
78872213,"100,0"
58191646,"89,4"
63179610,"73,9"
64569393,..
48217580,"89,3"
57397381,"89,2"
72022487,"86,7"
71512894,"83,3"
28248021,"75,0"
44417214,"100,0"
25025681,"85,5"
71043974,"83,1"
57777751,..
61161774,"90,8"
75914181,"79,2"
99279503,"81,3"
63653488,..
25392789,"96,5"
69240218,"88,9"
38460895,"66,7"
31199511,"91,4"
43313366,"97,7"
37550979,..
70137084,"96,2"
23306658,"100,0"
11102578,"97,3"
17944628,"91,8"
94090461,"85,7"
64648904,"100,0"
75939593,"90,4"
26324896,"84,6"
56639389,"95,7"
95700485,"90,0"
53896162,"92,0"
17779637,"85,3"
71929526,..
60873719,"100,0"
28085125,"87,5"
21938183,"92,9"
69063711,..
77609073,..
35894996,"66,7"
12926770,"82,4"
68748767,"75,0"
23548714,"65,0"
48593439,"80,8"
91773491,"76,0"
30361243,"88,0"
25596917,"90,9"
65722876,"94,9"
65381163,"75,3"
31155312,"51,5"
84424083,"95,9"
78231062,"99,2"
10481541,"85,4"
68381790,"95,8"
13006857,"98,1"
16956086,"75,0"
58187973,..
31870541,"94,4"
44672598,"100,0"
31822012,"75,0"
99356671,..
16702464,..
29449669,"95,0"
62855448,"80,0"
91812793,"97,8"
58907711,"100,0"
68285560,"100,0"
58544422,"92,8"
69471748,"79,2"
49750031,"98,0"
93239262,"88,2"
75575321,"100,0"
28023078,"87,5"
24194577,..
57690933,"97,0"
12130801,"86,4"
95785055,"100,0"
68741484,"87,3"
37054246,"92,9"
72421673,"97,5"
15763669,..
59655752,"95,0"
41555549,"90,9"
85459854,"97,9"
67071618,..
75324351,..
61229217,..
18617410,"82,8"
40338843,"100,0"
14292382,"94,1"
87859089,"100,0"
98908403,"65,1"
16493131,"89,7"
83272868,"100,0"
11526364,"94,1"
45552626,"94,4"
16748680,"83,3"
92332557,"76,5"
78690637,"87,1"
30279258,"94,0"
76903284,"84,6"
49141105,"84,0"
18974693,"94,1"
26996566,..
69747871,..
31151740,"81,0"
79346084,"80,3"
89816391,"95,1"
43565270,"86,8"
77176811,"93,5"
52791537,"98,5"
52942981,"91,8"
48120273,"96,4"
94167577,"65,4"
27023528,"68,8"
53903798,"63,2"
97770837,"91,1"
69650864,"100,0"
59581397,"95,8"
41938272,"97,7"
29423248,"98,8"
33132452,"71,4"
70811222,..
17911161,"60,0"
35084976,..
77632411,"96,4"
49068301,"89,5"
59898194,"89,5"
38195284,"84,9"
97510495,"90,4"
89461767,"93,1"
94717858,"93,1"
36288955,"96,8"
74812809,"100,0"
88839172,"100,0"
48412612,"88,6"
75075402,"93,4"
26326048,"70,5"
37839488,"74,5"
59796774,..
17675502,..
75600007,"86,5"
73812226,"60,0"
88955893,"100,0"
63943560,"68,8"
85516596,"82,4"
16784385,"81,5"
89963319,..
24339566,"93,2"
65458415,..
95154882,..
28519815,"50,0"
69543519,.
24759907,"56,4"
31315191,"93,8"
42775003,"100,0"
48555205,"90,3"
32116280,..
57143976,"81,8"
53175499,..
64388538,"100,0"
52153758,"100,0"
22116645,..
99755443,"100,0"
30167976,..
50104466,..
28004794,..
32071849,"97,2"
79845033,"91,7"
41099519,"90,9"
59386837,..
21382451,"93,5"
36769815,..
43873969,"96,4"
35301145,"87,5"
59942080,..
66273269,"100,0"
11275959,..
58518163,"84,6"
37912396,"100,0"
45593337,"94,1"
19839859,..
30615080,"52,6"
25178582,"85,7"
23476801,..
56041144,"82,9"
74322969,"100,0"
90260899,"78,9"
31057219,"100,0"
27079521,"100,0"
64579522,"100,0"
34381901,"90,5"
55150847,..
90076461,"91,9"
53069733,"92,3"
95368476,"93,9"
76448076,.
86488203,"90,9"
25156286,"100,0"
28081446,"100,0"
92949043,"87,5"
91048178,"86,7"
82718660,..
12399380,..
31486865,"96,6"
97265732,"94,3"
61720981,"86,7"
50424828,..
47393891,"89,3"
48414975,"100,0"
47108751,..
33657492,"100,0"
82195565,"97,6"
77713695,"95,7"
64667996,"97,2"
23544320,"100,0"
69040241,..
63993414,..
20855811,"64,7"
53923398,"81,4"
74560191,..
47844862,"87,5"
72984079,"54,5"
36480690,"78,9"
32995170,"78,3"
52048443,..
61674097,"90,6"
32550660,"99,1"
93488613,"73,3"
45600034,..
59599256,"97,0"
26957025,"97,9"
90509211,"94,7"
50393060,"95,7"
85788659,"76,9"
95340745,..
59521477,..
92442684,..
54599691,"93,4"
31975673,"97,6"
99864908,"87,9"
63931325,..
57391913,"100,0"
46148350,"92,3"
49868916,"93,9"
74919147,"76,9"
78389879,"84,6"
24277564,..
44412461,"97,6"
36355200,"90,6"
70803636,"98,2"
77712952,"80,0"
10433896,"97,3"
49170638,"72,2"
46379730,"95,8"
25379974,..
88025221,"90,4"
18042101,"94,7"
56041699,..
45111086,"100,0"
70955448,"98,5"
67924816,"93,7"
56084099,..
13960635,"93,7"
61176909,"100,0"
21778322,"87,5"
85485803,"84,7"
88429477,"97,7"
56802300,"100,0"
15149235,"82,4"
24538846,"87,5"
67058407,"77,8"
15791044,"91,7"
65392939,"91,8"
77358716,"90,2"
49739986,"87,5"
92192566,"81,8"
56886667,"97,1"
64648566,"85,7"
65421426,"83,3"
62394916,"100,0"
72071234,"100,0"
15933512,"95,6"
64693272,..
18072172,..
65833454,..
28045567,"97,6"
18686599,"92,3"
93779220,"91,2"
80785976,"92,9"
47559319,"90,9"
56187883,"83,3"
20752831,"76,9"
51023367,..
52690153,..
36782335,..
96279444,"94,1"
19560192,..
31657916,..
85800840,"100,0"
20061769,"100,0"
77358716,"94,4"
18345915,"98,0"
71262305,"100,0"
55795961,..
48009865,"100,0"
18208087,"87,5"
60743463,..
32960825,"94,7"
91748148,"81,5"
42022406,"78,9"
65192707,"96,0"
69018222,"71,4"
12889940,"92,6"
40386043,"72,4"
21663998,"81,3"
88259298,"80,0"
17846181,..
75082798,"86,5"
23555409,"100,0"
30341162,"81,3"
16950252,"96,9"
15077883,..
48434184,..
56421429,"100,0"
17008320,"94,4"
25720752,..
55155562,"94,1"
23164911,"94,6"
36680097,..
95683850,"98,5"
89888648,"89,4"
35063170,"91,7"
31279294,..
36782335,"96,2"
23897040,..
37906565,..
90551279,"89,2"
69686851,..
85068812,.
16819383,..
89837629,"77,8"
72517762,.
79094701,"100,0"
66491596,"100,0"
12052268,"91,7"
53231578,"97,0"
96279444,"83,6"
40690520,"100,0"
35006050,"80,9"
21052710,"100,0"
58502307,"100,0"
97177328,"68,8"
70969714,"96,6"
81993306,"88,9"
47264019,"97,0"
16313848,"76,3"
86327236,..
28398531,"86,7"
79033948,"100,0"
68240485,"100,0"
78875918,"86,7"
86385479,..
49862313,..
99838438,"79,4"
42859669,"72,7"
99592025,"97,8"
47550455,"92,0"
58125096,"86,2"
30468157,"89,3"
72206824,"94,3"
92858957,"88,3"
44113417,"88,5"
39555838,..
82084961,"82,9"
46162400,"94,1"
67279263,"91,9"
18594470,"86,9"
40667807,..
88466776,..
40634612,..
14508922,"96,6"
29032715,"89,7"
19909435,"96,6"
96024712,"95,2"
27115998,"90,9"
41867682,"81,3"
79516949,"85,7"
46574937,"92,4"
39805497,"86,7"
81619482,"100,0"
90006712,..
39149668,..
48722826,"84,6"
53691739,"100,0"
43251309,"100,0"
87034307,"81,1"
78872213,..
80405898,"95,2"
51620045,"92,9"
86888278,..
56947954,"85,2"
72022487,"100,0"
71512894,"80,0"
28248021,..
44417214,"92,9"
88776535,"80,0"
71043974,"78,6"
89807183,"90,0"
39302565,"78,6"
79527481,"89,6"
69240218,..
86787111,"92,9"
77823650,..
82002016,"95,8"
97535124,"100,0"
69306209,"85,7"
12954099,"94,2"
90473340,"84,6"
51449748,"88,9"
12613085,"87,5"
53896162,"95,2"
66824652,"90,0"
49168016,"91,3"
60873719,"100,0"
69063711,..
77609073,..
52129378,"85,3"
65381163,"71,0"
68381790,..
13006857,"100,0"
16956086,"96,6"
31870541,"95,0"
44672598,"89,5"
83161201,"87,9"
16702464,..
29449669,"82,8"
36252055,"90,0"
14355031,"91,7"
53832505,"61,0"
69471748,..
43284031,"93,3"
26267406,..
51955293,"96,3"
51736304,"90,9"
44285075,..
68655578,"71,0"
37054246,..
39199869,"96,8"
88750078,"93,3"
41555549,"100,0"
81876614,"100,0"
67071618,"100,0"
75324351,..
59575030,"89,5"
77440824,"100,0"
51981332,"100,0"
87859089,.
98908403,"54,5"
16493131,"100,0"
11526364,"100,0"
38048202,"97,6"
26671095,"100,0"
65320354,"100,0"
76903284,"94,1"
15870428,"87,5"
26750052,"97,8"
12546590,"90,7"
54117171,"92,2"
94167577,"60,5"
27023528,"75,0"
17911161,..
35084976,..
49068301,..
94717858,"90,6"
46256929,"91,1"
73812226,"73,3"
15390992,"95,2"
63943560,"93,3"
78433202,"84,7"
31313926,"69,2"
30312720,"100,0"
32116280,"89,7"
57143976,"96,7"
93367005,"80,7"
50104466,..
79845033,"92,9"
41099519,..
59386837,..
17276047,"88,5"
48244956,"63,6"
13084253,"84,2"
58518163,..
27993549,"80,0"
37912396,..
45593337,"83,9"
67628478,"100,0"
37517404,..
25178582,"76,9"
86351879,..
74322969,..
90260899,..
31057219,"76,9"
27079521,"100,0"
64579522,..
53069733,..
99394620,"100,0"
31537066,"93,3"
21400668,"93,3"
84329061,"85,3"
91048178,"91,7"
31486865,"100,0"
97265732,"100,0"
61720981,"85,9"
82931004,..
28829503,"91,1"
33657492,"88,9"
33596572,"97,3"
57668673,..
20855811,"65,2"
53923398,"88,9"
72984079,"84,6"
36480690,"100,0"
52048443,"97,1"
50393060,"100,0"
95340745,..
59521477,..
66095163,"76,2"
54004368,"94,9"
31975673,"85,0"
59463950,"100,0"
63931325,..
75374280,"95,0"
46148350,..
50133877,"94,9"
44412461,"92,3"
18217765,"89,7"
66028861,"100,0"
10433896,"88,5"
43154449,"100,0"
68824244,"90,3"
43479922,"95,5"
28391147,"88,2"
62612992,"77,8"
94975733,..
56802300,..
15149235,..
13981977,..
67058407,..
15791044,..
65392939,"98,2"
29225010,"87,5"
24349146,"95,3"
83605345,..
64693272,.
18072172,..
20768651,"87,5"
28872974,"78,4"
80785976,..
21532545,..
20752831,"84,6"
34739511,"100,0"
68824244,..
68564903,"100,0"
88445871,"92,9"
98132436,"81,0"
59483268,..
12154972,"100,0"
59734510,..
59455288,..
89888648,..
36782335,..
20666515,..
90551279,"92,9"
93062368,..
90267145,..
16819383,..
51321260,"89,2"
88556189,..
31843016,..
87764775,..
16313848,..
65136104,..
69241230,..
80327946,"95,5"
86385479,.
42859669,"81,8"
92905347,"100,0"
30329172,..
19560192,..
82084961,..
73829818,"100,0"
14508922,..
19741742,..
19909435,"100,0"
85800840,..
39583059,"92,9"
38645259,..
38400227,"94,1"
86473502,..
73567152,..
23457902,..
72022487,..
44417214,..
86724994,..
78287294,..
81551726,..
76195214,..
82826083,"100,0"
26167236,..
63035915,"92,3"
17119840,"90,9"
20984584,..
25648215,..
68006362,"76,9"
86762103,..
58187973,..
88894245,..
22220001,..
72891848,..
48862305,"88,0"
26267406,..
53180719,..
15609112,"100,0"
62216381,..
85459854,"100,0"
41697930,"100,0"
78690637,..
97835550,..
42911621,"100,0"
42060237,..
14926020,"73,7"
31998226,..
79829846,"92,9"
41631104,..
16931486,..
19839859,..
43601850,..
96414537,..
99394620,..
84329061,"91,7"
65265211,..
61647360,..
45541222,"100,0"
91905819,..
54882637,.
72984079,..
69865450,..
49872493,..
54467211,"100,0"
82251333,..
34002355,..
10342448,..
60088179,"93,8"
90290154,"90,9"
18691102,..
24349146,"95,2"
47692481,..
18072172,..
29744774,..
32239920,..
68229719,"100,0"
84947634,..
68564903,"94,1"
82840198,..
32960825,"91,7"
83474173,"76,9"
74434644,"77,8"
93281974,"85,3"
23424275,..
19150273,..
26334561,"84,2"
59483268,..
73098153,"83,3"
17846181,..
75082798,..
34637764,"82,4"
15077883,..
48434184,..
88850910,"80,0"
25720752,"95,0"
31533003,..
31429031,"100,0"
19586169,..
95683850,"100,0"
59455288,..
25677996,..
36782335,"100,0"
37906565,..
90551279,"100,0"
90267145,..
72998905,"100,0"
96590873,"82,4"
88556189,..
72127035,..
85003442,"95,7"
44653962,"100,0"
87764775,..
48438396,"75,6"
32671805,..
16313848,"85,7"
11294673,..
66335258,..
78875918,"80,8"
78023197,"92,6"
70923626,..
92905347,..
34247736,"81,0"
38167912,..
19560192,..
46660042,"85,2"
85214294,..
40037982,"91,1"
12279302,"96,0"
40667807,..
80762863,"77,8"
31657916,..
64574972,"84,6"
48931433,"100,0"
96024712,..
40829056,..
38645259,..
11673760,"55,0"
63791419,"75,0"
46145886,..
27041885,"93,3"
97596286,"85,3"
67554405,"93,1"
86473502,..
84286698,..
76860623,"95,2"
57397381,"80,0"
72022487,"100,0"
28248021,..
44417214,..
14102256,"96,6"
75914181,"94,1"
99279503,"93,5"
76195214,"90,9"
21901328,"78,9"
23306658,..
31740319,"93,3"
69807202,"94,2"
63035915,"73,9"
32042066,"100,0"
92814975,..
35894996,"92,3"
20984584,..
25648215,..
68006362,"82,7"
13006857,"85,7"
16956086,"100,0"
71160225,..
75340089,..
36670439,"100,0"
22220001,..
99356671,..
16702464,..
72891848,..
71541108,"72,2"
28023078,"100,0"
13963517,..
51955293,"100,0"
12130801,..
53180719,"100,0"
68741484,..
31179045,"92,0"
41555549,..
18711877,"100,0"
75324351,..
70376604,"95,8"
14292382,..
16493131,"95,5"
48304166,..
65674821,..
38048202,"82,6"
87303004,"90,9"
97835550,..
26508763,"90,5"
14504503,..
16198647,"98,6"
12496135,..
76903284,"84,6"
68649663,"81,1"
81997762,..
42060237,..
53903798,..
97770837,"77,8"
33132452,"75,0"
59898194,..
95618280,"67,3"
65458415,..
16501673,..
59386837,..
16931486,..
32321364,..
27993549,..
37912396,..
90312942,"100,0"
19839859,..
29159460,..
43601850,..
14586562,..
69302313,..
31057219,..
64579522,..
34381901,..
96414537,..
31537066,..
84329061,"85,0"
71969230,..
61720981,"100,0"
50424828,"90,5"
65265211,..
97191332,"82,8"
33657492,..
17812651,"95,2"
22239675,"81,0"
59599256,"93,5"
49872493,..
11953769,..
50393060,..
95340745,..
92442684,"79,4"
54599691,..
54467211,..
99864908,"81,3"
63931325,..
46148350,..
49868916,"84,2"
84908877,..
24277564,..
36355200,"75,0"
77835341,"91,7"
77712952,"80,0"
56041699,"87,5"
90685868,"100,0"
60088179,"76,0"
21778322,"89,5"
90290154,..
25847233,"95,2"
16848652,..
56802300,..
77379848,..
67422309,..
15791044,..
65421426,"88,9"
12198363,..
47692481,..
64693272,..
89690587,"85,7"
87112995,"75,0"
51023367,..
52690153,..
38683336,"100,0"
