skolkod,andel_minst_e_re1
93221031,"86,1"
17474377,"100,0"
74776778,"100,0"
18345915,"97,7"
68229719,"100,0"
61004230,"96,7"
71262305,"100,0"
55795961,"100,0"
84947634,"100,0"
23517336,"100,0"
48009865,"99,1"
97870412,"95,2"
68564903,"94,6"
82840198,"95,7"
18208087,"83,6"
89982804,"100,0"
19464342,"96,3"
60743463,"100,0"
32960825,"100,0"
43609520,"100,0"
41416934,"94,4"
97968599,"100,0"
21567982,"93,3"
91748148,"95,4"
49379603,..
80167319,..
42218661,"100,0"
73171934,..
83474173,"76,1"
91487291,..
21866405,"94,9"
74434644,"96,6"
42022406,"88,9"
88445871,"97,1"
65192707,"97,8"
18425335,"91,7"
93281974,"95,6"
23424275,"95,0"
43634528,"99,2"
36263479,"100,0"
56679384,"97,4"
30538202,"100,0"
19150273,"90,0"
69018222,"65,8"
25624692,"94,7"
88534520,"96,9"
12889940,"98,1"
16554575,"88,9"
34076477,"97,3"
54896448,"100,0"
25356960,"79,7"
64284020,"98,6"
98132436,"93,5"
53400472,"95,0"
60096875,"92,3"
97758137,"93,3"
26334561,"96,4"
40386043,"88,1"
29324709,"100,0"
26864271,"100,0"
59483268,"97,9"
33685428,"97,0"
32879845,"100,0"
88573795,"100,0"
20699742,"95,6"
21663998,"98,2"
20595770,"97,1"
82814120,"94,7"
45164827,"100,0"
10924758,"87,5"
34153869,"97,5"
88259298,"95,5"
73098153,"91,7"
44240250,"91,9"
17846181,"97,4"
75082798,"88,0"
23555409,"96,5"
91333138,"100,0"
30341162,"97,1"
39936461,"96,3"
72266906,"93,7"
27030026,"93,8"
12154972,"80,8"
16950252,"100,0"
34637764,"94,4"
19912478,"97,2"
73255276,"100,0"
15077883,"89,7"
48434184,"81,7"
58724424,"89,7"
95684185,"98,5"
51138448,"100,0"
19647256,"93,2"
56421429,"94,0"
39911065,"98,4"
17008320,"100,0"
56737496,"100,0"
88850910,"100,0"
93939982,"95,0"
25720752,"99,0"
55155562,"86,6"
31533003,"97,4"
31429031,"97,7"
16361868,..
23164911,"97,0"
24008049,"93,0"
19981611,"94,7"
54481243,"100,0"
36680097,"88,2"
87756916,"94,7"
59734510,"94,1"
19586169,"92,6"
24273261,"100,0"
95683850,"100,0"
59455288,"84,2"
82163292,"87,0"
25679488,"93,2"
25677996,"94,2"
89888648,"94,0"
90003262,"100,0"
88163512,"75,8"
35063170,"84,7"
31279294,"83,7"
36782335,"98,3"
23897040,..
20666515,"98,1"
37906565,"100,0"
67279303,"97,8"
21648755,"88,9"
11111710,"100,0"
90551279,"96,8"
93062368,..
69686851,"95,6"
49616977,"98,5"
54965510,"99,0"
90267145,"88,4"
72998905,"96,2"
84835666,"98,2"
25872338,..
54164490,"100,0"
69481650,"89,5"
20319353,"88,2"
92194545,"98,4"
88153340,"95,0"
94353434,"75,4"
59396229,"86,4"
95165649,"96,1"
64740897,..
78979604,..
69626109,"88,4"
10974852,..
85068812,"78,8"
78397312,"97,4"
36444853,"91,0"
15414001,"85,5"
38311488,"90,6"
16819383,"96,5"
89837629,"99,0"
12994441,"95,4"
53660780,"96,2"
88774402,"99,4"
75141151,"98,8"
61701709,"98,0"
61469192,"92,1"
84306392,"97,7"
28627819,"98,1"
30086854,"95,0"
26627862,"100,0"
48847282,"100,0"
72517762,"84,6"
79094701,"98,7"
38684438,"94,4"
31251822,"96,2"
90099336,..
96590873,"92,9"
35647481,"94,6"
39549479,"82,1"
73147554,"100,0"
65752105,..
69983740,"100,0"
66491596,"100,0"
12052268,"100,0"
71597051,"100,0"
53231578,"93,7"
11274830,"86,1"
51321260,"82,8"
96279444,"86,1"
40690520,"99,5"
61880907,"88,0"
91011325,"86,7"
97382366,"96,2"
35006050,"100,0"
88886610,"96,3"
10638939,"84,9"
21505555,"97,5"
34336190,"97,5"
21052710,"99,2"
88556189,"81,6"
35236491,"96,7"
69739484,"88,7"
92887917,"93,4"
88834120,"100,0"
70066748,"100,0"
19207279,"100,0"
53640774,"99,2"
58502307,"100,0"
97177328,"98,0"
72127035,"97,4"
70969714,"98,1"
85003442,"100,0"
22752398,"92,5"
68734112,"100,0"
71922787,"92,5"
31843016,"88,2"
74148070,"93,0"
50696507,"81,5"
92507006,"100,0"
44653962,"98,5"
20100577,"88,3"
81993306,"93,6"
19051089,"100,0"
29097621,"75,8"
47264019,"98,4"
87764775,"94,4"
50198492,"100,0"
48438396,"97,6"
98052678,"91,1"
20099064,"92,5"
44341171,"82,8"
32671805,"83,0"
38448056,"100,0"
16313848,"92,4"
79606767,"92,4"
11294673,"98,1"
86327236,"96,7"
41745951,"98,5"
83137205,"95,3"
28398531,"87,7"
66335258,"92,2"
54172830,"92,0"
86310217,"82,1"
83085136,"100,0"
75458014,"100,0"
65136104,"94,1"
61826221,.
79033948,"89,2"
56330385,"88,5"
20228162,"100,0"
68240485,"98,2"
95046058,"94,7"
44392995,"87,8"
53462953,"96,8"
69241230,"91,3"
60730660,"100,0"
85544331,"100,0"
80327946,"90,1"
82592568,"98,5"
78875918,"98,6"
78023197,"95,7"
86385479,"96,5"
40991561,..
49862313,"84,8"
99838438,"94,4"
42859669,"86,5"
70923626,"84,1"
92905347,"93,5"
99592025,"98,3"
34247736,"99,2"
47550455,"95,1"
30329172,"95,8"
76877530,"76,5"
47046103,"98,0"
56664512,..
38167912,"96,7"
43826783,..
58125096,"94,4"
82914148,"100,0"
20620556,"100,0"
77839100,..
17173461,"96,4"
55535552,..
19560192,"80,8"
30468157,"100,0"
98053087,"77,0"
92533079,"91,8"
61528940,"95,7"
23681822,"97,8"
66861851,"99,2"
72206824,"98,1"
92858957,"98,2"
46660042,"86,7"
86296935,..
44113417,"94,6"
67783774,..
38917647,"100,0"
21363125,..
39555838,"91,3"
85214294,"97,6"
82084961,"94,1"
46162400,"82,2"
98369689,"87,1"
56529916,"90,0"
40810950,"85,2"
67279263,"98,4"
40037982,"93,3"
51210136,"97,5"
73829818,"94,6"
54395430,.
18881773,"100,0"
50908408,"100,0"
18594470,"97,9"
78295411,"100,0"
80686587,"92,0"
72232853,"96,3"
12279302,"85,1"
17849518,"100,0"
64205087,"88,4"
50500028,"98,2"
94570025,"66,7"
91984508,"83,8"
78659008,"77,8"
12448823,..
40667807,"90,3"
18091973,"97,7"
88466776,"100,0"
36539945,..
40634612,"96,5"
62439199,"95,0"
66132676,"94,3"
57942242,"100,0"
80762863,"86,2"
77688926,"99,0"
14508922,"95,9"
69629086,"99,1"
88624631,"87,0"
35390185,..
37358234,"59,3"
31657916,"100,0"
21008461,"100,0"
54606928,"96,1"
53893730,"95,4"
46241804,"95,0"
42573391,"100,0"
64574972,"100,0"
19741742,"97,4"
29032715,"98,9"
45830583,"100,0"
48931433,"100,0"
97270136,"79,3"
19909435,"95,9"
30530571,"97,6"
78839208,"100,0"
96024712,"98,1"
30458073,..
40829056,"100,0"
85800840,"97,9"
68920727,"98,0"
27115998,"93,8"
41867682,"88,5"
79516949,"98,6"
65662401,"98,2"
39583059,"82,6"
38645259,"90,6"
96684210,"98,3"
87207941,"90,1"
11673760,"97,2"
46574937,"96,2"
23836342,"98,5"
63791419,"90,5"
39805497,"90,3"
38400227,"74,0"
81619482,"93,4"
83829189,"78,0"
46145886,"100,0"
12395564,"100,0"
90006712,"100,0"
43649848,"100,0"
75344502,"75,0"
84247499,"98,6"
27041885,"94,7"
39149668,"98,6"
97064126,..
32580162,"87,0"
38233622,"91,7"
48722826,"99,2"
73063662,"90,5"
40766349,"89,7"
71571158,"90,6"
53691739,"100,0"
43251309,"91,7"
97596286,"92,9"
67554405,"95,7"
86473502,"100,0"
73944169,"100,0"
98239050,"91,4"
94455820,..
58368956,"100,0"
73567152,"88,6"
61547652,"97,9"
60209222,"82,8"
62104139,"98,4"
87034307,"98,3"
78872213,"98,0"
84286698,"84,6"
62490359,"92,3"
64725297,"86,2"
43362941,"91,3"
23350817,"83,3"
76860623,"96,9"
58191646,"96,8"
80405898,"100,0"
56021320,"66,7"
41358402,"92,0"
63179610,"100,0"
64569393,"97,7"
87262566,"80,5"
64160122,"100,0"
48217580,"90,8"
41844601,"85,0"
51620045,"93,6"
86888278,"100,0"
23457902,"100,0"
27597104,"91,3"
57397381,"93,3"
56947954,"98,1"
72022487,"95,6"
71512894,"98,4"
70969556,"100,0"
28248021,"87,0"
44417214,"95,4"
25025681,"100,0"
88776535,"98,8"
49488344,"80,5"
74408578,"96,3"
71043974,"97,0"
57777751,..
38732602,"100,0"
89807183,"94,9"
86724994,"96,4"
61161774,"97,8"
86158933,"89,3"
14102256,"100,0"
75082280,"85,7"
75914181,"88,7"
39302565,"96,7"
96818167,"94,1"
36072799,"100,0"
61432781,"94,4"
78287294,"92,6"
74316305,"85,7"
39096170,"94,1"
79527481,"93,3"
67300857,"90,9"
99279503,"97,1"
63653488,..
84476205,"97,8"
24544503,"98,2"
25392789,"100,0"
72109637,..
69240218,"97,7"
14057258,"100,0"
38460895,"100,0"
31199511,"100,0"
12934438,"99,0"
43313366,"96,8"
86787111,"97,1"
97868185,"93,1"
81551726,"61,1"
77823650,"93,0"
37550979,"100,0"
52634142,"100,0"
76195214,"95,4"
54839753,..
32705515,"87,3"
60214465,"94,6"
70137084,"70,5"
82002016,"86,6"
21901328,"84,2"
23306658,"95,8"
57350392,..
97535124,"100,0"
11102578,"100,0"
69306209,"100,0"
92651253,"90,5"
31740319,"97,3"
10129345,"95,5"
17944628,"99,2"
82826083,"84,4"
94468610,"100,0"
94090461,"94,4"
12954099,"97,4"
80931789,"98,4"
84098842,"96,6"
90473340,"96,8"
26167236,"73,2"
69807202,"98,6"
64648904,"100,0"
75939593,"99,1"
63035915,"89,1"
26324896,"93,5"
56639389,"99,7"
95700485,"100,0"
51449748,"91,7"
28267726,"96,0"
28848709,"95,0"
12613085,"100,0"
53896162,"98,3"
17779637,"98,9"
11185244,"94,3"
56211717,"70,0"
66824652,"76,6"
49168016,"93,1"
32042066,"94,2"
50821167,"100,0"
71929526,"96,8"
92814975,"77,5"
60873719,"100,0"
28085125,"93,8"
28770304,"81,1"
21938183,"97,1"
78986228,.
71472793,"96,8"
64123241,"93,3"
69063711,"93,0"
77609073,"92,3"
35894996,"97,5"
12926770,"97,4"
17119840,"90,9"
68748767,"79,8"
23548714,"93,7"
48593439,"86,7"
91773491,"95,7"
30361243,"99,3"
25596917,"93,0"
65722876,"96,5"
20984584,"63,2"
52129378,"86,3"
65381163,"96,3"
98541468,..
31155312,"86,0"
25648215,"68,8"
61823258,"79,2"
84424083,"100,0"
39178171,"100,0"
49231191,"100,0"
78231062,"100,0"
79994304,..
10481541,"94,3"
68006362,"87,7"
11608031,"94,1"
86762103,"78,6"
68381790,"91,6"
13006857,"92,9"
76007769,"82,1"
16956086,"93,5"
58187973,"100,0"
88894245,"100,0"
31870541,"98,7"
71160225,"96,0"
67752682,"91,7"
47884009,"80,6"
44672598,"100,0"
75340089,"100,0"
36670439,"88,5"
22220001,"89,8"
31822012,"92,6"
83161201,"95,1"
15100079,..
55421481,..
99356671,"76,5"
16702464,"100,0"
71353314,..
29449669,"91,7"
62855448,"100,0"
36252055,"98,6"
91812793,"99,4"
14355031,"84,4"
72891848,"88,1"
46611859,"89,4"
58907711,"99,2"
68285560,"98,0"
58544422,"100,0"
65150019,"97,2"
31796890,..
22426680,"84,6"
83805032,"86,2"
48862305,"87,7"
32887559,"100,0"
71541108,"90,0"
53832505,"97,6"
47537928,"96,6"
69471748,"70,4"
49750031,"100,0"
76485705,"100,0"
93239262,"98,7"
25745773,"98,6"
99976753,"93,5"
14278480,"80,6"
75575321,"100,0"
28023078,"93,8"
43284031,"91,6"
13963517,"100,0"
24194577,..
26267406,"100,0"
31255918,"98,5"
51955293,"92,6"
57690933,"98,9"
35035671,"64,7"
12130801,"100,0"
51736304,"90,6"
53180719,"98,6"
27489137,"100,0"
15609112,"80,0"
44285075,"97,1"
60424371,"100,0"
95785055,"100,0"
68655578,"92,0"
17062663,"100,0"
68741484,"97,0"
56267421,"100,0"
34990065,"98,2"
37054246,"94,4"
39199869,"98,4"
62216381,"91,8"
31179045,"95,8"
72421673,"98,3"
15763669,..
59655752,"96,2"
88750078,"91,8"
41878314,..
41555549,"100,0"
32003298,"100,0"
22383788,"100,0"
85459854,"98,1"
81876614,"96,6"
18711877,"96,2"
67071618,"100,0"
75324351,"97,1"
61229217,"94,4"
58929357,"100,0"
42517257,"84,4"
70376604,"93,9"
59575030,"96,4"
93503103,"100,0"
18617410,"98,6"
41697930,"95,2"
28025244,"91,1"
17184072,"100,0"
40338843,"98,8"
77440824,"94,9"
71069359,"88,2"
86896907,"100,0"
14292382,"98,2"
51981332,"100,0"
87859089,"94,9"
54764253,"93,6"
98908403,"92,9"
16493131,"94,4"
41119610,"98,2"
83272868,"100,0"
11526364,"94,3"
48304166,"74,5"
24982097,"100,0"
45552626,"99,0"
50906954,.
97104132,"100,0"
16748680,"100,0"
68597767,"100,0"
27964873,"91,7"
30706655,"92,5"
65674821,"100,0"
92332557,"95,2"
46332927,"100,0"
78690637,"88,7"
24653673,"95,2"
38048202,"96,5"
90990441,"87,5"
86319615,"100,0"
87303004,"100,0"
97835550,"95,5"
22446331,"100,0"
26671095,"98,0"
42911621,"89,6"
40575001,"94,7"
75027822,"87,5"
26508763,"94,8"
14504503,"69,2"
21850904,"100,0"
65320354,"99,2"
77544055,"98,9"
49112879,"92,0"
30279258,"99,1"
16198647,"98,6"
12496135,..
76903284,"90,9"
68649663,"94,6"
43623146,..
49141105,"92,3"
15870428,"91,5"
26646080,"97,1"
26750052,"97,6"
18974693,"99,3"
26996566,"100,0"
27704246,"96,0"
81997762,"86,9"
28967085,..
69747871,..
70119254,..
31151740,"95,2"
79346084,"95,9"
34222422,"93,3"
84230226,..
42060237,"50,0"
89816391,"98,4"
14448619,"95,6"
12546590,"96,9"
43565270,"92,5"
77176811,"98,7"
52791537,"100,0"
85152591,"100,0"
85819857,"100,0"
40600798,"97,0"
52942981,"100,0"
54117171,"99,0"
48120273,"100,0"
33233228,..
94167577,"85,1"
27023528,"90,4"
53903798,"78,5"
85782695,"100,0"
98815582,"96,0"
97770837,"91,5"
21312503,"100,0"
69650864,"100,0"
59581397,"100,0"
14926020,"78,9"
41938272,"100,0"
29423248,"97,0"
76054399,"95,5"
33132452,"91,0"
56942970,..
60142020,..
70811222,"100,0"
17911161,"91,0"
35084976,"98,0"
25525759,.
77632411,"98,8"
56653353,"100,0"
49068301,"94,6"
59898194,"98,0"
38195284,"97,7"
97510495,"97,8"
89461767,"97,3"
94717858,"97,2"
53760158,"100,0"
78422467,"95,3"
37802196,..
38683336,"100,0"
36288955,"99,2"
74812809,"98,9"
88839172,"100,0"
48412612,"98,6"
95618280,"93,4"
75075402,"96,5"
26326048,"95,0"
37839488,"95,1"
46256929,"88,8"
83374651,"100,0"
59796774,"100,0"
17675502,"94,7"
75600007,"98,6"
73812226,"90,5"
30762346,..
82964090,"98,8"
88955893,"99,2"
15278518,"93,1"
15390992,"98,4"
63943560,"93,6"
85516596,"88,8"
31998226,..
38236800,"83,3"
16784385,"96,3"
59026584,"94,2"
79829846,"97,6"
89963319,..
24339566,"97,6"
20061769,"100,0"
65458415,..
95154882,"92,9"
52333875,"97,2"
24663703,..
28519815,"88,7"
65666808,"78,0"
69543519,"96,3"
24397215,"86,4"
30677562,"93,8"
85054102,"100,0"
87274273,"87,5"
89693952,.
24759907,"82,2"
78433202,"86,4"
41631104,"75,0"
35366805,"89,3"
31315191,"100,0"
80357110,"91,3"
42775003,"98,7"
56670842,"96,7"
89370947,"97,5"
18451445,..
48555205,"94,5"
31313926,"98,3"
30312720,"98,8"
32116280,"96,7"
57143976,"99,1"
93367005,"92,6"
53175499,"100,0"
64388538,"100,0"
52153758,"100,0"
16501673,"97,4"
26298615,"65,2"
22116645,"98,1"
99755443,"97,9"
30167976,"100,0"
50104466,"95,0"
28004794,..
32071849,"99,0"
79845033,"88,4"
41099519,"90,7"
59386837,"77,0"
21627442,"100,0"
17276047,"84,9"
73217812,"76,3"
21382451,"97,7"
48244956,"98,2"
36769815,"96,3"
16931486,"71,4"
92489953,"92,6"
43873969,"98,7"
55825382,"96,1"
19306558,"96,0"
35301145,"97,5"
24993048,"96,0"
70132092,"72,9"
65034473,..
13084253,"94,1"
32321364,..
59942080,"97,5"
66273269,"97,5"
82888663,"100,0"
11275959,"100,0"
58518163,"100,0"
50615280,"88,9"
19035583,"97,4"
27993549,"94,4"
37912396,"97,7"
45593337,"84,2"
90312942,"96,4"
10226870,"100,0"
19839859,"80,8"
80280597,..
67628478,"100,0"
37517404,"100,0"
29159460,"76,0"
32057701,"100,0"
43601850,"97,0"
30615080,"92,2"
89630851,"97,7"
25178582,"88,4"
70543431,"100,0"
23476801,..
86351879,"92,0"
56041144,"96,2"
14586562,..
74322969,"94,6"
90260899,"100,0"
69302313,"100,0"
31057219,"91,0"
27079521,"95,9"
33572033,"97,9"
64579522,"88,7"
65234368,"98,4"
34381901,"87,1"
55150847,"99,0"
90076461,"100,0"
96414537,"100,0"
53069733,"93,9"
99394620,"97,9"
95368476,"98,9"
14853321,"92,2"
76448076,"97,6"
31537066,"100,0"
86488203,"94,2"
25156286,"85,7"
28081446,"96,7"
21400668,"100,0"
92949043,"98,7"
92818240,"84,6"
84329061,"98,0"
71969230,"71,4"
91048178,"94,2"
82718660,"100,0"
76942525,"84,6"
12399380,"93,8"
31486865,"99,1"
97265732,"99,6"
10373112,..
61720981,"96,5"
25698509,"97,4"
50424828,"89,2"
82931004,"92,9"
83584125,"100,0"
95024660,"95,8"
32263814,"89,5"
16496466,"100,0"
12075195,"100,0"
62300682,"78,9"
47393891,"97,3"
48414975,"100,0"
65265211,"89,7"
11533776,"80,0"
47108751,..
97191332,"96,6"
71938440,"100,0"
28829503,"97,8"
22811839,"90,2"
33205596,"100,0"
99622695,..
19930101,"98,2"
60727136,"93,3"
45132264,"91,7"
61647360,..
98651664,"100,0"
33657492,"90,2"
61622991,"86,1"
66644568,"97,2"
93659517,"98,2"
79309485,"97,8"
61175914,"76,5"
73316818,"100,0"
37078868,..
27859889,"100,0"
16130958,"98,6"
29161632,..
82195565,"100,0"
33596572,"100,0"
45541222,"100,0"
77713695,"98,8"
63451147,"100,0"
51131594,"100,0"
89680395,"100,0"
53696633,"100,0"
27440210,"87,5"
62758285,"100,0"
16218090,"100,0"
61197669,..
64667996,"100,0"
17812651,"100,0"
23544320,"99,4"
57668673,"86,4"
69040241,"94,7"
63993414,"100,0"
49136871,..
91905819,"93,3"
20855811,"91,0"
54882637,"100,0"
53923398,"97,4"
74560191,"100,0"
47844862,"96,5"
22239675,"100,0"
72984079,"91,3"
36480690,"89,5"
24787883,"85,7"
32995170,"94,4"
52048443,"100,0"
61674097,"95,6"
32550660,"98,9"
93488613,"91,2"
45600034,"100,0"
59599256,"98,0"
69865450,"88,0"
31112935,"76,7"
26957025,"98,7"
90509211,"93,0"
43277545,"96,4"
37316242,"81,6"
20173336,"78,8"
49872493,"75,9"
39147056,"96,2"
11953769,"100,0"
28646435,"92,0"
50393060,"96,5"
85788659,"77,8"
95340745,"97,0"
59521477,"73,2"
92442684,"86,7"
66095163,"88,2"
38544187,"89,4"
54599691,"91,4"
54004368,"97,4"
54467211,"94,4"
23517683,"94,7"
31975673,"100,0"
82251333,"94,3"
99864908,"92,5"
27106031,"91,5"
59463950,"93,9"
63931325,"94,7"
57391913,"89,3"
75374280,"89,4"
46148350,"93,9"
50133877,"98,2"
49868916,"97,8"
74919147,"100,0"
90240730,"81,8"
84908877,"90,3"
78389879,"92,0"
24277564,"91,4"
88956420,..
44412461,"99,5"
34002355,"76,9"
36355200,"100,0"
96920524,"100,0"
18217765,"96,8"
60919765,..
14677676,"100,0"
96152872,"93,5"
77835341,"100,0"
70803636,"94,9"
49576295,"100,0"
66028861,"100,0"
23797825,"97,3"
45293715,"100,0"
44738639,"75,0"
77712952,"91,9"
92009807,"66,7"
10433896,"97,4"
10342448,"87,0"
43154449,"97,4"
49170638,"100,0"
46379730,"97,4"
25379974,"90,9"
98032567,..
96194948,"85,2"
25955541,"95,8"
88025221,"98,3"
18042101,"95,3"
14799321,"93,1"
56041699,"64,7"
45111086,"100,0"
70955448,"99,4"
68824244,"94,2"
90685868,"90,2"
24501884,"83,7"
46707989,"100,0"
46986216,"97,0"
67924816,"100,0"
92805465,"100,0"
56084099,"89,5"
80711021,"83,9"
17648596,"90,9"
16720048,"98,5"
13960635,"98,7"
39341381,..
61176909,"100,0"
43479922,"95,5"
60088179,"72,1"
28391147,"75,6"
29209307,"96,4"
21778322,"96,2"
31380193,"77,3"
90290154,"86,7"
25847233,"90,1"
62612992,"95,0"
85485803,"90,1"
92816527,"74,4"
16848652,"100,0"
88429477,"100,0"
94975733,"95,5"
56802300,"100,0"
15149235,"96,2"
77379848,"100,0"
13981977,"88,9"
24538846,"100,0"
36886750,"100,0"
67422309,"88,6"
67058407,"90,0"
34421265,"95,2"
15791044,"100,0"
65392939,"94,5"
98696836,"97,4"
82160887,"88,9"
23175129,"66,7"
64908550,"100,0"
77358716,"96,3"
49739986,"86,3"
29225010,"70,6"
92192566,"96,4"
56886667,"98,2"
33249781,"94,2"
64648566,"97,4"
18691102,"100,0"
70302356,"96,0"
65421426,"99,4"
62394916,"100,0"
67908927,"87,5"
72071234,"99,4"
24349146,"93,3"
83605345,"100,0"
15933512,"94,0"
12198363,..
47692481,"82,6"
64693272,"88,9"
18072172,"100,0"
65833454,"96,2"
85188855,"91,3"
11341077,"96,8"
39528347,"88,9"
34988313,"98,9"
85473846,"94,6"
29744774,..
89690587,"91,5"
28045567,"98,7"
20768651,"96,5"
32239920,"96,9"
98781765,"94,2"
38880984,"96,0"
28872974,"93,2"
87112995,"92,9"
18686599,"94,5"
93779220,"97,0"
77797484,"97,1"
53279140,"97,9"
80785976,"89,3"
47559319,"100,0"
21532545,"91,3"
56187883,"91,2"
20752831,"90,2"
51023367,"96,8"
34739511,"100,0"
95069937,"100,0"
52690153,"87,5"
74776778,"100,0"
18345915,"100,0"
68229719,"100,0"
61004230,"98,0"
71262305,"100,0"
55795961,"100,0"
84947634,"100,0"
23517336,"100,0"
48009865,"99,1"
82840198,"98,0"
18208087,"95,0"
89982804,..
19464342,"95,5"
60743463,"100,0"
32960825,"100,0"
43609520,"100,0"
97968599,"100,0"
91748148,"95,4"
42218661,"100,0"
74434644,"98,4"
42022406,"91,1"
65192707,"97,8"
43634528,"99,2"
36263479,"100,0"
56679384,"97,4"
30538202,"100,0"
19150273,"90,9"
69018222,"65,8"
12889940,"98,1"
16554575,.
34076477,"97,3"
54896448,"100,0"
64284020,..
53400472,"95,0"
97758137,"93,3"
26334561,"97,8"
40386043,"90,6"
59483268,"97,4"
33685428,"100,0"
32879845,"100,0"
88573795,..
20699742,"95,6"
21663998,"98,2"
20595770,"97,1"
82814120,"100,0"
45164827,"100,0"
10924758,"97,3"
34153869,"98,6"
88259298,"100,0"
17846181,"97,1"
75082798,"91,7"
23555409,"96,7"
30341162,"96,6"
72266906,"93,4"
27030026,"93,8"
16950252,"100,0"
34637764,"97,3"
19912478,"97,2"
15077883,"89,8"
48434184,"95,1"
58724424,"100,0"
95684185,"98,5"
51138448,"100,0"
56421429,"100,0"
39911065,"100,0"
17008320,"100,0"
56737496,"100,0"
93939982,"97,7"
25720752,"98,8"
55155562,"95,9"
31533003,"97,8"
16361868,..
23164911,"97,0"
24008049,"91,8"
19981611,"94,7"
54481243,"100,0"
36680097,"100,0"
19586169,"100,0"
24273261,"100,0"
95683850,"100,0"
59455288,"100,0"
25679488,"96,9"
25677996,"97,1"
89888648,"93,6"
35063170,"86,3"
31279294,"84,6"
36782335,"99,6"
23897040,..
20666515,"100,0"
37906565,..
67279303,..
21648755,"92,1"
11111710,"100,0"
90551279,"99,0"
69686851,"100,0"
49616977,"98,1"
54965510,"99,0"
84835666,"98,2"
25872338,..
54164490,"100,0"
20319353,"88,2"
92194545,"98,4"
64740897,..
78979604,..
10974852,..
85068812,"84,0"
78397312,"97,4"
36444853,"91,5"
16819383,"100,0"
89837629,"99,0"
12994441,"98,1"
88774402,"99,4"
75141151,"98,8"
61701709,"98,0"
61469192,"92,1"
84306392,"97,7"
28627819,"98,1"
30086854,.
26627862,"100,0"
48847282,"100,0"
72517762,"84,6"
79094701,"100,0"
38684438,"93,6"
31251822,"96,2"
90099336,..
35647481,"94,6"
39549479,"82,1"
73147554,"100,0"
69983740,"100,0"
66491596,"100,0"
12052268,"100,0"
71597051,"100,0"
53231578,"93,7"
96279444,"83,6"
40690520,"99,5"
91011325,"86,7"
97382366,"96,2"
35006050,"100,0"
10638939,"75,8"
21505555,"97,5"
34336190,"97,5"
21052710,"99,2"
69739484,"88,7"
92887917,"93,4"
88834120,"100,0"
70066748,"100,0"
19207279,"100,0"
53640774,"99,2"
58502307,"100,0"
97177328,"96,9"
72127035,"100,0"
70969714,"100,0"
68734112,"100,0"
71922787,"90,5"
74148070,"100,0"
92507006,"100,0"
44653962,"96,3"
20100577,"88,3"
81993306,"92,1"
19051089,"100,0"
47264019,"98,4"
50198492,"100,0"
98052678,"91,5"
20099064,"92,5"
16313848,"95,2"
79606767,"100,0"
11294673,"100,0"
86327236,"100,0"
41745951,"98,5"
83137205,"95,3"
28398531,"86,4"
66335258,"90,5"
54172830,"96,9"
75458014,"100,0"
65136104,..
61826221,.
79033948,"88,9"
56330385,"90,7"
20228162,"100,0"
68240485,"98,2"
95046058,"94,7"
44392995,"88,9"
53462953,"96,8"
60730660,"100,0"
82592568,"98,5"
78875918,"99,2"
86385479,"100,0"
49862313,"84,8"
99838438,"94,2"
42859669,"88,9"
99592025,"99,1"
34247736,"100,0"
47550455,"98,5"
30329172,"100,0"
76877530,"81,3"
47046103,"100,0"
38167912,"100,0"
43826783,..
58125096,"94,4"
82914148,"100,0"
20620556,"100,0"
77839100,..
17173461,"100,0"
55535552,..
30468157,"100,0"
92533079,"91,8"
61528940,"95,7"
23681822,"97,8"
66861851,"99,2"
72206824,"98,1"
92858957,"100,0"
86296935,..
44113417,"96,2"
67783774,..
39555838,"90,0"
85214294,"100,0"
82084961,"92,9"
46162400,"88,2"
67279263,"98,4"
51210136,"97,5"
73829818,"100,0"
54395430,.
18881773,..
50908408,"100,0"
18594470,"97,9"
78295411,"100,0"
80686587,"100,0"
72232853,"96,3"
12279302,"84,6"
64205087,"88,4"
50500028,"98,2"
91984508,"97,1"
40667807,"100,0"
18091973,"100,0"
88466776,"100,0"
36539945,..
40634612,"100,0"
66132676,"96,7"
57942242,"100,0"
77688926,"98,8"
14508922,"95,5"
37358234,"76,9"
21008461,"100,0"
54606928,"97,7"
53893730,"95,4"
42573391,..
64574972,"100,0"
19741742,"100,0"
29032715,"98,3"
45830583,"100,0"
48931433,"100,0"
19909435,"96,6"
30530571,"99,4"
78839208,"100,0"
96024712,"98,2"
30458073,..
85800840,"100,0"
68920727,"98,0"
27115998,"96,0"
41867682,"87,5"
79516949,"98,6"
96684210,"98,3"
87207941,"93,7"
11673760,"100,0"
46574937,"96,2"
23836342,"98,5"
63791419,"96,6"
39805497,"96,7"
38400227,"100,0"
81619482,"93,4"
12395564,"100,0"
90006712,"100,0"
39149668,"98,6"
38233622,"91,7"
48722826,"100,0"
73063662,"90,5"
40766349,"89,7"
53691739,"100,0"
43251309,"91,7"
67554405,"100,0"
73944169,"100,0"
98239050,"100,0"
94455820,..
61547652,..
62104139,"100,0"
87034307,"98,3"
78872213,"98,6"
76860623,"100,0"
58191646,"96,8"
80405898,"100,0"
56021320,"57,9"
63179610,"100,0"
64569393,"96,2"
64160122,"100,0"
48217580,"90,8"
51620045,"92,9"
86888278,"100,0"
57397381,"94,0"
56947954,"97,5"
72022487,"100,0"
71512894,"98,4"
28248021,"95,7"
44417214,"94,6"
25025681,"100,0"
88776535,"98,8"
49488344,"100,0"
74408578,"98,1"
71043974,"97,0"
57777751,..
38732602,"100,0"
89807183,"94,9"
61161774,"97,8"
86158933,"92,3"
75914181,"86,7"
39302565,"92,9"
96818167,"94,1"
79527481,"93,3"
67300857,"90,9"
99279503,"100,0"
63653488,..
84476205,"97,8"
24544503,"98,2"
25392789,"100,0"
69240218,"100,0"
38460895,"100,0"
31199511,"100,0"
12934438,"99,0"
43313366,"100,0"
86787111,"97,1"
97868185,"92,9"
77823650,..
37550979,"100,0"
60214465,"96,2"
70137084,"100,0"
82002016,"100,0"
23306658,"100,0"
97535124,"100,0"
11102578,"100,0"
69306209,"100,0"
10129345,"95,5"
17944628,"99,1"
94468610,"100,0"
94090461,"100,0"
12954099,"97,1"
80931789,"100,0"
90473340,"100,0"
69807202,"100,0"
64648904,"100,0"
75939593,"99,1"
26324896,"100,0"
56639389,"99,7"
95700485,"100,0"
51449748,"91,7"
28267726,"96,0"
12613085,"100,0"
53896162,"98,3"
17779637,"98,9"
66824652,"82,8"
49168016,"97,2"
71929526,"96,8"
60873719,"100,0"
28085125,"93,8"
21938183,"97,1"
78986228,.
71472793,"96,8"
69063711,"100,0"
77609073,"100,0"
35894996,"96,7"
12926770,"97,4"
68748767,"87,5"
23548714,"93,7"
48593439,"86,7"
91773491,"95,7"
30361243,"99,3"
25596917,"91,9"
65722876,"96,5"
52129378,"100,0"
65381163,"96,3"
31155312,"84,2"
84424083,"100,0"
49231191,"100,0"
78231062,"100,0"
10481541,"94,3"
68381790,"97,7"
13006857,"100,0"
16956086,"95,3"
58187973,"100,0"
88894245,..
31870541,"98,7"
44672598,"100,0"
31822012,"92,6"
83161201,"95,1"
99356671,..
16702464,"100,0"
29449669,"91,7"
62855448,"100,0"
36252055,"100,0"
91812793,"99,4"
14355031,"90,3"
46611859,"89,4"
58907711,"99,2"
68285560,"98,0"
58544422,"100,0"
65150019,"97,2"
71541108,"90,9"
53832505,"97,6"
47537928,"96,6"
69471748,"83,8"
49750031,"100,0"
76485705,"100,0"
93239262,"100,0"
99976753,"93,5"
75575321,"100,0"
28023078,"100,0"
43284031,"86,7"
24194577,..
26267406,..
51955293,"92,9"
57690933,"98,9"
12130801,"100,0"
51736304,"95,2"
44285075,"97,1"
95785055,"100,0"
68655578,"89,6"
68741484,"97,1"
37054246,"100,0"
39199869,"98,3"
31179045,"100,0"
72421673,"97,9"
15763669,..
59655752,"95,3"
88750078,"100,0"
41555549,"100,0"
85459854,"98,5"
81876614,"100,0"
18711877,"96,2"
67071618,"100,0"
75324351,"100,0"
61229217,"92,1"
70376604,"95,2"
59575030,"96,4"
18617410,"98,3"
28025244,"92,6"
40338843,"98,3"
77440824,"94,8"
14292382,"97,1"
51981332,"100,0"
87859089,"100,0"
98908403,"91,7"
16493131,"96,9"
83272868,"100,0"
11526364,"94,3"
45552626,"99,0"
50906954,.
16748680,"100,0"
65674821,"100,0"
92332557,"95,2"
78690637,"91,9"
38048202,"100,0"
90990441,..
26671095,"100,0"
65320354,"99,2"
77544055,"100,0"
49112879,"92,0"
30279258,"99,1"
76903284,"95,9"
43623146,..
49141105,"92,3"
15870428,"100,0"
26646080,"97,1"
26750052,"97,8"
18974693,"99,3"
26996566,"100,0"
27704246,"96,0"
28967085,..
69747871,..
31151740,"95,2"
79346084,"98,0"
89816391,"100,0"
14448619,"95,9"
12546590,"100,0"
43565270,"92,5"
77176811,"98,7"
52791537,"100,0"
85152591,"100,0"
85819857,"100,0"
40600798,"97,0"
52942981,"100,0"
54117171,"99,0"
48120273,"100,0"
33233228,..
94167577,"86,6"
27023528,"92,5"
53903798,"79,5"
97770837,"92,9"
69650864,"100,0"
59581397,"100,0"
41938272,"100,0"
29423248,"97,0"
76054399,"95,5"
33132452,"84,6"
60142020,..
70811222,"100,0"
17911161,"91,0"
35084976,"98,0"
25525759,.
77632411,"98,8"
49068301,"94,6"
59898194,"97,7"
38195284,"97,7"
97510495,"100,0"
89461767,"97,3"
94717858,"97,2"
53760158,"100,0"
78422467,"95,3"
37802196,..
36288955,"99,2"
74812809,"98,9"
88839172,"100,0"
48412612,"98,6"
95618280,"96,1"
75075402,"96,5"
26326048,"95,0"
37839488,"95,1"
46256929,"88,8"
83374651,"100,0"
59796774,"100,0"
17675502,"100,0"
75600007,"100,0"
73812226,"90,5"
30762346,..
82964090,"98,8"
88955893,"99,2"
15278518,"92,6"
15390992,"97,9"
63943560,"93,5"
85516596,"86,8"
16784385,"96,3"
89963319,..
24339566,"97,6"
65458415,..
95154882,..
52333875,"100,0"
24663703,..
28519815,"88,7"
65666808,.
69543519,"96,3"
89693952,.
24759907,"83,7"
78433202,"86,4"
35366805,"89,3"
31315191,"100,0"
42775003,"98,7"
56670842,"96,7"
89370947,"97,5"
48555205,"94,5"
31313926,"98,3"
30312720,"98,8"
32116280,"96,7"
57143976,"99,1"
93367005,"96,5"
53175499,"100,0"
64388538,"100,0"
52153758,"100,0"
22116645,"98,1"
99755443,"97,9"
30167976,"100,0"
50104466,"92,9"
28004794,..
32071849,"99,0"
79845033,"98,3"
41099519,"100,0"
59386837,"100,0"
17276047,"84,8"
21382451,"97,7"
48244956,"97,1"
36769815,..
43873969,"98,6"
55825382,"96,7"
19306558,"95,2"
35301145,"97,5"
24993048,"93,8"
13084253,"97,4"
59942080,"100,0"
66273269,"96,2"
11275959,"100,0"
58518163,"100,0"
27993549,"93,3"
37912396,"100,0"
45593337,"84,2"
10226870,"100,0"
19839859,"100,0"
67628478,"100,0"
37517404,..
32057701,"100,0"
30615080,"92,2"
25178582,"88,4"
70543431,"100,0"
23476801,..
86351879,"98,0"
56041144,"96,2"
74322969,"95,5"
90260899,"100,0"
31057219,"100,0"
27079521,"100,0"
33572033,"97,9"
64579522,"100,0"
34381901,"100,0"
55150847,"99,0"
90076461,"100,0"
53069733,"93,9"
99394620,"96,9"
95368476,"100,0"
14853321,"95,7"
76448076,"96,9"
31537066,"100,0"
86488203,"96,2"
25156286,"92,0"
28081446,"96,7"
21400668,"100,0"
92949043,"98,1"
92818240,"90,9"
84329061,"97,1"
91048178,"96,3"
82718660,"100,0"
12399380,"93,8"
31486865,"99,4"
97265732,"99,6"
61720981,"97,7"
50424828,"89,3"
82931004,..
95024660,"95,8"
32263814,"89,5"
47393891,"97,3"
48414975,"100,0"
11533776,"80,0"
47108751,..
28829503,"97,8"
99622695,..
98651664,"100,0"
33657492,"94,5"
79309485,"97,8"
37078868,..
16130958,"98,6"
82195565,"100,0"
33596572,"100,0"
77713695,"98,8"
51131594,"100,0"
89680395,"100,0"
53696633,"100,0"
27440210,"87,5"
62758285,"100,0"
16218090,"100,0"
64667996,"100,0"
23544320,"99,4"
57668673,"100,0"
69040241,..
63993414,"100,0"
49136871,..
20855811,"91,0"
53923398,"98,3"
74560191,"100,0"
47844862,"96,1"
72984079,"96,4"
36480690,"92,0"
24787883,..
32995170,"94,4"
52048443,"100,0"
61674097,"95,6"
32550660,"98,8"
93488613,"91,2"
45600034,"100,0"
59599256,"98,9"
26957025,"98,7"
90509211,"100,0"
43277545,"96,4"
11953769,..
50393060,"96,7"
85788659,"89,5"
95340745,..
59521477,"100,0"
92442684,"91,7"
66095163,"88,2"
54599691,"95,0"
54004368,"97,4"
31975673,"100,0"
82251333,"95,0"
99864908,"100,0"
27106031,"100,0"
59463950,"100,0"
63931325,"86,7"
57391913,"98,1"
75374280,"95,0"
46148350,"100,0"
50133877,"100,0"
49868916,"97,8"
74919147,"100,0"
78389879,"92,0"
24277564,"92,9"
44412461,"99,5"
36355200,"100,0"
96920524,"100,0"
18217765,"97,4"
70803636,"98,9"
49576295,"100,0"
66028861,"100,0"
23797825,"96,2"
45293715,"100,0"
77712952,"92,9"
10433896,"97,1"
43154449,"100,0"
49170638,"100,0"
46379730,"97,4"
25379974,"90,9"
88025221,"99,7"
18042101,"95,3"
56041699,..
45111086,"100,0"
70955448,"100,0"
68824244,"95,2"
46707989,"100,0"
46986216,"97,0"
67924816,"100,0"
92805465,"100,0"
56084099,..
16720048,"96,3"
13960635,"98,7"
61176909,"100,0"
43479922,"95,5"
28391147,"88,2"
21778322,"98,3"
31380193,..
62612992,"95,0"
85485803,"90,1"
16848652,"100,0"
88429477,"100,0"
94975733,"100,0"
56802300,"100,0"
15149235,"94,6"
13981977,"100,0"
24538846,"100,0"
67058407,"91,5"
15791044,"100,0"
65392939,"94,5"
98696836,"100,0"
64908550,"100,0"
77358716,"95,3"
49739986,"86,3"
29225010,"84,4"
92192566,"96,4"
56886667,"98,2"
64648566,"100,0"
65421426,"99,3"
62394916,"100,0"
67908927,"87,5"
72071234,"99,4"
24349146,"96,9"
83605345,..
15933512,"94,1"
64693272,"92,9"
18072172,..
65833454,"96,2"
11341077,"96,8"
34988313,"98,9"
28045567,"98,7"
20768651,"97,9"
38880984,"96,0"
28872974,"93,2"
18686599,"98,1"
93779220,"100,0"
77797484,"97,1"
80785976,"94,4"
47559319,"100,0"
21532545,"88,2"
56187883,"100,0"
20752831,"90,2"
51023367,"100,0"
34739511,"100,0"
52690153,"100,0"
93221031,"86,1"
17474377,"100,0"
18345915,"94,6"
68229719,"100,0"
61004230,"90,9"
71262305,"100,0"
55795961,..
84947634,"100,0"
97870412,"95,2"
68564903,"94,6"
82840198,"90,0"
18208087,"69,7"
89982804,"100,0"
19464342,..
60743463,..
32960825,"100,0"
43609520,..
41416934,"94,4"
21567982,"93,3"
49379603,..
80167319,..
73171934,..
83474173,"76,1"
91487291,..
21866405,"94,9"
74434644,"92,0"
42022406,"84,0"
88445871,"97,1"
18425335,"91,7"
93281974,"95,6"
23424275,"95,0"
19150273,"89,5"
25624692,"94,7"
88534520,"96,9"
16554575,"88,9"
25356960,"79,7"
64284020,"98,4"
98132436,"93,5"
60096875,"92,3"
26334561,"84,2"
40386043,"72,1"
29324709,"100,0"
26864271,"100,0"
59483268,..
33685428,"93,3"
88573795,"100,0"
82814120,"90,7"
10924758,"68,4"
34153869,..
88259298,..
73098153,"91,7"
44240250,"91,9"
17846181,..
75082798,"81,2"
23555409,"95,8"
91333138,"100,0"
30341162,..
39936461,"96,3"
72266906,"95,2"
27030026,"94,1"
12154972,"80,8"
16950252,"100,0"
34637764,"90,2"
73255276,"100,0"
15077883,"89,6"
48434184,"64,6"
58724424,"80,0"
51138448,"100,0"
19647256,"93,2"
56421429,"81,3"
39911065,..
17008320,..
56737496,"100,0"
88850910,"100,0"
93939982,"91,7"
25720752,"100,0"
55155562,"68,3"
31533003,"96,2"
31429031,"97,7"
16361868,..
24008049,"94,0"
36680097,..
87756916,"94,7"
59734510,"94,1"
19586169,"88,6"
24273261,"100,0"
95683850,"100,0"
59455288,"75,0"
82163292,"87,0"
25679488,"82,6"
25677996,"88,9"
89888648,"94,4"
90003262,"100,0"
88163512,"75,8"
35063170,..
31279294,"82,4"
36782335,"96,4"
20666515,"94,4"
37906565,"100,0"
67279303,"97,4"
21648755,"78,9"
11111710,"100,0"
90551279,"95,3"
93062368,..
69686851,"95,1"
49616977,"100,0"
90267145,"88,4"
72998905,"96,2"
69481650,"89,5"
88153340,"95,0"
94353434,"75,4"
59396229,"86,4"
95165649,"96,1"
69626109,"88,4"
85068812,..
36444853,"89,7"
15414001,"85,5"
38311488,"90,6"
16819383,"95,6"
12994441,..
53660780,"96,2"
30086854,"95,0"
79094701,"92,0"
38684438,"100,0"
96590873,"92,9"
73147554,"100,0"
65752105,..
11274830,"86,1"
51321260,"82,8"
96279444,"94,1"
61880907,"88,0"
35006050,"100,0"
88886610,"96,3"
10638939,"92,5"
88556189,"81,6"
35236491,"96,7"
58502307,"100,0"
97177328,"100,0"
72127035,"93,8"
70969714,"95,8"
85003442,"100,0"
22752398,"92,5"
71922787,"100,0"
31843016,"88,2"
74148070,..
50696507,"81,5"
44653962,"100,0"
81993306,"96,8"
29097621,"75,8"
87764775,"94,4"
48438396,"97,6"
98052678,..
44341171,"82,8"
32671805,"83,0"
38448056,"100,0"
16313848,"87,4"
79606767,"78,3"
11294673,"95,5"
86327236,"92,9"
28398531,"88,2"
66335258,"93,3"
54172830,"78,3"
86310217,"82,1"
83085136,"100,0"
75458014,..
65136104,..
79033948,"89,7"
56330385,"83,3"
44392995,"84,6"
69241230,"91,3"
85544331,"100,0"
80327946,"90,1"
78875918,"96,2"
78023197,"95,7"
86385479,"92,3"
40991561,..
99838438,"94,7"
42859669,"81,1"
70923626,"84,1"
92905347,"93,5"
99592025,"84,6"
34247736,"95,2"
47550455,"92,8"
30329172,"94,1"
76877530,.
47046103,"96,9"
56664512,..
38167912,"90,9"
20620556,"100,0"
17173461,..
19560192,"80,8"
98053087,"77,0"
92858957,"66,7"
46660042,"86,7"
44113417,"87,5"
67783774,..
38917647,"100,0"
21363125,..
39555838,..
85214294,"95,8"
82084961,"96,2"
46162400,"80,8"
98369689,"87,1"
56529916,"90,0"
40810950,"85,2"
40037982,"93,3"
73829818,..
18881773,..
80686587,"81,0"
12279302,"85,5"
17849518,"100,0"
94570025,"66,7"
91984508,"69,7"
78659008,"77,8"
12448823,..
40667807,"76,0"
18091973,"95,8"
40634612,"87,5"
62439199,"95,0"
66132676,"88,5"
80762863,"86,2"
77688926,"100,0"
14508922,..
69629086,"99,1"
88624631,"87,0"
35390185,..
37358234,..
31657916,"100,0"
54606928,"87,5"
46241804,"95,0"
42573391,"100,0"
64574972,"100,0"
19741742,"93,8"
29032715,"100,0"
48931433,"100,0"
97270136,"79,3"
19909435,"95,5"
30530571,"90,2"
96024712,"97,9"
40829056,"100,0"
85800840,"96,7"
27115998,"86,1"
41867682,..
65662401,"98,2"
39583059,"82,6"
38645259,"90,6"
87207941,..
11673760,"93,7"
63791419,"87,9"
39805497,"85,7"
38400227,"54,4"
83829189,"78,0"
46145886,"100,0"
43649848,"100,0"
75344502,"75,0"
84247499,"98,6"
27041885,"94,7"
97064126,..
32580162,"87,0"
48722826,"98,4"
71571158,"90,6"
53691739,"100,0"
97596286,"92,9"
67554405,"91,5"
86473502,"100,0"
98239050,"78,6"
94455820,..
58368956,"100,0"
73567152,"88,6"
61547652,"97,9"
60209222,"82,8"
62104139,"90,9"
78872213,"96,0"
84286698,"84,6"
62490359,"92,3"
64725297,"86,2"
43362941,"91,3"
23350817,"83,3"
76860623,"90,5"
56021320,..
41358402,"92,0"
64569393,"100,0"
87262566,"80,5"
41844601,"85,0"
51620045,"94,4"
23457902,"100,0"
27597104,"91,3"
57397381,"91,5"
56947954,"98,7"
72022487,"91,4"
70969556,"100,0"
28248021,"74,2"
44417214,"96,4"
25025681,"100,0"
49488344,..
74408578,"92,9"
86724994,"96,4"
86158933,"82,6"
14102256,"100,0"
75082280,"85,7"
75914181,"94,1"
39302565,"97,8"
36072799,"100,0"
61432781,"94,4"
78287294,"92,6"
74316305,"85,7"
39096170,"94,1"
99279503,"95,7"
72109637,..
69240218,"84,6"
14057258,"100,0"
43313366,"85,2"
97868185,..
81551726,"61,1"
77823650,"92,0"
37550979,..
52634142,"100,0"
76195214,"95,4"
54839753,..
32705515,"87,3"
60214465,"90,9"
70137084,"56,7"
82002016,..
21901328,"84,2"
23306658,"93,0"
57350392,..
11102578,"100,0"
69306209,"100,0"
92651253,"90,5"
31740319,"97,3"
17944628,"100,0"
82826083,"84,4"
94090461,"66,7"
12954099,..
80931789,"92,6"
84098842,"96,6"
90473340,..
26167236,"73,2"
69807202,"98,1"
64648904,"100,0"
63035915,"89,1"
26324896,"81,3"
28848709,"95,0"
12613085,"100,0"
53896162,"100,0"
11185244,"94,3"
56211717,"70,0"
66824652,"66,7"
49168016,"86,4"
32042066,"94,2"
50821167,"100,0"
92814975,"77,5"
28770304,"81,1"
64123241,"93,3"
69063711,"80,0"
77609073,"89,7"
35894996,"98,0"
17119840,"90,9"
68748767,"75,8"
25596917,"100,0"
20984584,"63,2"
52129378,"74,4"
98541468,..
31155312,"91,7"
25648215,"68,8"
61823258,"79,2"
39178171,"100,0"
79994304,..
68006362,"87,7"
11608031,"94,1"
86762103,"78,6"
68381790,"84,6"
13006857,"79,1"
76007769,"82,1"
16956086,"90,3"
58187973,"100,0"
88894245,"100,0"
71160225,"96,0"
67752682,"91,7"
47884009,"80,6"
44672598,"100,0"
75340089,"100,0"
36670439,"88,5"
22220001,"89,8"
15100079,..
55421481,..
99356671,"71,4"
16702464,"100,0"
71353314,..
36252055,"92,5"
91812793,"100,0"
14355031,"71,4"
72891848,"88,1"
31796890,..
22426680,"84,6"
83805032,"86,2"
48862305,"87,7"
32887559,"100,0"
71541108,"88,9"
69471748,"51,1"
93239262,"97,9"
25745773,"98,6"
99976753,..
14278480,"80,6"
28023078,"91,8"
43284031,"94,3"
13963517,"100,0"
26267406,"100,0"
31255918,"98,5"
51955293,"92,3"
35035671,"64,7"
12130801,..
51736304,..
53180719,"98,6"
27489137,"100,0"
15609112,"80,0"
60424371,"100,0"
68655578,"94,8"
17062663,"100,0"
68741484,"96,6"
56267421,"100,0"
34990065,"98,2"
37054246,"86,2"
39199869,..
62216381,"91,8"
31179045,"93,5"
72421673,"100,0"
59655752,..
88750078,"88,2"
41878314,..
41555549,"100,0"
32003298,"100,0"
22383788,"100,0"
85459854,"97,2"
81876614,..
18711877,"96,2"
67071618,"100,0"
75324351,"94,7"
61229217,"97,1"
58929357,"100,0"
42517257,"84,4"
70376604,"91,7"
93503103,"100,0"
18617410,"100,0"
41697930,"95,2"
28025244,"88,9"
17184072,"100,0"
40338843,"100,0"
77440824,"95,2"
71069359,"88,2"
86896907,"100,0"
14292382,"98,7"
87859089,"84,2"
54764253,"93,6"
98908403,"100,0"
16493131,"92,4"
41119610,"98,2"
48304166,"74,5"
24982097,"100,0"
97104132,"100,0"
68597767,"100,0"
27964873,"91,7"
30706655,"92,5"
65674821,"100,0"
46332927,"100,0"
78690637,"80,7"
24653673,"95,2"
38048202,"92,3"
90990441,..
86319615,"100,0"
87303004,"100,0"
97835550,"95,5"
22446331,"100,0"
26671095,"96,2"
42911621,"89,6"
40575001,"94,7"
75027822,"87,5"
26508763,"94,8"
14504503,"69,2"
21850904,"100,0"
77544055,"96,4"
16198647,"98,6"
12496135,..
76903284,"86,4"
68649663,"94,6"
15870428,"85,7"
26750052,"97,1"
81997762,"86,9"
69747871,..
70119254,..
79346084,"89,4"
34222422,"93,3"
84230226,..
42060237,"50,0"
89816391,"95,2"
14448619,"95,0"
12546590,"90,5"
94167577,"73,7"
27023528,"87,8"
53903798,"77,5"
85782695,"100,0"
98815582,"96,0"
97770837,"83,3"
21312503,"100,0"
14926020,"78,9"
33132452,"94,0"
56942970,..
56653353,"100,0"
59898194,..
97510495,"82,4"
38683336,"100,0"
95618280,"90,9"
17675502,"92,9"
75600007,"90,9"
15278518,"93,3"
15390992,"100,0"
63943560,"93,8"
85516596,"89,9"
31998226,..
38236800,"83,3"
59026584,"94,2"
79829846,"97,6"
20061769,"100,0"
65458415,..
95154882,..
52333875,"93,0"
65666808,"78,9"
24397215,"86,4"
30677562,"93,8"
85054102,"100,0"
87274273,"87,5"
24759907,"64,7"
41631104,"75,0"
80357110,"91,3"
18451445,..
93367005,"86,5"
16501673,"97,4"
26298615,"65,2"
50104466,..
79845033,"66,7"
41099519,"72,0"
59386837,"66,7"
21627442,"100,0"
17276047,"85,0"
73217812,"76,3"
48244956,"100,0"
36769815,"95,7"
16931486,"71,4"
92489953,"92,6"
43873969,"100,0"
55825382,"93,8"
19306558,..
24993048,..
70132092,"72,9"
65034473,..
13084253,"84,6"
32321364,..
59942080,..
66273269,"100,0"
82888663,"100,0"
11275959,"100,0"
58518163,"100,0"
50615280,"88,9"
19035583,"97,4"
27993549,"94,6"
37912396,"90,9"
90312942,"96,4"
19839859,"66,7"
80280597,..
67628478,..
37517404,..
29159460,"76,0"
43601850,"97,0"
89630851,"97,7"
86351879,"84,2"
14586562,..
74322969,"94,1"
90260899,"100,0"
69302313,"100,0"
31057219,"85,1"
27079521,"89,2"
64579522,"72,0"
65234368,"98,4"
34381901,"72,3"
96414537,"100,0"
99394620,"100,0"
95368476,"94,4"
14853321,"89,3"
76448076,"98,0"
31537066,"100,0"
86488203,"87,9"
25156286,..
92949043,"100,0"
92818240,"81,0"
84329061,"100,0"
71969230,"71,4"
91048178,"93,2"
76942525,"84,6"
31486865,"96,0"
10373112,..
61720981,"93,0"
25698509,"97,4"
50424828,"89,2"
82931004,"89,5"
83584125,"100,0"
16496466,"100,0"
12075195,"100,0"
62300682,"78,9"
65265211,"89,7"
97191332,"96,6"
71938440,"100,0"
22811839,"90,2"
33205596,"100,0"
19930101,"98,2"
60727136,"93,3"
45132264,"91,7"
61647360,..
33657492,"79,1"
61622991,"86,1"
66644568,"97,2"
93659517,"98,2"
61175914,"76,5"
73316818,"100,0"
27859889,"100,0"
29161632,..
45541222,"100,0"
63451147,"100,0"
61197669,..
17812651,"100,0"
57668673,"76,0"
69040241,"100,0"
91905819,"93,3"
54882637,"100,0"
53923398,"95,9"
47844862,"100,0"
22239675,"100,0"
72984079,"58,8"
36480690,"84,6"
24787883,"81,3"
52048443,"100,0"
32550660,"100,0"
59599256,"90,3"
69865450,"88,0"
31112935,"76,7"
90509211,"78,8"
37316242,"81,6"
20173336,"78,8"
49872493,"75,9"
39147056,"96,2"
11953769,"100,0"
28646435,"92,0"
50393060,"96,0"
85788659,"69,2"
95340745,"96,2"
59521477,"51,3"
92442684,"85,4"
38544187,"89,4"
54599691,"78,1"
54467211,"94,4"
23517683,"94,7"
82251333,"94,0"
99864908,"75,0"
27106031,"75,0"
59463950,"85,7"
63931325,"96,7"
57391913,"66,7"
75374280,"85,2"
46148350,"82,6"
50133877,"95,2"
49868916,"98,0"
90240730,"81,8"
84908877,"90,3"
24277564,"90,5"
88956420,..
34002355,"76,9"
36355200,"100,0"
96920524,"100,0"
18217765,"93,8"
60919765,..
14677676,"100,0"
96152872,"93,5"
77835341,"100,0"
70803636,"79,2"
23797825,"100,0"
44738639,"75,0"
77712952,"90,0"
92009807,"66,7"
10433896,"100,0"
10342448,"87,0"
43154449,"94,1"
98032567,..
96194948,"85,2"
25955541,"95,8"
88025221,"80,8"
14799321,"93,1"
56041699,"52,0"
70955448,"93,3"
68824244,"92,7"
90685868,"90,2"
24501884,"83,7"
56084099,"93,1"
80711021,"83,9"
17648596,"90,9"
16720048,"100,0"
39341381,..
60088179,"72,1"
28391147,"62,7"
29209307,"96,4"
21778322,"89,5"
31380193,"70,6"
90290154,"86,7"
25847233,"90,1"
92816527,"74,4"
16848652,"100,0"
94975733,"90,3"
56802300,"100,0"
15149235,"100,0"
77379848,"100,0"
13981977,..
24538846,..
36886750,"100,0"
67422309,"88,6"
67058407,..
34421265,"95,2"
15791044,..
98696836,"89,7"
82160887,"88,9"
23175129,"66,7"
77358716,"100,0"
29225010,..
33249781,"94,2"
64648566,"95,8"
18691102,"100,0"
70302356,"96,0"
65421426,"100,0"
24349146,"90,6"
83605345,"100,0"
15933512,"93,8"
12198363,..
47692481,"82,6"
64693272,"84,6"
18072172,..
85188855,"91,3"
39528347,"88,9"
85473846,"94,6"
29744774,..
89690587,"91,5"
20768651,..
32239920,"96,9"
98781765,"94,2"
87112995,"92,9"
18686599,..
93779220,"77,8"
53279140,"97,9"
80785976,"80,0"
47559319,"100,0"
21532545,..
56187883,"89,3"
51023367,"95,7"
95069937,"100,0"
52690153,"75,0"
93221031,..
68229719,..
84947634,..
89982804,"100,0"
60743463,..
73171934,..
74434644,"84,2"
93281974,"100,0"
23424275,..
16554575,"88,9"
60096875,"100,0"
40386043,..
33685428,..
10924758,"68,4"
75082798,"92,9"
16950252,"100,0"
15077883,"92,9"
48434184,"100,0"
51138448,"100,0"
93939982,"89,3"
31533003,"96,0"
24273261,..
59455288,..
25677996,..
31279294,..
36782335,"100,0"
90551279,"93,9"
93062368,..
69626109,"88,4"
10638939,"90,0"
72127035,..
85003442,"100,0"
98052678,..
32671805,..
16313848,"86,1"
54172830,..
75458014,..
78023197,"94,7"
40991561,..
70923626,"85,7"
76877530,.
47046103,..
19560192,"86,4"
98053087,"92,9"
46660042,"83,3"
67783774,..
85214294,"94,1"
12279302,"100,0"
91984508,"69,7"
40667807,..
40634612,..
80762863,"87,5"
64574972,..
30530571,..
96024712,"96,4"
27115998,"83,3"
39583059,"94,7"
38645259,..
46145886,..
27041885,"84,6"
48722826,"100,0"
97596286,"88,9"
67554405,"100,0"
56021320,..
23457902,..
57397381,"100,0"
72022487,..
70969556,..
28248021,..
44417214,..
25025681,"100,0"
14102256,"100,0"
75082280,"85,7"
39096170,"94,1"
69240218,"84,6"
82002016,..
23306658,..
94090461,"66,7"
63035915,"92,1"
50821167,..
68748767,"72,2"
20984584,..
25648215,"75,0"
11608031,"100,0"
13006857,"100,0"
16956086,..
58187973,..
88894245,..
71160225,"94,4"
44672598,"100,0"
22220001,"90,9"
71353314,..
69471748,..
93239262,"97,9"
13963517,..
68655578,"100,0"
31179045,"95,2"
59655752,..
18711877,..
67071618,"100,0"
18617410,"100,0"
40338843,"100,0"
14292382,..
87859089,..
98908403,"100,0"
24982097,..
68597767,..
38048202,"100,0"
90990441,..
40575001,"100,0"
26508763,"90,9"
76903284,..
69747871,..
79346084,"87,0"
89816391,..
53903798,"65,4"
33132452,"100,0"
17675502,"92,9"
75600007,"90,9"
85516596,"83,3"
50104466,..
59386837,..
43873969,"100,0"
24993048,..
58518163,"100,0"
29159460,"76,9"
89630851,"96,3"
86351879,"80,0"
74322969,..
64579522,"92,9"
14853321,..
86488203,"81,3"
84329061,..
71969230,..
31486865,"96,0"
61720981,"93,8"
50424828,..
83584125,"100,0"
65265211,..
66644568,"97,2"
61175914,..
29161632,..
36480690,..
32550660,"100,0"
37316242,..
50393060,..
95340745,..
59521477,..
46148350,..
49868916,"100,0"
84908877,"100,0"
24277564,..
36355200,..
88025221,"80,8"
56041699,..
70955448,"93,3"
60088179,"55,0"
25847233,"87,0"
16848652,..
56802300,..
36886750,..
67422309,..
82160887,"73,3"
64648566,..
15933512,"92,6"
12198363,..
64693272,..
89690587,"89,5"
18686599,..
93779220,"77,8"
80785976,..
47559319,"100,0"
52690153,..
93221031,..
18345915,"94,1"
97870412,"92,9"
18208087,..
41416934,"100,0"
21567982,"92,3"
83474173,"86,7"
88445871,"98,2"
25624692,..
25356960,..
98132436,"98,1"
60096875,"85,7"
29324709,"100,0"
26864271,"100,0"
44240250,"84,6"
75082798,"86,7"
91333138,"100,0"
12154972,"91,7"
15077883,"76,9"
48434184,..
19647256,"91,7"
56737496,"100,0"
55155562,"76,5"
24008049,"81,8"
59734510,..
19586169,"93,3"
24273261,..
59455288,..
89888648,"90,9"
36782335,"93,3"
20666515,"100,0"
90551279,"94,1"
93062368,..
90267145,"85,7"
88153340,"95,0"
94353434,"75,4"
88886610,"96,3"
88556189,"100,0"
72127035,"92,3"
22752398,"92,7"
31843016,"100,0"
29097621,"76,3"
16313848,"89,3"
11294673,..
86327236,..
69241230,..
80327946,"82,4"
86385479,..
70923626,"85,7"
92905347,..
47550455,"92,6"
56664512,..
19560192,..
46660042,"80,0"
38917647,..
82084961,"100,0"
98369689,"94,1"
56529916,"89,8"
17849518,..
18091973,"100,0"
69629086,"97,7"
31657916,..
19741742,"85,7"
40829056,..
85800840,"95,6"
39583059,"87,5"
39805497,"86,4"
46145886,"100,0"
84247499,"100,0"
71571158,..
86473502,..
58368956,"100,0"
23350817,..
41358402,"92,0"
87262566,..
23457902,..
56947954,"100,0"
72022487,"95,8"
28248021,..
74408578,"84,6"
86724994,"94,1"
39302565,"100,0"
61432781,"93,2"
14057258,..
81551726,..
76195214,..
70137084,"37,0"
57350392,..
92651253,"83,3"
82826083,"95,0"
26167236,..
63035915,"64,1"
32042066,"89,5"
92814975,..
64123241,"93,3"
20984584,..
98541468,..
25648215,..
79994304,..
86762103,..
68381790,..
13006857,..
16956086,..
88894245,..
67752682,"100,0"
75340089,"100,0"
22220001,"88,0"
15100079,..
36252055,"88,9"
72891848,..
48862305,"82,1"
13963517,..
31255918,"100,0"
53180719,"100,0"
68655578,"91,4"
37054246,..
62216381,"85,2"
18711877,..
61229217,"100,0"
41697930,"93,8"
77440824,..
14292382,"100,0"
54764253,"95,2"
98908403,"100,0"
16493131,"83,3"
24982097,..
27964873,"100,0"
30706655,"100,0"
78690637,"89,7"
24653673,..
87303004,..
97835550,..
22446331,..
42911621,"97,1"
14504503,..
76903284,..
81997762,"100,0"
70119254,..
42060237,"39,3"
85782695,"100,0"
38236800,..
41631104,..
16501673,..
26298615,..
41099519,..
59386837,..
73217812,..
16931486,..
70132092,"68,0"
27993549,"93,9"
90312942,"92,9"
19839859,..
29159460,..
43601850,"90,9"
74322969,..
31057219,..
34381901,"93,8"
96414537,..
99394620,"100,0"
76448076,"96,0"
92818240,"86,3"
84329061,..
71969230,..
91048178,..
65265211,..
22811839,"90,2"
61622991,"86,1"
61175914,..
91905819,..
54882637,"100,0"
53923398,..
69865450,..
20173336,"70,0"
49872493,..
39147056,"100,0"
11953769,..
85788659,..
59521477,..
54467211,"93,3"
82251333,"93,3"
90240730,"97,1"
34002355,..
96920524,"100,0"
96152872,"92,3"
92009807,..
10342448,"83,3"
90685868,"88,9"
17648596,"90,9"
39341381,..
29209307,..
90290154,..
92816527,"80,0"
24538846,..
67422309,"92,3"
34421265,"100,0"
82160887,"95,8"
33249781,"100,0"
18691102,..
24349146,"94,7"
83605345,"100,0"
47692481,..
85188855,..
85473846,"95,5"
32239920,"97,2"
56187883,"78,6"
52690153,..
74776778,"100,0"
71262305,"100,0"
84947634,"100,0"
48009865,"100,0"
89982804,..
97968599,"100,0"
91748148,"100,0"
42218661,..
74434644,"98,0"
42022406,..
34076477,"97,3"
54896448,"100,0"
97758137,"92,3"
26334561,"100,0"
40386043,"93,2"
20699742,"95,6"
82814120,"100,0"
45164827,"100,0"
10924758,"100,0"
34153869,"92,3"
17846181,..
75082798,"92,3"
23555409,"100,0"
27030026,"93,8"
15077883,"88,5"
48434184,"95,5"
58724424,..
39911065,"100,0"
56737496,"100,0"
55155562,"96,6"
31533003,"98,0"
19981611,"100,0"
25679488,"91,7"
35063170,"71,4"
31279294,..
36782335,"100,0"
67279303,..
21648755,"87,7"
11111710,..
49616977,"100,0"
84835666,"100,0"
20319353,"96,0"
85068812,..
78397312,"100,0"
36444853,"96,3"
89837629,..
12994441,"100,0"
88774402,"100,0"
75141151,"100,0"
61701709,"98,0"
38684438,"86,5"
39549479,"82,1"
73147554,"100,0"
69983740,"100,0"
12052268,"100,0"
71597051,"100,0"
40690520,"96,8"
35006050,"100,0"
10638939,..
34336190,"97,5"
88834120,"100,0"
53640774,"98,7"
72127035,"100,0"
71922787,"90,5"
92507006,"100,0"
20100577,"88,3"
79606767,"100,0"
11294673,..
86327236,"100,0"
66335258,..
54172830,"100,0"
56330385,"84,2"
44392995,"90,6"
60730660,"100,0"
82592568,"97,6"
86385479,"100,0"
49862313,"58,3"
42859669,"98,1"
99592025,"98,3"
34247736,"100,0"
76877530,..
38167912,"100,0"
43826783,..
58125096,"92,3"
17173461,..
30468157,"100,0"
23681822,"97,8"
92858957,"100,0"
82084961,"75,0"
73829818,"100,0"
18881773,..
12279302,"82,4"
64205087,"88,4"
18091973,"100,0"
88466776,"100,0"
54606928,"97,7"
19741742,"100,0"
45830583,"100,0"
30530571,"100,0"
78839208,"100,0"
30458073,..
27115998,"95,5"
79516949,..
87207941,"96,2"
11673760,"100,0"
38400227,"100,0"
81619482,"100,0"
39149668,"96,3"
67554405,"100,0"
73944169,"100,0"
78872213,"100,0"
64569393,"91,7"
48217580,"89,5"
57397381,"93,1"
72022487,"100,0"
71512894,"100,0"
28248021,"100,0"
44417214,"95,0"
74408578,"98,1"
71043974,"95,5"
61161774,"97,2"
75914181,..
24544503,"98,9"
69240218,"100,0"
12934438,"100,0"
43313366,"100,0"
37550979,"100,0"
60214465,"96,2"
23306658,"100,0"
11102578,"100,0"
10129345,"95,5"
94090461,"100,0"
26324896,"100,0"
56639389,"100,0"
53896162,"99,3"
17779637,"97,1"
71929526,"90,9"
60873719,"100,0"
68748767,..
23548714,"92,3"
48593439,"77,8"
91773491,..
30361243,"99,3"
25596917,"100,0"
31155312,..
84424083,"100,0"
10481541,"95,8"
68381790,..
13006857,"100,0"
16956086,"92,3"
58187973,"100,0"
31870541,"100,0"
44672598,"100,0"
31822012,"86,0"
62855448,"100,0"
91812793,"98,4"
58907711,"100,0"
68285560,"96,7"
69471748,"76,5"
99976753,"93,5"
75575321,"100,0"
57690933,"100,0"
12130801,"100,0"
95785055,"100,0"
68741484,"100,0"
37054246,"100,0"
31179045,"100,0"
59655752,"100,0"
41555549,"100,0"
85459854,"100,0"
67071618,"100,0"
28025244,"92,6"
40338843,"100,0"
14292382,..
87859089,"100,0"
98908403,"100,0"
83272868,"100,0"
45552626,"97,7"
92332557,"100,0"
78690637,"93,3"
77544055,"100,0"
76903284,"90,9"
49141105,"78,6"
26646080,"97,1"
79346084,"100,0"
14448619,"94,2"
43565270,"95,6"
85152591,"100,0"
40600798,"97,0"
48120273,"100,0"
94167577,"100,0"
53903798,"70,6"
97770837,"91,7"
70811222,..
17911161,"89,2"
35084976,"100,0"
77632411,"96,7"
59898194,"95,8"
38195284,"96,5"
97510495,"100,0"
89461767,"96,6"
94717858,"92,9"
75075402,"100,0"
26326048,"95,7"
37839488,"94,7"
73812226,"88,9"
15278518,"92,6"
85516596,"84,2"
16784385,"96,2"
24339566,"100,0"
65458415,..
52333875,"100,0"
24759907,"76,0"
31315191,"100,0"
48555205,"94,0"
32116280,"96,2"
64388538,..
52153758,"100,0"
99755443,"96,7"
30167976,"100,0"
32071849,"100,0"
79845033,..
41099519,"100,0"
59386837,..
21382451,"91,7"
55825382,"96,7"
59942080,"100,0"
37912396,..
45593337,"84,6"
19839859,..
30615080,"94,3"
86351879,"96,3"
90260899,"100,0"
31057219,..
27079521,"100,0"
64579522,..
34381901,"100,0"
55150847,"100,0"
53069733,..
14853321,"95,7"
86488203,"100,0"
25156286,..
28081446,"100,0"
92818240,"90,9"
12399380,..
31486865,"99,2"
97265732,"98,7"
61720981,"100,0"
50424828,..
95024660,"95,8"
32263814,"89,5"
33657492,"93,1"
79309485,"97,8"
77713695,"100,0"
23544320,"100,0"
69040241,..
20855811,"84,6"
53923398,"100,0"
74560191,..
47844862,"96,7"
72984079,"100,0"
61674097,"100,0"
93488613,"100,0"
59599256,"98,8"
90509211,"100,0"
50393060,"93,8"
85788659,..
59521477,"100,0"
54599691,"98,3"
31975673,"100,0"
27106031,"100,0"
46148350,..
49868916,"96,4"
74919147,"100,0"
78389879,"91,7"
44412461,"100,0"
96920524,"100,0"
70803636,"97,3"
23797825,"96,2"
10433896,"96,4"
49170638,"100,0"
25379974,..
18042101,"94,0"
70955448,"100,0"
92805465,"100,0"
61176909,"100,0"
21778322,"100,0"
31380193,..
62612992,"100,0"
16848652,"100,0"
15149235,"100,0"
24538846,"100,0"
67058407,"95,0"
98696836,"100,0"
49739986,"95,0"
92192566,"100,0"
65421426,"100,0"
72071234,"100,0"
65833454,..
28045567,"98,7"
38880984,"97,2"
18686599,"100,0"
47559319,"100,0"
20752831,"94,7"
51023367,..
52690153,..
93221031,..
18345915,"95,0"
71262305,..
97870412,"100,0"
82840198,"92,3"
41416934,..
21866405,..
42022406,"84,0"
25624692,..
64284020,"97,7"
40386043,"87,0"
26864271,..
75082798,"87,5"
23555409,"100,0"
30341162,..
72266906,"95,2"
15077883,..
48434184,..
56421429,..
56737496,..
24008049,"100,0"
36680097,..
59734510,..
19586169,..
95683850,"100,0"
89888648,"95,2"
36782335,"95,7"
37906565,"100,0"
90551279,"100,0"
69686851,"84,0"
90267145,..
85068812,.
16819383,"95,0"
79094701,"92,0"
11274830,"86,1"
35006050,"100,0"
88556189,..
97177328,"100,0"
72127035,..
22752398,"91,7"
71922787,..
81993306,"94,7"
16313848,"85,3"
11294673,..
28398531,..
79033948,"89,7"
69241230,..
80327946,"96,9"
86385479,"100,0"
99838438,"94,7"
42859669,"71,4"
92905347,..
99592025,"84,6"
30329172,"88,2"
47046103,..
19560192,..
98053087,"61,5"
46660042,"95,0"
44113417,"100,0"
39555838,..
82084961,"96,1"
46162400,"79,4"
12448823,..
18091973,..
40634612,..
69629086,"100,0"
31657916,..
42573391,..
29032715,"100,0"
19909435,"100,0"
85800840,"100,0"
27115998,"88,9"
41867682,..
39583059,"73,3"
38645259,..
63791419,"86,4"
46145886,"100,0"
84247499,"100,0"
48722826,"100,0"
53691739,"100,0"
60209222,"82,1"
78872213,"100,0"
51620045,"94,4"
56947954,"100,0"
72022487,"100,0"
70969556,..
28248021,..
74408578,"100,0"
86724994,"95,7"
39302565,"92,9"
74316305,"100,0"
72109637,..
97868185,..
77823650,"87,5"
76195214,..
70137084,..
69306209,"100,0"
80931789,"92,6"
90473340,..
26167236,..
63035915,"97,9"
12613085,"100,0"
66824652,"66,7"
32042066,"100,0"
92814975,"71,4"
69063711,..
77609073,..
68748767,..
52129378,"74,4"
61823258,..
68006362,"86,4"
86762103,..
68381790,..
13006857,"100,0"
16956086,"81,5"
58187973,..
88894245,..
67752682,"85,0"
44672598,"100,0"
22220001,"100,0"
16702464,..
36252055,"94,3"
72891848,..
32887559,"100,0"
43284031,"88,9"
13963517,..
26267406,..
31255918,"100,0"
51736304,..
53180719,..
27489137,"100,0"
37054246,"81,0"
62216381,"100,0"
88750078,"100,0"
22383788,"100,0"
81876614,..
75324351,..
61229217,"100,0"
41697930,"96,2"
17184072,..
77440824,"92,9"
14292382,"100,0"
87859089,..
16493131,"93,8"
24982097,..
68597767,..
30706655,"100,0"
38048202,"77,8"
87303004,..
97835550,..
26671095,"96,2"
42911621,"96,2"
15870428,"90,0"
26750052,"97,1"
81997762,"87,5"
79346084,"91,7"
14448619,"93,1"
94167577,"75,0"
21312503,"100,0"
33132452,"100,0"
15390992,"100,0"
38236800,"100,0"
95154882,..
65666808,"80,4"
93367005,"86,5"
16501673,..
79845033,"66,7"
41099519,..
59386837,..
17276047,"85,0"
48244956,"100,0"
70132092,"75,0"
27993549,"93,8"
90312942,"95,7"
37517404,..
29159460,..
43601850,"100,0"
86351879,"100,0"
74322969,..
90260899,..
31057219,"55,6"
27079521,"86,7"
96414537,..
95368476,..
76448076,"100,0"
91048178,"96,2"
76942525,..
61720981,"88,2"
82931004,"89,5"
33205596,"100,0"
60727136,..
33657492,..
93659517,"98,2"
57668673,"75,0"
91905819,..
54882637,..
36480690,..
52048443,"100,0"
69865450,..
37316242,"78,6"
50393060,..
59521477,..
54467211,"100,0"
59463950,"100,0"
63931325,"100,0"
75374280,..
50133877,"100,0"
34002355,..
18217765,..
96152872,"93,8"
10433896,"100,0"
43154449,"94,1"
96194948,..
68824244,"100,0"
90685868,"81,3"
39341381,..
28391147,"62,7"
31380193,..
90290154,..
92816527,"83,3"
94975733,"87,0"
77379848,..
13981977,..
67422309,..
82160887,..
23175129,"100,0"
29225010,..
24349146,"92,7"
85188855,..
39528347,"92,9"
32239920,"95,0"
80785976,..
21532545,..
56187883,"100,0"
51023367,"100,0"
52690153,..
61004230,"96,0"
23517336,"100,0"
48009865,..
82840198,..
19464342,..
43609520,"100,0"
42218661,"100,0"
42022406,"95,7"
56679384,"97,4"
69018222,"68,8"
64284020,..
97758137,"92,3"
40386043,"72,9"
33685428,"100,0"
34153869,..
75082798,"100,0"
23555409,..
30341162,"92,3"
19912478,"93,5"
58724424,..
95684185,"100,0"
93939982,..
55155562,..
24008049,"91,8"
54481243,"100,0"
36680097,..
25677996,"95,2"
31279294,..
36782335,"93,8"
21648755,"86,7"
69686851,..
54965510,"95,6"
25872338,..
10974852,..
85068812,.
78397312,"82,8"
36444853,"85,7"
61469192,"92,1"
79094701,"100,0"
71597051,"100,0"
53231578,"86,2"
91011325,"86,7"
97382366,"94,3"
10638939,..
69739484,"88,7"
92887917,"93,4"
68734112,..
44653962,..
47264019,"96,7"
20099064,"92,5"
16313848,"91,4"
79033948,"71,4"
68240485,"96,4"
95046058,"94,7"
44392995,"87,5"
99838438,"76,9"
30329172,"100,0"
76877530,..
38167912,..
77839100,..
55535552,..
92533079,"91,8"
92858957,"100,0"
82084961,..
50908408,"100,0"
18594470,"97,1"
72232853,"96,3"
18091973,..
36539945,..
40634612,"100,0"
66132676,"96,7"
64574972,"100,0"
48931433,..
85800840,"100,0"
68920727,"96,6"
27115998,..
79516949,"100,0"
96684210,"100,0"
23836342,"100,0"
81619482,..
39149668,..
48722826,..
73063662,"90,5"
43251309,"92,3"
67554405,..
94455820,..
78872213,..
56021320,"57,9"
64569393,..
86888278,..
57397381,"88,9"
44417214,..
49488344,"100,0"
57777751,..
38732602,"100,0"
86158933,"92,3"
75914181,..
84476205,"95,2"
24544503,"96,2"
86787111,"97,6"
97868185,"92,9"
70137084,..
23306658,..
11102578,"100,0"
94468610,"100,0"
90473340,"100,0"
64648904,"100,0"
75939593,"100,0"
51449748,"90,4"
28267726,"96,0"
71929526,"100,0"
71472793,"96,8"
69063711,"100,0"
35894996,..
65722876,"98,1"
49231191,"100,0"
13006857,"100,0"
16956086,..
88894245,..
44672598,..
99356671,..
29449669,"91,5"
91812793,"100,0"
14355031,"89,5"
46611859,"89,4"
65150019,"97,2"
47537928,"96,6"
44285075,"100,0"
68741484,..
72421673,..
15763669,..
18711877,"96,2"
61229217,..
70376604,"95,2"
40338843,..
16493131,"95,7"
83272868,"100,0"
16748680,"100,0"
92332557,"91,9"
78690637,"83,8"
90990441,..
49112879,"92,0"
43623146,..
18974693,"100,0"
28967085,..
33233228,..
94167577,"81,8"
27023528,"76,9"
97770837,..
29423248,"89,5"
33132452,..
17911161,..
35084976,..
77632411,"96,3"
53760158,"100,0"
78422467,"95,3"
75075402,"100,0"
46256929,"86,4"
83374651,"100,0"
30762346,..
15390992,"91,5"
85516596,..
95154882,..
24663703,..
28519815,"85,0"
65666808,.
24759907,"80,6"
35366805,"89,3"
89370947,"97,5"
64388538,"100,0"
17276047,..
48244956,"100,0"
43873969,"91,7"
19306558,"95,2"
45593337,..
25178582,"83,3"
70543431,"100,0"
56041144,"91,7"
90260899,..
33572033,"97,9"
95368476,"100,0"
76448076,"100,0"
28081446,"91,7"
21400668,"100,0"
92949043,"100,0"
31486865,"97,8"
97265732,"100,0"
50424828,"92,9"
11533776,"80,0"
99622695,..
51131594,"100,0"
89680395,"100,0"
53696633,"100,0"
27440210,"87,5"
62758285,"100,0"
57668673,..
63993414,..
49136871,..
53923398,"100,0"
74560191,..
36480690,"87,5"
24787883,..
52048443,"100,0"
43277545,"96,4"
66095163,"90,0"
54004368,"92,9"
31975673,..
99864908,..
49868916,"100,0"
44412461,"100,0"
49576295,..
45293715,"100,0"
77712952,..
10433896,"92,3"
43154449,"100,0"
46379730,"100,0"
46986216,"95,7"
16720048,"96,3"
31380193,..
85485803,"83,3"
88429477,..
98696836,"100,0"
49739986,"92,3"
29225010,"87,5"
56886667,"98,1"
62394916,..
67908927,"87,5"
18072172,..
11341077,"96,8"
77797484,"96,4"
80785976,"93,3"
21532545,"84,6"
51023367,..
43649848,"100,0"
74316305,"94,7"
84098842,"100,0"
17062663,"100,0"
71069359,"88,2"
48304166,"64,7"
92009807,"86,7"
93221031,..
17474377,"100,0"
55795961,..
84947634,"100,0"
68564903,..
18208087,"94,1"
41416934,"89,2"
21866405,"100,0"
25624692,..
25356960,"86,4"
98132436,.
40386043,..
44240250,"95,8"
75082798,"83,3"
91333138,"100,0"
12154972,"71,4"
15077883,..
48434184,..
19647256,..
93939982,..
55155562,"52,4"
24008049,"100,0"
59734510,..
19586169,..
24273261,..
89888648,..
90003262,"100,0"
36782335,"91,7"
67279303,"96,0"
21648755,"81,8"
90267145,..
61880907,"88,0"
88556189,"90,9"
72127035,..
70969714,"100,0"
31843016,..
29097621,"75,0"
16313848,"83,3"
86327236,..
86310217,"82,1"
69241230,..
80327946,"100,0"
70923626,..
92905347,..
30329172,"100,0"
47046103,"94,4"
17173461,..
19560192,.
98053087,..
46660042,"92,3"
38917647,..
98369689,"84,4"
17849518,..
40667807,..
69629086,"100,0"
31657916,..
46241804,"95,0"
29032715,"100,0"
19909435,..
85800840,"100,0"
39583059,"81,0"
38645259,..
39805497,"82,4"
83829189,..
84247499,"98,0"
97064126,.
48722826,..
71571158,"87,0"
73567152,"95,5"
84286698,..
23350817,..
87262566,"75,9"
56947954,"100,0"
72022487,"70,6"
70969556,..
86724994,"100,0"
39302565,"100,0"
61432781,"100,0"
14057258,..
81551726,..
52634142,"100,0"
76195214,..
70137084,"83,3"
92651253,..
26167236,..
28848709,"95,0"
49168016,"84,2"
28770304,"81,1"
17119840,"86,4"
61823258,..
86762103,..
76007769,"85,7"
88894245,..
47884009,..
75340089,..
36670439,"83,3"
72891848,..
83805032,"86,2"
31255918,"95,5"
35035671,"64,7"
53180719,..
17062663,"100,0"
88750078,"76,9"
85459854,"100,0"
61229217,..
93503103,"100,0"
14292382,..
87859089,..
16493131,"100,0"
48304166,..
27964873,"87,0"
30706655,..
78690637,..
24653673,"93,8"
87303004,"100,0"
97835550,..
22446331,"100,0"
40575001,"95,8"
76903284,"78,6"
81997762,..
42060237,.
89816391,"92,3"
38236800,..
85054102,"100,0"
87274273,"87,5"
16501673,..
26298615,"58,3"
50104466,..
59386837,"71,4"
73217812,..
16931486,..
13084253,"84,6"
82888663,"100,0"
11275959,"100,0"
27993549,"94,4"
90312942,"100,0"
19839859,..
29159460,..
43601850,..
14586562,..
74322969,"90,9"
90260899,"100,0"
31057219,"100,0"
27079521,..
34381901,..
95368476,..
84329061,..
71969230,..
91048178,..
10373112,..
65265211,..
19930101,"98,2"
33657492,..
53923398,"95,2"
69865450,..
37316242,.
20173336,..
49872493,..
39147056,"94,4"
85788659,..
95340745,..
59521477,..
54467211,"82,4"
82251333,..
63931325,"92,0"
75374280,..
46148350,..
50133877,"83,3"
90240730,"69,8"
84908877,..
34002355,..
18217765,..
92009807,"66,0"
90685868,..
56084099,"90,9"
39341381,.
29209307,"100,0"
92816527,..
15149235,..
77379848,..
34421265,"90,9"
18691102,..
70302356,"96,0"
24349146,"84,3"
83605345,..
47692481,..
85188855,..
85473846,"100,0"
98781765,"93,5"
56187883,..
51023367,..
52690153,..
93221031,"91,7"
61004230,..
71262305,..
68564903,"100,0"
89982804,"100,0"
74434644,"92,3"
18425335,"100,0"
23424275,..
34153869,..
75082798,..
27030026,"94,1"
15077883,..
39911065,..
56737496,"100,0"
87756916,"93,3"
19586169,..
24273261,..
59455288,..
25679488,"100,0"
35063170,..
36782335,"93,3"
37906565,..
21648755,"65,2"
49616977,"100,0"
72998905,..
69481650,"81,8"
12994441,..
30086854,"95,0"
38684438,"100,0"
73147554,"100,0"
35006050,"100,0"
10638939,..
71922787,..
44341171,..
32671805,..
79606767,"78,9"
11294673,..
86327236,"100,0"
28398531,"80,0"
54172830,..
56330385,"83,3"
42859669,"76,9"
92905347,..
47550455,"90,5"
17173461,..
98053087,"85,2"
92858957,"66,7"
44113417,..
18881773,..
94570025,"66,7"
54606928,"87,5"
42573391,..
97270136,..
30530571,..
40829056,..
38645259,..
87207941,..
11673760,"93,3"
38400227,..
27041885,"100,0"
97064126,..
67554405,"75,0"
86473502,..
98239050,"78,6"
94455820,..
78872213,"92,9"
23350817,..
87262566,..
41844601,"95,5"
23457902,..
57397381,"73,7"
72022487,..
28248021,..
44417214,"95,8"
49488344,..
14102256,"100,0"
43313366,"85,2"
37550979,..
76195214,"100,0"
60214465,"90,9"
11102578,"100,0"
84098842,"93,8"
63035915,"87,5"
26324896,"81,3"
50821167,..
77609073,"80,0"
68748767,..
25596917,"100,0"
20984584,..
25648215,..
11608031,..
86762103,..
68381790,"100,0"
16956086,..
22220001,..
15100079,..
16702464,..
72891848,..
69471748,"68,8"
99976753,..
14278480,"76,5"
51955293,"88,9"
12130801,..
53180719,..
68741484,"95,0"
41555549,..
75324351,..
28025244,..
40338843,..
16493131,"80,0"
48304166,"92,3"
24982097,..
68597767,..
30706655,..
78690637,"82,6"
87303004,..
14504503,..
77544055,"96,4"
76903284,..
15870428,"80,0"
81997762,..
42060237,..
14448619,..
27023528,..
33132452,"100,0"
56942970,..
97510495,"82,4"
15278518,"93,3"
38236800,..
24759907,"64,7"
16501673,"100,0"
79845033,..
41099519,"58,8"
59386837,..
55825382,..
59942080,..
90312942,..
14586562,..
27079521,..
34381901,..
96414537,..
14853321,"100,0"
86488203,"92,3"
92818240,"71,4"
71969230,..
76942525,..
50424828,"85,0"
12075195,"100,0"
65265211,..
33657492,"77,3"
61175914,..
57668673,..
69040241,"100,0"
53923398,"95,5"
47844862,"100,0"
69865450,"92,9"
90509211,"78,8"
37316242,..
50393060,..
85788659,..
54599691,"73,7"
27106031,"64,7"
63931325,..
57391913,..
46148350,..
96920524,..
70803636,"100,0"
23797825,"100,0"
90685868,"100,0"
80711021,"75,0"
39341381,..
31380193,.
25847233,"81,3"
16848652,..
36886750,"100,0"
67058407,..
98696836,"90,5"
64648566,"100,0"
83605345,..
15933512,"96,2"
47692481,"92,9"
85188855,..
85473846,"91,7"
53279140,"92,3"
51023367,..
52690153,..
17474377,..
18425335,"84,4"
19150273,"93,3"
64284020,..
23555409,..
73255276,..
58724424,..
31429031,..
87756916,"95,7"
59734510,..
19586169,..
31279294,..
11111710,"100,0"
90551279,"100,0"
69686851,"97,8"
59396229,"86,4"
85068812,..
36444853,"89,7"
65752105,..
10638939,..
88556189,..
44653962,"100,0"
87764775,"90,9"
66335258,"95,0"
44392995,"84,6"
80327946,..
42859669,..
92905347,..
19560192,..
56529916,"90,9"
12279302,"57,9"
17849518,..
77688926,"100,0"
37358234,..
42573391,..
97270136,..
30530571,..
96024712,"100,0"
40829056,..
39583059,"84,6"
46145886,..
48722826,..
97596286,"100,0"
67554405,"100,0"
86473502,..
64569393,"100,0"
87262566,..
23457902,..
44417214,..
86158933,..
36072799,"100,0"
81551726,..
76195214,..
23306658,..
17944628,"100,0"
26167236,"94,1"
64648904,"100,0"
53896162,"100,0"
11185244,"95,7"
69063711,..
35894996,"95,7"
68748767,..
20984584,..
31155312,"91,7"
61823258,..
79994304,..
11608031,..
67752682,"90,9"
91812793,"100,0"
14355031,"71,4"
72891848,..
25745773,..
14278480,"84,2"
28023078,"87,5"
13963517,..
51736304,..
53180719,"100,0"
72421673,"100,0"
41878314,..
18711877,..
90990441,..
42911621,..
26508763,"95,7"
14504503,..
81997762,..
34222422,..
84230226,..
94167577,..
33132452,..
63943560,"93,8"
85516596,"91,2"
38236800,..
59026584,"88,6"
65666808,"77,3"
80357110,"91,3"
16501673,..
73217812,"82,1"
36769815,"95,7"
65034473,..
29159460,..
14586562,..
95368476,..
86488203,..
25156286,..
71969230,..
91048178,..
76942525,..
50424828,..
60727136,..
45132264,"91,7"
73316818,"100,0"
91905819,"100,0"
36480690,..
24787883,"81,3"
69865450,..
31112935,..
49872493,..
92442684,..
82251333,..
84908877,..
24277564,..
96152872,..
44738639,"75,0"
96194948,"90,9"
25955541,"100,0"
90685868,..
80711021,"100,0"
31380193,..
90290154,..
92816527,"58,8"
98696836,..
64648566,..
18691102,..
15933512,"90,5"
47692481,..
85188855,..
85473846,..
53279140,..
80785976,..
56187883,"88,9"
71262305,..
19464342,..
23424275,"86,7"
88573795,"100,0"
73255276,"100,0"
58724424,..
31429031,"94,4"
25679488,.
36782335,..
21648755,"100,0"
69481650,"100,0"
95165649,"94,4"
12994441,..
10638939,..
44341171,"93,8"
32671805,.
28398531,"93,3"
80327946,"75,0"
70923626,..
47550455,"100,0"
38167912,..
80686587,"81,0"
62439199,"95,0"
19741742,"100,0"
30530571,..
11673760,"100,0"
38400227,"92,3"
83829189,..
97064126,..
62104139,"90,9"
41844601,"69,6"
70969556,..
44417214,..
14102256,"100,0"
54839753,..
26167236,"78,6"
63035915,"100,0"
77609073,"100,0"
68748767,..
20984584,.
11608031,..
68381790,"78,6"
75340089,..
91812793,"100,0"
72891848,..
22426680,"84,6"
53180719,..
60424371,"100,0"
41555549,..
78690637,"63,2"
87303004,..
26508763,"90,9"
76903284,"100,0"
81997762,..
14448619,..
27023528,"90,0"
38236800,..
30677562,"96,2"
55825382,..
92949043,"100,0"
84329061,..
91048178,..
76942525,..
16496466,..
69865450,..
37316242,"93,5"
28646435,"92,0"
92442684,"100,0"
84908877,..
14799321,..
56041699,..
80711021,"86,4"
15149235,..
15791044,..
15933512,"95,0"
47692481,..
85188855,..
53279140,"100,0"
68229719,..
65192707,"100,0"
30538202,"100,0"
40386043,"91,7"
34153869,..
51138448,..
25720752,"100,0"
31533003,"90,9"
36782335,..
54965510,"100,0"
69983740,..
70066748,"100,0"
68734112,..
53462953,..
30468157,..
96684210,"100,0"
40766349,..
31199511,..
11102578,..
17944628,"94,7"
75939593,"92,0"
56639389,"100,0"
69063711,..
65722876,"100,0"
31822012,"100,0"
58544422,"100,0"
12130801,..
78690637,"93,8"
30279258,"100,0"
26996566,..
94167577,..
41938272,"100,0"
49068301,..
88839172,"100,0"
88955893,"96,6"
42775003,"98,4"
32071849,..
90076461,"100,0"
31486865,..
63993414,..
32995170,"100,0"
32550660,"100,0"
49868916,..
74919147,..
36355200,..
88025221,"100,0"
46986216,"100,0"
65392939,..
56886667,"92,3"
77797484,"100,0"
47559319,..
93221031,..
71262305,..
97870412,"92,9"
18208087,..
83474173,..
88445871,..
64284020,"100,0"
98132436,..
88259298,..
17846181,..
16950252,"100,0"
48434184,..
56421429,..
17008320,..
56737496,..
55155562,..
95683850,"100,0"
35063170,.
67279303,"100,0"
90267145,..
16819383,"100,0"
53660780,"96,2"
51321260,"85,7"
58502307,"100,0"
70969714,..
81993306,"100,0"
16313848,..
54172830,..
86385479,..
92905347,..
47550455,"85,7"
20620556,..
17173461,..
46660042,..
46162400,..
18091973,..
19909435,"100,0"
30530571,..
38645259,..
39805497,..
83829189,"80,8"
48722826,..
60209222,..
84286698,..
87262566,..
56947954,"92,9"
72022487,"100,0"
74316305,..
72109637,..
81551726,..
82002016,..
23306658,"100,0"
69306209,"100,0"
12954099,..
26167236,..
66824652,..
49168016,..
92814975,..
25648215,.
13006857,..
16956086,..
47884009,..
55421481,..
16702464,..
32887559,"100,0"
15609112,..
39199869,..
88750078,..
41555549,..
81876614,..
67071618,"100,0"
75324351,..
58929357,"100,0"
93503103,"100,0"
17184072,..
77440824,..
16493131,"94,4"
41119610,"98,2"
97835550,..
42911621,..
75027822,"87,5"
21850904,"100,0"
12546590,"90,5"
18451445,..
59386837,..
16931486,..
70132092,..
66273269,"100,0"
37912396,..
90312942,..
19839859,..
67628478,..
86351879,..
69302313,..
31057219,..
64579522,.
34381901,..
96414537,..
95368476,..
31537066,..
84329061,"100,0"
65265211,.
71938440,"100,0"
33657492,..
27859889,"100,0"
69865450,..
49872493,..
95340745,..
59521477,..
54467211,"100,0"
59463950,..
75374280,..
46148350,..
60919765,..
96152872,"90,9"
68824244,..
56084099,..
39341381,..
94975733,..
56802300,..
77379848,..
13981977,..
34421265,..
23175129,.
18691102,..
47692481,..
20768651,..
98781765,..
95069937,"100,0"
42218661,.
16554575,.
19912478,.
30086854,.
26627862,.
98052678,.
61826221,.
54395430,.
80686587,.
46574937,.
98239050,.
56021320,.
31199511,.
56639389,.
78986228,.
30361243,.
50906954,.
65674821,.
26671095,.
25525759,.
77632411,.
89693952,.
30615080,.
32550660,.
77712952,.
92805465,.
65421426,.
82814120,"72,2"
13006857,..
21567982,..
49379603,..
80167319,..
88534520,"96,9"
82814120,"95,6"
39936461,"96,3"
59734510,..
59455288,..
82163292,"87,0"
88163512,"75,8"
31279294,..
36782335,"93,3"
69686851,"100,0"
95165649,"100,0"
35236491,"96,7"
50696507,"81,5"
38448056,"100,0"
83085136,"100,0"
85544331,"100,0"
19560192,..
21363125,..
78659008,"77,8"
18091973,"89,5"
88624631,"87,0"
35390185,..
40829056,..
65662401,"98,2"
75344502,"75,0"
32580162,"87,0"
61547652,"97,9"
62490359,"92,3"
64725297,"86,2"
43362941,"91,3"
23457902,..
27597104,"91,3"
77823650,"96,2"
52634142,"100,0"
32705515,"81,6"
23306658,"94,3"
26167236,..
11185244,"91,7"
56211717,"70,0"
32042066,..
92814975,..
20984584,..
61823258,..
39178171,"100,0"
25745773,"98,5"
43284031,"100,0"
26267406,..
53180719,..
56267421,"100,0"
34990065,"98,2"
32003298,"100,0"
42517257,"84,4"
86896907,"100,0"
14292382,"97,7"
54764253,"92,3"
97104132,"100,0"
46332927,"100,0"
86319615,"100,0"
22446331,"100,0"
76903284,..
34222422,..
98815582,"96,0"
59026584,"98,9"
52333875,"93,0"
92489953,"92,6"
82888663,"100,0"
11275959,"100,0"
50615280,"88,9"
19035583,"97,4"
80280597,..
89630851,..
14586562,..
65234368,"98,4"
76942525,..
25698509,"97,4"
16496466,..
65265211,..
61175914,..
63451147,"100,0"
31112935,"78,9"
20173336,"84,6"
38544187,"89,4"
23517683,"94,7"
88956420,..
14677676,"100,0"
98032567,..
25955541,"94,3"
24501884,"83,7"
25847233,"90,9"
34421265,"100,0"
33249781,"92,9"
64693272,..
61004230,"100,0"
71262305,"100,0"
55795961,..
84947634,..
48009865,"100,0"
18208087,"100,0"
19464342,..
60743463,..
32960825,"100,0"
91748148,"100,0"
42022406,..
65192707,"98,4"
43634528,"99,2"
53400472,"92,9"
97758137,"95,2"
26334561,"100,0"
40386043,"100,0"
59483268,"95,0"
21663998,"97,8"
20595770,"100,0"
45164827,"100,0"
34153869,"100,0"
17846181,..
75082798,"100,0"
34637764,"97,2"
48434184,"100,0"
95684185,"96,9"
17008320,"100,0"
25720752,"100,0"
55155562,"92,3"
23164911,"96,1"
19981611,..
19586169,"100,0"
24273261,..
59455288,..
25677996,"100,0"
35063170,"100,0"
31279294,..
36782335,"100,0"
23897040,..
20666515,"100,0"
54965510,"98,9"
84835666,"96,4"
64740897,..
78979604,..
85068812,..
78397312,"100,0"
89837629,"100,0"
12994441,"95,5"
88774402,"100,0"
75141151,"100,0"
84306392,"97,7"
26627862,"100,0"
72517762,"100,0"
38684438,"95,5"
35647481,"94,6"
69983740,"100,0"
66491596,"100,0"
12052268,"100,0"
71597051,"100,0"
40690520,"100,0"
21505555,"97,5"
70066748,"100,0"
19207279,"100,0"
53640774,"100,0"
72127035,"100,0"
74148070,"100,0"
19051089,"100,0"
98052678,"91,5"
16313848,"100,0"
11294673,"100,0"
86327236,..
83137205,"100,0"
54172830,"95,5"
65136104,..
56330385,..
20228162,"100,0"
53462953,"93,5"
60730660,"100,0"
82592568,"100,0"
78875918,"100,0"
86385479,..
49862313,"92,3"
42859669,"95,2"
99592025,"100,0"
47550455,"97,5"
47046103,"100,0"
58125096,"94,1"
82914148,..
20620556,..
17173461,..
30468157,"100,0"
61528940,"95,7"
92858957,"100,0"
86296935,..
44113417,"97,4"
39555838,..
85214294,..
82084961,"100,0"
51210136,"97,5"
80686587,"100,0"
91984508,"97,1"
40667807,"100,0"
88466776,"100,0"
57942242,"100,0"
77688926,"98,8"
29032715,"100,0"
48931433,"100,0"
96024712,"98,6"
30458073,..
27115998,"100,0"
79516949,"100,0"
87207941,"90,9"
46574937,"95,8"
63791419,"96,6"
81619482,"100,0"
90006712,"100,0"
39149668,"100,0"
38233622,"91,7"
48722826,"100,0"
98239050,"100,0"
61547652,..
87034307,"98,8"
78872213,"100,0"
76860623,"100,0"
64160122,"100,0"
56947954,"96,2"
72022487,..
71512894,"100,0"
28248021,"100,0"
44417214,"93,3"
88776535,"100,0"
71043974,"100,0"
57777751,..
89807183,"100,0"
96818167,"94,1"
67300857,"90,9"
99279503,..
63653488,..
84476205,"100,0"
69240218,..
12934438,"98,6"
43313366,"100,0"
82002016,"100,0"
23306658,"100,0"
69306209,"100,0"
94090461,"100,0"
80931789,"100,0"
69807202,"100,0"
75939593,"99,1"
56639389,"99,4"
95700485,"100,0"
53896162,"98,4"
17779637,"100,0"
66824652,..
49168016,"100,0"
60873719,"100,0"
21938183,"96,3"
69063711,..
12926770,"95,2"
68748767,..
23548714,"94,1"
48593439,"81,3"
91773491,"94,9"
30361243,"100,0"
25596917,"96,0"
65722876,"92,6"
65381163,"100,0"
84424083,"100,0"
78231062,"100,0"
10481541,"100,0"
68381790,"100,0"
13006857,"100,0"
16956086,"100,0"
58187973,"100,0"
31870541,..
44672598,"100,0"
31822012,..
83161201,"100,0"
16702464,..
36252055,"100,0"
58907711,"100,0"
71541108,"90,9"
69471748,..
76485705,"100,0"
93239262,"100,0"
75575321,"100,0"
24194577,..
51955293,"86,2"
51736304,"100,0"
95785055,"100,0"
68655578,"94,4"
37054246,..
39199869,"100,0"
59655752,"91,7"
41555549,..
81876614,"100,0"
67071618,..
75324351,..
61229217,"100,0"
59575030,"100,0"
77440824,"94,4"
14292382,"100,0"
87859089,"100,0"
98908403,"100,0"
16493131,"100,0"
83272868,"100,0"
45552626,"100,0"
16748680,"100,0"
65674821,"100,0"
38048202,"100,0"
65320354,"98,4"
76903284,"100,0"
49141105,"92,3"
26996566,..
27704246,"96,0"
69747871,..
79346084,"100,0"
14448619,"100,0"
43565270,"82,6"
52791537,"100,0"
85819857,"100,0"
54117171,"100,0"
48120273,"100,0"
94167577,"80,0"
53903798,..
69650864,"100,0"
41938272,"100,0"
76054399,"95,5"
60142020,..
70811222,..
17911161,"95,2"
35084976,"95,5"
77632411,"100,0"
49068301,"100,0"
38195284,"100,0"
97510495,"100,0"
89461767,"94,1"
94717858,"100,0"
53760158,"100,0"
37802196,..
36288955,"98,4"
74812809,"100,0"
88839172,"100,0"
95618280,"96,1"
26326048,"100,0"
37839488,"96,2"
59796774,..
75600007,"100,0"
73812226,"97,1"
82964090,"98,8"
24339566,"95,8"
65458415,..
52333875,"100,0"
69543519,"100,0"
24759907,"72,0"
31315191,"100,0"
56670842,"96,7"
48555205,"100,0"
31313926,..
30312720,"100,0"
32116280,..
53175499,"100,0"
52153758,"100,0"
22116645,"98,0"
30167976,"100,0"
50104466,..
28004794,..
32071849,"100,0"
41099519,"100,0"
59386837,..
21382451,"100,0"
43873969,"100,0"
24993048,"93,8"
66273269,..
11275959,"100,0"
58518163,..
37912396,"100,0"
45593337,"71,4"
10226870,"100,0"
32057701,"100,0"
30615080,"100,0"
70543431,..
23476801,..
86351879,"100,0"
74322969,..
90260899,..
31057219,"100,0"
27079521,"100,0"
64579522,..
34381901,"100,0"
55150847,"97,1"
53069733,"100,0"
99394620,"100,0"
76448076,"100,0"
84329061,"100,0"
82718660,..
31486865,"100,0"
97265732,"100,0"
61720981,"100,0"
98651664,"100,0"
33657492,"100,0"
37078868,..
16130958,"98,6"
77713695,"96,9"
16218090,"100,0"
23544320,"99,0"
49136871,..
20855811,"93,3"
53923398,"100,0"
74560191,..
47844862,"98,2"
72984079,"93,8"
52048443,..
61674097,..
32550660,"97,5"
93488613,..
45600034,..
59599256,"98,9"
26957025,"99,3"
90509211,..
11953769,..
50393060,"100,0"
95340745,..
54004368,"98,5"
31975673,"100,0"
82251333,"95,0"
63931325,.
57391913,"95,2"
46148350,"100,0"
50133877,"100,0"
74919147,"100,0"
24277564,..
44412461,"100,0"
18217765,"100,0"
49576295,"100,0"
49170638,"100,0"
25379974,..
88025221,"100,0"
18042101,"93,8"
56041699,..
70955448,"100,0"
46707989,"100,0"
61176909,"100,0"
21778322,"100,0"
62612992,"82,8"
94975733,"100,0"
56802300,..
15149235,"94,4"
13981977,..
67058407,"100,0"
15791044,"100,0"
64908550,"100,0"
77358716,"100,0"
92192566,..
56886667,"100,0"
65421426,"100,0"
62394916,..
72071234,"98,0"
64693272,..
65833454,"100,0"
34988313,"98,9"
38880984,"94,4"
18686599,"100,0"
47559319,"100,0"
20752831,"68,8"
51023367,..
34739511,"100,0"
52690153,..
61004230,..
19464342,..
43609520,..
83474173,..
91487291,..
88445871,"93,8"
23424275,"97,1"
40386043,..
33685428,..
75082798,..
34637764,"94,1"
15077883,..
19647256,"92,9"
16361868,..
19586169,..
25679488,..
31279294,..
36782335,"100,0"
90551279,"84,2"
93062368,..
15414001,"85,5"
38311488,"90,6"
74148070,..
32671805,"87,9"
79606767,..
65136104,..
80327946,"90,5"
86385479,..
70923626,..
47550455,..
20620556,..
19560192,..
46660042,..
40810950,"85,2"
17849518,..
66132676,"88,5"
19741742,..
97270136,"100,0"
30530571,"91,7"
11673760,"95,0"
38400227,..
60209222,"84,2"
23350817,..
87262566,..
41844601,"93,3"
57397381,"100,0"
72022487,..
44417214,"100,0"
86158933,"91,7"
78287294,"90,5"
32705515,"100,0"
23306658,..
31740319,"100,0"
63035915,"84,9"
50821167,..
92814975,.
68748767,..
20984584,..
11608031,"78,6"
76007769,"77,8"
88894245,..
47884009,"83,3"
75340089,..
31796890,..
69471748,"47,6"
60424371,"100,0"
37054246,..
18711877,..
28025244,..
16493131,..
48304166,..
68597767,..
38048202,"91,7"
40575001,..
12496135,..
42060237,..
56653353,"100,0"
31998226,..
24397215,"86,4"
30677562,"89,3"
79845033,..
21627442,"100,0"
16931486,..
19306558,..
37912396,..
29159460,..
89630851,"100,0"
69302313,..
27079521,..
14853321,..
92949043,"100,0"
71969230,..
61720981,..
16496466,..
62300682,"78,9"
61175914,..
61197669,..
37316242,"72,7"
54599691,..
27106031,..
63931325,..
57391913,..
70803636,..
14799321,"92,0"
16720048,"100,0"
31380193,..
92816527,..
15149235,..
82160887,..
15933512,"96,8"
12198363,..
18072172,..
85188855,..
39528347,..
53279140,"100,0"
56187883,..
51023367,..
68229719,"100,0"
71262305,"100,0"
55795961,..
84947634,..
48009865,"100,0"
82840198,"97,6"
19464342,..
60743463,..
97968599,"100,0"
42218661,"100,0"
74434644,"98,7"
36263479,"100,0"
19150273,"90,9"
53400472,..
97758137,"92,3"
26334561,"93,9"
40386043,"97,9"
59483268,"100,0"
32879845,"100,0"
88573795,..
20595770,"96,3"
82814120,"100,0"
45164827,"100,0"
10924758,"93,8"
34153869,"100,0"
17846181,..
75082798,"92,5"
23555409,"98,3"
72266906,"93,4"
34637764,..
19912478,"100,0"
15077883,"86,7"
48434184,"89,5"
51138448,"100,0"
93939982,"97,4"
25720752,"100,0"
55155562,"100,0"
31533003,"100,0"
16361868,..
19981611,..
19586169,"100,0"
24273261,"100,0"
59455288,..
25679488,"100,0"
35063170,..
31279294,..
36782335,"100,0"
20666515,"100,0"
21648755,"97,6"
11111710,"100,0"
49616977,"95,5"
54965510,"100,0"
54164490,"100,0"
20319353,"83,7"
92194545,"98,4"
64740897,..
78979604,..
85068812,"100,0"
78397312,"100,0"
36444853,"92,6"
89837629,"100,0"
12994441,"100,0"
88774402,"98,3"
75141151,"97,1"
28627819,"98,1"
26627862,"100,0"
48847282,"100,0"
72517762,..
38684438,"100,0"
31251822,"96,2"
90099336,..
69983740,"100,0"
12052268,"100,0"
71597051,"100,0"
40690520,"100,0"
97382366,"100,0"
10638939,"73,9"
21052710,"98,2"
88834120,"100,0"
19207279,"100,0"
53640774,"100,0"
72127035,"100,0"
68734112,"100,0"
92507006,"100,0"
44653962,"100,0"
50198492,"100,0"
16313848,"93,8"
11294673,"100,0"
86327236,..
41745951,"98,5"
83137205,"91,7"
28398531,..
66335258,"87,5"
54172830,"95,0"
75458014,"100,0"
65136104,..
56330385,"93,8"
20228162,"100,0"
53462953,"97,7"
60730660,"100,0"
82592568,"100,0"
86385479,..
49862313,"92,0"
99838438,..
42859669,"80,3"
99592025,"100,0"
34247736,"100,0"
76877530,..
47046103,..
58125096,"96,2"
82914148,..
20620556,"100,0"
17173461,..
30468157,"100,0"
66861851,"99,2"
92858957,"100,0"
44113417,"95,0"
67783774,..
39555838,..
85214294,"100,0"
82084961,"87,5"
73829818,"100,0"
18881773,..
78295411,"100,0"
12279302,"86,4"
50500028,"98,2"
18091973,"100,0"
88466776,"100,0"
40634612,"100,0"
37358234,"76,9"
21008461,"100,0"
53893730,"95,4"
42573391,..
64574972,"100,0"
45830583,..
48931433,"100,0"
30530571,"99,0"
78839208,"100,0"
30458073,..
68920727,"100,0"
27115998,"92,9"
79516949,"100,0"
96684210,"96,8"
87207941,"92,3"
23836342,"97,4"
12395564,"100,0"
39149668,"100,0"
48722826,"100,0"
40766349,"86,4"
67554405,"100,0"
73944169,"100,0"
94455820,..
62104139,"100,0"
78872213,"100,0"
58191646,"96,8"
63179610,"100,0"
64569393,"100,0"
48217580,"96,4"
57397381,"100,0"
72022487,"100,0"
71512894,"100,0"
28248021,"95,8"
44417214,"100,0"
25025681,"100,0"
71043974,"94,8"
57777751,..
61161774,"98,5"
75914181,"91,7"
99279503,"100,0"
63653488,..
25392789,"100,0"
69240218,"100,0"
38460895,"100,0"
31199511,"100,0"
43313366,"100,0"
37550979,..
70137084,"100,0"
23306658,"100,0"
11102578,"100,0"
17944628,"100,0"
94090461,"100,0"
64648904,"100,0"
75939593,"100,0"
26324896,"100,0"
56639389,"100,0"
95700485,"100,0"
53896162,"99,0"
17779637,"100,0"
71929526,..
60873719,"100,0"
28085125,"93,8"
21938183,"97,6"
69063711,..
77609073,..
35894996,"95,2"
12926770,"100,0"
68748767,"100,0"
23548714,"95,0"
48593439,"96,2"
91773491,"100,0"
30361243,"98,7"
25596917,"85,5"
65722876,"93,7"
65381163,"96,8"
31155312,"84,8"
84424083,"100,0"
78231062,"100,0"
10481541,"89,6"
68381790,"95,8"
13006857,"100,0"
16956086,"96,4"
58187973,..
31870541,"94,4"
44672598,"100,0"
31822012,"100,0"
99356671,..
16702464,..
29449669,"100,0"
62855448,"100,0"
91812793,"100,0"
58907711,"98,3"
68285560,"100,0"
58544422,"100,0"
69471748,"100,0"
49750031,"100,0"
93239262,"100,0"
75575321,"100,0"
28023078,"100,0"
24194577,..
57690933,"98,5"
12130801,"100,0"
95785055,"100,0"
68741484,"98,6"
37054246,"100,0"
72421673,"100,0"
15763669,..
59655752,"95,0"
41555549,"100,0"
85459854,"97,9"
67071618,..
75324351,..
61229217,"88,2"
18617410,"98,3"
40338843,"100,0"
14292382,"100,0"
87859089,"100,0"
98908403,"85,7"
16493131,"100,0"
83272868,"100,0"
11526364,"91,2"
45552626,"100,0"
16748680,"100,0"
92332557,"94,1"
78690637,"98,4"
30279258,"98,8"
76903284,"96,2"
49141105,"100,0"
18974693,"99,2"
26996566,..
69747871,..
31151740,"95,2"
79346084,"95,5"
89816391,"100,0"
43565270,"94,7"
77176811,"98,7"
52791537,"100,0"
52942981,"100,0"
48120273,"100,0"
94167577,"96,2"
27023528,"93,8"
53903798,"84,2"
97770837,"93,3"
69650864,"100,0"
59581397,"100,0"
41938272,"100,0"
29423248,"98,8"
33132452,"82,9"
70811222,..
17911161,"94,3"
35084976,..
77632411,"100,0"
49068301,"89,5"
59898194,"100,0"
38195284,"98,1"
97510495,"100,0"
89461767,"100,0"
94717858,"100,0"
36288955,"100,0"
74812809,"96,7"
88839172,"100,0"
48412612,"98,6"
75075402,"93,4"
26326048,"90,9"
37839488,"94,5"
59796774,..
17675502,"100,0"
75600007,"100,0"
73812226,"95,0"
88955893,"100,0"
63943560,"93,8"
85516596,"88,2"
16784385,"96,3"
89963319,..
24339566,"96,6"
65458415,..
95154882,..
28519815,"100,0"
69543519,.
24759907,"98,2"
31315191,"100,0"
42775003,"98,9"
48555205,"93,5"
32116280,..
57143976,"98,7"
53175499,..
64388538,"100,0"
52153758,"100,0"
22116645,..
99755443,"100,0"
30167976,..
50104466,..
28004794,..
32071849,"97,2"
79845033,"100,0"
41099519,"100,0"
59386837,..
21382451,"100,0"
36769815,..
43873969,"100,0"
35301145,"97,5"
59942080,"100,0"
66273269,"100,0"
11275959,..
58518163,"100,0"
37912396,"100,0"
45593337,"100,0"
19839859,..
30615080,"84,2"
25178582,"100,0"
23476801,..
56041144,"97,6"
74322969,"100,0"
90260899,"100,0"
31057219,"100,0"
27079521,"100,0"
64579522,"100,0"
34381901,"100,0"
55150847,..
90076461,"100,0"
53069733,"100,0"
95368476,"100,0"
76448076,.
86488203,"92,7"
25156286,"94,4"
28081446,"97,2"
92949043,"97,5"
91048178,"93,3"
82718660,..
12399380,..
31486865,"100,0"
97265732,"100,0"
61720981,"96,7"
50424828,..
47393891,"97,3"
48414975,"100,0"
47108751,..
33657492,"100,0"
82195565,"100,0"
77713695,"100,0"
64667996,"100,0"
23544320,"100,0"
69040241,..
63993414,..
20855811,"94,1"
53923398,"95,3"
74560191,..
47844862,"93,8"
72984079,"93,9"
36480690,"89,5"
32995170,"91,3"
52048443,..
61674097,"92,5"
32550660,"100,0"
93488613,"80,0"
45600034,..
59599256,"99,0"
26957025,"97,9"
90509211,"100,0"
50393060,"95,7"
85788659,"92,3"
95340745,..
59521477,..
92442684,"91,7"
54599691,"91,8"
31975673,"100,0"
99864908,"100,0"
63931325,..
57391913,"100,0"
46148350,"100,0"
49868916,"97,0"
74919147,"100,0"
78389879,"92,3"
24277564,..
44412461,"98,4"
36355200,"100,0"
70803636,"100,0"
77712952,"92,5"
10433896,"97,3"
49170638,"100,0"
46379730,"95,8"
25379974,"100,0"
88025221,"99,4"
18042101,"100,0"
56041699,..
45111086,"100,0"
70955448,"100,0"
67924816,"100,0"
56084099,..
13960635,"98,7"
61176909,"100,0"
21778322,"95,8"
85485803,"91,5"
88429477,"100,0"
56802300,"100,0"
15149235,"94,1"
24538846,"100,0"
67058407,"77,8"
15791044,"100,0"
65392939,"91,8"
77358716,"92,7"
49739986,"80,0"
92192566,"97,0"
56886667,"97,1"
64648566,"100,0"
65421426,"97,0"
62394916,"100,0"
72071234,"100,0"
15933512,"94,1"
64693272,..
18072172,..
65833454,..
28045567,"98,8"
18686599,"96,2"
93779220,"100,0"
80785976,"92,9"
47559319,"100,0"
56187883,"100,0"
20752831,"88,5"
51023367,..
52690153,..
36782335,..
96279444,"94,1"
19560192,..
31657916,..
85800840,"100,0"
20061769,"100,0"
77358716,"100,0"
18345915,"100,0"
71262305,"100,0"
55795961,..
48009865,"100,0"
18208087,"87,5"
60743463,..
32960825,"100,0"
91748148,"85,2"
42022406,"89,5"
65192707,"96,0"
69018222,"60,7"
12889940,"98,1"
40386043,"96,6"
21663998,"100,0"
88259298,"100,0"
17846181,..
75082798,"84,6"
23555409,"95,2"
30341162,"100,0"
16950252,"100,0"
15077883,..
48434184,..
56421429,"100,0"
17008320,"100,0"
25720752,"90,9"
55155562,"94,1"
23164911,"98,2"
36680097,..
95683850,"100,0"
89888648,"93,6"
35063170,..
31279294,..
36782335,"100,0"
23897040,..
37906565,..
90551279,"99,0"
69686851,..
85068812,..
16819383,"100,0"
89837629,"94,4"
72517762,..
79094701,"100,0"
66491596,"100,0"
12052268,"100,0"
53231578,"97,0"
96279444,"83,6"
40690520,"100,0"
35006050,"100,0"
21052710,"100,0"
58502307,"100,0"
97177328,"96,9"
70969714,"100,0"
81993306,"92,1"
47264019,"100,0"
16313848,"96,3"
86327236,..
28398531,"86,7"
79033948,"100,0"
68240485,"100,0"
78875918,"98,3"
86385479,..
49862313,..
99838438,"100,0"
42859669,"90,9"
99592025,"97,8"
47550455,"100,0"
58125096,"96,6"
30468157,"100,0"
72206824,"98,1"
92858957,"100,0"
44113417,"96,2"
39555838,..
82084961,"94,3"
46162400,"88,2"
67279263,"98,4"
18594470,"98,4"
40667807,..
88466776,..
40634612,..
14508922,"95,5"
29032715,"96,6"
19909435,"96,6"
96024712,"97,6"
27115998,"100,0"
41867682,"87,5"
79516949,"95,2"
46574937,"96,5"
39805497,"96,7"
81619482,"100,0"
90006712,..
39149668,..
48722826,"100,0"
53691739,"100,0"
43251309,"90,9"
87034307,"97,3"
78872213,..
80405898,"100,0"
51620045,"92,9"
86888278,"100,0"
56947954,"100,0"
72022487,"100,0"
71512894,"93,3"
28248021,.
44417214,"85,7"
88776535,"97,5"
71043974,"100,0"
89807183,"90,0"
39302565,"92,9"
79527481,"93,3"
69240218,..
86787111,"96,4"
77823650,..
82002016,"100,0"
97535124,"100,0"
69306209,"100,0"
12954099,"97,1"
90473340,"100,0"
51449748,"96,3"
12613085,"100,0"
53896162,"96,4"
66824652,"85,0"
49168016,"95,7"
60873719,"100,0"
69063711,..
77609073,..
52129378,"100,0"
65381163,"94,2"
68381790,..
13006857,"100,0"
16956086,"100,0"
31870541,"100,0"
44672598,"100,0"
83161201,"87,9"
16702464,..
29449669,"86,2"
36252055,"100,0"
14355031,"91,7"
53832505,"97,6"
69471748,..
43284031,"86,7"
26267406,..
51955293,"100,0"
51736304,"90,9"
44285075,..
68655578,"83,9"
37054246,..
39199869,"96,8"
88750078,"100,0"
41555549,"100,0"
81876614,"100,0"
67071618,"100,0"
75324351,..
59575030,"94,7"
77440824,"95,5"
51981332,"100,0"
87859089,..
98908403,"90,9"
16493131,"86,7"
11526364,"100,0"
38048202,"100,0"
26671095,"100,0"
65320354,"100,0"
76903284,"94,1"
15870428,"100,0"
26750052,"97,8"
12546590,"100,0"
54117171,"98,0"
94167577,"81,4"
27023528,"100,0"
17911161,..
35084976,..
49068301,"93,8"
94717858,"96,9"
46256929,"91,1"
73812226,"73,3"
15390992,"100,0"
63943560,"93,3"
78433202,"86,4"
31313926,"98,1"
30312720,"96,6"
32116280,"96,6"
57143976,"100,0"
93367005,"96,5"
50104466,..
79845033,"92,9"
41099519,..
59386837,..
17276047,"84,6"
48244956,"95,5"
13084253,"97,4"
58518163,"100,0"
27993549,"93,3"
37912396,..
45593337,"80,6"
67628478,"100,0"
37517404,..
25178582,"92,3"
86351879,..
74322969,..
90260899,..
31057219,"100,0"
27079521,"100,0"
64579522,..
53069733,"83,3"
99394620,"94,1"
31537066,"100,0"
21400668,"100,0"
84329061,"94,1"
91048178,"100,0"
31486865,"100,0"
97265732,"100,0"
61720981,"96,0"
82931004,..
28829503,"97,8"
33657492,"88,9"
33596572,"100,0"
57668673,"100,0"
20855811,"95,7"
53923398,"100,0"
72984079,"97,4"
36480690,"100,0"
52048443,"100,0"
50393060,"100,0"
95340745,..
59521477,..
66095163,"85,7"
54004368,"98,3"
31975673,"100,0"
59463950,"100,0"
63931325,..
75374280,"95,0"
46148350,..
50133877,"100,0"
44412461,"100,0"
18217765,"93,1"
66028861,"100,0"
10433896,"100,0"
43154449,"100,0"
68824244,"95,2"
43479922,"95,5"
28391147,"88,2"
62612992,"97,2"
94975733,..
56802300,..
15149235,..
13981977,..
67058407,..
15791044,..
65392939,"98,2"
29225010,"81,3"
24349146,"96,9"
83605345,..
64693272,..
18072172,..
20768651,"97,9"
28872974,"93,2"
80785976,..
21532545,..
20752831,"100,0"
34739511,"100,0"
68824244,..
68564903,"100,0"
88445871,"100,0"
98132436,"90,5"
59483268,..
12154972,"71,4"
59734510,..
59455288,..
89888648,..
36782335,..
20666515,..
90551279,"100,0"
93062368,..
90267145,..
16819383,..
51321260,"81,1"
88556189,..
31843016,..
87764775,..
16313848,..
65136104,..
69241230,..
80327946,"86,4"
86385479,..
42859669,"100,0"
92905347,..
30329172,..
19560192,..
82084961,"92,9"
73829818,..
14508922,..
19741742,..
19909435,"100,0"
85800840,..
39583059,"71,4"
38645259,..
38400227,"58,8"
86473502,..
73567152,"76,9"
23457902,..
72022487,..
44417214,..
86724994,..
78287294,..
81551726,..
76195214,..
82826083,..
26167236,..
63035915,"96,2"
17119840,"100,0"
20984584,..
25648215,..
68006362,"73,1"
86762103,..
58187973,..
88894245,..
22220001,..
72891848,..
48862305,"100,0"
26267406,..
53180719,..
15609112,..
62216381,..
85459854,"92,3"
41697930,"96,2"
78690637,..
97835550,..
42911621,"100,0"
42060237,..
14926020,"78,9"
31998226,..
79829846,"97,6"
41631104,..
16931486,..
19839859,.
43601850,..
96414537,..
99394620,..
84329061,"100,0"
65265211,..
61647360,..
45541222,"100,0"
91905819,..
54882637,..
72984079,"58,8"
69865450,..
49872493,..
54467211,"100,0"
82251333,..
34002355,..
10342448,"100,0"
60088179,"87,5"
90290154,..
18691102,..
24349146,"90,5"
47692481,.
18072172,..
29744774,..
32239920,..
68229719,"100,0"
84947634,..
68564903,"94,1"
82840198,..
32960825,"100,0"
83474173,..
74434644,"100,0"
93281974,"94,1"
23424275,..
19150273,..
26334561,"84,2"
59483268,..
73098153,"91,7"
17846181,..
75082798,..
34637764,"88,2"
15077883,..
48434184,..
88850910,"100,0"
25720752,"100,0"
31533003,..
31429031,"100,0"
19586169,..
95683850,"100,0"
59455288,..
25677996,..
36782335,"100,0"
37906565,..
90551279,"100,0"
90267145,..
72998905,"100,0"
96590873,"92,9"
88556189,..
72127035,..
85003442,"100,0"
44653962,"100,0"
87764775,..
48438396,"97,6"
32671805,..
16313848,"95,2"
11294673,..
66335258,..
78875918,"96,2"
78023197,"96,3"
70923626,"100,0"
92905347,..
34247736,"95,2"
38167912,..
19560192,..
46660042,"88,9"
85214294,..
40037982,"93,3"
12279302,"100,0"
40667807,..
80762863,"83,3"
31657916,..
64574972,"100,0"
48931433,"100,0"
96024712,..
40829056,..
38645259,..
11673760,"85,0"
63791419,"88,6"
46145886,..
27041885,"100,0"
97596286,"91,2"
67554405,"100,0"
86473502,..
84286698,..
76860623,"90,5"
57397381,"100,0"
72022487,"100,0"
28248021,..
44417214,..
14102256,"100,0"
75914181,"94,1"
99279503,"95,7"
76195214,"100,0"
21901328,"84,2"
23306658,..
31740319,"93,3"
69807202,"98,1"
63035915,"100,0"
32042066,"100,0"
92814975,..
35894996,"100,0"
20984584,..
25648215,..
68006362,"96,2"
13006857,"100,0"
16956086,"100,0"
71160225,..
75340089,..
36670439,"92,9"
22220001,..
99356671,"71,4"
16702464,..
72891848,..
71541108,"88,9"
28023078,"100,0"
13963517,..
51955293,"100,0"
12130801,..
53180719,"100,0"
68741484,..
31179045,"92,0"
41555549,..
18711877,"100,0"
75324351,..
70376604,"91,7"
14292382,..
16493131,"95,5"
48304166,..
65674821,"100,0"
38048202,"100,0"
87303004,"100,0"
97835550,..
26508763,"100,0"
14504503,..
16198647,"98,6"
12496135,..
76903284,"76,9"
68649663,"94,6"
81997762,..
42060237,..
53903798,"100,0"
97770837,"83,3"
33132452,"79,2"
59898194,..
95618280,"90,9"
65458415,..
16501673,..
59386837,..
16931486,..
32321364,..
27993549,..
37912396,..
90312942,"100,0"
19839859,..
29159460,..
43601850,..
14586562,..
69302313,"100,0"
31057219,"100,0"
64579522,..
34381901,..
96414537,..
31537066,"100,0"
84329061,"100,0"
71969230,..
61720981,"100,0"
50424828,"90,5"
65265211,..
97191332,"96,6"
33657492,..
17812651,"100,0"
22239675,"100,0"
59599256,"90,3"
49872493,..
11953769,..
50393060,..
95340745,..
92442684,"79,4"
54599691,"90,9"
54467211,..
99864908,"75,0"
63931325,..
46148350,..
49868916,"94,7"
84908877,..
24277564,..
36355200,"100,0"
77835341,"100,0"
77712952,"90,0"
56041699,..
90685868,"100,0"
60088179,"76,0"
21778322,"89,5"
90290154,..
25847233,"100,0"
16848652,..
56802300,..
77379848,..
67422309,..
15791044,..
65421426,"100,0"
12198363,..
47692481,..
64693272,..
89690587,"92,9"
87112995,"92,9"
51023367,..
52690153,..
38683336,"100,0"
