skolkod,andel_med_studiebevis
93221031,..
17474377,..
74776778,..
18345915,..
68229719,..
61004230,..
71262305,..
55795961,.
84947634,..
23517336,.
48009865,"10,4"
97870412,.
68564903,..
82840198,..
18208087,..
89982804,.
19464342,.
60743463,.
32960825,..
43609520,..
41416934,.
97968599,..
21567982,..
91748148,"11,5"
49379603,.
80167319,.
42218661,..
73171934,.
83474173,..
91487291,.
21866405,..
74434644,"14,0"
42022406,..
88445871,..
65192707,..
18425335,"13,1"
93281974,..
23424275,..
43634528,..
36263479,..
56679384,..
30538202,..
19150273,..
69018222,"22,4"
25624692,.
88534520,..
12889940,..
16554575,..
34076477,"11,4"
54896448,.
25356960,..
64284020,..
98132436,..
53400472,..
60096875,..
97758137,"28,3"
26334561,"10,7"
40386043,"13,5"
29324709,.
26864271,..
59483268,"21,3"
33685428,..
32879845,.
88573795,..
20699742,..
21663998,"11,0"
20595770,"9,5"
82814120,..
45164827,..
10924758,..
34153869,..
88259298,..
73098153,..
44240250,..
17846181,..
75082798,"17,4"
23555409,..
91333138,..
30341162,..
39936461,.
72266906,"15,7"
27030026,..
12154972,..
16950252,..
34637764,"12,1"
19912478,..
73255276,.
15077883,"13,4"
48434184,"12,8"
58724424,..
95684185,..
51138448,..
19647256,..
56421429,..
39911065,..
17008320,..
56737496,..
88850910,..
93939982,..
25720752,..
55155562,"17,2"
31533003,..
31429031,..
16361868,..
23164911,..
24008049,..
19981611,..
54481243,.
36680097,..
87756916,..
59734510,..
19586169,..
24273261,..
95683850,..
59455288,"28,9"
82163292,..
25679488,"14,8"
25677996,..
89888648,..
90003262,..
88163512,..
35063170,..
31279294,..
36782335,"7,7"
23897040,.
20666515,..
37906565,.
67279303,..
21648755,"17,0"
11111710,..
90551279,"9,5"
93062368,..
69686851,"16,8"
49616977,"16,7"
54965510,"7,3"
90267145,..
72998905,.
84835666,"21,8"
25872338,.
54164490,..
69481650,..
20319353,"26,5"
92194545,..
88153340,..
94353434,..
59396229,..
95165649,..
64740897,.
78979604,..
69626109,"25,6"
10974852,.
85068812,"33,3"
78397312,..
36444853,"16,2"
15414001,"21,8"
38311488,.
16819383,"26,3"
89837629,"15,5"
12994441,"29,2"
53660780,..
88774402,..
75141151,"35,4"
61701709,..
61469192,..
84306392,..
28627819,"10,7"
30086854,..
26627862,..
48847282,"13,3"
72517762,"76,9"
79094701,.
38684438,"12,5"
31251822,"14,3"
90099336,.
96590873,"17,6"
35647481,"14,9"
39549479,"19,0"
73147554,.
65752105,.
69983740,.
66491596,.
12052268,"21,1"
71597051,.
53231578,..
11274830,..
51321260,..
96279444,"13,9"
40690520,.
61880907,"12,0"
91011325,..
97382366,"12,8"
35006050,"12,7"
88886610,..
10638939,"35,6"
21505555,..
34336190,.
21052710,..
88556189,"32,7"
35236491,..
69739484,"22,5"
92887917,..
88834120,..
70066748,"14,1"
19207279,..
53640774,..
58502307,.
97177328,"26,5"
72127035,..
70969714,..
85003442,..
22752398,..
68734112,..
71922787,..
31843016,..
74148070,..
50696507,..
92507006,..
44653962,.
20100577,"12,8"
81993306,"10,6"
19051089,..
29097621,..
47264019,..
87764775,..
50198492,"9,1"
48438396,"24,4"
98052678,..
20099064,..
44341171,"37,9"
32671805,"23,4"
38448056,..
16313848,"20,5"
79606767,"22,7"
11294673,.
86327236,..
41745951,.
83137205,..
28398531,..
66335258,..
54172830,"11,4"
86310217,..
83085136,.
75458014,..
65136104,..
61826221,.
79033948,..
56330385,"26,2"
20228162,.
68240485,.
95046058,..
44392995,"10,2"
53462953,"8,7"
69241230,..
60730660,.
85544331,.
80327946,"11,2"
82592568,"13,3"
78875918,"11,5"
78023197,..
86385479,..
40991561,.
49862313,"23,8"
99838438,"21,1"
42859669,"20,0"
70923626,"38,1"
92905347,..
99592025,..
34247736,..
47550455,"8,0"
30329172,..
76877530,..
47046103,..
56664512,.
38167912,..
43826783,.
58125096,"19,4"
82914148,..
20620556,..
77839100,.
17173461,..
55535552,..
19560192,..
30468157,"9,0"
98053087,..
92533079,..
61528940,..
23681822,..
66861851,..
72206824,..
92858957,"10,3"
46660042,"16,4"
86296935,.
44113417,"10,9"
67783774,.
38917647,..
21363125,..
39555838,..
85214294,..
82084961,"26,5"
46162400,"12,2"
98369689,"16,1"
56529916,..
40810950,..
67279263,"8,1"
40037982,..
51210136,..
73829818,..
54395430,.
18881773,..
50908408,..
18594470,"10,5"
78295411,"21,8"
80686587,..
72232853,..
12279302,"14,9"
17849518,.
64205087,"10,9"
50500028,..
94570025,..
91984508,"19,1"
78659008,..
12448823,.
40667807,..
18091973,..
88466776,..
36539945,.
40634612,..
62439199,..
66132676,..
57942242,..
80762863,"22,4"
77688926,..
14508922,..
69629086,..
88624631,..
35390185,..
37358234,..
31657916,..
21008461,..
54606928,..
53893730,"11,9"
46241804,..
42573391,.
64574972,..
19741742,..
29032715,"11,1"
45830583,.
48931433,"11,7"
97270136,..
19909435,..
30530571,"5,3"
78839208,..
96024712,..
30458073,..
40829056,..
85800840,..
68920727,..
27115998,"6,2"
41867682,..
79516949,..
65662401,..
39583059,"10,9"
38645259,..
96684210,"4,6"
87207941,..
11673760,"13,7"
46574937,"6,2"
23836342,..
63791419,"17,9"
39805497,..
38400227,"23,0"
81619482,..
83829189,..
46145886,..
12395564,.
90006712,.
43649848,..
75344502,..
84247499,..
27041885,..
39149668,..
97064126,..
32580162,.
38233622,..
48722826,..
73063662,"28,6"
40766349,..
71571158,..
53691739,.
43251309,.
97596286,"15,5"
67554405,..
86473502,..
73944169,..
98239050,..
94455820,.
58368956,..
73567152,..
61547652,..
60209222,..
62104139,..
87034307,"9,2"
78872213,..
84286698,.
62490359,..
64725297,..
43362941,..
23350817,..
76860623,..
58191646,"10,6"
80405898,..
56021320,..
41358402,.
63179610,..
64569393,..
87262566,..
64160122,.
48217580,"7,0"
41844601,"28,3"
51620045,..
86888278,..
23457902,..
27597104,..
57397381,"20,5"
56947954,"7,6"
72022487,"9,8"
71512894,..
70969556,..
28248021,"22,1"
44417214,..
25025681,"14,7"
88776535,..
49488344,..
74408578,..
71043974,"9,3"
57777751,..
38732602,..
89807183,..
86724994,..
61161774,..
86158933,"13,3"
14102256,..
75082280,..
75914181,..
39302565,..
96818167,..
36072799,..
61432781,"14,1"
78287294,..
74316305,..
39096170,..
79527481,"10,4"
67300857,..
99279503,..
63653488,..
84476205,..
24544503,"9,6"
25392789,..
72109637,.
69240218,..
14057258,..
38460895,..
31199511,..
12934438,..
43313366,..
86787111,..
97868185,.
81551726,..
77823650,..
37550979,.
52634142,..
76195214,..
54839753,.
32705515,..
60214465,..
70137084,"14,8"
82002016,..
21901328,..
23306658,..
57350392,.
97535124,.
11102578,..
69306209,"15,2"
92651253,..
31740319,..
10129345,..
17944628,"9,2"
82826083,..
94468610,..
94090461,..
12954099,..
80931789,..
84098842,..
90473340,..
26167236,..
69807202,..
64648904,.
75939593,"5,8"
63035915,"15,3"
26324896,..
56639389,..
95700485,..
51449748,"9,9"
28267726,..
28848709,.
12613085,..
53896162,"5,2"
17779637,"14,9"
11185244,"31,4"
56211717,..
66824652,..
49168016,..
32042066,..
50821167,..
71929526,..
92814975,..
60873719,..
28085125,..
28770304,..
21938183,..
78986228,.
71472793,..
64123241,..
69063711,.
77609073,"23,1"
35894996,"15,2"
12926770,..
17119840,..
68748767,"26,6"
23548714,"30,2"
48593439,"30,0"
91773491,"34,3"
30361243,"8,4"
25596917,"9,4"
65722876,"7,3"
20984584,..
52129378,"20,5"
65381163,"25,7"
98541468,..
31155312,"36,0"
25648215,"20,8"
61823258,..
84424083,..
39178171,..
49231191,..
78231062,..
79994304,..
10481541,"12,3"
68006362,"15,6"
11608031,..
86762103,..
68381790,..
13006857,"7,1"
76007769,.
16956086,"9,0"
58187973,..
88894245,.
31870541,..
71160225,..
67752682,.
47884009,..
44672598,..
75340089,..
36670439,..
22220001,..
31822012,"16,8"
83161201,..
15100079,.
55421481,..
99356671,..
16702464,..
71353314,.
29449669,"10,2"
62855448,..
36252055,"5,5"
91812793,..
14355031,..
72891848,..
46611859,"8,9"
58907711,.
68285560,..
58544422,..
65150019,..
31796890,..
22426680,..
83805032,..
48862305,..
32887559,..
71541108,..
53832505,"39,0"
47537928,..
69471748,"23,5"
49750031,..
76485705,..
93239262,..
25745773,..
99976753,"11,8"
14278480,..
75575321,..
28023078,..
43284031,..
13963517,.
24194577,.
26267406,.
31255918,..
51955293,..
57690933,..
35035671,..
12130801,..
51736304,..
53180719,..
27489137,.
15609112,.
44285075,..
60424371,..
95785055,.
68655578,"19,2"
17062663,..
68741484,"11,2"
56267421,.
34990065,..
37054246,..
39199869,..
62216381,..
31179045,"13,9"
72421673,..
15763669,.
59655752,..
88750078,..
41878314,.
41555549,..
32003298,.
22383788,..
85459854,..
81876614,..
18711877,..
67071618,..
75324351,..
61229217,"20,8"
58929357,.
42517257,..
70376604,..
59575030,..
93503103,.
18617410,"13,5"
41697930,..
28025244,..
17184072,.
40338843,..
77440824,..
71069359,.
86896907,..
14292382,..
51981332,.
87859089,..
54764253,.
98908403,"21,8"
16493131,"5,6"
41119610,.
83272868,..
11526364,..
48304166,.
24982097,..
45552626,"17,5"
50906954,.
97104132,.
16748680,..
68597767,..
27964873,..
30706655,..
65674821,..
92332557,"12,0"
46332927,..
78690637,"12,6"
24653673,..
38048202,"7,8"
90990441,..
86319615,..
87303004,..
97835550,..
22446331,..
26671095,.
42911621,..
40575001,..
75027822,.
26508763,..
14504503,..
21850904,.
65320354,.
77544055,..
49112879,..
30279258,..
16198647,..
12496135,.
76903284,"13,6"
68649663,..
43623146,.
49141105,"28,8"
15870428,..
26646080,"8,8"
26750052,..
18974693,"7,5"
26996566,..
27704246,"9,1"
81997762,..
28967085,.
69747871,..
70119254,.
31151740,..
79346084,"12,8"
34222422,..
84230226,.
42060237,..
89816391,..
14448619,"10,5"
12546590,"17,2"
43565270,"19,8"
77176811,..
52791537,..
85152591,.
85819857,.
40600798,..
52942981,..
54117171,..
48120273,..
33233228,.
94167577,"32,9"
27023528,"23,4"
53903798,"31,6"
85782695,..
98815582,"22,7"
97770837,"16,2"
21312503,.
69650864,.
59581397,..
14926020,..
41938272,..
29423248,..
76054399,..
33132452,"23,8"
56942970,.
60142020,.
70811222,.
17911161,"41,0"
35084976,..
25525759,.
77632411,..
56653353,..
49068301,"23,2"
59898194,..
38195284,"10,1"
97510495,"8,7"
89461767,"13,3"
94717858,"9,2"
53760158,.
78422467,..
37802196,..
38683336,.
36288955,..
74812809,..
88839172,..
48412612,..
95618280,"23,6"
75075402,"10,5"
26326048,"23,3"
37839488,"22,0"
46256929,..
83374651,.
59796774,.
17675502,"39,5"
75600007,"20,0"
73812226,"22,9"
30762346,.
82964090,..
88955893,..
15278518,"13,9"
15390992,"4,7"
63943560,..
85516596,"12,1"
31998226,..
38236800,..
16784385,"12,5"
59026584,"6,4"
79829846,..
89963319,.
24339566,..
20061769,.
65458415,.
95154882,..
52333875,"22,2"
24663703,.
28519815,"25,5"
65666808,"14,3"
69543519,"40,7"
24397215,..
30677562,..
85054102,..
87274273,.
89693952,.
24759907,"43,1"
78433202,..
41631104,..
35366805,..
31315191,..
80357110,..
42775003,..
56670842,.
89370947,..
18451445,.
48555205,"13,1"
31313926,"27,6"
30312720,..
32116280,..
57143976,"14,0"
93367005,"17,0"
53175499,.
64388538,.
52153758,.
16501673,"31,6"
26298615,.
22116645,..
99755443,..
30167976,..
50104466,.
28004794,.
32071849,..
79845033,..
41099519,..
59386837,..
21627442,.
17276047,"20,8"
73217812,"26,3"
21382451,..
48244956,"20,0"
36769815,.
16931486,..
92489953,..
43873969,..
55825382,"19,7"
19306558,..
35301145,"12,5"
24993048,..
70132092,..
65034473,..
13084253,"19,6"
32321364,..
59942080,..
66273269,..
82888663,"28,8"
11275959,..
58518163,..
50615280,..
19035583,.
27993549,"31,5"
37912396,..
45593337,"14,5"
90312942,..
10226870,..
19839859,.
80280597,.
67628478,.
37517404,.
29159460,..
32057701,..
43601850,..
30615080,"31,0"
89630851,..
25178582,..
70543431,.
23476801,.
86351879,"11,5"
56041144,..
14586562,.
74322969,..
90260899,..
69302313,..
31057219,"13,5"
27079521,..
33572033,..
64579522,..
65234368,.
34381901,..
55150847,..
90076461,..
96414537,..
53069733,..
99394620,.
95368476,..
14853321,..
76448076,"20,7"
31537066,..
86488203,"15,1"
25156286,..
28081446,..
21400668,..
92949043,"13,0"
92818240,"13,8"
84329061,"10,4"
71969230,..
91048178,"11,6"
82718660,.
76942525,..
12399380,.
31486865,..
97265732,..
10373112,.
61720981,"10,5"
25698509,..
50424828,"17,6"
82931004,..
83584125,.
95024660,..
32263814,..
16496466,..
12075195,..
62300682,..
47393891,..
48414975,.
65265211,..
11533776,"17,3"
47108751,..
97191332,..
71938440,..
28829503,..
22811839,.
33205596,.
99622695,.
19930101,..
60727136,.
45132264,..
61647360,.
98651664,..
33657492,"14,4"
61622991,..
66644568,..
93659517,..
79309485,..
61175914,..
73316818,.
37078868,.
27859889,.
16130958,..
29161632,.
82195565,..
33596572,..
45541222,.
77713695,..
63451147,.
51131594,..
89680395,.
53696633,.
27440210,..
62758285,.
16218090,.
61197669,.
64667996,..
17812651,..
23544320,.
57668673,..
69040241,..
63993414,.
49136871,.
91905819,..
20855811,"27,9"
54882637,..
53923398,"16,6"
74560191,.
47844862,"6,3"
22239675,..
72984079,"28,3"
36480690,"13,2"
24787883,..
32995170,..
52048443,..
61674097,..
32550660,..
93488613,..
45600034,.
59599256,"4,6"
69865450,..
31112935,..
26957025,..
90509211,"13,0"
43277545,"30,4"
37316242,..
20173336,"15,2"
49872493,..
39147056,..
11953769,..
28646435,..
50393060,..
85788659,..
95340745,..
59521477,..
92442684,"16,7"
66095163,"19,6"
38544187,"23,4"
54599691,"11,3"
54004368,..
54467211,..
23517683,..
31975673,"4,9"
82251333,..
99864908,..
27106031,..
59463950,.
63931325,.
57391913,..
75374280,..
46148350,..
50133877,..
49868916,"7,9"
74919147,..
90240730,"15,6"
84908877,..
78389879,..
24277564,"28,6"
88956420,.
44412461,"2,7"
34002355,"28,2"
36355200,"14,1"
96920524,..
18217765,..
60919765,.
14677676,..
96152872,..
77835341,..
70803636,..
49576295,.
66028861,.
23797825,"24,3"
45293715,"21,2"
44738639,..
77712952,"19,4"
92009807,"21,8"
10433896,..
10342448,"32,6"
43154449,.
49170638,..
46379730,..
25379974,..
98032567,.
96194948,..
25955541,.
88025221,"9,5"
18042101,..
14799321,..
56041699,..
45111086,.
70955448,..
68824244,..
90685868,..
24501884,..
46707989,..
46986216,..
67924816,..
92805465,"12,6"
56084099,..
80711021,"11,8"
17648596,..
16720048,..
13960635,..
39341381,..
61176909,.
43479922,..
60088179,"21,3"
28391147,"17,0"
29209307,..
21778322,..
31380193,..
90290154,..
25847233,"18,3"
62612992,"14,3"
85485803,"14,1"
92816527,..
16848652,.
88429477,..
94975733,..
56802300,.
15149235,..
77379848,..
13981977,.
24538846,..
36886750,..
67422309,..
67058407,"15,7"
34421265,..
15791044,..
65392939,..
98696836,..
82160887,..
23175129,..
64908550,..
77358716,..
49739986,..
29225010,..
92192566,"21,8"
56886667,"3,9"
33249781,"19,2"
64648566,..
18691102,..
70302356,..
65421426,"8,7"
62394916,.
67908927,..
72071234,..
24349146,"6,4"
83605345,..
15933512,"3,5"
12198363,.
47692481,..
64693272,..
18072172,.
65833454,..
85188855,..
11341077,..
39528347,..
34988313,..
85473846,..
29744774,.
89690587,..
28045567,..
20768651,..
32239920,..
98781765,..
38880984,"10,4"
28872974,"21,6"
87112995,..
18686599,..
93779220,"11,4"
77797484,..
53279140,..
80785976,..
47559319,..
21532545,..
56187883,"23,5"
20752831,"20,5"
51023367,..
34739511,.
95069937,.
52690153,.
74776778,..
18345915,..
68229719,..
61004230,..
71262305,..
55795961,.
84947634,.
23517336,.
48009865,"10,4"
82840198,.
18208087,..
89982804,.
19464342,.
60743463,.
32960825,..
43609520,..
97968599,..
91748148,"11,5"
42218661,..
74434644,"12,5"
42022406,..
65192707,..
43634528,..
36263479,..
56679384,..
30538202,..
19150273,..
69018222,"22,4"
12889940,..
16554575,.
34076477,"11,4"
54896448,.
64284020,.
53400472,..
97758137,"28,3"
26334561,"10,1"
40386043,"14,2"
59483268,..
33685428,..
32879845,.
88573795,.
20699742,..
21663998,"11,0"
20595770,"9,5"
82814120,.
45164827,..
10924758,..
34153869,..
88259298,..
17846181,..
75082798,"10,3"
23555409,..
30341162,..
72266906,"15,1"
27030026,..
16950252,..
34637764,..
19912478,..
15077883,..
48434184,..
58724424,..
95684185,..
51138448,..
56421429,.
39911065,..
17008320,..
56737496,..
93939982,..
25720752,..
55155562,"16,3"
31533003,..
16361868,..
23164911,..
24008049,..
19981611,..
54481243,.
36680097,..
19586169,..
24273261,.
95683850,..
59455288,..
25679488,..
25677996,..
89888648,..
35063170,..
31279294,..
36782335,..
23897040,.
20666515,.
37906565,.
67279303,..
21648755,"15,2"
11111710,..
90551279,"10,8"
69686851,..
49616977,..
54965510,"7,3"
84835666,"21,8"
25872338,.
54164490,..
20319353,"26,5"
92194545,..
64740897,.
78979604,..
10974852,.
85068812,..
78397312,..
36444853,"17,1"
16819383,..
89837629,"15,5"
12994441,"20,4"
88774402,..
75141151,"35,4"
61701709,..
61469192,..
84306392,..
28627819,"10,7"
30086854,.
26627862,..
48847282,"13,3"
72517762,"76,9"
79094701,.
38684438,"13,6"
31251822,"14,3"
90099336,.
35647481,"14,9"
39549479,"19,0"
73147554,.
69983740,.
66491596,.
12052268,"21,1"
71597051,.
53231578,..
96279444,..
40690520,.
91011325,..
97382366,"12,8"
35006050,"15,2"
10638939,"63,6"
21505555,..
34336190,.
21052710,..
69739484,"22,5"
92887917,..
88834120,..
70066748,"14,1"
19207279,..
53640774,..
58502307,.
97177328,"31,3"
72127035,..
70969714,..
68734112,..
71922787,..
74148070,..
92507006,..
44653962,.
20100577,"12,8"
81993306,..
19051089,..
47264019,..
50198492,"9,1"
98052678,..
20099064,..
16313848,"22,5"
79606767,"27,9"
11294673,.
86327236,.
41745951,.
83137205,..
28398531,..
66335258,..
54172830,..
75458014,..
65136104,..
61826221,.
79033948,..
56330385,..
20228162,.
68240485,.
95046058,..
44392995,..
53462953,"8,7"
60730660,.
82592568,"13,3"
78875918,"9,8"
86385479,..
49862313,"23,8"
99838438,"25,0"
42859669,"21,1"
99592025,..
34247736,..
47550455,..
30329172,.
76877530,..
47046103,..
38167912,..
43826783,.
58125096,"19,4"
82914148,..
20620556,..
77839100,.
17173461,..
55535552,..
30468157,"9,0"
92533079,..
61528940,..
23681822,..
66861851,..
72206824,..
92858957,"10,1"
86296935,.
44113417,..
67783774,.
39555838,..
85214294,..
82084961,"28,6"
46162400,..
67279263,"8,1"
51210136,..
73829818,..
54395430,.
18881773,.
50908408,..
18594470,"10,5"
78295411,"21,8"
80686587,..
72232853,..
12279302,..
64205087,"10,9"
50500028,..
91984508,..
40667807,..
18091973,.
88466776,..
36539945,.
40634612,..
66132676,..
57942242,..
77688926,..
14508922,..
37358234,..
21008461,..
54606928,..
53893730,"11,9"
42573391,.
64574972,..
19741742,..
29032715,..
45830583,.
48931433,"15,5"
19909435,..
30530571,..
78839208,..
96024712,..
30458073,..
85800840,..
68920727,..
27115998,..
41867682,..
79516949,..
96684210,"4,6"
87207941,..
11673760,..
46574937,"6,2"
23836342,..
63791419,..
39805497,..
38400227,..
81619482,..
12395564,.
90006712,.
39149668,..
38233622,..
48722826,..
73063662,"28,6"
40766349,..
53691739,.
43251309,.
67554405,..
73944169,..
98239050,..
94455820,.
61547652,.
62104139,..
87034307,"9,2"
78872213,..
76860623,.
58191646,"10,6"
80405898,..
56021320,..
63179610,..
64569393,..
64160122,.
48217580,"7,0"
51620045,..
86888278,..
57397381,"18,5"
56947954,..
72022487,..
71512894,..
28248021,..
44417214,..
25025681,..
88776535,..
49488344,..
74408578,..
71043974,"9,3"
57777751,..
38732602,..
89807183,..
61161774,..
86158933,..
75914181,..
39302565,..
96818167,..
79527481,"10,4"
67300857,..
99279503,..
63653488,..
84476205,..
24544503,"9,6"
25392789,..
69240218,..
38460895,..
31199511,..
12934438,..
43313366,..
86787111,..
97868185,.
77823650,.
37550979,.
60214465,..
70137084,..
82002016,..
23306658,.
97535124,.
11102578,..
69306209,..
10129345,..
17944628,"8,6"
94468610,..
94090461,..
12954099,..
80931789,..
90473340,..
69807202,..
64648904,.
75939593,"5,8"
26324896,..
56639389,..
95700485,..
51449748,"9,9"
28267726,..
12613085,..
53896162,"5,3"
17779637,"14,9"
66824652,..
49168016,..
71929526,..
60873719,..
28085125,..
21938183,..
78986228,.
71472793,..
69063711,.
77609073,..
35894996,..
12926770,..
68748767,..
23548714,"30,2"
48593439,"30,0"
91773491,"34,3"
30361243,"8,4"
25596917,..
65722876,"7,3"
52129378,..
65381163,"25,7"
31155312,"44,7"
84424083,..
49231191,..
78231062,..
10481541,"12,3"
68381790,..
13006857,..
16956086,"9,4"
58187973,..
88894245,.
31870541,..
44672598,..
31822012,"16,8"
83161201,..
99356671,.
16702464,.
29449669,"10,2"
62855448,..
36252055,"5,0"
91812793,..
14355031,..
46611859,"8,9"
58907711,.
68285560,..
58544422,..
65150019,..
71541108,..
53832505,"39,0"
47537928,..
69471748,"23,5"
49750031,..
76485705,..
93239262,..
99976753,"12,0"
75575321,..
28023078,..
43284031,..
24194577,.
26267406,.
51955293,..
57690933,..
12130801,..
51736304,..
44285075,..
95785055,.
68655578,"23,9"
68741484,"11,4"
37054246,..
39199869,..
31179045,..
72421673,..
15763669,.
59655752,..
88750078,..
41555549,..
85459854,..
81876614,..
18711877,..
67071618,.
75324351,.
61229217,"31,6"
70376604,..
59575030,..
18617410,"17,2"
28025244,..
40338843,..
77440824,..
14292382,..
51981332,.
87859089,..
98908403,"25,0"
16493131,..
83272868,..
11526364,..
45552626,"17,5"
50906954,.
16748680,..
65674821,..
92332557,"12,0"
78690637,"13,1"
38048202,..
90990441,..
26671095,.
65320354,.
77544055,..
49112879,..
30279258,..
76903284,..
43623146,.
49141105,"28,8"
15870428,..
26646080,"8,8"
26750052,..
18974693,"7,5"
26996566,..
27704246,"9,1"
28967085,.
69747871,..
31151740,..
79346084,"12,8"
89816391,..
14448619,..
12546590,..
43565270,"19,8"
77176811,..
52791537,..
85152591,.
85819857,.
40600798,..
52942981,..
54117171,..
48120273,..
33233228,.
94167577,"33,1"
27023528,"24,5"
53903798,"35,9"
97770837,"15,2"
69650864,.
59581397,..
41938272,..
29423248,..
76054399,..
33132452,"33,3"
60142020,.
70811222,.
17911161,"41,0"
35084976,..
25525759,.
77632411,..
49068301,"23,2"
59898194,..
38195284,"10,1"
97510495,"9,9"
89461767,"13,3"
94717858,"9,2"
53760158,.
78422467,..
37802196,..
36288955,..
74812809,..
88839172,..
48412612,..
95618280,..
75075402,"10,5"
26326048,"23,3"
37839488,"22,0"
46256929,..
83374651,.
59796774,.
17675502,..
75600007,"18,6"
73812226,"22,9"
30762346,.
82964090,..
88955893,..
15278518,..
15390992,"5,2"
63943560,..
85516596,..
16784385,"12,5"
89963319,.
24339566,..
65458415,.
95154882,..
52333875,"23,1"
24663703,.
28519815,"25,5"
65666808,..
69543519,"40,7"
89693952,.
24759907,"39,4"
78433202,..
35366805,..
31315191,..
42775003,..
56670842,.
89370947,..
48555205,"13,1"
31313926,"27,6"
30312720,..
32116280,..
57143976,"14,0"
93367005,"19,3"
53175499,.
64388538,.
52153758,.
22116645,..
99755443,..
30167976,..
50104466,.
28004794,.
32071849,..
79845033,..
41099519,..
59386837,.
17276047,..
21382451,..
48244956,..
36769815,.
43873969,..
55825382,"16,7"
19306558,..
35301145,"12,5"
24993048,..
13084253,"15,8"
59942080,..
66273269,..
11275959,.
58518163,..
27993549,..
37912396,.
45593337,"14,5"
10226870,..
19839859,.
67628478,.
37517404,.
32057701,..
30615080,"31,0"
25178582,..
70543431,.
23476801,.
86351879,..
56041144,..
74322969,..
90260899,..
31057219,..
27079521,.
33572033,..
64579522,..
34381901,..
55150847,..
90076461,..
53069733,..
99394620,.
95368476,..
14853321,..
76448076,..
31537066,..
86488203,"12,3"
25156286,..
28081446,..
21400668,..
92949043,..
92818240,..
84329061,"11,5"
91048178,..
82718660,.
12399380,.
31486865,..
97265732,..
61720981,"9,7"
50424828,..
82931004,..
95024660,..
32263814,..
47393891,..
48414975,.
11533776,"17,3"
47108751,..
28829503,..
99622695,.
98651664,..
33657492,..
79309485,..
37078868,.
16130958,..
82195565,..
33596572,..
77713695,..
51131594,..
89680395,.
53696633,.
27440210,..
62758285,.
16218090,.
64667996,..
23544320,.
57668673,..
69040241,..
63993414,.
49136871,.
20855811,"27,9"
53923398,"15,8"
74560191,.
47844862,"6,6"
72984079,"24,5"
36480690,..
24787883,..
32995170,..
52048443,..
61674097,..
32550660,..
93488613,..
45600034,.
59599256,"4,4"
26957025,..
90509211,..
43277545,"30,4"
11953769,..
50393060,..
85788659,..
95340745,.
59521477,..
92442684,..
66095163,"19,6"
54599691,"8,4"
54004368,..
31975673,"4,9"
82251333,..
99864908,..
27106031,..
59463950,.
63931325,.
57391913,..
75374280,..
46148350,..
50133877,..
49868916,..
74919147,..
78389879,..
24277564,..
44412461,"2,7"
36355200,..
96920524,..
18217765,..
70803636,..
49576295,.
66028861,.
23797825,"24,5"
45293715,"21,2"
77712952,..
10433896,..
43154449,.
49170638,..
46379730,..
25379974,..
88025221,"8,4"
18042101,..
56041699,..
45111086,.
70955448,..
68824244,..
46707989,..
46986216,..
67924816,..
92805465,"12,6"
56084099,..
16720048,..
13960635,..
61176909,.
43479922,..
28391147,..
21778322,..
31380193,..
62612992,"14,3"
85485803,"14,1"
16848652,.
88429477,..
94975733,..
56802300,.
15149235,..
13981977,.
24538846,..
67058407,"18,6"
15791044,..
65392939,..
98696836,.
64908550,..
77358716,..
49739986,..
29225010,..
92192566,"21,8"
56886667,"3,9"
64648566,..
65421426,"8,3"
62394916,.
67908927,..
72071234,..
24349146,..
83605345,.
15933512,..
64693272,..
18072172,.
65833454,..
11341077,..
34988313,..
28045567,..
20768651,..
38880984,"10,4"
28872974,"21,6"
18686599,..
93779220,"8,8"
77797484,..
80785976,..
47559319,..
21532545,..
56187883,..
20752831,"20,5"
51023367,.
34739511,.
52690153,.
93221031,..
17474377,..
18345915,..
68229719,.
61004230,..
71262305,.
55795961,.
84947634,..
97870412,.
68564903,..
82840198,..
18208087,..
89982804,.
19464342,.
60743463,.
32960825,..
43609520,..
41416934,.
21567982,..
49379603,.
80167319,.
73171934,.
83474173,..
91487291,.
21866405,..
74434644,..
42022406,..
88445871,..
18425335,"13,1"
93281974,..
23424275,..
19150273,.
25624692,.
88534520,..
16554575,..
25356960,..
64284020,..
98132436,..
60096875,..
26334561,..
40386043,..
29324709,.
26864271,..
59483268,..
33685428,..
88573795,..
82814120,..
10924758,..
34153869,.
88259298,.
73098153,..
44240250,..
17846181,.
75082798,"30,6"
23555409,.
91333138,..
30341162,..
39936461,.
72266906,..
27030026,.
12154972,..
16950252,..
34637764,..
73255276,.
15077883,..
48434184,..
58724424,..
51138448,..
19647256,..
56421429,..
39911065,..
17008320,..
56737496,.
88850910,..
93939982,..
25720752,..
55155562,"19,0"
31533003,..
31429031,..
16361868,.
24008049,..
36680097,..
87756916,..
59734510,..
19586169,..
24273261,..
95683850,.
59455288,..
82163292,..
25679488,..
25677996,..
89888648,..
90003262,..
88163512,..
35063170,..
31279294,..
36782335,"13,8"
20666515,..
37906565,.
67279303,..
21648755,"22,8"
11111710,.
90551279,"8,7"
93062368,..
69686851,"16,5"
49616977,..
90267145,..
72998905,.
69481650,..
88153340,..
94353434,..
59396229,..
95165649,..
69626109,"25,6"
85068812,..
36444853,..
15414001,"21,8"
38311488,.
16819383,"26,7"
12994441,..
53660780,..
30086854,..
79094701,.
38684438,..
96590873,"17,6"
73147554,.
65752105,.
11274830,..
51321260,..
96279444,..
61880907,"12,0"
35006050,..
88886610,..
10638939,..
88556189,"32,7"
35236491,..
58502307,.
97177328,..
72127035,..
70969714,..
85003442,..
22752398,..
71922787,..
31843016,..
74148070,..
50696507,..
44653962,.
81993306,..
29097621,..
87764775,..
48438396,"24,4"
98052678,.
44341171,"37,9"
32671805,"23,4"
38448056,..
16313848,"16,9"
79606767,..
11294673,.
86327236,..
28398531,.
66335258,..
54172830,..
86310217,..
83085136,.
75458014,..
65136104,..
79033948,..
56330385,..
44392995,..
69241230,..
85544331,.
80327946,"11,2"
78875918,..
78023197,..
86385479,..
40991561,.
99838438,..
42859669,"17,6"
70923626,"38,1"
92905347,..
99592025,..
34247736,..
47550455,"10,3"
30329172,..
76877530,.
47046103,..
56664512,.
38167912,..
20620556,.
17173461,..
19560192,..
98053087,..
92858957,..
46660042,"16,4"
44113417,..
67783774,.
38917647,..
21363125,..
39555838,.
85214294,..
82084961,"22,8"
46162400,"13,7"
98369689,"16,1"
56529916,..
40810950,..
40037982,..
73829818,.
18881773,..
80686587,..
12279302,..
17849518,.
94570025,..
91984508,"36,4"
78659008,..
12448823,.
40667807,..
18091973,..
40634612,..
62439199,..
66132676,..
80762863,"22,4"
77688926,.
14508922,.
69629086,..
88624631,..
35390185,..
37358234,..
31657916,..
54606928,..
46241804,..
42573391,.
64574972,..
19741742,..
29032715,..
48931433,.
97270136,..
19909435,.
30530571,..
96024712,..
40829056,..
85800840,..
27115998,..
41867682,.
65662401,..
39583059,"10,9"
38645259,..
87207941,.
11673760,"23,2"
63791419,"22,7"
39805497,..
38400227,"28,1"
83829189,..
46145886,..
43649848,..
75344502,..
84247499,..
27041885,..
97064126,..
32580162,.
48722826,..
71571158,..
53691739,.
97596286,"15,5"
67554405,..
86473502,..
98239050,..
94455820,.
58368956,..
73567152,..
61547652,..
60209222,..
62104139,..
78872213,..
84286698,.
62490359,..
64725297,..
43362941,..
23350817,..
76860623,..
56021320,.
41358402,.
64569393,..
87262566,..
41844601,"28,3"
51620045,..
23457902,..
27597104,..
57397381,"25,4"
56947954,..
72022487,"11,2"
70969556,..
28248021,..
44417214,..
25025681,..
49488344,.
74408578,..
86724994,..
86158933,..
14102256,..
75082280,..
75914181,..
39302565,..
36072799,..
61432781,"14,1"
78287294,..
74316305,..
39096170,..
99279503,..
72109637,.
69240218,..
14057258,..
43313366,..
97868185,.
81551726,..
77823650,..
37550979,.
52634142,..
76195214,..
54839753,.
32705515,..
60214465,..
70137084,"18,3"
82002016,..
21901328,..
23306658,..
57350392,.
11102578,..
69306209,..
92651253,..
31740319,..
17944628,..
82826083,..
94090461,..
12954099,.
80931789,..
84098842,..
90473340,.
26167236,..
69807202,..
64648904,.
63035915,"15,3"
26324896,..
28848709,.
12613085,.
53896162,.
11185244,"31,4"
56211717,..
66824652,..
49168016,.
32042066,..
50821167,..
92814975,..
28770304,..
64123241,..
69063711,.
77609073,..
35894996,..
17119840,..
68748767,"25,8"
25596917,..
20984584,..
52129378,"25,6"
98541468,..
31155312,..
25648215,"20,8"
61823258,..
39178171,..
79994304,..
68006362,"15,6"
11608031,..
86762103,..
68381790,..
13006857,..
76007769,.
16956086,..
58187973,..
88894245,.
71160225,..
67752682,.
47884009,..
44672598,..
75340089,..
36670439,..
22220001,..
15100079,.
55421481,..
99356671,..
16702464,..
71353314,.
36252055,..
91812793,.
14355031,.
72891848,..
31796890,..
22426680,..
83805032,..
48862305,..
32887559,..
71541108,..
69471748,"23,4"
93239262,..
25745773,..
99976753,.
14278480,..
28023078,..
43284031,..
13963517,.
26267406,.
31255918,..
51955293,.
35035671,..
12130801,.
51736304,..
53180719,..
27489137,.
15609112,.
60424371,..
68655578,..
17062663,..
68741484,..
56267421,.
34990065,..
37054246,..
39199869,.
62216381,..
31179045,..
72421673,.
59655752,.
88750078,..
41878314,.
41555549,..
32003298,.
22383788,..
85459854,.
81876614,.
18711877,.
67071618,..
75324351,..
61229217,..
58929357,.
42517257,..
70376604,..
93503103,.
18617410,.
41697930,..
28025244,..
17184072,.
40338843,..
77440824,..
71069359,.
86896907,..
14292382,..
87859089,..
54764253,.
98908403,..
16493131,..
41119610,.
48304166,.
24982097,..
97104132,.
68597767,..
27964873,..
30706655,..
65674821,..
46332927,..
78690637,"11,4"
24653673,..
38048202,"15,4"
90990441,..
86319615,..
87303004,..
97835550,..
22446331,..
26671095,.
42911621,..
40575001,..
75027822,.
26508763,..
14504503,..
21850904,.
77544055,..
16198647,..
12496135,.
76903284,"14,8"
68649663,..
15870428,..
26750052,..
81997762,..
69747871,.
70119254,.
79346084,..
34222422,..
84230226,.
42060237,..
89816391,..
14448619,..
12546590,..
94167577,..
27023528,..
53903798,"27,5"
85782695,..
98815582,"22,7"
97770837,..
21312503,.
14926020,..
33132452,"19,3"
56942970,.
56653353,..
59898194,..
97510495,.
38683336,.
95618280,"32,7"
17675502,..
75600007,..
15278518,..
15390992,..
63943560,..
85516596,..
31998226,..
38236800,..
59026584,"6,4"
79829846,..
20061769,.
65458415,.
95154882,.
52333875,..
65666808,"13,3"
24397215,..
30677562,..
85054102,..
87274273,.
24759907,"88,2"
41631104,..
80357110,..
18451445,.
93367005,..
16501673,"31,6"
26298615,.
50104466,.
79845033,..
41099519,..
59386837,..
21627442,.
17276047,..
73217812,"26,3"
48244956,..
36769815,.
16931486,..
92489953,..
43873969,..
55825382,..
19306558,.
24993048,..
70132092,..
65034473,..
13084253,..
32321364,..
59942080,..
66273269,..
82888663,"28,8"
11275959,..
58518163,..
50615280,..
19035583,.
27993549,"33,8"
37912396,..
90312942,..
19839859,.
80280597,.
67628478,.
37517404,.
29159460,..
43601850,..
89630851,..
86351879,..
14586562,.
74322969,..
90260899,.
69302313,..
31057219,"14,9"
27079521,..
64579522,..
65234368,.
34381901,..
96414537,..
99394620,.
95368476,.
14853321,..
76448076,"20,0"
31537066,..
86488203,..
25156286,..
92949043,..
92818240,..
84329061,..
71969230,..
91048178,..
76942525,..
31486865,..
10373112,.
61720981,..
25698509,..
50424828,"13,5"
82931004,..
83584125,.
16496466,..
12075195,..
62300682,..
65265211,..
97191332,..
71938440,..
22811839,.
33205596,.
19930101,..
60727136,.
45132264,..
61647360,.
33657492,"34,9"
61622991,..
66644568,..
93659517,..
61175914,..
73316818,.
27859889,.
29161632,.
45541222,.
63451147,.
61197669,.
17812651,..
57668673,..
69040241,..
91905819,..
54882637,..
53923398,"17,8"
47844862,..
22239675,..
72984079,..
36480690,..
24787883,..
52048443,..
32550660,..
59599256,..
69865450,..
31112935,..
90509211,..
37316242,..
20173336,"15,2"
49872493,..
39147056,..
11953769,..
28646435,..
50393060,..
85788659,..
95340745,..
59521477,..
92442684,..
38544187,"23,4"
54599691,..
54467211,..
23517683,..
82251333,..
99864908,..
27106031,..
59463950,.
63931325,.
57391913,..
75374280,..
46148350,..
50133877,..
49868916,..
90240730,"15,6"
84908877,..
24277564,..
88956420,.
34002355,"28,2"
36355200,..
96920524,..
18217765,.
60919765,.
14677676,..
96152872,..
77835341,..
70803636,..
23797825,..
44738639,..
77712952,..
92009807,"21,8"
10433896,..
10342448,"32,6"
43154449,.
98032567,.
96194948,..
25955541,.
88025221,..
14799321,..
56041699,..
70955448,.
68824244,..
90685868,..
24501884,..
56084099,..
80711021,"11,8"
17648596,..
16720048,..
39341381,..
60088179,"21,3"
28391147,"22,4"
29209307,..
21778322,..
31380193,..
90290154,..
25847233,"18,3"
92816527,..
16848652,.
94975733,..
56802300,.
15149235,..
77379848,..
13981977,.
24538846,.
36886750,..
67422309,..
67058407,.
34421265,..
15791044,.
98696836,..
82160887,..
23175129,..
77358716,..
29225010,..
33249781,"19,2"
64648566,..
18691102,..
70302356,..
65421426,..
24349146,"7,6"
83605345,..
15933512,..
12198363,.
47692481,..
64693272,..
18072172,.
85188855,..
39528347,..
85473846,..
29744774,.
89690587,..
20768651,.
32239920,..
98781765,..
87112995,..
18686599,..
93779220,..
53279140,..
80785976,.
47559319,..
21532545,.
56187883,"25,0"
51023367,..
95069937,.
52690153,.
93221031,..
68229719,.
84947634,..
89982804,.
60743463,.
73171934,.
74434644,..
93281974,.
23424275,.
16554575,..
60096875,..
40386043,.
33685428,.
10924758,..
75082798,..
16950252,..
15077883,..
48434184,..
51138448,..
93939982,..
31533003,..
24273261,.
59455288,.
25677996,..
31279294,.
36782335,.
90551279,..
93062368,..
69626109,"25,6"
10638939,..
72127035,.
85003442,.
98052678,.
32671805,..
16313848,..
54172830,.
75458014,..
78023197,..
40991561,.
70923626,..
76877530,.
47046103,.
19560192,..
98053087,..
46660042,..
67783774,.
85214294,..
12279302,.
91984508,"36,4"
40667807,.
40634612,..
80762863,..
64574972,.
30530571,.
96024712,..
27115998,..
39583059,..
38645259,..
46145886,..
27041885,..
48722826,.
97596286,..
67554405,.
56021320,.
23457902,.
57397381,..
72022487,..
70969556,.
28248021,..
44417214,.
25025681,..
14102256,..
75082280,..
39096170,..
69240218,..
82002016,..
23306658,.
94090461,..
63035915,..
50821167,..
68748767,..
20984584,.
25648215,..
11608031,..
13006857,..
16956086,..
58187973,.
88894245,.
71160225,.
44672598,..
22220001,..
71353314,.
69471748,..
93239262,..
13963517,.
68655578,..
31179045,..
59655752,.
18711877,.
67071618,..
18617410,.
40338843,..
14292382,.
87859089,..
98908403,..
24982097,..
68597767,.
38048202,..
90990441,.
40575001,..
26508763,.
76903284,..
69747871,.
79346084,..
89816391,.
53903798,..
33132452,..
17675502,..
75600007,..
85516596,..
50104466,.
59386837,..
43873969,..
24993048,..
58518163,..
29159460,..
89630851,.
86351879,..
74322969,..
64579522,..
14853321,.
86488203,..
84329061,.
71969230,..
31486865,..
61720981,..
50424828,.
83584125,.
65265211,.
66644568,..
61175914,.
29161632,.
36480690,..
32550660,..
37316242,..
50393060,..
95340745,.
59521477,..
46148350,.
49868916,..
84908877,..
24277564,..
36355200,..
88025221,..
56041699,..
70955448,.
60088179,..
25847233,..
16848652,.
56802300,.
36886750,.
67422309,..
82160887,..
64648566,.
15933512,..
12198363,.
64693272,..
89690587,..
18686599,..
93779220,..
80785976,.
47559319,..
52690153,.
93221031,..
18345915,..
97870412,.
18208087,..
41416934,.
21567982,..
83474173,..
88445871,..
25624692,.
25356960,..
98132436,..
60096875,..
29324709,.
26864271,..
44240250,..
75082798,..
91333138,..
12154972,..
15077883,..
48434184,..
19647256,.
56737496,.
55155562,..
24008049,..
59734510,..
19586169,.
24273261,.
59455288,..
89888648,..
36782335,..
20666515,.
90551279,..
93062368,..
90267145,.
88153340,..
94353434,..
88886610,..
88556189,..
72127035,..
22752398,..
31843016,..
29097621,..
16313848,..
11294673,.
86327236,.
69241230,..
80327946,..
86385479,..
70923626,..
92905347,..
47550455,..
56664512,.
19560192,.
46660042,..
38917647,..
82084961,.
98369689,..
56529916,..
17849518,.
18091973,..
69629086,..
31657916,..
19741742,..
40829056,.
85800840,..
39583059,..
39805497,.
46145886,.
84247499,.
71571158,.
86473502,..
58368956,..
23350817,..
41358402,.
87262566,.
23457902,..
56947954,..
72022487,..
28248021,..
74408578,..
86724994,..
39302565,..
61432781,..
14057258,..
81551726,..
76195214,.
70137084,..
57350392,.
92651253,..
82826083,..
26167236,..
63035915,"25,6"
32042066,..
92814975,..
64123241,..
20984584,.
98541468,..
25648215,.
79994304,..
86762103,..
68381790,..
13006857,.
16956086,..
88894245,.
67752682,.
75340089,..
22220001,..
15100079,.
36252055,..
72891848,..
48862305,..
13963517,.
31255918,..
53180719,.
68655578,..
37054246,.
62216381,..
18711877,.
61229217,..
41697930,.
77440824,.
14292382,.
54764253,.
98908403,.
16493131,.
24982097,..
27964873,..
30706655,.
78690637,.
24653673,.
87303004,.
97835550,..
22446331,.
42911621,..
14504503,..
76903284,.
81997762,.
70119254,.
42060237,..
85782695,..
38236800,..
41631104,..
16501673,..
26298615,.
41099519,.
59386837,.
73217812,..
16931486,..
70132092,..
27993549,..
90312942,.
19839859,.
29159460,.
43601850,.
74322969,.
31057219,..
34381901,..
96414537,.
99394620,.
76448076,..
92818240,..
84329061,.
71969230,..
91048178,.
65265211,.
22811839,.
61622991,..
61175914,.
91905819,..
54882637,.
53923398,..
69865450,..
20173336,..
49872493,.
39147056,..
11953769,..
85788659,..
59521477,.
54467211,..
82251333,.
90240730,..
34002355,..
96920524,..
96152872,..
92009807,..
10342448,"36,1"
90685868,.
17648596,..
39341381,.
29209307,..
90290154,..
92816527,.
24538846,.
67422309,..
34421265,.
82160887,..
33249781,.
18691102,..
24349146,..
83605345,..
47692481,..
85188855,.
85473846,.
32239920,..
56187883,..
52690153,.
74776778,..
71262305,..
84947634,.
48009865,..
89982804,.
97968599,..
91748148,..
42218661,..
74434644,..
42022406,.
34076477,"11,4"
54896448,.
97758137,..
26334561,.
40386043,"14,8"
20699742,..
82814120,.
45164827,..
10924758,.
34153869,..
17846181,..
75082798,..
23555409,..
27030026,..
15077883,..
48434184,..
58724424,..
39911065,..
56737496,..
55155562,..
31533003,..
19981611,.
25679488,..
35063170,..
31279294,.
36782335,..
67279303,..
21648755,"14,8"
11111710,.
49616977,..
84835666,..
20319353,..
85068812,..
78397312,..
36444853,..
89837629,.
12994441,..
88774402,.
75141151,"46,9"
61701709,..
38684438,"23,1"
39549479,"19,0"
73147554,.
69983740,.
12052268,..
71597051,.
40690520,.
35006050,..
10638939,..
34336190,.
88834120,..
53640774,..
72127035,..
71922787,..
92507006,.
20100577,"12,8"
79606767,"27,9"
11294673,.
86327236,.
66335258,..
54172830,..
56330385,..
44392995,..
60730660,.
82592568,"16,7"
86385479,.
49862313,..
42859669,..
99592025,..
34247736,..
76877530,.
38167912,.
43826783,.
58125096,..
17173461,..
30468157,..
23681822,..
92858957,..
82084961,"60,0"
73829818,..
18881773,.
12279302,..
64205087,"10,9"
18091973,.
88466776,..
54606928,..
19741742,..
45830583,.
30530571,..
78839208,..
30458073,.
27115998,..
79516949,.
87207941,..
11673760,..
38400227,..
81619482,..
39149668,..
67554405,.
73944169,..
78872213,..
64569393,..
48217580,..
57397381,"23,0"
72022487,..
71512894,.
28248021,..
44417214,..
74408578,..
71043974,..
61161774,..
75914181,..
24544503,"11,4"
69240218,.
12934438,..
43313366,..
37550979,.
60214465,..
23306658,.
11102578,.
10129345,..
94090461,.
26324896,..
56639389,.
53896162,..
17779637,..
71929526,.
60873719,.
68748767,..
23548714,..
48593439,..
91773491,..
30361243,..
25596917,.
31155312,..
84424083,..
10481541,..
68381790,..
13006857,..
16956086,..
58187973,..
31870541,..
44672598,..
31822012,..
62855448,..
91812793,..
58907711,.
68285560,..
69471748,..
99976753,"12,0"
75575321,..
57690933,..
12130801,.
95785055,.
68741484,..
37054246,.
31179045,..
59655752,..
41555549,..
85459854,.
67071618,.
28025244,..
40338843,..
14292382,.
87859089,.
98908403,..
83272868,..
45552626,..
92332557,..
78690637,..
77544055,..
76903284,..
49141105,..
26646080,"8,8"
79346084,..
14448619,..
43565270,..
85152591,.
40600798,..
48120273,.
94167577,.
53903798,..
97770837,"22,9"
70811222,.
17911161,"44,6"
35084976,..
77632411,..
59898194,..
38195284,..
97510495,..
89461767,..
94717858,..
75075402,..
26326048,"26,1"
37839488,"24,6"
73812226,..
15278518,..
85516596,..
16784385,..
24339566,..
65458415,.
52333875,..
24759907,"40,0"
31315191,..
48555205,"13,9"
32116280,..
64388538,.
52153758,.
99755443,..
30167976,..
32071849,.
79845033,.
41099519,..
59386837,.
21382451,..
55825382,"16,7"
59942080,..
37912396,.
45593337,..
19839859,.
30615080,"18,9"
86351879,..
90260899,.
31057219,..
27079521,.
64579522,.
34381901,.
55150847,..
53069733,..
14853321,..
86488203,..
25156286,..
28081446,..
92818240,..
12399380,.
31486865,..
97265732,..
61720981,..
50424828,..
95024660,..
32263814,..
33657492,..
79309485,..
77713695,.
23544320,.
69040241,..
20855811,..
53923398,..
74560191,.
47844862,..
72984079,..
61674097,..
93488613,..
59599256,..
90509211,..
50393060,.
85788659,..
59521477,..
54599691,..
31975673,..
27106031,..
46148350,..
49868916,..
74919147,..
78389879,..
44412461,..
96920524,..
70803636,..
23797825,"24,5"
10433896,..
49170638,..
25379974,.
18042101,.
70955448,.
92805465,"12,6"
61176909,.
21778322,.
31380193,..
62612992,..
16848652,.
15149235,..
24538846,.
67058407,..
98696836,.
49739986,..
92192566,..
65421426,..
72071234,.
65833454,.
28045567,..
38880984,"14,1"
18686599,..
47559319,.
20752831,"17,5"
51023367,.
52690153,.
93221031,.
18345915,..
71262305,.
97870412,.
82840198,.
41416934,.
21866405,..
42022406,..
25624692,.
64284020,..
40386043,..
26864271,..
75082798,..
23555409,.
30341162,..
72266906,..
15077883,..
48434184,..
56421429,..
56737496,.
24008049,..
36680097,..
59734510,.
19586169,.
95683850,.
89888648,..
36782335,..
37906565,.
90551279,..
69686851,..
90267145,.
85068812,..
16819383,..
79094701,.
11274830,..
35006050,..
88556189,..
97177328,..
72127035,.
22752398,..
71922787,..
81993306,..
16313848,..
11294673,.
28398531,.
79033948,..
69241230,..
80327946,..
86385479,..
99838438,..
42859669,..
92905347,.
99592025,..
30329172,.
47046103,..
19560192,.
98053087,..
46660042,..
44113417,..
39555838,.
82084961,"19,6"
46162400,..
12448823,.
18091973,.
40634612,.
69629086,..
31657916,.
42573391,.
29032715,.
19909435,.
85800840,.
27115998,.
41867682,.
39583059,..
38645259,..
63791419,..
46145886,..
84247499,..
48722826,.
53691739,.
60209222,..
78872213,.
51620045,..
56947954,..
72022487,.
70969556,.
28248021,..
74408578,..
86724994,..
39302565,..
74316305,..
72109637,.
97868185,.
77823650,..
76195214,.
70137084,..
69306209,..
80931789,..
90473340,.
26167236,.
63035915,..
12613085,.
66824652,..
32042066,..
92814975,..
69063711,.
77609073,..
68748767,.
52129378,"25,6"
61823258,.
68006362,..
86762103,.
68381790,..
13006857,..
16956086,..
58187973,.
88894245,.
67752682,.
44672598,.
22220001,..
16702464,.
36252055,.
72891848,.
32887559,..
43284031,..
13963517,.
26267406,.
31255918,..
51736304,..
53180719,.
27489137,.
37054246,..
62216381,..
88750078,.
22383788,..
81876614,.
75324351,.
61229217,..
41697930,..
17184072,.
77440824,.
14292382,.
87859089,..
16493131,.
24982097,..
68597767,.
30706655,..
38048202,..
87303004,..
97835550,.
26671095,.
42911621,.
15870428,..
26750052,..
81997762,..
79346084,..
14448619,..
94167577,..
21312503,.
33132452,..
15390992,..
38236800,.
95154882,.
65666808,..
93367005,..
16501673,..
79845033,..
41099519,.
59386837,.
17276047,..
48244956,..
70132092,..
27993549,..
90312942,..
37517404,.
29159460,.
43601850,..
86351879,.
74322969,..
90260899,.
31057219,..
27079521,..
96414537,.
95368476,.
76448076,..
91048178,..
76942525,.
61720981,..
82931004,..
33205596,.
60727136,.
33657492,..
93659517,..
57668673,..
91905819,.
54882637,..
36480690,..
52048443,..
69865450,..
37316242,.
50393060,.
59521477,.
54467211,.
59463950,.
63931325,.
75374280,.
50133877,..
34002355,..
18217765,.
96152872,.
10433896,..
43154449,.
96194948,..
68824244,..
90685868,..
39341381,.
28391147,"22,4"
31380193,..
90290154,.
92816527,..
94975733,..
77379848,.
13981977,.
67422309,.
82160887,.
23175129,..
29225010,..
24349146,..
85188855,.
39528347,..
32239920,..
80785976,.
21532545,.
56187883,.
51023367,.
52690153,.
61004230,..
23517336,.
48009865,..
82840198,.
19464342,.
43609520,..
42218661,..
42022406,..
56679384,..
69018222,..
64284020,.
97758137,..
40386043,..
33685428,..
34153869,.
75082798,.
23555409,..
30341162,..
19912478,..
58724424,..
95684185,..
93939982,.
55155562,..
24008049,..
54481243,.
36680097,..
25677996,..
31279294,..
36782335,..
21648755,..
69686851,.
54965510,..
25872338,.
10974852,.
85068812,..
78397312,..
36444853,..
61469192,..
79094701,.
71597051,.
53231578,.
91011325,..
97382366,..
10638939,..
69739484,"22,5"
92887917,..
68734112,.
44653962,.
47264019,..
20099064,..
16313848,..
79033948,..
68240485,.
95046058,..
44392995,..
99838438,..
30329172,.
76877530,..
38167912,..
77839100,.
55535552,..
92533079,..
92858957,..
82084961,..
50908408,..
18594470,..
72232853,..
18091973,.
36539945,.
40634612,..
66132676,..
64574972,..
48931433,..
85800840,..
68920727,..
27115998,..
79516949,..
96684210,..
23836342,..
81619482,.
39149668,.
48722826,.
73063662,"28,6"
43251309,.
67554405,.
94455820,.
78872213,..
56021320,..
64569393,.
86888278,.
57397381,..
44417214,.
49488344,..
57777751,.
38732602,..
86158933,..
75914181,..
84476205,..
24544503,..
86787111,..
97868185,.
70137084,..
23306658,.
11102578,.
94468610,..
90473340,.
64648904,.
75939593,..
51449748,..
28267726,..
71929526,.
71472793,..
69063711,.
35894996,.
65722876,"9,7"
49231191,..
13006857,..
16956086,..
88894245,.
44672598,.
99356671,.
29449669,..
91812793,.
14355031,.
46611859,"8,9"
65150019,..
47537928,..
44285075,..
68741484,..
72421673,..
15763669,.
18711877,..
61229217,..
70376604,..
40338843,..
16493131,..
83272868,.
16748680,..
92332557,..
78690637,"19,1"
90990441,..
49112879,..
43623146,.
18974693,..
28967085,.
33233228,.
94167577,..
27023528,..
97770837,.
29423248,..
33132452,..
17911161,..
35084976,.
77632411,..
53760158,.
78422467,..
75075402,..
46256929,..
83374651,.
30762346,.
15390992,..
85516596,.
95154882,..
24663703,.
28519815,"17,5"
65666808,..
24759907,"36,9"
35366805,..
89370947,..
64388538,.
17276047,..
48244956,..
43873969,..
19306558,..
45593337,.
25178582,..
70543431,.
56041144,..
90260899,.
33572033,..
95368476,..
76448076,..
28081446,..
21400668,..
92949043,..
31486865,..
97265732,..
50424828,..
11533776,"17,3"
99622695,.
51131594,..
89680395,.
53696633,.
27440210,..
62758285,.
57668673,.
63993414,.
49136871,.
53923398,..
74560191,.
36480690,..
24787883,..
52048443,.
43277545,"30,4"
66095163,..
54004368,..
31975673,.
99864908,.
49868916,.
44412461,..
49576295,.
45293715,"21,2"
77712952,.
10433896,..
43154449,.
46379730,.
46986216,..
16720048,..
31380193,.
85485803,..
88429477,..
98696836,.
49739986,..
29225010,..
56886667,..
62394916,.
67908927,..
18072172,.
11341077,..
77797484,..
80785976,..
21532545,..
51023367,.
43649848,..
74316305,..
84098842,..
17062663,..
71069359,.
48304166,.
92009807,..
93221031,..
17474377,.
55795961,.
84947634,..
68564903,.
18208087,..
41416934,.
21866405,..
25624692,.
25356960,..
98132436,..
40386043,..
44240250,..
75082798,..
91333138,..
12154972,..
15077883,.
48434184,..
19647256,..
93939982,.
55155562,..
24008049,..
59734510,..
19586169,..
24273261,..
89888648,.
90003262,..
36782335,..
67279303,..
21648755,..
90267145,.
61880907,"12,0"
88556189,..
72127035,.
70969714,..
31843016,..
29097621,..
16313848,..
86327236,..
86310217,..
69241230,.
80327946,..
70923626,..
92905347,..
30329172,.
47046103,..
17173461,.
19560192,.
98053087,..
46660042,..
38917647,..
98369689,..
17849518,.
40667807,.
69629086,..
31657916,.
46241804,..
29032715,..
19909435,.
85800840,.
39583059,..
38645259,..
39805497,..
83829189,.
84247499,..
97064126,..
48722826,.
71571158,..
73567152,..
84286698,.
23350817,..
87262566,..
56947954,..
72022487,..
70969556,..
86724994,..
39302565,..
61432781,..
14057258,..
81551726,..
52634142,.
76195214,.
70137084,..
92651253,.
26167236,..
28848709,.
49168016,.
28770304,..
17119840,..
61823258,.
86762103,..
76007769,.
88894245,.
47884009,..
75340089,.
36670439,..
72891848,..
83805032,..
31255918,..
35035671,..
53180719,.
17062663,..
88750078,..
85459854,.
61229217,.
93503103,.
14292382,.
87859089,.
16493131,..
48304166,.
27964873,..
30706655,..
78690637,..
24653673,..
87303004,.
97835550,..
22446331,..
40575001,..
76903284,..
81997762,.
42060237,..
89816391,..
38236800,..
85054102,..
87274273,.
16501673,..
26298615,.
50104466,.
59386837,..
73217812,..
16931486,.
13084253,..
82888663,..
11275959,..
27993549,..
90312942,..
19839859,.
29159460,..
43601850,.
14586562,.
74322969,..
90260899,.
31057219,..
27079521,..
34381901,.
95368476,.
84329061,.
71969230,.
91048178,..
10373112,.
65265211,..
19930101,..
33657492,..
53923398,..
69865450,..
37316242,.
20173336,..
49872493,.
39147056,..
85788659,..
95340745,.
59521477,..
54467211,..
82251333,.
63931325,.
75374280,..
46148350,.
50133877,..
90240730,..
84908877,.
34002355,..
18217765,.
92009807,"22,6"
90685868,..
56084099,.
39341381,..
29209307,.
92816527,..
15149235,.
77379848,.
34421265,..
18691102,..
70302356,..
24349146,.
83605345,..
47692481,..
85188855,.
85473846,.
98781765,..
56187883,..
51023367,..
52690153,.
93221031,..
61004230,..
71262305,.
68564903,.
89982804,.
74434644,..
18425335,..
23424275,.
34153869,.
75082798,..
27030026,.
15077883,..
39911065,..
56737496,.
87756916,..
19586169,..
24273261,.
59455288,..
25679488,..
35063170,.
36782335,..
37906565,.
21648755,..
49616977,..
72998905,.
69481650,..
12994441,..
30086854,..
38684438,..
73147554,.
35006050,..
10638939,..
71922787,.
44341171,..
32671805,..
79606767,.
11294673,.
86327236,..
28398531,.
54172830,..
56330385,..
42859669,..
92905347,..
47550455,..
17173461,..
98053087,..
92858957,..
44113417,..
18881773,..
94570025,..
54606928,..
42573391,.
97270136,..
30530571,..
40829056,.
38645259,..
87207941,.
11673760,..
38400227,..
27041885,..
97064126,..
67554405,..
86473502,.
98239050,..
94455820,.
78872213,..
23350817,.
87262566,.
41844601,..
23457902,..
57397381,..
72022487,.
28248021,.
44417214,..
49488344,.
14102256,..
43313366,..
37550979,.
76195214,..
60214465,..
11102578,..
84098842,..
63035915,..
26324896,..
50821167,.
77609073,..
68748767,..
25596917,..
20984584,.
25648215,..
11608031,..
86762103,.
68381790,.
16956086,..
22220001,.
15100079,.
16702464,..
72891848,..
69471748,..
99976753,.
14278480,..
51955293,.
12130801,.
53180719,.
68741484,..
41555549,..
75324351,.
28025244,..
40338843,.
16493131,.
48304166,.
24982097,..
68597767,.
30706655,..
78690637,..
87303004,.
14504503,..
77544055,..
76903284,..
15870428,..
81997762,..
42060237,.
14448619,..
27023528,..
33132452,..
56942970,.
97510495,.
15278518,..
38236800,..
24759907,"88,2"
16501673,..
79845033,..
41099519,..
59386837,.
55825382,..
59942080,..
90312942,.
14586562,.
27079521,..
34381901,..
96414537,.
14853321,.
86488203,..
92818240,..
71969230,..
76942525,..
50424828,..
12075195,..
65265211,.
33657492,"45,5"
61175914,..
57668673,.
69040241,..
53923398,..
47844862,..
69865450,..
90509211,..
37316242,.
50393060,.
85788659,..
54599691,..
27106031,..
63931325,.
57391913,.
46148350,..
96920524,..
70803636,.
23797825,..
90685868,.
80711021,..
39341381,..
31380193,.
25847233,..
16848652,.
36886750,..
67058407,.
98696836,..
64648566,.
83605345,.
15933512,.
47692481,.
85188855,..
85473846,.
53279140,..
51023367,.
52690153,.
17474377,..
18425335,..
19150273,.
64284020,.
23555409,.
73255276,.
58724424,.
31429031,.
87756916,..
59734510,.
19586169,..
31279294,..
11111710,.
90551279,..
69686851,..
59396229,..
85068812,..
36444853,..
65752105,.
10638939,.
88556189,..
44653962,.
87764775,..
66335258,..
44392995,..
80327946,.
42859669,..
92905347,.
19560192,.
56529916,..
12279302,..
17849518,.
77688926,.
37358234,..
42573391,.
97270136,..
30530571,.
96024712,.
40829056,.
39583059,..
46145886,.
48722826,..
97596286,..
67554405,.
86473502,..
64569393,..
87262566,.
23457902,.
44417214,..
86158933,..
36072799,..
81551726,.
76195214,.
23306658,.
17944628,..
26167236,..
64648904,.
53896162,.
11185244,..
69063711,.
35894996,..
68748767,..
20984584,.
31155312,..
61823258,..
79994304,..
11608031,..
67752682,.
91812793,.
14355031,.
72891848,..
25745773,.
14278480,.
28023078,..
13963517,.
51736304,.
53180719,..
72421673,.
41878314,.
18711877,.
90990441,..
42911621,..
26508763,.
14504503,.
81997762,..
34222422,.
84230226,.
94167577,..
33132452,..
63943560,..
85516596,..
38236800,..
59026584,..
65666808,..
80357110,..
16501673,.
73217812,..
36769815,.
65034473,..
29159460,.
14586562,.
95368476,.
86488203,..
25156286,..
71969230,.
91048178,.
76942525,..
50424828,..
60727136,.
45132264,..
73316818,.
91905819,.
36480690,..
24787883,..
69865450,..
31112935,..
49872493,.
92442684,.
82251333,.
84908877,.
24277564,..
96152872,..
44738639,..
96194948,..
25955541,.
90685868,.
80711021,.
31380193,.
90290154,..
92816527,..
98696836,..
64648566,..
18691102,..
15933512,..
47692481,.
85188855,.
85473846,..
53279140,.
80785976,.
56187883,..
71262305,.
19464342,.
23424275,..
88573795,..
73255276,.
58724424,..
31429031,..
25679488,..
36782335,.
21648755,..
69481650,..
95165649,..
12994441,..
10638939,..
44341171,..
32671805,..
28398531,.
80327946,..
70923626,..
47550455,..
38167912,.
80686587,..
62439199,..
19741742,.
30530571,.
11673760,..
38400227,..
83829189,.
97064126,..
62104139,..
41844601,..
70969556,..
44417214,.
14102256,..
54839753,.
26167236,..
63035915,.
77609073,..
68748767,..
20984584,.
11608031,.
68381790,..
75340089,.
91812793,.
72891848,.
22426680,..
53180719,.
60424371,.
41555549,.
78690637,..
87303004,.
26508763,.
76903284,.
81997762,.
14448619,.
27023528,..
38236800,..
30677562,..
55825382,..
92949043,..
84329061,..
91048178,..
76942525,.
16496466,.
69865450,.
37316242,..
28646435,..
92442684,.
84908877,..
14799321,.
56041699,..
80711021,..
15149235,.
15791044,.
15933512,..
47692481,.
85188855,.
53279140,..
68229719,.
65192707,..
30538202,..
40386043,..
34153869,.
51138448,.
25720752,.
31533003,..
36782335,.
54965510,.
69983740,.
70066748,..
68734112,.
53462953,.
30468157,..
96684210,..
40766349,.
31199511,..
11102578,.
17944628,..
75939593,..
56639389,.
69063711,.
65722876,..
31822012,..
58544422,..
12130801,.
78690637,..
30279258,..
26996566,..
94167577,..
41938272,.
49068301,.
88839172,.
88955893,..
42775003,..
32071849,.
90076461,..
31486865,.
63993414,.
32995170,.
32550660,.
49868916,.
74919147,.
36355200,..
88025221,.
46986216,..
65392939,.
56886667,.
77797484,.
47559319,.
93221031,.
71262305,.
97870412,.
18208087,.
83474173,.
88445871,..
64284020,.
98132436,.
88259298,.
17846181,.
16950252,..
48434184,..
56421429,.
17008320,..
56737496,.
55155562,.
95683850,.
35063170,..
67279303,.
90267145,.
16819383,..
53660780,..
51321260,..
58502307,.
70969714,.
81993306,.
16313848,.
54172830,..
86385479,.
92905347,.
47550455,.
20620556,.
17173461,..
46660042,..
46162400,..
18091973,.
19909435,.
30530571,.
38645259,.
39805497,..
83829189,..
48722826,..
60209222,..
84286698,.
87262566,.
56947954,.
72022487,..
74316305,..
72109637,.
81551726,.
82002016,..
23306658,..
69306209,..
12954099,.
26167236,.
66824652,.
49168016,.
92814975,..
25648215,.
13006857,..
16956086,.
47884009,..
55421481,..
16702464,.
32887559,..
15609112,.
39199869,.
88750078,..
41555549,..
81876614,.
67071618,..
75324351,.
58929357,.
93503103,.
17184072,.
77440824,..
16493131,..
41119610,.
97835550,..
42911621,..
75027822,.
21850904,.
12546590,..
18451445,.
59386837,.
16931486,.
70132092,.
66273269,..
37912396,..
90312942,.
19839859,.
67628478,.
86351879,..
69302313,.
31057219,.
64579522,..
34381901,.
96414537,.
95368476,.
31537066,.
84329061,.
65265211,.
71938440,..
33657492,.
27859889,.
69865450,.
49872493,.
95340745,..
59521477,.
54467211,.
59463950,.
75374280,..
46148350,.
60919765,.
96152872,..
68824244,.
56084099,..
39341381,.
94975733,..
56802300,.
77379848,..
13981977,.
34421265,..
23175129,.
18691102,.
47692481,.
20768651,.
98781765,..
95069937,.
42218661,.
16554575,.
19912478,.
30086854,.
26627862,.
98052678,.
61826221,.
54395430,.
80686587,.
46574937,.
98239050,.
56021320,.
31199511,.
56639389,.
78986228,.
30361243,.
50906954,.
65674821,.
26671095,.
25525759,.
77632411,.
89693952,.
30615080,.
32550660,.
77712952,.
92805465,.
65421426,.
82814120,..
13006857,..
21567982,.
49379603,.
80167319,.
88534520,..
82814120,.
39936461,.
59734510,..
59455288,..
82163292,..
88163512,..
31279294,.
36782335,..
69686851,..
95165649,.
35236491,..
50696507,..
38448056,..
83085136,.
85544331,.
19560192,.
21363125,..
78659008,..
18091973,..
88624631,..
35390185,..
40829056,.
65662401,..
75344502,..
32580162,.
61547652,..
62490359,..
64725297,..
43362941,..
23457902,.
27597104,..
77823650,.
52634142,..
32705515,..
23306658,..
26167236,.
11185244,..
56211717,..
32042066,..
92814975,.
20984584,.
61823258,.
39178171,..
25745773,..
43284031,..
26267406,.
53180719,.
56267421,.
34990065,..
32003298,.
42517257,..
86896907,..
14292382,..
54764253,.
97104132,.
46332927,..
86319615,..
22446331,..
76903284,..
34222422,..
98815582,"22,7"
59026584,..
52333875,..
92489953,..
82888663,"38,5"
11275959,..
50615280,..
19035583,.
80280597,.
89630851,.
14586562,.
65234368,.
76942525,..
25698509,..
16496466,.
65265211,.
61175914,.
63451147,.
31112935,..
20173336,..
38544187,"23,4"
23517683,..
88956420,.
14677676,..
98032567,.
25955541,.
24501884,..
25847233,..
34421265,..
33249781,"23,8"
64693272,..
61004230,..
71262305,..
55795961,.
84947634,.
48009865,..
18208087,..
19464342,.
60743463,.
32960825,..
91748148,..
42022406,.
65192707,..
43634528,..
53400472,..
97758137,..
26334561,"13,4"
40386043,..
59483268,..
21663998,..
20595770,..
45164827,..
34153869,..
17846181,..
75082798,..
34637764,..
48434184,..
95684185,..
17008320,.
25720752,..
55155562,..
23164911,..
19981611,.
19586169,..
24273261,.
59455288,.
25677996,.
35063170,..
31279294,.
36782335,..
23897040,.
20666515,.
54965510,..
84835666,..
64740897,.
78979604,..
85068812,.
78397312,.
89837629,..
12994441,..
88774402,.
75141151,..
84306392,..
26627862,.
72517762,"68,8"
38684438,..
35647481,"14,9"
69983740,.
66491596,.
12052268,..
71597051,.
40690520,.
21505555,..
70066748,..
19207279,..
53640774,.
72127035,.
74148070,..
19051089,..
98052678,..
16313848,"20,0"
11294673,.
86327236,.
83137205,..
54172830,.
65136104,.
56330385,.
20228162,.
53462953,.
60730660,.
82592568,..
78875918,..
86385479,.
49862313,..
42859669,..
99592025,..
47550455,..
47046103,..
58125096,..
82914148,..
20620556,.
17173461,..
30468157,..
61528940,..
92858957,.
86296935,.
44113417,..
39555838,.
85214294,.
82084961,"21,0"
51210136,..
80686587,..
91984508,..
40667807,..
88466776,.
57942242,..
77688926,..
29032715,..
48931433,..
96024712,..
30458073,..
27115998,.
79516949,..
87207941,..
46574937,..
63791419,..
81619482,.
90006712,.
39149668,.
38233622,..
48722826,..
98239050,..
61547652,.
87034307,..
78872213,.
76860623,.
64160122,.
56947954,..
72022487,..
71512894,.
28248021,..
44417214,..
88776535,..
71043974,..
57777751,.
89807183,..
96818167,..
67300857,..
99279503,..
63653488,.
84476205,..
69240218,..
12934438,..
43313366,..
82002016,..
23306658,.
69306209,..
94090461,.
80931789,..
69807202,..
75939593,..
56639389,..
95700485,.
53896162,..
17779637,..
66824652,..
49168016,.
60873719,..
21938183,..
69063711,.
12926770,..
68748767,..
23548714,..
48593439,..
91773491,"30,8"
30361243,..
25596917,..
65722876,..
65381163,..
84424083,.
78231062,..
10481541,..
68381790,..
13006857,..
16956086,.
58187973,.
31870541,.
44672598,..
31822012,.
83161201,..
16702464,.
36252055,..
58907711,.
71541108,..
69471748,..
76485705,..
93239262,..
75575321,..
24194577,.
51955293,..
51736304,.
95785055,.
68655578,..
37054246,.
39199869,.
59655752,..
41555549,.
81876614,..
67071618,.
75324351,.
61229217,..
59575030,.
77440824,..
14292382,..
87859089,.
98908403,.
16493131,.
83272868,.
45552626,..
16748680,..
65674821,..
38048202,.
65320354,.
76903284,..
49141105,..
26996566,.
27704246,"9,1"
69747871,.
79346084,..
14448619,..
43565270,..
52791537,..
85819857,.
54117171,..
48120273,..
94167577,"56,0"
53903798,.
69650864,.
41938272,..
76054399,..
60142020,.
70811222,.
17911161,"35,7"
35084976,..
77632411,..
49068301,..
38195284,.
97510495,..
89461767,..
94717858,..
53760158,.
37802196,..
36288955,.
74812809,..
88839172,..
95618280,..
26326048,..
37839488,..
59796774,.
75600007,..
73812226,..
82964090,..
24339566,..
65458415,.
52333875,"28,3"
69543519,"38,5"
24759907,"40,0"
31315191,..
56670842,.
48555205,..
31313926,.
30312720,..
32116280,.
53175499,.
52153758,.
22116645,..
30167976,.
50104466,.
28004794,.
32071849,.
41099519,..
59386837,.
21382451,..
43873969,.
24993048,..
66273269,..
11275959,.
58518163,.
37912396,.
45593337,..
10226870,..
32057701,..
30615080,..
70543431,.
23476801,.
86351879,.
74322969,.
90260899,.
31057219,..
27079521,.
64579522,.
34381901,.
55150847,..
53069733,..
99394620,.
76448076,..
84329061,..
82718660,.
31486865,.
97265732,.
61720981,..
98651664,..
33657492,.
37078868,.
16130958,..
77713695,..
16218090,.
23544320,.
49136871,.
20855811,..
53923398,..
74560191,.
47844862,..
72984079,..
52048443,.
61674097,.
32550660,..
93488613,..
45600034,.
59599256,..
26957025,..
90509211,..
11953769,..
50393060,..
95340745,.
54004368,..
31975673,..
82251333,..
63931325,.
57391913,..
46148350,..
50133877,..
74919147,..
24277564,..
44412461,..
18217765,..
49576295,.
49170638,..
25379974,..
88025221,"8,0"
18042101,..
56041699,..
70955448,.
46707989,..
61176909,.
21778322,.
62612992,..
94975733,..
56802300,.
15149235,..
13981977,.
67058407,..
15791044,.
64908550,..
77358716,.
92192566,..
56886667,..
65421426,..
62394916,.
72071234,..
64693272,..
65833454,.
34988313,..
38880984,..
18686599,.
47559319,..
20752831,..
51023367,.
34739511,.
52690153,.
61004230,.
19464342,.
43609520,..
83474173,..
91487291,.
88445871,..
23424275,..
40386043,..
33685428,..
75082798,..
34637764,..
15077883,.
19647256,..
16361868,.
19586169,.
25679488,..
31279294,..
36782335,..
90551279,..
93062368,.
15414001,"21,8"
38311488,.
74148070,..
32671805,..
79606767,..
65136104,.
80327946,..
86385479,.
70923626,..
47550455,.
20620556,.
19560192,..
46660042,..
40810950,..
17849518,.
66132676,..
19741742,..
97270136,..
30530571,..
11673760,..
38400227,..
60209222,..
23350817,.
87262566,.
41844601,..
57397381,..
72022487,.
44417214,.
86158933,..
78287294,..
32705515,.
23306658,..
31740319,..
63035915,..
50821167,.
92814975,.
68748767,..
20984584,..
11608031,..
76007769,.
88894245,.
47884009,..
75340089,.
31796890,..
69471748,..
60424371,..
37054246,.
18711877,.
28025244,..
16493131,..
48304166,.
68597767,..
38048202,..
40575001,..
12496135,.
42060237,.
56653353,..
31998226,.
24397215,..
30677562,..
79845033,.
21627442,.
16931486,.
19306558,.
37912396,.
29159460,.
89630851,..
69302313,.
27079521,.
14853321,..
92949043,..
71969230,.
61720981,..
16496466,..
62300682,..
61175914,.
61197669,.
37316242,..
54599691,..
27106031,.
63931325,.
57391913,..
70803636,..
14799321,..
16720048,..
31380193,.
92816527,.
15149235,..
82160887,..
15933512,..
12198363,.
18072172,.
85188855,.
39528347,.
53279140,..
56187883,.
51023367,.
68229719,..
71262305,..
55795961,.
84947634,.
48009865,..
82840198,.
19464342,.
60743463,.
97968599,..
42218661,..
74434644,..
36263479,..
19150273,..
53400472,..
97758137,..
26334561,..
40386043,..
59483268,..
32879845,.
88573795,.
20595770,..
82814120,.
45164827,.
10924758,..
34153869,.
17846181,..
75082798,..
23555409,..
72266906,"15,1"
34637764,..
19912478,..
15077883,..
48434184,..
51138448,..
93939982,..
25720752,..
55155562,..
31533003,.
16361868,..
19981611,..
19586169,..
24273261,.
59455288,..
25679488,..
35063170,.
31279294,.
36782335,..
20666515,.
21648755,..
11111710,..
49616977,..
54965510,..
54164490,..
20319353,"34,9"
92194545,..
64740897,.
78979604,..
85068812,..
78397312,..
36444853,..
89837629,"22,7"
12994441,..
88774402,..
75141151,..
28627819,"10,7"
26627862,..
48847282,"13,3"
72517762,..
38684438,..
31251822,"14,3"
90099336,.
69983740,.
12052268,"25,0"
71597051,.
40690520,.
97382366,..
10638939,"73,9"
21052710,..
88834120,..
19207279,.
53640774,..
72127035,..
68734112,..
92507006,..
44653962,.
50198492,"9,1"
16313848,"23,4"
11294673,.
86327236,.
41745951,.
83137205,..
28398531,..
66335258,..
54172830,..
75458014,..
65136104,..
56330385,..
20228162,.
53462953,"12,6"
60730660,.
82592568,..
86385479,..
49862313,"22,0"
99838438,..
42859669,"27,6"
99592025,.
34247736,..
76877530,.
47046103,.
58125096,"38,5"
82914148,..
20620556,..
17173461,.
30468157,..
66861851,..
92858957,"14,1"
44113417,.
67783774,.
39555838,..
85214294,..
82084961,..
73829818,..
18881773,.
78295411,"21,8"
12279302,..
50500028,..
18091973,.
88466776,.
40634612,..
37358234,..
21008461,..
53893730,"11,9"
42573391,.
64574972,..
45830583,.
48931433,"20,4"
30530571,..
78839208,.
30458073,..
68920727,..
27115998,..
79516949,..
96684210,..
87207941,..
23836342,..
12395564,.
39149668,..
48722826,..
40766349,..
67554405,..
73944169,.
94455820,.
62104139,..
78872213,.
58191646,"10,6"
63179610,..
64569393,..
48217580,..
57397381,..
72022487,..
71512894,..
28248021,..
44417214,.
25025681,..
71043974,"16,9"
57777751,..
61161774,..
75914181,..
99279503,..
63653488,..
25392789,..
69240218,..
38460895,..
31199511,..
43313366,..
37550979,.
70137084,..
23306658,.
11102578,..
17944628,..
94090461,..
64648904,.
75939593,"9,6"
26324896,..
56639389,..
95700485,..
53896162,"8,0"
17779637,..
71929526,..
60873719,.
28085125,..
21938183,..
69063711,.
77609073,..
35894996,..
12926770,..
68748767,..
23548714,..
48593439,..
91773491,..
30361243,..
25596917,..
65722876,..
65381163,"24,7"
31155312,"48,5"
84424083,..
78231062,..
10481541,..
68381790,..
13006857,..
16956086,..
58187973,.
31870541,..
44672598,.
31822012,..
99356671,.
16702464,.
29449669,..
62855448,..
91812793,..
58907711,.
68285560,.
58544422,..
69471748,..
49750031,..
93239262,..
75575321,.
28023078,..
24194577,.
57690933,..
12130801,..
95785055,.
68741484,..
37054246,..
72421673,..
15763669,.
59655752,..
41555549,..
85459854,..
67071618,.
75324351,.
61229217,..
18617410,"17,2"
40338843,.
14292382,..
87859089,.
98908403,"34,9"
16493131,..
83272868,.
11526364,..
45552626,..
16748680,..
92332557,..
78690637,..
30279258,..
76903284,..
49141105,..
18974693,..
26996566,.
69747871,..
31151740,..
79346084,"19,7"
89816391,..
43565270,..
77176811,..
52791537,..
52942981,..
48120273,..
94167577,..
27023528,..
53903798,..
97770837,..
69650864,.
59581397,..
41938272,..
29423248,..
33132452,"28,6"
70811222,.
17911161,"40,0"
35084976,.
77632411,..
49068301,..
59898194,..
38195284,..
97510495,..
89461767,..
94717858,..
36288955,..
74812809,.
88839172,.
48412612,..
75075402,..
26326048,"29,5"
37839488,"25,5"
59796774,.
17675502,..
75600007,..
73812226,..
88955893,.
63943560,..
85516596,..
16784385,..
89963319,.
24339566,..
65458415,.
95154882,.
28519815,"50,0"
69543519,..
24759907,"43,6"
31315191,..
42775003,.
48555205,..
32116280,.
57143976,"18,2"
53175499,.
64388538,.
52153758,.
22116645,.
99755443,.
30167976,.
50104466,.
28004794,.
32071849,..
79845033,..
41099519,..
59386837,.
21382451,..
36769815,.
43873969,..
35301145,"12,5"
59942080,..
66273269,.
11275959,.
58518163,..
37912396,.
45593337,..
19839859,.
30615080,"47,4"
25178582,..
23476801,.
56041144,..
74322969,.
90260899,..
31057219,.
27079521,.
64579522,.
34381901,..
55150847,..
90076461,..
53069733,..
95368476,..
76448076,..
86488203,..
25156286,.
28081446,.
92949043,..
91048178,..
82718660,.
12399380,.
31486865,..
97265732,..
61720981,..
50424828,..
47393891,..
48414975,.
47108751,..
33657492,.
82195565,..
77713695,..
64667996,..
23544320,.
69040241,.
63993414,.
20855811,"35,3"
53923398,..
74560191,.
47844862,"12,5"
72984079,"45,5"
36480690,..
32995170,..
52048443,.
61674097,..
32550660,..
93488613,..
45600034,.
59599256,..
26957025,..
90509211,..
50393060,..
85788659,..
95340745,.
59521477,..
92442684,..
54599691,..
31975673,..
99864908,..
63931325,.
57391913,.
46148350,..
49868916,..
74919147,..
78389879,..
24277564,..
44412461,..
36355200,..
70803636,..
77712952,..
10433896,..
49170638,..
46379730,..
25379974,..
88025221,"9,6"
18042101,..
56041699,.
45111086,.
70955448,..
67924816,..
56084099,..
13960635,..
61176909,.
21778322,..
85485803,..
88429477,..
56802300,.
15149235,..
24538846,..
67058407,..
15791044,..
65392939,..
77358716,..
49739986,..
92192566,..
56886667,..
64648566,..
65421426,"16,7"
62394916,.
72071234,.
15933512,..
64693272,.
18072172,.
65833454,..
28045567,..
18686599,..
93779220,"8,8"
80785976,..
47559319,..
56187883,..
20752831,..
51023367,.
52690153,.
36782335,..
96279444,..
19560192,.
31657916,..
85800840,.
20061769,.
77358716,..
18345915,..
71262305,.
55795961,.
48009865,.
18208087,..
60743463,.
32960825,..
91748148,..
42022406,..
65192707,..
69018222,..
12889940,..
40386043,..
21663998,..
88259298,..
17846181,.
75082798,..
23555409,.
30341162,..
16950252,..
15077883,.
48434184,.
56421429,.
17008320,..
25720752,..
55155562,..
23164911,..
36680097,.
95683850,..
89888648,..
35063170,..
31279294,..
36782335,..
23897040,.
37906565,.
90551279,"10,8"
69686851,..
85068812,..
16819383,..
89837629,..
72517762,..
79094701,.
66491596,.
12052268,..
53231578,..
96279444,..
40690520,.
35006050,..
21052710,.
58502307,.
97177328,"31,3"
70969714,..
81993306,..
47264019,..
16313848,"23,8"
86327236,.
28398531,..
79033948,.
68240485,.
78875918,..
86385479,.
49862313,.
99838438,..
42859669,..
99592025,..
47550455,..
58125096,..
30468157,..
72206824,..
92858957,..
44113417,..
39555838,..
82084961,..
46162400,..
67279263,"8,1"
18594470,..
40667807,.
88466776,.
40634612,..
14508922,..
29032715,..
19909435,..
96024712,..
27115998,..
41867682,..
79516949,..
46574937,"7,6"
39805497,..
81619482,.
90006712,.
39149668,.
48722826,..
53691739,.
43251309,.
87034307,..
78872213,.
80405898,..
51620045,..
86888278,..
56947954,..
72022487,.
71512894,..
28248021,.
44417214,..
88776535,..
71043974,..
89807183,..
39302565,..
79527481,"10,4"
69240218,.
86787111,..
77823650,.
82002016,..
97535124,.
69306209,..
12954099,..
90473340,..
51449748,..
12613085,..
53896162,..
66824652,..
49168016,..
60873719,.
69063711,.
77609073,..
52129378,..
65381163,"29,0"
68381790,.
13006857,.
16956086,..
31870541,..
44672598,..
83161201,..
16702464,.
29449669,..
36252055,..
14355031,..
53832505,"39,0"
69471748,..
43284031,..
26267406,.
51955293,..
51736304,..
44285075,..
68655578,..
37054246,.
39199869,..
88750078,..
41555549,.
81876614,.
67071618,.
75324351,.
59575030,..
77440824,.
51981332,.
87859089,..
98908403,"45,5"
16493131,.
11526364,.
38048202,..
26671095,.
65320354,.
76903284,..
15870428,..
26750052,..
12546590,..
54117171,..
94167577,"39,5"
27023528,..
17911161,..
35084976,..
49068301,..
94717858,..
46256929,..
73812226,..
15390992,..
63943560,..
78433202,..
31313926,"30,8"
30312720,.
32116280,..
57143976,..
93367005,"19,3"
50104466,.
79845033,..
41099519,.
59386837,.
17276047,..
48244956,..
13084253,"15,8"
58518163,..
27993549,..
37912396,.
45593337,..
67628478,.
37517404,.
25178582,..
86351879,.
74322969,..
90260899,.
31057219,..
27079521,.
64579522,..
53069733,..
99394620,.
31537066,..
21400668,..
84329061,"14,7"
91048178,..
31486865,.
97265732,.
61720981,"14,1"
82931004,..
28829503,..
33657492,..
33596572,..
57668673,..
20855811,..
53923398,..
72984079,..
36480690,.
52048443,..
50393060,.
95340745,.
59521477,.
66095163,..
54004368,..
31975673,..
59463950,.
63931325,.
75374280,..
46148350,.
50133877,..
44412461,..
18217765,..
66028861,.
10433896,..
43154449,.
68824244,..
43479922,..
28391147,..
62612992,..
94975733,.
56802300,.
15149235,.
13981977,.
67058407,.
15791044,..
65392939,..
29225010,..
24349146,..
83605345,.
64693272,..
18072172,.
20768651,..
28872974,"21,6"
80785976,..
21532545,.
20752831,..
34739511,.
68824244,..
68564903,.
88445871,..
98132436,..
59483268,.
12154972,.
59734510,..
59455288,.
89888648,.
36782335,.
20666515,..
90551279,..
93062368,..
90267145,..
16819383,..
51321260,..
88556189,..
31843016,..
87764775,.
16313848,..
65136104,..
69241230,.
80327946,..
86385479,..
42859669,..
92905347,.
30329172,..
19560192,..
82084961,..
73829818,.
14508922,.
19741742,.
19909435,.
85800840,..
39583059,..
38645259,.
38400227,..
86473502,.
73567152,..
23457902,.
72022487,.
44417214,.
86724994,.
78287294,.
81551726,..
76195214,.
82826083,.
26167236,.
63035915,..
17119840,..
20984584,.
25648215,.
68006362,..
86762103,..
58187973,..
88894245,.
22220001,.
72891848,.
48862305,..
26267406,.
53180719,..
15609112,.
62216381,.
85459854,.
41697930,.
78690637,..
97835550,.
42911621,.
42060237,.
14926020,..
31998226,..
79829846,..
41631104,..
16931486,..
19839859,.
43601850,..
96414537,.
99394620,.
84329061,..
65265211,.
61647360,.
45541222,.
91905819,.
54882637,..
72984079,..
69865450,.
49872493,.
54467211,.
82251333,..
34002355,..
10342448,..
60088179,..
90290154,..
18691102,.
24349146,..
47692481,.
18072172,.
29744774,.
32239920,.
68229719,.
84947634,..
68564903,..
82840198,..
32960825,..
83474173,..
74434644,..
93281974,..
23424275,.
19150273,.
26334561,..
59483268,..
73098153,..
17846181,.
75082798,..
34637764,..
15077883,.
48434184,.
88850910,..
25720752,..
31533003,.
31429031,.
19586169,..
95683850,.
59455288,.
25677996,..
36782335,.
37906565,.
90551279,.
90267145,.
72998905,.
96590873,"17,6"
88556189,..
72127035,..
85003442,..
44653962,.
87764775,.
48438396,"24,4"
32671805,..
16313848,..
11294673,.
66335258,..
78875918,..
78023197,..
70923626,..
92905347,.
34247736,..
38167912,..
19560192,.
46660042,..
85214294,..
40037982,..
12279302,..
40667807,..
80762863,..
31657916,.
64574972,..
48931433,.
96024712,..
40829056,..
38645259,.
11673760,..
63791419,"25,0"
46145886,.
27041885,..
97596286,..
67554405,..
86473502,..
84286698,.
76860623,..
57397381,..
72022487,.
28248021,..
44417214,.
14102256,..
75914181,..
99279503,..
76195214,..
21901328,..
23306658,.
31740319,..
69807202,..
63035915,..
32042066,.
92814975,.
35894996,..
20984584,.
25648215,..
68006362,..
13006857,..
16956086,.
71160225,..
75340089,.
36670439,.
22220001,.
99356671,..
16702464,.
72891848,..
71541108,..
28023078,.
13963517,.
51955293,.
12130801,.
53180719,.
68741484,..
31179045,..
41555549,.
18711877,.
75324351,..
70376604,..
14292382,.
16493131,..
48304166,.
65674821,..
38048202,..
87303004,..
97835550,.
26508763,..
14504503,.
16198647,..
12496135,.
76903284,..
68649663,..
81997762,.
42060237,.
53903798,..
97770837,..
33132452,..
59898194,..
95618280,"32,7"
65458415,.
16501673,..
59386837,.
16931486,.
32321364,..
27993549,..
37912396,.
90312942,.
19839859,.
29159460,..
43601850,..
14586562,.
69302313,..
31057219,..
64579522,.
34381901,..
96414537,..
31537066,..
84329061,..
71969230,..
61720981,.
50424828,..
65265211,.
97191332,..
33657492,..
17812651,..
22239675,..
59599256,..
49872493,..
11953769,.
50393060,.
95340745,.
92442684,..
54599691,..
54467211,.
99864908,..
63931325,.
46148350,.
49868916,..
84908877,..
24277564,.
36355200,..
77835341,..
77712952,..
56041699,..
90685868,.
60088179,..
21778322,..
90290154,.
25847233,..
16848652,.
56802300,.
77379848,.
67422309,..
15791044,.
65421426,..
12198363,.
47692481,.
64693272,.
89690587,..
87112995,..
51023367,.
52690153,.
38683336,.
