skolkod,gbp
93221031,"12,6"
17474377,"14,0"
74776778,"14,5"
18345915,"14,8"
68229719,"14,8"
61004230,"15,6"
71262305,"15,8"
55795961,"16,0"
84947634,"13,0"
23517336,"15,1"
48009865,"14,9"
97870412,"13,9"
68564903,"13,8"
82840198,"14,1"
18208087,"13,7"
89982804,"13,5"
19464342,"14,6"
60743463,"15,3"
32960825,"14,7"
43609520,"15,1"
41416934,"12,9"
97968599,"14,6"
21567982,"12,9"
91748148,"14,0"
49379603,..
80167319,..
42218661,"14,3"
73171934,..
83474173,"12,6"
91487291,..
21866405,"11,8"
74434644,"13,6"
42022406,"13,2"
88445871,"13,3"
65192707,"15,2"
18425335,"13,1"
93281974,"13,1"
23424275,"14,1"
43634528,"15,5"
36263479,"14,8"
56679384,"13,6"
30538202,"14,6"
19150273,"13,3"
69018222,"12,1"
25624692,"12,4"
88534520,"14,7"
12889940,"14,3"
16554575,"12,7"
34076477,"13,2"
54896448,"16,6"
25356960,"14,2"
64284020,"12,9"
98132436,"13,3"
53400472,"13,5"
60096875,"11,6"
97758137,"14,5"
26334561,"13,9"
40386043,"13,9"
29324709,"14,3"
26864271,"12,5"
59483268,"14,0"
33685428,"15,4"
32879845,"14,9"
88573795,"13,7"
20699742,"14,7"
21663998,"15,5"
20595770,"14,7"
82814120,"15,1"
45164827,"17,2"
10924758,"13,1"
34153869,"15,6"
88259298,"13,7"
73098153,"14,5"
44240250,"13,7"
17846181,"14,9"
75082798,"13,8"
23555409,"15,1"
91333138,"12,8"
30341162,"13,0"
39936461,"14,3"
72266906,"14,1"
27030026,"13,8"
12154972,"13,1"
16950252,"14,2"
34637764,"14,4"
19912478,"14,9"
73255276,"14,7"
15077883,"13,4"
48434184,"13,4"
58724424,"13,8"
95684185,"15,3"
51138448,"14,3"
19647256,"13,4"
56421429,"14,1"
39911065,"13,8"
17008320,"15,1"
56737496,"13,6"
88850910,"12,4"
93939982,"13,7"
25720752,"14,4"
55155562,"13,4"
31533003,"14,7"
31429031,"13,2"
16361868,..
23164911,"15,1"
24008049,"14,6"
19981611,"15,1"
54481243,"17,9"
36680097,"13,2"
87756916,"12,4"
59734510,"12,5"
19586169,"13,1"
24273261,"14,0"
95683850,"14,5"
59455288,"13,5"
82163292,"13,9"
25679488,"13,8"
25677996,"14,0"
89888648,"13,5"
90003262,"15,2"
88163512,"13,7"
35063170,"14,3"
31279294,"13,0"
36782335,"14,3"
23897040,..
20666515,"15,0"
37906565,"14,2"
67279303,"13,2"
21648755,"13,5"
11111710,"14,3"
90551279,"13,8"
93062368,"11,4"
69686851,"13,4"
49616977,"14,5"
54965510,"15,3"
90267145,"13,5"
72998905,"12,9"
84835666,"14,3"
25872338,..
54164490,"12,2"
69481650,"12,6"
20319353,"11,9"
92194545,"13,6"
88153340,"12,8"
94353434,"12,3"
59396229,"13,2"
95165649,"13,3"
64740897,..
78979604,..
69626109,"12,2"
10974852,..
85068812,"11,9"
78397312,"16,1"
36444853,"13,5"
15414001,"13,7"
38311488,"14,2"
16819383,"13,0"
89837629,"12,8"
12994441,"12,0"
53660780,"14,7"
88774402,"17,4"
75141151,"13,5"
61701709,"14,3"
61469192,"16,1"
84306392,"16,1"
28627819,"14,1"
30086854,"12,3"
26627862,"15,3"
48847282,"14,3"
72517762,"9,6"
79094701,"15,7"
38684438,"13,6"
31251822,"13,1"
90099336,..
96590873,"13,0"
35647481,"14,4"
39549479,"14,1"
73147554,"16,6"
65752105,..
69983740,"17,1"
66491596,"16,7"
12052268,"13,6"
71597051,"16,5"
53231578,"13,9"
11274830,"11,7"
51321260,"11,6"
96279444,"13,6"
40690520,"16,8"
61880907,"11,6"
91011325,"13,1"
97382366,"14,6"
35006050,"13,2"
88886610,"12,6"
10638939,"11,1"
21505555,"16,3"
34336190,"15,4"
21052710,"15,6"
88556189,"11,4"
35236491,"14,2"
69739484,"13,6"
92887917,"14,3"
88834120,"13,7"
70066748,"14,6"
19207279,"17,2"
53640774,"13,9"
58502307,"14,4"
97177328,"12,9"
72127035,"14,2"
70969714,"13,2"
85003442,"13,4"
22752398,"12,4"
68734112,"14,3"
71922787,"13,1"
31843016,"12,3"
74148070,"15,6"
50696507,"14,6"
92507006,"14,5"
44653962,"14,6"
20100577,"14,6"
81993306,"13,6"
19051089,"17,0"
29097621,"13,1"
47264019,"14,1"
87764775,"13,2"
50198492,"14,3"
48438396,"12,2"
98052678,"14,4"
20099064,"15,5"
44341171,"13,0"
32671805,"14,3"
38448056,"14,5"
16313848,"12,8"
79606767,"13,8"
11294673,"14,7"
86327236,"13,9"
41745951,"17,0"
83137205,"15,5"
28398531,"12,9"
66335258,"14,3"
54172830,"13,7"
86310217,"11,6"
83085136,"15,2"
75458014,"13,0"
65136104,"12,7"
61826221,.
79033948,"14,7"
56330385,"14,3"
20228162,"17,3"
68240485,"15,2"
95046058,"15,8"
44392995,"14,7"
53462953,"13,6"
69241230,"11,4"
60730660,"18,4"
85544331,"14,8"
80327946,"13,0"
82592568,"14,9"
78875918,"14,6"
78023197,"13,4"
86385479,"14,6"
40991561,..
49862313,"13,3"
99838438,"12,8"
42859669,"12,9"
70923626,"12,4"
92905347,"11,9"
99592025,"15,9"
34247736,"14,4"
47550455,"13,8"
30329172,"14,5"
76877530,"13,9"
47046103,"13,4"
56664512,..
38167912,"15,4"
43826783,..
58125096,"13,8"
82914148,"11,8"
20620556,"14,3"
77839100,..
17173461,"13,6"
55535552,..
19560192,"13,1"
30468157,"14,6"
98053087,"12,8"
92533079,"15,4"
61528940,"15,7"
23681822,"15,6"
66861851,"14,2"
72206824,"14,4"
92858957,"14,5"
46660042,"13,0"
86296935,..
44113417,"14,3"
67783774,..
38917647,"12,5"
21363125,..
39555838,"14,0"
85214294,"13,0"
82084961,"12,9"
46162400,"12,4"
98369689,"12,6"
56529916,"13,8"
40810950,"14,7"
67279263,"14,6"
40037982,"13,2"
51210136,"15,8"
73829818,"14,7"
54395430,.
18881773,"12,7"
50908408,"14,2"
18594470,"13,5"
78295411,"13,9"
80686587,"15,6"
72232853,"15,3"
12279302,"12,8"
17849518,"12,5"
64205087,"13,6"
50500028,"14,1"
94570025,"13,2"
91984508,"14,0"
78659008,"14,8"
12448823,..
40667807,"14,4"
18091973,"14,2"
88466776,"15,7"
36539945,..
40634612,"13,7"
62439199,"12,8"
66132676,"14,7"
57942242,"15,0"
80762863,"12,4"
77688926,"16,2"
14508922,"14,5"
69629086,"13,1"
88624631,"12,4"
35390185,..
37358234,"13,0"
31657916,"12,6"
21008461,"14,6"
54606928,"14,7"
53893730,"13,9"
46241804,"13,2"
42573391,"13,7"
64574972,"14,0"
19741742,"13,9"
29032715,"14,0"
45830583,"14,4"
48931433,"14,5"
97270136,"13,7"
19909435,"13,6"
30530571,"14,3"
78839208,"15,2"
96024712,"14,7"
30458073,..
40829056,"12,8"
85800840,"14,2"
68920727,"14,9"
27115998,"14,0"
41867682,"12,5"
79516949,"13,9"
65662401,"14,5"
39583059,"13,2"
38645259,"12,3"
96684210,"14,6"
87207941,"14,3"
11673760,"13,6"
46574937,"14,9"
23836342,"14,3"
63791419,"13,5"
39805497,"13,7"
38400227,"13,0"
81619482,"15,7"
83829189,"13,2"
46145886,"14,9"
12395564,"15,9"
90006712,"16,7"
43649848,"13,3"
75344502,"13,8"
84247499,"12,8"
27041885,"12,6"
39149668,"13,8"
97064126,..
32580162,"14,5"
38233622,"15,2"
48722826,"13,6"
73063662,"13,8"
40766349,"13,9"
71571158,"12,3"
53691739,"12,4"
43251309,"13,5"
97596286,"12,9"
67554405,"13,9"
86473502,"12,1"
73944169,"14,9"
98239050,"15,0"
94455820,..
58368956,"13,6"
73567152,"13,0"
61547652,"13,4"
60209222,"13,6"
62104139,"14,2"
87034307,"15,0"
78872213,"15,2"
84286698,"13,8"
62490359,"14,3"
64725297,"13,4"
43362941,"14,0"
23350817,"13,2"
76860623,"15,8"
58191646,"13,7"
80405898,"14,5"
56021320,"14,4"
41358402,"11,3"
63179610,"11,5"
64569393,"13,9"
87262566,"12,4"
64160122,"16,3"
48217580,"13,2"
41844601,"13,4"
51620045,"14,1"
86888278,"13,6"
23457902,"12,5"
27597104,"13,4"
57397381,"13,1"
56947954,"13,9"
72022487,"13,9"
71512894,"15,0"
70969556,"13,0"
28248021,"13,2"
44417214,"14,1"
25025681,"13,2"
88776535,"15,1"
49488344,"14,5"
74408578,"13,6"
71043974,"14,8"
57777751,..
38732602,"15,6"
89807183,"15,4"
86724994,"13,1"
61161774,"14,4"
86158933,"14,5"
14102256,"13,5"
75082280,"12,8"
75914181,"13,3"
39302565,"12,4"
96818167,"14,8"
36072799,"14,7"
61432781,"12,7"
78287294,"13,4"
74316305,"12,6"
39096170,"13,9"
79527481,"14,6"
67300857,"15,6"
99279503,"13,6"
63653488,..
84476205,"15,4"
24544503,"14,7"
25392789,"14,8"
72109637,..
69240218,"15,0"
14057258,"12,7"
38460895,"12,5"
31199511,"14,9"
12934438,"16,3"
43313366,"14,3"
86787111,"13,2"
97868185,"15,4"
81551726,"11,3"
77823650,"13,7"
37550979,"14,3"
52634142,"14,2"
76195214,"14,5"
54839753,..
32705515,"13,5"
60214465,"13,5"
70137084,"13,4"
82002016,"14,9"
21901328,"13,3"
23306658,"14,2"
57350392,..
97535124,"15,2"
11102578,"14,6"
69306209,"13,7"
92651253,"13,3"
31740319,"13,3"
10129345,"15,0"
17944628,"14,7"
82826083,"13,2"
94468610,"14,9"
94090461,"14,0"
12954099,"14,2"
80931789,"15,4"
84098842,"13,3"
90473340,"13,3"
26167236,"13,2"
69807202,"14,3"
64648904,"15,0"
75939593,"15,6"
63035915,"12,9"
26324896,"13,7"
56639389,"16,4"
95700485,"16,6"
51449748,"14,7"
28267726,"17,4"
28848709,"12,7"
12613085,"12,4"
53896162,"14,9"
17779637,"15,6"
11185244,"13,2"
56211717,"13,5"
66824652,"13,7"
49168016,"14,2"
32042066,"13,9"
50821167,"13,8"
71929526,"15,0"
92814975,"13,0"
60873719,"15,4"
28085125,"13,2"
28770304,"12,6"
21938183,"15,1"
78986228,.
71472793,"14,1"
64123241,"12,5"
69063711,"13,6"
77609073,"12,4"
35894996,"13,6"
12926770,"13,3"
17119840,"13,0"
68748767,"12,3"
23548714,"13,3"
48593439,"13,4"
91773491,"13,2"
30361243,"15,0"
25596917,"14,7"
65722876,"15,4"
20984584,"11,8"
52129378,"12,9"
65381163,"13,1"
98541468,"10,9"
31155312,"11,5"
25648215,"12,1"
61823258,"13,8"
84424083,"17,6"
39178171,"13,8"
49231191,"13,7"
78231062,"16,6"
79994304,..
10481541,"14,1"
68006362,"13,1"
11608031,"13,0"
86762103,"12,3"
68381790,"14,4"
13006857,"14,6"
76007769,"12,8"
16956086,"14,3"
58187973,"15,4"
88894245,"13,8"
31870541,"14,1"
71160225,"12,6"
67752682,"13,5"
47884009,"13,4"
44672598,"14,3"
75340089,"13,6"
36670439,"12,5"
22220001,"12,7"
31822012,"13,5"
83161201,"14,9"
15100079,..
55421481,..
99356671,"12,1"
16702464,"13,5"
71353314,..
29449669,"14,1"
62855448,"12,9"
36252055,"15,6"
91812793,"15,2"
14355031,"15,1"
72891848,"11,8"
46611859,"16,0"
58907711,"16,0"
68285560,"14,6"
58544422,"14,3"
65150019,"15,8"
31796890,..
22426680,"12,8"
83805032,"12,1"
48862305,"12,4"
32887559,"13,0"
71541108,"14,4"
53832505,"12,6"
47537928,"14,3"
69471748,"12,9"
49750031,"15,0"
76485705,"15,2"
93239262,"14,1"
25745773,"15,0"
99976753,"13,7"
14278480,"13,2"
75575321,"15,8"
28023078,"13,4"
43284031,"13,1"
13963517,"14,7"
24194577,..
26267406,"14,1"
31255918,"14,3"
51955293,"14,8"
57690933,"14,3"
35035671,"13,3"
12130801,"14,7"
51736304,"14,9"
53180719,"13,0"
27489137,"14,3"
15609112,"12,7"
44285075,"13,8"
60424371,"13,8"
95785055,"17,0"
68655578,"12,3"
17062663,"12,5"
68741484,"12,5"
56267421,"14,4"
34990065,"13,4"
37054246,"13,8"
39199869,"15,3"
62216381,"13,2"
31179045,"13,0"
72421673,"14,5"
15763669,..
59655752,"15,7"
88750078,"14,0"
41878314,..
41555549,"14,2"
32003298,"13,9"
22383788,"13,5"
85459854,"14,0"
81876614,"15,9"
18711877,"14,5"
67071618,"14,8"
75324351,"13,9"
61229217,"12,8"
58929357,"14,8"
42517257,"14,2"
70376604,"14,4"
59575030,"14,4"
93503103,"13,6"
18617410,"14,0"
41697930,"13,3"
28025244,"14,1"
17184072,"12,5"
40338843,"14,0"
77440824,"14,1"
71069359,"12,9"
86896907,"13,7"
14292382,"14,9"
51981332,"15,5"
87859089,"13,9"
54764253,"13,0"
98908403,"13,3"
16493131,"14,5"
41119610,"15,6"
83272868,"14,4"
11526364,"13,3"
48304166,"12,9"
24982097,"13,0"
45552626,"14,2"
50906954,.
97104132,"15,3"
16748680,"14,3"
68597767,"12,9"
27964873,"11,8"
30706655,"12,7"
65674821,"13,8"
92332557,"14,3"
46332927,"14,2"
78690637,"14,0"
24653673,"13,3"
38048202,"14,0"
90990441,"12,0"
86319615,"12,7"
87303004,"12,4"
97835550,"12,3"
22446331,"13,6"
26671095,"13,4"
42911621,"13,5"
40575001,"12,5"
75027822,"13,0"
26508763,"13,9"
14504503,"12,9"
21850904,"17,2"
65320354,"16,4"
77544055,"14,3"
49112879,"14,8"
30279258,"14,3"
16198647,"14,1"
12496135,"12,5"
76903284,"13,3"
68649663,"12,9"
43623146,..
49141105,"12,8"
15870428,"12,9"
26646080,"14,7"
26750052,"14,5"
18974693,"14,7"
26996566,"15,2"
27704246,"15,6"
81997762,"12,5"
28967085,..
69747871,..
70119254,"13,5"
31151740,"14,2"
79346084,"14,1"
34222422,"14,3"
84230226,..
42060237,"12,7"
89816391,"13,4"
14448619,"13,4"
12546590,"13,9"
43565270,"14,2"
77176811,"14,5"
52791537,"16,2"
85152591,"16,9"
85819857,"16,7"
40600798,"15,4"
52942981,"14,5"
54117171,"15,5"
48120273,"17,4"
33233228,..
94167577,"12,3"
27023528,"13,7"
53903798,"12,3"
85782695,"12,2"
98815582,"14,1"
97770837,"13,7"
21312503,"14,9"
69650864,"17,7"
59581397,"13,7"
14926020,"11,6"
41938272,"16,0"
29423248,"15,6"
76054399,"16,4"
33132452,"12,2"
56942970,..
60142020,..
70811222,"17,1"
17911161,"12,1"
35084976,"15,2"
25525759,.
77632411,"16,1"
56653353,"14,8"
49068301,"14,2"
59898194,"14,9"
38195284,"14,0"
97510495,"14,1"
89461767,"14,2"
94717858,"14,4"
53760158,"16,1"
78422467,"15,2"
37802196,..
38683336,"15,9"
36288955,"18,2"
74812809,"17,2"
88839172,"18,0"
48412612,"14,1"
95618280,"14,0"
75075402,"14,0"
26326048,"13,3"
37839488,"12,8"
46256929,"14,0"
83374651,"18,2"
59796774,"17,9"
17675502,"11,7"
75600007,"13,7"
73812226,"13,4"
30762346,..
82964090,"17,3"
88955893,"16,8"
15278518,"13,9"
15390992,"14,8"
63943560,"13,0"
85516596,"14,0"
31998226,..
38236800,"12,8"
16784385,"15,1"
59026584,"14,5"
79829846,"13,2"
89963319,..
24339566,"15,2"
20061769,"13,8"
65458415,..
95154882,"12,4"
52333875,"13,6"
24663703,..
28519815,"14,1"
65666808,"13,1"
69543519,"12,3"
24397215,"14,3"
30677562,"13,6"
85054102,"13,0"
87274273,"15,1"
89693952,.
24759907,"12,2"
78433202,"13,9"
41631104,"13,1"
35366805,"14,8"
31315191,"15,2"
80357110,"14,8"
42775003,"16,7"
56670842,"17,3"
89370947,"17,1"
18451445,..
48555205,"14,2"
31313926,"13,4"
30312720,"14,8"
32116280,"13,7"
57143976,"14,5"
93367005,"12,7"
53175499,"17,1"
64388538,"16,8"
52153758,"18,0"
16501673,"12,3"
26298615,"13,4"
22116645,"16,3"
99755443,"16,7"
30167976,"15,8"
50104466,"15,0"
28004794,..
32071849,"16,0"
79845033,"13,4"
41099519,"13,6"
59386837,"13,9"
21627442,"15,3"
17276047,"12,7"
73217812,"12,1"
21382451,"14,6"
48244956,"13,4"
36769815,"13,5"
16931486,"13,2"
92489953,"13,2"
43873969,"15,4"
55825382,"13,3"
19306558,"15,3"
35301145,"13,9"
24993048,"13,9"
70132092,"11,0"
65034473,..
13084253,"13,3"
32321364,"12,4"
59942080,"13,5"
66273269,"14,6"
82888663,"14,1"
11275959,"13,6"
58518163,"13,7"
50615280,"14,9"
19035583,"13,9"
27993549,"12,8"
37912396,"15,1"
45593337,"13,7"
90312942,"13,1"
10226870,"16,3"
19839859,"14,0"
80280597,..
67628478,"17,4"
37517404,"15,4"
29159460,"12,9"
32057701,"15,8"
43601850,"12,1"
30615080,"13,1"
89630851,"14,9"
25178582,"14,2"
70543431,"16,6"
23476801,..
86351879,"13,8"
56041144,"13,5"
14586562,..
74322969,"12,9"
90260899,"14,3"
69302313,"14,5"
31057219,"14,0"
27079521,"14,0"
33572033,"14,1"
64579522,"14,1"
65234368,"14,7"
34381901,"14,3"
55150847,"15,1"
90076461,"14,7"
96414537,"13,8"
53069733,"14,9"
99394620,"15,1"
95368476,"14,9"
14853321,"13,9"
76448076,"12,8"
31537066,"13,5"
86488203,"14,0"
25156286,"14,2"
28081446,"15,3"
21400668,"13,1"
92949043,"14,3"
92818240,"13,1"
84329061,"14,2"
71969230,"11,3"
91048178,"12,7"
82718660,"14,6"
76942525,"13,5"
12399380,"13,5"
31486865,"15,2"
97265732,"17,6"
10373112,..
61720981,"14,3"
25698509,"14,8"
50424828,"13,3"
82931004,"11,7"
83584125,"14,9"
95024660,"13,3"
32263814,"13,8"
16496466,"13,6"
12075195,"13,1"
62300682,"13,8"
47393891,"13,6"
48414975,"15,3"
65265211,"13,5"
11533776,"14,2"
47108751,..
97191332,"13,2"
71938440,"12,7"
28829503,"14,5"
22811839,"12,9"
33205596,"12,2"
99622695,..
19930101,"12,3"
60727136,"13,8"
45132264,"13,3"
61647360,..
98651664,"16,6"
33657492,"13,9"
61622991,"12,9"
66644568,"12,9"
93659517,"14,0"
79309485,"14,6"
61175914,"13,6"
73316818,"16,2"
37078868,..
27859889,"14,0"
16130958,"15,2"
29161632,..
82195565,"14,4"
33596572,"14,7"
45541222,"15,5"
77713695,"15,6"
63451147,"14,1"
51131594,"13,8"
89680395,"16,1"
53696633,"15,4"
27440210,"15,6"
62758285,"15,1"
16218090,"16,5"
61197669,..
64667996,"15,5"
17812651,"13,5"
23544320,"15,9"
57668673,"13,5"
69040241,"13,3"
63993414,"16,3"
49136871,..
91905819,"12,7"
20855811,"12,4"
54882637,"12,5"
53923398,"13,4"
74560191,"14,4"
47844862,"14,2"
22239675,"13,1"
72984079,"12,8"
36480690,"14,2"
24787883,"14,7"
32995170,"13,1"
52048443,"14,1"
61674097,"15,8"
32550660,"16,5"
93488613,"13,5"
45600034,"16,3"
59599256,"14,3"
69865450,"12,7"
31112935,"13,0"
26957025,"16,9"
90509211,"13,1"
43277545,"13,9"
37316242,"13,5"
20173336,"13,5"
49872493,"14,3"
39147056,"13,2"
11953769,"12,4"
28646435,"13,0"
50393060,"14,7"
85788659,"12,6"
95340745,"14,2"
59521477,"13,1"
92442684,"13,0"
66095163,"13,0"
38544187,"13,7"
54599691,"13,6"
54004368,"14,9"
54467211,"14,0"
23517683,"14,5"
31975673,"14,9"
82251333,"14,9"
99864908,"13,8"
27106031,"14,1"
59463950,"14,5"
63931325,"14,5"
57391913,"15,5"
75374280,"13,3"
46148350,"14,3"
50133877,"14,0"
49868916,"14,5"
74919147,"15,8"
90240730,"13,1"
84908877,"12,8"
78389879,"13,8"
24277564,"13,2"
88956420,..
44412461,"16,0"
34002355,"10,7"
36355200,"13,9"
96920524,"14,1"
18217765,"14,5"
60919765,..
14677676,"13,3"
96152872,"13,1"
77835341,"13,8"
70803636,"14,6"
49576295,"16,6"
66028861,"17,8"
23797825,"13,4"
45293715,"14,1"
44738639,"13,3"
77712952,"12,8"
92009807,"12,2"
10433896,"14,7"
10342448,"12,0"
43154449,"13,4"
49170638,"13,7"
46379730,"14,4"
25379974,"14,6"
98032567,..
96194948,"14,4"
25955541,"15,3"
88025221,"14,4"
18042101,"14,9"
14799321,"12,7"
56041699,"12,9"
45111086,"14,3"
70955448,"15,7"
68824244,"12,8"
90685868,"13,3"
24501884,"14,6"
46707989,"15,9"
46986216,"15,6"
67924816,"14,6"
92805465,"14,6"
56084099,"12,1"
80711021,"13,2"
17648596,"12,9"
16720048,"13,9"
13960635,"13,6"
39341381,"11,3"
61176909,"14,9"
43479922,"13,3"
60088179,"12,4"
28391147,"12,6"
29209307,"12,8"
21778322,"14,0"
31380193,"13,8"
90290154,"13,7"
25847233,"12,8"
62612992,"13,7"
85485803,"13,6"
92816527,"13,1"
16848652,"15,1"
88429477,"14,9"
94975733,"14,4"
56802300,"14,3"
15149235,"14,9"
77379848,"12,3"
13981977,"14,0"
24538846,"14,3"
36886750,"13,0"
67422309,"12,3"
67058407,"13,6"
34421265,"13,1"
15791044,"14,3"
65392939,"14,8"
98696836,"13,7"
82160887,"13,1"
23175129,"10,9"
64908550,"17,0"
77358716,"16,3"
49739986,"13,6"
29225010,"12,7"
92192566,"14,7"
56886667,"14,6"
33249781,"12,9"
64648566,"14,3"
18691102,"12,1"
70302356,"12,4"
65421426,"14,5"
62394916,"14,8"
67908927,"13,7"
72071234,"16,1"
24349146,"13,3"
83605345,"12,7"
15933512,"13,9"
12198363,..
47692481,"13,3"
64693272,"13,8"
18072172,"13,0"
65833454,"15,0"
85188855,"12,7"
11341077,"14,9"
39528347,"12,9"
34988313,"15,8"
85473846,"13,7"
29744774,..
89690587,"13,6"
28045567,"14,3"
20768651,"14,1"
32239920,"12,4"
98781765,"13,0"
38880984,"15,2"
28872974,"13,9"
87112995,"13,1"
18686599,"14,0"
93779220,"14,3"
77797484,"15,0"
53279140,"14,0"
80785976,"13,2"
47559319,"14,9"
21532545,"13,6"
56187883,"12,7"
20752831,"13,9"
51023367,"13,9"
34739511,"14,0"
95069937,"15,0"
52690153,"15,3"
74776778,"14,5"
18345915,"15,0"
68229719,"15,0"
61004230,"15,8"
71262305,"16,3"
55795961,"16,6"
84947634,"13,9"
23517336,"15,1"
48009865,"14,9"
82840198,"14,7"
18208087,"15,2"
89982804,..
19464342,"14,7"
60743463,"16,3"
32960825,"14,9"
43609520,"15,8"
97968599,"14,6"
91748148,"14,0"
42218661,"14,3"
74434644,"14,0"
42022406,"13,9"
65192707,"15,2"
43634528,"15,5"
36263479,"14,8"
56679384,"13,6"
30538202,"14,6"
19150273,"12,4"
69018222,"12,1"
12889940,"14,3"
16554575,.
34076477,"13,2"
54896448,"16,6"
64284020,..
53400472,"13,5"
97758137,"14,5"
26334561,"14,1"
40386043,"14,1"
59483268,"14,5"
33685428,"16,4"
32879845,"14,9"
88573795,..
20699742,"14,7"
21663998,"15,5"
20595770,"14,7"
82814120,"15,8"
45164827,"17,2"
10924758,"13,9"
34153869,"15,9"
88259298,"13,7"
17846181,"14,7"
75082798,"14,4"
23555409,"15,5"
30341162,"13,0"
72266906,"14,2"
27030026,"13,8"
16950252,"14,7"
34637764,"15,3"
19912478,"14,9"
15077883,"13,8"
48434184,"14,3"
58724424,"14,2"
95684185,"15,3"
51138448,"14,3"
56421429,"14,8"
39911065,"13,8"
17008320,"15,3"
56737496,"14,5"
93939982,"14,4"
25720752,"14,7"
55155562,"13,8"
31533003,"15,2"
16361868,..
23164911,"15,1"
24008049,"16,0"
19981611,"15,1"
54481243,"17,9"
36680097,"14,3"
19586169,"14,1"
24273261,"14,0"
95683850,"15,0"
59455288,"16,2"
25679488,"14,2"
25677996,"14,6"
89888648,"14,1"
35063170,"14,5"
31279294,"13,5"
36782335,"15,2"
23897040,..
20666515,"15,6"
37906565,..
67279303,..
21648755,"13,7"
11111710,"13,2"
90551279,"14,1"
69686851,"13,5"
49616977,"15,2"
54965510,"15,3"
84835666,"14,3"
25872338,..
54164490,"12,2"
20319353,"11,9"
92194545,"13,6"
64740897,..
78979604,..
10974852,..
85068812,"11,8"
78397312,"16,1"
36444853,"13,6"
16819383,"15,7"
89837629,"12,8"
12994441,"12,4"
88774402,"17,4"
75141151,"13,5"
61701709,"14,3"
61469192,"16,1"
84306392,"16,1"
28627819,"14,1"
30086854,.
26627862,"15,3"
48847282,"14,3"
72517762,"9,6"
79094701,"16,1"
38684438,"13,9"
31251822,"13,1"
90099336,..
35647481,"14,4"
39549479,"14,1"
73147554,"16,6"
69983740,"17,1"
66491596,"16,7"
12052268,"13,6"
71597051,"16,5"
53231578,"13,9"
96279444,"13,8"
40690520,"16,8"
91011325,"13,1"
97382366,"14,6"
35006050,"13,6"
10638939,"8,9"
21505555,"16,3"
34336190,"15,4"
21052710,"15,6"
69739484,"13,6"
92887917,"14,3"
88834120,"13,7"
70066748,"14,6"
19207279,"17,2"
53640774,"13,9"
58502307,"14,9"
97177328,"13,4"
72127035,"14,6"
70969714,"14,1"
68734112,"14,3"
71922787,"13,1"
74148070,"16,1"
92507006,"14,5"
44653962,"15,2"
20100577,"14,6"
81993306,"14,2"
19051089,"17,0"
47264019,"14,1"
50198492,"14,3"
98052678,"14,6"
20099064,"15,5"
16313848,"13,0"
79606767,"14,0"
11294673,"15,4"
86327236,"14,6"
41745951,"17,0"
83137205,"15,5"
28398531,"12,4"
66335258,"14,4"
54172830,"14,4"
75458014,"13,2"
65136104,..
61826221,.
79033948,"15,3"
56330385,"14,9"
20228162,"17,3"
68240485,"15,2"
95046058,"15,8"
44392995,"14,8"
53462953,"13,6"
60730660,"18,4"
82592568,"14,9"
78875918,"15,0"
86385479,"15,3"
49862313,"13,3"
99838438,"12,9"
42859669,"13,3"
99592025,"16,0"
34247736,"14,6"
47550455,"15,1"
30329172,"14,9"
76877530,"14,2"
47046103,"15,8"
38167912,"15,2"
43826783,..
58125096,"13,8"
82914148,"11,8"
20620556,"14,1"
77839100,..
17173461,"14,2"
55535552,..
30468157,"14,6"
92533079,"15,4"
61528940,"15,7"
23681822,"15,6"
66861851,"14,2"
72206824,"14,4"
92858957,"14,6"
86296935,..
44113417,"14,9"
67783774,..
39555838,"14,2"
85214294,"13,4"
82084961,"13,4"
46162400,"14,1"
67279263,"14,6"
51210136,"15,8"
73829818,"15,1"
54395430,.
18881773,..
50908408,"14,2"
18594470,"13,5"
78295411,"13,9"
80686587,"16,6"
72232853,"15,3"
12279302,"12,9"
64205087,"13,6"
50500028,"14,1"
91984508,"16,7"
40667807,"15,4"
18091973,"15,0"
88466776,"15,7"
36539945,..
40634612,"14,6"
66132676,"15,0"
57942242,"15,0"
77688926,"16,6"
14508922,"14,7"
37358234,"13,9"
21008461,"14,6"
54606928,"14,9"
53893730,"13,9"
42573391,..
64574972,"14,3"
19741742,"14,8"
29032715,"14,5"
45830583,"14,4"
48931433,"14,3"
19909435,"14,5"
30530571,"14,3"
78839208,"15,2"
96024712,"15,3"
30458073,..
85800840,"15,3"
68920727,"14,9"
27115998,"14,3"
41867682,"12,6"
79516949,"13,9"
96684210,"14,6"
87207941,"14,5"
11673760,"13,8"
46574937,"14,9"
23836342,"14,3"
63791419,"15,3"
39805497,"14,3"
38400227,"12,9"
81619482,"15,7"
12395564,"15,9"
90006712,"16,7"
39149668,"13,8"
38233622,"15,2"
48722826,"14,4"
73063662,"13,8"
40766349,"13,9"
53691739,"13,0"
43251309,"13,5"
67554405,"14,4"
73944169,"14,9"
98239050,"15,6"
94455820,..
61547652,..
62104139,"14,3"
87034307,"15,0"
78872213,"15,7"
76860623,"16,9"
58191646,"13,7"
80405898,"14,5"
56021320,"15,0"
63179610,"11,5"
64569393,"14,0"
64160122,"16,3"
48217580,"13,2"
51620045,"14,4"
86888278,"13,6"
57397381,"13,4"
56947954,"14,4"
72022487,"14,5"
71512894,"15,0"
28248021,"13,5"
44417214,"14,3"
25025681,"13,5"
88776535,"15,1"
49488344,"15,1"
74408578,"14,0"
71043974,"14,8"
57777751,..
38732602,"15,6"
89807183,"15,4"
61161774,"14,4"
86158933,"15,1"
75914181,"13,1"
39302565,"13,7"
96818167,"14,8"
79527481,"14,6"
67300857,"15,6"
99279503,"13,2"
63653488,..
84476205,"15,4"
24544503,"14,7"
25392789,"14,8"
69240218,"15,3"
38460895,"12,5"
31199511,"14,9"
12934438,"16,3"
43313366,"14,7"
86787111,"13,2"
97868185,"15,4"
77823650,..
37550979,"14,6"
60214465,"14,2"
70137084,"15,3"
82002016,"15,7"
23306658,"15,7"
97535124,"15,2"
11102578,"14,9"
69306209,"15,8"
10129345,"15,0"
17944628,"14,6"
94468610,"14,9"
94090461,"14,3"
12954099,"14,4"
80931789,"15,9"
90473340,"13,5"
69807202,"14,7"
64648904,"15,2"
75939593,"15,6"
26324896,"13,9"
56639389,"16,4"
95700485,"16,6"
51449748,"14,7"
28267726,"17,4"
12613085,"13,0"
53896162,"14,9"
17779637,"15,6"
66824652,"14,4"
49168016,"14,8"
71929526,"15,0"
60873719,"15,4"
28085125,"13,2"
21938183,"15,1"
78986228,.
71472793,"14,1"
69063711,"13,2"
77609073,"12,2"
35894996,"13,8"
12926770,"13,3"
68748767,"12,6"
23548714,"13,3"
48593439,"13,4"
91773491,"13,2"
30361243,"15,0"
25596917,"15,0"
65722876,"15,4"
52129378,"14,3"
65381163,"13,1"
31155312,"11,0"
84424083,"17,6"
49231191,"13,7"
78231062,"16,6"
10481541,"14,1"
68381790,"15,6"
13006857,"15,3"
16956086,"15,1"
58187973,"16,0"
88894245,..
31870541,"14,1"
44672598,"14,5"
31822012,"13,5"
83161201,"14,9"
99356671,..
16702464,"14,9"
29449669,"14,1"
62855448,"12,9"
36252055,"16,2"
91812793,"15,3"
14355031,"15,4"
46611859,"16,0"
58907711,"16,0"
68285560,"14,6"
58544422,"14,3"
65150019,"15,8"
71541108,"15,0"
53832505,"12,6"
47537928,"14,3"
69471748,"13,0"
49750031,"15,0"
76485705,"15,2"
93239262,"14,1"
99976753,"13,7"
75575321,"15,8"
28023078,"14,8"
43284031,"13,6"
24194577,..
26267406,..
51955293,"15,4"
57690933,"14,3"
12130801,"14,6"
51736304,"16,2"
44285075,"13,8"
95785055,"17,0"
68655578,"12,6"
68741484,"12,6"
37054246,"14,3"
39199869,"15,4"
31179045,"13,2"
72421673,"14,9"
15763669,..
59655752,"15,7"
88750078,"14,1"
41555549,"14,4"
85459854,"14,4"
81876614,"16,4"
18711877,"14,5"
67071618,"15,6"
75324351,"14,7"
61229217,"12,9"
70376604,"14,5"
59575030,"14,4"
18617410,"13,8"
28025244,"14,6"
40338843,"14,3"
77440824,"14,7"
14292382,"15,1"
51981332,"15,5"
87859089,"14,9"
98908403,"13,2"
16493131,"15,3"
83272868,"14,4"
11526364,"13,3"
45552626,"14,2"
50906954,.
16748680,"14,3"
65674821,"14,7"
92332557,"14,3"
78690637,"14,3"
38048202,"14,8"
90990441,..
26671095,"13,9"
65320354,"16,4"
77544055,"15,1"
49112879,"14,8"
30279258,"14,3"
76903284,"14,2"
43623146,..
49141105,"12,8"
15870428,"13,1"
26646080,"14,7"
26750052,"15,2"
18974693,"14,7"
26996566,"15,2"
27704246,"15,6"
28967085,..
69747871,..
31151740,"14,2"
79346084,"14,4"
89816391,"13,9"
14448619,"14,2"
12546590,"14,2"
43565270,"14,2"
77176811,"14,5"
52791537,"16,2"
85152591,"16,9"
85819857,"16,7"
40600798,"15,4"
52942981,"14,5"
54117171,"15,5"
48120273,"17,4"
33233228,..
94167577,"12,5"
27023528,"13,5"
53903798,"11,8"
97770837,"13,8"
69650864,"17,7"
59581397,"13,7"
41938272,"16,0"
29423248,"15,6"
76054399,"16,4"
33132452,"11,6"
60142020,..
70811222,"17,1"
17911161,"12,1"
35084976,"15,2"
25525759,.
77632411,"16,1"
49068301,"14,2"
59898194,"14,9"
38195284,"14,0"
97510495,"13,9"
89461767,"14,2"
94717858,"14,4"
53760158,"16,1"
78422467,"15,2"
37802196,..
36288955,"18,2"
74812809,"17,2"
88839172,"18,0"
48412612,"14,1"
95618280,"14,8"
75075402,"14,0"
26326048,"13,3"
37839488,"12,8"
46256929,"14,0"
83374651,"18,2"
59796774,"17,9"
17675502,"9,8"
75600007,"14,0"
73812226,"13,4"
30762346,..
82964090,"17,3"
88955893,"16,8"
15278518,"14,1"
15390992,"14,8"
63943560,"13,3"
85516596,"13,2"
16784385,"15,1"
89963319,..
24339566,"15,2"
65458415,..
95154882,"11,9"
52333875,"13,9"
24663703,..
28519815,"14,1"
65666808,..
69543519,"12,3"
89693952,.
24759907,"12,4"
78433202,"13,9"
35366805,"14,8"
31315191,"15,2"
42775003,"16,7"
56670842,"17,3"
89370947,"17,1"
48555205,"14,2"
31313926,"13,4"
30312720,"14,8"
32116280,"13,7"
57143976,"14,5"
93367005,"12,9"
53175499,"17,1"
64388538,"16,8"
52153758,"18,0"
22116645,"16,3"
99755443,"16,7"
30167976,"15,8"
50104466,"15,7"
28004794,..
32071849,"16,0"
79845033,"13,6"
41099519,"14,3"
59386837,"15,4"
17276047,"13,8"
21382451,"14,6"
48244956,"13,8"
36769815,..
43873969,"15,7"
55825382,"13,5"
19306558,"15,6"
35301145,"13,9"
24993048,"14,6"
13084253,"13,8"
59942080,"13,6"
66273269,"15,7"
11275959,"14,4"
58518163,"13,7"
27993549,"13,4"
37912396,"15,6"
45593337,"13,7"
10226870,"16,3"
19839859,"15,5"
67628478,"17,5"
37517404,..
32057701,"15,8"
30615080,"13,1"
25178582,"14,2"
70543431,"16,6"
23476801,..
86351879,"14,9"
56041144,"13,5"
74322969,"14,5"
90260899,"14,7"
31057219,"14,9"
27079521,"15,1"
33572033,"14,1"
64579522,"15,1"
34381901,"16,0"
55150847,"15,1"
90076461,"14,7"
53069733,"14,9"
99394620,"15,3"
95368476,"15,2"
14853321,"14,4"
76448076,"14,6"
31537066,"14,2"
86488203,"14,1"
25156286,"14,5"
28081446,"15,3"
21400668,"13,1"
92949043,"14,0"
92818240,"12,8"
84329061,"14,8"
91048178,"12,8"
82718660,"14,6"
12399380,"13,5"
31486865,"15,3"
97265732,"17,6"
61720981,"14,8"
50424828,"13,6"
82931004,..
95024660,"13,3"
32263814,"13,8"
47393891,"13,6"
48414975,"15,3"
11533776,"14,2"
47108751,..
28829503,"14,5"
99622695,..
98651664,"16,6"
33657492,"14,8"
79309485,"14,6"
37078868,..
16130958,"15,2"
82195565,"14,4"
33596572,"14,7"
77713695,"15,6"
51131594,"13,8"
89680395,"16,1"
53696633,"15,4"
27440210,"15,6"
62758285,"15,1"
16218090,"16,5"
64667996,"15,5"
23544320,"15,9"
57668673,"15,3"
69040241,..
63993414,"16,3"
49136871,..
20855811,"12,4"
53923398,"14,0"
74560191,"14,4"
47844862,"14,5"
72984079,"13,2"
36480690,"14,6"
24787883,..
32995170,"13,1"
52048443,"14,4"
61674097,"15,8"
32550660,"16,6"
93488613,"13,5"
45600034,"16,3"
59599256,"14,5"
26957025,"16,9"
90509211,"13,7"
43277545,"13,9"
11953769,..
50393060,"15,3"
85788659,"12,1"
95340745,..
59521477,"14,8"
92442684,"15,0"
66095163,"13,0"
54599691,"14,0"
54004368,"14,9"
31975673,"14,9"
82251333,"17,0"
99864908,"13,9"
27106031,"14,3"
59463950,"15,4"
63931325,"14,5"
57391913,"16,2"
75374280,"15,9"
46148350,"15,1"
50133877,"15,2"
49868916,"15,2"
74919147,"15,8"
78389879,"13,8"
24277564,"12,8"
44412461,"16,0"
36355200,"14,6"
96920524,"14,2"
18217765,"14,8"
70803636,"14,7"
49576295,"16,6"
66028861,"17,8"
23797825,"13,5"
45293715,"14,1"
77712952,"13,4"
10433896,"14,9"
43154449,"13,9"
49170638,"13,7"
46379730,"14,4"
25379974,"14,6"
88025221,"14,6"
18042101,"14,9"
56041699,..
45111086,"14,3"
70955448,"15,8"
68824244,"13,3"
46707989,"15,9"
46986216,"15,6"
67924816,"14,6"
92805465,"14,6"
56084099,..
16720048,"14,1"
13960635,"13,6"
61176909,"14,9"
43479922,"13,3"
28391147,"13,4"
21778322,"14,1"
31380193,..
62612992,"13,7"
85485803,"13,6"
16848652,"15,6"
88429477,"14,9"
94975733,"15,5"
56802300,"14,9"
15149235,"15,1"
13981977,"15,3"
24538846,"14,6"
67058407,"13,7"
15791044,"14,8"
65392939,"14,8"
98696836,"14,0"
64908550,"17,0"
77358716,"16,8"
49739986,"13,6"
29225010,"13,4"
92192566,"14,7"
56886667,"14,6"
64648566,"13,6"
65421426,"14,7"
62394916,"14,8"
67908927,"13,7"
72071234,"16,1"
24349146,"14,7"
83605345,..
15933512,"13,9"
64693272,"14,2"
18072172,..
65833454,"15,0"
11341077,"14,9"
34988313,"15,8"
28045567,"14,3"
20768651,"14,3"
38880984,"15,2"
28872974,"13,9"
18686599,"14,2"
93779220,"14,6"
77797484,"15,0"
80785976,"13,5"
47559319,"14,9"
21532545,"13,8"
56187883,"12,8"
20752831,"13,9"
51023367,"16,2"
34739511,"14,0"
52690153,"17,0"
93221031,"12,6"
17474377,"14,0"
18345915,"14,7"
68229719,"13,7"
61004230,"14,6"
71262305,"13,7"
55795961,..
84947634,"12,4"
97870412,"13,9"
68564903,"13,8"
82840198,"12,9"
18208087,"11,9"
89982804,"13,5"
19464342,..
60743463,..
32960825,"13,8"
43609520,..
41416934,"12,9"
21567982,"12,9"
49379603,..
80167319,..
73171934,..
83474173,"12,6"
91487291,..
21866405,"11,8"
74434644,"12,6"
42022406,"11,7"
88445871,"13,3"
18425335,"13,1"
93281974,"13,1"
23424275,"14,1"
19150273,"13,9"
25624692,"12,4"
88534520,"14,7"
16554575,"12,7"
25356960,"14,2"
64284020,"12,7"
98132436,"13,3"
60096875,"11,6"
26334561,"12,3"
40386043,"12,6"
29324709,"14,3"
26864271,"12,5"
59483268,..
33685428,"14,2"
88573795,"14,0"
82814120,"14,6"
10924758,"11,4"
34153869,..
88259298,..
73098153,"14,5"
44240250,"13,7"
17846181,..
75082798,"12,6"
23555409,"13,3"
91333138,"12,8"
30341162,..
39936461,"14,3"
72266906,"13,4"
27030026,"13,5"
12154972,"13,1"
16950252,"12,0"
34637764,"13,2"
73255276,"14,7"
15077883,"13,0"
48434184,"12,2"
58724424,"13,4"
51138448,"14,1"
19647256,"13,4"
56421429,"12,6"
39911065,..
17008320,..
56737496,"12,7"
88850910,"12,4"
93939982,"12,7"
25720752,"13,5"
55155562,"12,8"
31533003,"12,9"
31429031,"13,2"
16361868,..
24008049,"13,3"
36680097,..
87756916,"12,4"
59734510,"12,5"
19586169,"12,5"
24273261,"14,1"
95683850,"14,0"
59455288,"11,9"
82163292,"13,9"
25679488,"12,9"
25677996,"12,8"
89888648,"12,8"
90003262,"15,2"
88163512,"13,7"
35063170,..
31279294,"12,2"
36782335,"13,0"
20666515,"13,9"
37906565,"14,4"
67279303,"13,0"
21648755,"12,9"
11111710,"15,0"
90551279,"13,6"
93062368,"11,4"
69686851,"13,4"
49616977,"11,8"
90267145,"13,5"
72998905,"12,9"
69481650,"12,6"
88153340,"12,8"
94353434,"12,3"
59396229,"13,2"
95165649,"13,3"
69626109,"12,2"
85068812,..
36444853,"13,5"
15414001,"13,7"
38311488,"14,2"
16819383,"12,3"
12994441,"10,1"
53660780,"14,7"
30086854,"12,3"
79094701,"13,6"
38684438,"11,7"
96590873,"13,0"
73147554,"16,7"
65752105,..
11274830,"11,7"
51321260,"11,6"
96279444,"13,0"
61880907,"11,6"
35006050,"12,7"
88886610,"12,6"
10638939,"13,0"
88556189,"11,4"
35236491,"14,2"
58502307,"13,9"
97177328,"12,1"
72127035,"13,7"
70969714,"12,0"
85003442,"13,4"
22752398,"12,4"
71922787,"13,1"
31843016,"12,3"
74148070,..
50696507,"14,6"
44653962,"14,2"
81993306,"12,4"
29097621,"13,1"
87764775,"13,2"
48438396,"12,2"
98052678,..
44341171,"13,0"
32671805,"14,3"
38448056,"14,5"
16313848,"12,4"
79606767,"13,6"
11294673,"13,8"
86327236,"13,0"
28398531,"13,1"
66335258,"14,2"
54172830,"11,8"
86310217,"11,6"
83085136,"15,2"
75458014,..
65136104,..
79033948,"13,9"
56330385,"12,7"
44392995,"14,2"
69241230,"11,4"
85544331,"14,8"
80327946,"13,0"
78875918,"13,0"
78023197,"13,4"
86385479,"13,7"
40991561,..
99838438,"12,6"
42859669,"12,0"
70923626,"12,4"
92905347,"11,9"
99592025,"13,6"
34247736,"13,2"
47550455,"13,0"
30329172,"14,3"
76877530,..
47046103,"12,0"
56664512,..
38167912,"15,8"
20620556,"14,6"
17173461,"12,4"
19560192,"13,1"
98053087,"12,8"
92858957,"13,5"
46660042,"13,0"
44113417,"11,6"
67783774,..
38917647,"12,5"
21363125,..
39555838,..
85214294,"12,8"
82084961,"12,1"
46162400,"12,0"
98369689,"12,6"
56529916,"13,8"
40810950,"14,7"
40037982,"13,2"
73829818,"12,1"
18881773,..
80686587,"14,2"
12279302,"12,8"
17849518,"12,5"
94570025,"13,2"
91984508,"11,1"
78659008,"14,8"
12448823,..
40667807,"12,8"
18091973,"13,5"
40634612,"11,1"
62439199,"12,8"
66132676,"14,0"
80762863,"12,4"
77688926,"14,3"
14508922,..
69629086,"13,1"
88624631,"12,4"
35390185,..
37358234,"12,1"
31657916,"12,6"
54606928,"13,2"
46241804,"13,2"
42573391,"13,8"
64574972,"13,4"
19741742,"12,6"
29032715,"13,2"
48931433,"15,3"
97270136,"13,7"
19909435,"13,1"
30530571,"14,2"
96024712,"13,1"
40829056,"12,8"
85800840,"13,6"
27115998,"12,8"
41867682,"12,3"
65662401,"14,5"
39583059,"13,2"
38645259,"12,3"
87207941,..
11673760,"13,3"
63791419,"12,7"
39805497,"13,2"
38400227,"13,0"
83829189,"13,2"
46145886,"14,9"
43649848,"13,3"
75344502,"13,8"
84247499,"12,8"
27041885,"12,6"
97064126,..
32580162,"14,5"
48722826,"12,9"
71571158,"12,3"
53691739,"12,1"
97596286,"12,9"
67554405,"13,5"
86473502,"12,1"
98239050,"14,1"
94455820,..
58368956,"13,6"
73567152,"13,0"
61547652,"13,3"
60209222,"13,6"
62104139,"13,7"
78872213,"13,4"
84286698,"13,8"
62490359,"14,3"
64725297,"13,4"
43362941,"14,0"
23350817,"13,2"
76860623,"13,4"
56021320,"13,2"
41358402,"11,3"
64569393,"13,9"
87262566,"12,4"
41844601,"13,4"
51620045,"13,7"
23457902,"12,5"
27597104,"13,4"
57397381,"12,4"
56947954,"13,4"
72022487,"13,4"
70969556,"13,0"
28248021,"12,8"
44417214,"13,7"
25025681,"12,0"
49488344,"13,7"
74408578,"12,7"
86724994,"13,1"
86158933,"13,1"
14102256,"13,5"
75082280,"12,8"
75914181,"13,6"
39302565,"12,0"
36072799,"14,7"
61432781,"12,7"
78287294,"13,4"
74316305,"12,6"
39096170,"13,9"
99279503,"13,8"
72109637,..
69240218,"12,9"
14057258,"12,7"
43313366,"12,8"
97868185,..
81551726,"11,3"
77823650,"13,6"
37550979,..
52634142,"14,2"
76195214,"14,5"
54839753,..
32705515,"13,5"
60214465,"12,0"
70137084,"12,6"
82002016,"12,0"
21901328,"13,3"
23306658,"13,2"
57350392,..
11102578,"13,6"
69306209,"11,9"
92651253,"13,3"
31740319,"13,3"
17944628,"16,2"
82826083,"13,2"
94090461,"12,8"
12954099,..
80931789,"13,3"
84098842,"13,3"
90473340,..
26167236,"13,2"
69807202,"14,1"
64648904,"14,4"
63035915,"12,9"
26324896,"13,3"
28848709,"12,7"
12613085,"11,8"
53896162,"15,6"
11185244,"13,2"
56211717,"13,5"
66824652,"12,5"
49168016,"13,1"
32042066,"13,9"
50821167,"13,8"
92814975,"13,0"
28770304,"12,6"
64123241,"12,5"
69063711,"14,3"
77609073,"12,5"
35894996,"13,5"
17119840,"13,0"
68748767,"12,2"
25596917,"12,9"
20984584,"11,8"
52129378,"11,7"
98541468,"10,9"
31155312,"13,1"
25648215,"12,1"
61823258,"13,8"
39178171,"13,8"
79994304,..
68006362,"13,1"
11608031,"13,0"
86762103,"12,3"
68381790,"13,0"
13006857,"13,2"
76007769,"12,8"
16956086,"12,9"
58187973,"14,0"
88894245,"13,8"
71160225,"12,6"
67752682,"13,5"
47884009,"13,4"
44672598,"13,4"
75340089,"13,6"
36670439,"12,5"
22220001,"12,7"
15100079,..
55421481,..
99356671,"11,7"
16702464,"11,8"
71353314,..
36252055,"13,0"
91812793,"14,3"
14355031,"14,4"
72891848,"11,8"
31796890,..
22426680,"12,8"
83805032,"12,1"
48862305,"12,4"
32887559,"13,0"
71541108,"13,7"
69471748,"12,6"
93239262,"14,1"
25745773,"15,0"
99976753,..
14278480,"13,2"
28023078,"12,9"
43284031,"12,9"
13963517,"14,7"
26267406,"12,8"
31255918,"14,3"
51955293,"14,1"
35035671,"13,3"
12130801,..
51736304,"12,4"
53180719,"13,0"
27489137,"14,3"
15609112,"12,7"
60424371,"13,8"
68655578,"11,9"
17062663,"12,5"
68741484,"12,3"
56267421,"14,4"
34990065,"13,4"
37054246,"13,0"
39199869,..
62216381,"13,2"
31179045,"12,8"
72421673,"12,8"
59655752,..
88750078,"13,9"
41878314,..
41555549,"13,8"
32003298,"13,9"
22383788,"13,5"
85459854,"13,4"
81876614,..
18711877,"14,4"
67071618,"13,8"
75324351,"13,3"
61229217,"12,7"
58929357,"14,8"
42517257,"14,2"
70376604,"14,4"
93503103,"13,6"
18617410,"14,9"
41697930,"13,3"
28025244,"13,5"
17184072,"12,5"
40338843,"13,4"
77440824,"12,7"
71069359,"12,9"
86896907,"13,7"
14292382,"14,8"
87859089,"11,8"
54764253,"13,0"
98908403,"13,6"
16493131,"13,9"
41119610,"15,6"
48304166,"12,9"
24982097,"13,0"
97104132,"15,3"
68597767,"12,9"
27964873,"11,8"
30706655,"12,7"
65674821,"12,5"
46332927,"14,2"
78690637,"13,2"
24653673,"13,3"
38048202,"12,9"
90990441,..
86319615,"12,7"
87303004,"12,4"
97835550,"12,3"
22446331,"13,6"
26671095,"13,0"
42911621,"13,5"
40575001,"12,5"
75027822,"13,0"
26508763,"13,9"
14504503,"12,9"
21850904,"17,2"
77544055,"12,4"
16198647,"14,1"
12496135,"12,5"
76903284,"12,5"
68649663,"12,9"
15870428,"12,8"
26750052,"12,8"
81997762,"12,5"
69747871,..
70119254,"13,5"
79346084,"13,0"
34222422,"14,3"
84230226,..
42060237,"12,7"
89816391,"12,4"
14448619,"11,8"
12546590,"13,2"
94167577,"10,8"
27023528,"14,0"
53903798,"12,8"
85782695,"12,2"
98815582,"14,1"
97770837,"13,6"
21312503,"14,9"
14926020,"11,6"
33132452,"12,5"
56942970,..
56653353,"14,8"
59898194,..
97510495,"15,5"
38683336,"15,9"
95618280,"13,2"
17675502,"12,3"
75600007,"11,8"
15278518,"13,9"
15390992,"14,9"
63943560,"12,3"
85516596,"14,4"
31998226,..
38236800,"12,8"
59026584,"14,5"
79829846,"13,2"
20061769,"13,8"
65458415,..
95154882,..
52333875,"13,1"
65666808,"13,1"
24397215,"14,3"
30677562,"13,6"
85054102,"13,0"
87274273,"15,1"
24759907,"8,9"
41631104,"13,1"
80357110,"14,8"
18451445,..
93367005,"12,4"
16501673,"12,3"
26298615,"13,4"
50104466,..
79845033,"13,0"
41099519,"12,3"
59386837,"13,2"
21627442,"15,3"
17276047,"11,0"
73217812,"12,1"
48244956,"12,7"
36769815,"13,5"
16931486,"13,2"
92489953,"13,2"
43873969,"12,1"
55825382,"12,8"
19306558,..
24993048,..
70132092,"11,0"
65034473,..
13084253,"11,6"
32321364,"12,4"
59942080,..
66273269,"12,6"
82888663,"14,1"
11275959,"13,4"
58518163,"13,8"
50615280,"14,9"
19035583,"13,9"
27993549,"12,7"
37912396,"13,7"
90312942,"13,1"
19839859,"12,8"
80280597,..
67628478,..
37517404,..
29159460,"12,9"
43601850,"12,1"
89630851,"14,9"
86351879,"12,4"
14586562,..
74322969,"11,8"
90260899,"13,0"
69302313,"14,5"
31057219,"13,4"
27079521,"12,2"
64579522,"12,6"
65234368,"14,7"
34381901,"12,4"
96414537,"13,8"
99394620,"14,6"
95368476,"13,8"
14853321,"13,6"
76448076,"11,7"
31537066,"12,8"
86488203,"13,7"
25156286,"13,6"
92949043,"14,8"
92818240,"13,2"
84329061,"13,0"
71969230,"11,3"
91048178,"12,7"
76942525,"13,5"
31486865,"13,8"
10373112,..
61720981,"12,9"
25698509,"14,8"
50424828,"13,2"
82931004,"11,1"
83584125,"14,9"
16496466,"13,6"
12075195,"13,1"
62300682,"13,8"
65265211,"13,5"
97191332,"13,2"
71938440,"12,7"
22811839,"12,9"
33205596,"12,2"
19930101,"12,3"
60727136,"13,8"
45132264,"13,3"
61647360,..
33657492,"11,7"
61622991,"12,9"
66644568,"12,9"
93659517,"14,0"
61175914,"13,6"
73316818,"16,2"
27859889,"14,0"
29161632,..
45541222,"15,5"
63451147,"14,1"
61197669,..
17812651,"13,5"
57668673,"12,2"
69040241,"12,5"
91905819,"12,7"
54882637,"12,5"
53923398,"12,6"
47844862,"11,8"
22239675,"13,1"
72984079,"10,7"
36480690,"13,4"
24787883,"14,7"
52048443,"13,1"
32550660,"15,4"
59599256,"13,1"
69865450,"12,7"
31112935,"13,0"
90509211,"11,8"
37316242,"13,5"
20173336,"13,5"
49872493,"14,3"
39147056,"13,2"
11953769,"13,4"
28646435,"13,0"
50393060,"13,0"
85788659,"12,9"
95340745,"13,9"
59521477,"11,7"
92442684,"12,5"
38544187,"13,7"
54599691,"12,2"
54467211,"14,0"
23517683,"14,5"
82251333,"14,1"
99864908,"13,4"
27106031,"13,5"
59463950,"13,2"
63931325,"14,5"
57391913,"13,8"
75374280,"11,4"
46148350,"12,9"
50133877,"12,3"
49868916,"13,2"
90240730,"13,1"
84908877,"12,8"
24277564,"13,5"
88956420,..
34002355,"10,7"
36355200,"12,1"
96920524,"13,8"
18217765,"13,2"
60919765,..
14677676,"13,3"
96152872,"13,1"
77835341,"13,8"
70803636,"13,9"
23797825,"13,3"
44738639,"13,3"
77712952,"11,5"
92009807,"12,2"
10433896,"12,5"
10342448,"12,0"
43154449,"12,7"
98032567,..
96194948,"14,4"
25955541,"15,3"
88025221,"12,0"
14799321,"12,7"
56041699,"12,1"
70955448,"14,5"
68824244,"12,1"
90685868,"13,3"
24501884,"14,6"
56084099,"12,5"
80711021,"13,2"
17648596,"12,9"
16720048,"13,8"
39341381,"11,3"
60088179,"12,4"
28391147,"11,8"
29209307,"12,8"
21778322,"13,8"
31380193,"13,5"
90290154,"13,7"
25847233,"12,8"
92816527,"13,1"
16848652,"14,3"
94975733,"13,1"
56802300,"13,5"
15149235,"14,4"
77379848,"12,3"
13981977,..
24538846,..
36886750,"13,0"
67422309,"12,3"
67058407,"12,7"
34421265,"13,1"
15791044,..
98696836,"12,7"
82160887,"13,1"
23175129,"10,9"
77358716,"14,3"
29225010,"11,5"
33249781,"12,9"
64648566,"14,8"
18691102,"12,1"
70302356,"12,4"
65421426,"13,3"
24349146,"12,2"
83605345,"12,4"
15933512,"13,9"
12198363,..
47692481,"13,3"
64693272,"13,4"
18072172,..
85188855,"12,7"
39528347,"12,9"
85473846,"13,7"
29744774,..
89690587,"13,6"
20768651,..
32239920,"12,4"
98781765,"13,0"
87112995,"13,1"
18686599,..
93779220,"12,2"
53279140,"14,0"
80785976,"12,8"
47559319,"15,0"
21532545,..
56187883,"12,7"
51023367,"13,2"
95069937,"15,0"
52690153,"13,6"
93221031,..
68229719,..
84947634,..
89982804,"13,1"
60743463,..
73171934,..
74434644,"12,4"
93281974,"14,1"
23424275,..
16554575,"12,7"
60096875,"11,8"
40386043,..
33685428,..
10924758,"11,4"
75082798,"13,8"
16950252,"11,4"
15077883,"12,9"
48434184,"13,5"
51138448,"14,1"
93939982,"12,8"
31533003,"13,0"
24273261,..
59455288,..
25677996,"12,9"
31279294,..
36782335,"14,0"
90551279,"13,3"
93062368,..
69626109,"12,2"
10638939,"13,6"
72127035,..
85003442,"13,0"
98052678,..
32671805,..
16313848,"11,4"
54172830,..
75458014,..
78023197,"12,5"
40991561,..
70923626,"10,5"
76877530,..
47046103,..
19560192,"13,0"
98053087,"13,3"
46660042,"11,7"
67783774,..
85214294,"12,6"
12279302,"12,3"
91984508,"11,1"
40667807,..
40634612,..
80762863,"12,0"
64574972,..
30530571,..
96024712,"12,9"
27115998,"12,5"
39583059,"13,1"
38645259,..
46145886,..
27041885,"11,1"
48722826,"13,2"
97596286,"11,4"
67554405,"14,3"
56021320,"13,2"
23457902,..
57397381,"13,0"
72022487,..
70969556,..
28248021,..
44417214,"13,6"
25025681,"12,0"
14102256,"13,6"
75082280,"12,8"
39096170,"13,9"
69240218,"12,9"
82002016,..
23306658,..
94090461,"12,8"
63035915,"13,1"
50821167,..
68748767,"12,3"
20984584,..
25648215,"12,7"
11608031,"11,9"
13006857,"13,6"
16956086,..
58187973,..
88894245,..
71160225,"13,4"
44672598,"13,6"
22220001,"12,8"
71353314,..
69471748,"12,0"
93239262,"14,1"
13963517,..
68655578,"12,7"
31179045,"12,6"
59655752,..
18711877,..
67071618,"13,7"
18617410,"14,9"
40338843,"13,8"
14292382,..
87859089,..
98908403,"13,5"
24982097,..
68597767,..
38048202,"12,8"
90990441,..
40575001,"13,2"
26508763,"15,3"
76903284,..
69747871,..
79346084,"12,4"
89816391,..
53903798,"12,2"
33132452,"11,4"
17675502,"12,3"
75600007,"11,8"
85516596,"13,6"
50104466,..
59386837,"14,5"
43873969,"12,1"
24993048,..
58518163,"13,8"
29159460,"11,7"
89630851,"14,7"
86351879,"12,7"
74322969,..
64579522,"12,8"
14853321,..
86488203,"13,5"
84329061,..
71969230,..
31486865,"13,8"
61720981,"13,4"
50424828,..
83584125,"14,9"
65265211,..
66644568,"12,9"
61175914,..
29161632,..
36480690,..
32550660,"15,4"
37316242,..
50393060,..
95340745,..
59521477,..
46148350,..
49868916,"13,2"
84908877,"13,5"
24277564,..
36355200,..
88025221,"12,0"
56041699,..
70955448,"14,5"
60088179,"12,1"
25847233,"12,5"
16848652,..
56802300,..
36886750,..
67422309,..
82160887,"11,9"
64648566,..
15933512,"12,0"
12198363,..
64693272,..
89690587,"12,8"
18686599,..
93779220,"12,2"
80785976,..
47559319,"15,0"
52690153,..
93221031,..
18345915,"15,0"
97870412,"14,4"
18208087,"12,4"
41416934,"13,9"
21567982,"12,5"
83474173,"11,6"
88445871,"12,8"
25624692,..
25356960,"14,9"
98132436,"13,8"
60096875,"11,4"
29324709,"14,3"
26864271,"13,1"
44240250,"15,1"
75082798,"13,8"
91333138,"12,0"
12154972,"13,9"
15077883,"13,1"
48434184,"10,8"
19647256,"13,2"
56737496,"12,6"
55155562,"12,6"
24008049,"12,9"
59734510,..
19586169,"11,9"
24273261,..
59455288,..
89888648,"12,2"
36782335,"12,6"
20666515,"13,1"
90551279,"13,6"
93062368,..
90267145,"14,0"
88153340,"12,8"
94353434,"12,3"
88886610,"12,6"
88556189,"11,5"
72127035,"13,8"
22752398,"12,2"
31843016,"13,1"
29097621,"13,2"
16313848,"12,2"
11294673,..
86327236,..
69241230,..
80327946,"12,3"
86385479,..
70923626,"12,7"
92905347,..
47550455,"12,4"
56664512,..
19560192,..
46660042,"12,7"
38917647,..
82084961,"13,6"
98369689,"11,9"
56529916,"14,1"
17849518,..
18091973,"13,1"
69629086,"12,8"
31657916,..
19741742,"12,3"
40829056,..
85800840,"13,1"
39583059,"13,8"
39805497,"14,0"
46145886,"14,7"
84247499,"13,5"
71571158,..
86473502,..
58368956,"13,6"
23350817,..
41358402,"11,3"
87262566,..
23457902,..
56947954,"14,1"
72022487,"12,8"
28248021,..
74408578,"13,7"
86724994,"12,8"
39302565,"11,8"
61432781,"12,7"
14057258,..
81551726,..
76195214,..
70137084,"12,9"
57350392,..
92651253,"12,4"
82826083,"12,8"
26167236,..
63035915,"12,7"
32042066,"13,9"
92814975,..
64123241,"12,5"
20984584,..
98541468,"10,9"
25648215,..
79994304,..
86762103,..
68381790,..
13006857,"13,1"
16956086,..
88894245,..
67752682,"14,1"
75340089,"13,6"
22220001,"12,7"
15100079,..
36252055,"11,7"
72891848,..
48862305,"12,5"
13963517,..
31255918,"14,1"
53180719,"14,1"
68655578,"11,4"
37054246,..
62216381,"13,5"
18711877,..
61229217,"12,7"
41697930,"14,0"
77440824,..
14292382,"14,3"
54764253,"12,6"
98908403,"13,7"
16493131,"15,0"
24982097,..
27964873,"11,5"
30706655,"15,1"
78690637,"15,3"
24653673,..
87303004,..
97835550,..
22446331,..
42911621,"14,3"
14504503,..
76903284,..
81997762,"12,3"
70119254,"13,5"
42060237,"13,0"
85782695,"12,2"
38236800,..
41631104,"12,8"
16501673,..
26298615,"13,5"
41099519,..
59386837,..
73217812,..
16931486,..
70132092,"11,7"
27993549,"13,1"
90312942,"13,0"
19839859,..
29159460,..
43601850,"13,5"
74322969,..
31057219,..
34381901,"11,9"
96414537,..
99394620,"14,7"
76448076,"12,2"
92818240,"13,8"
84329061,..
71969230,..
91048178,..
65265211,..
22811839,"12,9"
61622991,"12,9"
61175914,..
91905819,..
54882637,"12,9"
53923398,..
69865450,..
20173336,"12,8"
49872493,..
39147056,"12,8"
11953769,..
85788659,..
59521477,..
54467211,"13,8"
82251333,"14,7"
90240730,"13,2"
34002355,..
96920524,"14,1"
96152872,"13,2"
92009807,"12,5"
10342448,"12,1"
90685868,"13,8"
17648596,"12,9"
39341381,..
29209307,..
90290154,..
92816527,"13,7"
24538846,..
67422309,"11,4"
34421265,"12,8"
82160887,"13,5"
33249781,"12,4"
18691102,..
24349146,"12,0"
83605345,"13,0"
47692481,"12,1"
85188855,..
85473846,"14,2"
32239920,"12,6"
56187883,"11,1"
52690153,..
74776778,"14,5"
71262305,"16,5"
84947634,"13,7"
48009865,"15,0"
89982804,..
97968599,"14,6"
91748148,"14,2"
42218661,..
74434644,"13,7"
42022406,..
34076477,"13,2"
54896448,"16,6"
97758137,"15,4"
26334561,"14,2"
40386043,"14,5"
20699742,"14,7"
82814120,"15,1"
45164827,"16,9"
10924758,"14,1"
34153869,"15,1"
17846181,..
75082798,"14,2"
23555409,"16,1"
27030026,"13,8"
15077883,"13,9"
48434184,"14,3"
58724424,..
39911065,"13,8"
56737496,"14,5"
55155562,"13,5"
31533003,"14,7"
19981611,"15,5"
25679488,"13,5"
35063170,"13,6"
31279294,..
36782335,"14,2"
67279303,..
21648755,"13,7"
11111710,..
49616977,"15,0"
84835666,"14,3"
20319353,"13,2"
85068812,..
78397312,"15,7"
36444853,"14,4"
89837629,..
12994441,"12,7"
88774402,"17,5"
75141151,"13,4"
61701709,"14,3"
38684438,"12,8"
39549479,"14,1"
73147554,"16,6"
69983740,"16,4"
12052268,"13,9"
71597051,"16,5"
40690520,"16,6"
35006050,"14,1"
10638939,..
34336190,"15,4"
88834120,"13,5"
53640774,"14,2"
72127035,"14,4"
71922787,"13,1"
92507006,"15,6"
20100577,"14,6"
79606767,"14,0"
11294673,..
86327236,"14,0"
66335258,..
54172830,"14,9"
56330385,"14,6"
44392995,"15,2"
60730660,"18,0"
82592568,"14,8"
86385479,"15,5"
49862313,"11,9"
42859669,"13,5"
99592025,"16,1"
34247736,"14,8"
76877530,..
38167912,"15,4"
43826783,..
58125096,"13,3"
17173461,..
30468157,"14,7"
23681822,"15,6"
92858957,"14,2"
82084961,"11,6"
73829818,"15,5"
18881773,..
12279302,"12,4"
64205087,"13,6"
18091973,"15,0"
88466776,"14,8"
54606928,"14,9"
19741742,"14,8"
45830583,"15,1"
30530571,"13,9"
78839208,"15,9"
30458073,..
27115998,"14,2"
79516949,..
87207941,"14,8"
11673760,"13,8"
38400227,"12,9"
81619482,"15,1"
39149668,"13,6"
67554405,"15,6"
73944169,"15,0"
78872213,"14,9"
64569393,"13,0"
48217580,"13,2"
57397381,"13,1"
72022487,"14,3"
71512894,"14,8"
28248021,"14,2"
44417214,"14,2"
74408578,"14,0"
71043974,"14,7"
61161774,"14,6"
75914181,..
24544503,"14,4"
69240218,"15,9"
12934438,"15,1"
43313366,"14,9"
37550979,"14,7"
60214465,"14,2"
23306658,"16,0"
11102578,"14,6"
10129345,"15,0"
94090461,"14,5"
26324896,"14,7"
56639389,"15,7"
53896162,"14,6"
17779637,"16,7"
71929526,"15,3"
60873719,"14,9"
68748767,..
23548714,"13,2"
48593439,"13,6"
91773491,..
30361243,"15,0"
25596917,"16,0"
31155312,..
84424083,"17,4"
10481541,"13,9"
68381790,..
13006857,"15,0"
16956086,"14,2"
58187973,"14,9"
31870541,"14,2"
44672598,"14,1"
31822012,"12,9"
62855448,"13,6"
91812793,"15,8"
58907711,"16,2"
68285560,"14,7"
69471748,"13,8"
99976753,"13,7"
75575321,"16,1"
57690933,"14,2"
12130801,"14,5"
95785055,"17,0"
68741484,"12,0"
37054246,"15,2"
31179045,"13,2"
59655752,"15,1"
41555549,"14,3"
85459854,"15,1"
67071618,"16,8"
28025244,"14,6"
40338843,"13,5"
14292382,..
87859089,"14,8"
98908403,"14,8"
83272868,"13,1"
45552626,"13,7"
92332557,"13,9"
78690637,"14,1"
77544055,"15,1"
76903284,"15,0"
49141105,"11,8"
26646080,"14,7"
79346084,"15,2"
14448619,"13,8"
43565270,"14,7"
85152591,"16,9"
40600798,"15,4"
48120273,"17,4"
94167577,"13,8"
53903798,"11,3"
97770837,"13,1"
70811222,..
17911161,"11,3"
35084976,"15,4"
77632411,"16,1"
59898194,"14,1"
38195284,"13,9"
97510495,"13,2"
89461767,"14,0"
94717858,"12,8"
75075402,"13,4"
26326048,"12,7"
37839488,"12,4"
73812226,"13,2"
15278518,"14,1"
85516596,"13,8"
16784385,"15,1"
24339566,"16,0"
65458415,..
52333875,"14,3"
24759907,"12,6"
31315191,"15,2"
48555205,"14,4"
32116280,"13,7"
64388538,..
52153758,"18,4"
99755443,"17,0"
30167976,"15,7"
32071849,"16,2"
79845033,..
41099519,"14,2"
59386837,..
21382451,"13,9"
55825382,"13,5"
59942080,"13,4"
37912396,..
45593337,"14,1"
19839859,..
30615080,"13,2"
86351879,"14,5"
90260899,"14,9"
31057219,..
27079521,"14,5"
64579522,..
34381901,"16,4"
55150847,"15,1"
53069733,..
14853321,"14,4"
86488203,"14,1"
25156286,..
28081446,"15,0"
92818240,"12,8"
12399380,..
31486865,"14,6"
97265732,"17,4"
61720981,"13,8"
50424828,..
95024660,"13,3"
32263814,"13,8"
33657492,"13,1"
79309485,"14,6"
77713695,"14,8"
23544320,"15,2"
69040241,..
20855811,"12,0"
53923398,"14,2"
74560191,..
47844862,"14,5"
72984079,"13,8"
61674097,"16,7"
93488613,"15,0"
59599256,"14,2"
90509211,"13,7"
50393060,"16,3"
85788659,..
59521477,"14,3"
54599691,"13,7"
31975673,"15,0"
27106031,"14,3"
46148350,..
49868916,"14,5"
74919147,"13,8"
78389879,"13,9"
44412461,"15,8"
96920524,"14,2"
70803636,"14,6"
23797825,"13,5"
10433896,"16,2"
49170638,"13,5"
25379974,..
18042101,"14,7"
70955448,"15,2"
92805465,"14,6"
61176909,"14,9"
21778322,"14,1"
31380193,..
62612992,"13,6"
16848652,"15,6"
15149235,"14,8"
24538846,"16,3"
67058407,"13,8"
98696836,"14,0"
49739986,"12,4"
92192566,"13,4"
65421426,"15,0"
72071234,"16,0"
65833454,..
28045567,"14,3"
38880984,"14,9"
18686599,"13,0"
47559319,"14,2"
20752831,"14,0"
51023367,..
52690153,..
93221031,..
18345915,"14,4"
71262305,..
97870412,"14,3"
82840198,"12,9"
41416934,..
21866405,"11,8"
42022406,"11,7"
25624692,..
64284020,"12,0"
40386043,"12,6"
26864271,..
75082798,"11,9"
23555409,"12,9"
30341162,..
72266906,"13,4"
15077883,..
48434184,"13,1"
56421429,"12,1"
56737496,..
24008049,"12,8"
36680097,..
59734510,..
19586169,..
95683850,"14,3"
89888648,"13,2"
36782335,"12,4"
37906565,"14,7"
90551279,"13,3"
69686851,"11,3"
90267145,..
85068812,..
16819383,"13,2"
79094701,"13,6"
11274830,"11,7"
35006050,"12,2"
88556189,..
97177328,"12,1"
72127035,..
22752398,"13,2"
71922787,..
81993306,"11,9"
16313848,"12,5"
11294673,..
28398531,..
79033948,"13,9"
69241230,..
80327946,"13,3"
86385479,"13,3"
99838438,"12,6"
42859669,"12,4"
92905347,..
99592025,"13,6"
30329172,"13,6"
47046103,..
19560192,..
98053087,"12,4"
46660042,"14,6"
44113417,"12,2"
39555838,..
82084961,"12,0"
46162400,"11,9"
12448823,..
18091973,..
40634612,"11,3"
69629086,"13,2"
31657916,..
42573391,..
29032715,"14,2"
19909435,"13,4"
85800840,"15,1"
27115998,"13,0"
41867682,"12,3"
39583059,"12,2"
38645259,..
63791419,"13,1"
46145886,"14,5"
84247499,"12,9"
48722826,"13,5"
53691739,"12,1"
60209222,"13,0"
78872213,"13,3"
51620045,"13,7"
56947954,"12,3"
72022487,"13,5"
70969556,..
28248021,..
74408578,"11,9"
86724994,"14,1"
39302565,"12,0"
74316305,"12,9"
72109637,..
97868185,..
77823650,"12,1"
76195214,..
70137084,"12,3"
69306209,"11,1"
80931789,"13,3"
90473340,..
26167236,..
63035915,"12,5"
12613085,"11,8"
66824652,"12,0"
32042066,"13,7"
92814975,"11,3"
69063711,..
77609073,..
68748767,..
52129378,"11,7"
61823258,..
68006362,"12,3"
86762103,..
68381790,..
13006857,"12,8"
16956086,"13,0"
58187973,..
88894245,..
67752682,"12,4"
44672598,"13,0"
22220001,"13,0"
16702464,..
36252055,"13,6"
72891848,"12,0"
32887559,"13,1"
43284031,"11,8"
13963517,..
26267406,..
31255918,"14,0"
51736304,..
53180719,"12,7"
27489137,"14,3"
37054246,"12,9"
62216381,"12,8"
88750078,"14,1"
22383788,"13,5"
81876614,..
75324351,..
61229217,"12,5"
41697930,"13,2"
17184072,..
77440824,"13,1"
14292382,"14,1"
87859089,..
16493131,"12,8"
24982097,..
68597767,..
30706655,"12,3"
38048202,"12,6"
87303004,..
97835550,..
26671095,"13,0"
42911621,"12,7"
15870428,"12,6"
26750052,"12,8"
81997762,"11,8"
79346084,"13,6"
14448619,"11,5"
94167577,"11,0"
21312503,"14,9"
33132452,"13,5"
15390992,"14,9"
38236800,"12,0"
95154882,..
65666808,"11,6"
93367005,"12,4"
16501673,..
79845033,"12,9"
41099519,..
59386837,..
17276047,"11,0"
48244956,"12,7"
70132092,"10,1"
27993549,"11,6"
90312942,"12,8"
37517404,..
29159460,"12,8"
43601850,"10,9"
86351879,"13,1"
74322969,..
90260899,..
31057219,"13,0"
27079521,"12,2"
96414537,..
95368476,..
76448076,"11,2"
91048178,"12,7"
76942525,..
61720981,"12,1"
82931004,"11,1"
33205596,"12,2"
60727136,..
33657492,"11,8"
93659517,"14,0"
57668673,"12,1"
91905819,..
54882637,..
36480690,..
52048443,"13,1"
69865450,..
37316242,"12,9"
50393060,..
59521477,"11,7"
54467211,"14,4"
59463950,"13,6"
63931325,"13,8"
75374280,..
50133877,"12,0"
34002355,"9,6"
18217765,..
96152872,"12,7"
10433896,"12,5"
43154449,"12,7"
96194948,..
68824244,"12,1"
90685868,"12,0"
39341381,..
28391147,"11,8"
31380193,..
90290154,..
92816527,"12,4"
94975733,"12,8"
77379848,..
13981977,..
67422309,..
82160887,..
23175129,"11,3"
29225010,"11,5"
24349146,"12,5"
85188855,..
39528347,"12,9"
32239920,"12,1"
80785976,"12,1"
21532545,..
56187883,"12,8"
51023367,"13,1"
52690153,..
61004230,"15,2"
23517336,"15,1"
48009865,..
82840198,..
19464342,..
43609520,"15,8"
42218661,"15,2"
42022406,"13,5"
56679384,"13,6"
69018222,"12,2"
64284020,..
97758137,"15,7"
40386043,"14,4"
33685428,"16,4"
34153869,..
75082798,"14,9"
23555409,"13,8"
30341162,"13,7"
19912478,"15,3"
58724424,..
95684185,"15,0"
93939982,..
55155562,..
24008049,"16,0"
54481243,"17,9"
36680097,..
25677996,"13,8"
31279294,"12,6"
36782335,"15,4"
21648755,"13,0"
69686851,..
54965510,"14,5"
25872338,..
10974852,..
85068812,..
78397312,"14,9"
36444853,"13,6"
61469192,"16,1"
79094701,"14,7"
71597051,"16,5"
53231578,"13,7"
91011325,"13,1"
97382366,"14,5"
10638939,..
69739484,"13,6"
92887917,"14,3"
68734112,..
44653962,..
47264019,"13,4"
20099064,"15,5"
16313848,"13,1"
79033948,"14,0"
68240485,"15,9"
95046058,"15,8"
44392995,"14,6"
99838438,"13,3"
30329172,"14,9"
76877530,..
38167912,..
77839100,..
55535552,..
92533079,"15,4"
92858957,"15,5"
82084961,..
50908408,"14,2"
18594470,"13,6"
72232853,"15,3"
18091973,..
36539945,..
40634612,"15,0"
66132676,"15,0"
64574972,"15,0"
48931433,..
85800840,"15,3"
68920727,"15,1"
27115998,..
79516949,"13,4"
96684210,"14,9"
23836342,"14,7"
81619482,"15,1"
39149668,..
48722826,..
73063662,"13,8"
43251309,"13,5"
67554405,..
94455820,..
78872213,"15,1"
56021320,"15,0"
64569393,..
86888278,..
57397381,"14,0"
44417214,..
49488344,"15,1"
57777751,..
38732602,"15,6"
86158933,"15,1"
75914181,"13,3"
84476205,"15,0"
24544503,"15,7"
86787111,"13,4"
97868185,"15,4"
70137084,..
23306658,..
11102578,"14,1"
94468610,"14,9"
90473340,"13,1"
64648904,"15,7"
75939593,"15,6"
51449748,"14,4"
28267726,"17,4"
71929526,"15,4"
71472793,"14,1"
69063711,"13,2"
35894996,..
65722876,"15,5"
49231191,"13,7"
13006857,"15,7"
16956086,..
88894245,..
44672598,..
99356671,..
29449669,"13,9"
91812793,"14,9"
14355031,"15,6"
46611859,"16,0"
65150019,"15,8"
47537928,"14,3"
44285075,"14,0"
68741484,..
72421673,..
15763669,..
18711877,"14,5"
61229217,..
70376604,"14,5"
40338843,..
16493131,"14,1"
83272868,"13,3"
16748680,"17,0"
92332557,"15,1"
78690637,"14,5"
90990441,..
49112879,"14,8"
43623146,..
18974693,"13,9"
28967085,..
33233228,..
94167577,"13,2"
27023528,"14,3"
97770837,..
29423248,"15,3"
33132452,..
17911161,..
35084976,..
77632411,"15,8"
53760158,"15,8"
78422467,"15,2"
75075402,"14,2"
46256929,"14,3"
83374651,"18,2"
30762346,..
15390992,"14,1"
85516596,..
95154882,..
24663703,..
28519815,"14,8"
65666808,..
24759907,"12,6"
35366805,"14,8"
89370947,"17,1"
64388538,"16,4"
17276047,..
48244956,"15,4"
43873969,"14,2"
19306558,"15,6"
45593337,..
25178582,"14,3"
70543431,"16,7"
56041144,"13,7"
90260899,..
33572033,"14,1"
95368476,"16,3"
76448076,"14,8"
28081446,"14,7"
21400668,"13,1"
92949043,"14,5"
31486865,"15,7"
97265732,"17,1"
50424828,"13,1"
11533776,"14,2"
99622695,..
51131594,"13,8"
89680395,"16,1"
53696633,"15,4"
27440210,"15,6"
62758285,"15,1"
57668673,..
63993414,..
49136871,..
53923398,"14,1"
74560191,..
36480690,"14,6"
24787883,..
52048443,"14,7"
43277545,"13,9"
66095163,"13,6"
54004368,"14,9"
31975673,..
99864908,..
49868916,"17,0"
44412461,"15,8"
49576295,..
45293715,"14,1"
77712952,..
10433896,"13,9"
43154449,"12,8"
46379730,"13,9"
46986216,"15,4"
16720048,"14,1"
31380193,..
85485803,"14,1"
88429477,..
98696836,"14,5"
49739986,"14,6"
29225010,"13,2"
56886667,"14,9"
62394916,..
67908927,"13,7"
18072172,..
11341077,"14,9"
77797484,"14,8"
80785976,"13,2"
21532545,"13,9"
51023367,..
43649848,"13,3"
74316305,"12,4"
84098842,"13,1"
17062663,"14,4"
71069359,"12,9"
48304166,"13,0"
92009807,"13,2"
93221031,"12,3"
17474377,"14,0"
55795961,..
84947634,"12,4"
68564903,"13,3"
18208087,"11,5"
41416934,"12,3"
21866405,"11,7"
25624692,..
25356960,"14,0"
98132436,..
40386043,"12,2"
44240250,"13,0"
75082798,"11,0"
91333138,"13,5"
12154972,"12,5"
15077883,..
48434184,..
19647256,..
93939982,..
55155562,"12,6"
24008049,"14,3"
59734510,..
19586169,..
24273261,..
89888648,..
90003262,"15,2"
36782335,"11,5"
67279303,"12,4"
21648755,"13,2"
90267145,..
61880907,"11,6"
88556189,"11,4"
72127035,..
70969714,"12,0"
31843016,"11,6"
29097621,"12,8"
16313848,"12,1"
86327236,..
86310217,"11,6"
69241230,..
80327946,"12,0"
70923626,..
92905347,..
30329172,"15,3"
47046103,"11,7"
17173461,..
19560192,..
98053087,..
46660042,"13,6"
38917647,..
98369689,"12,9"
17849518,..
40667807,..
69629086,"13,2"
31657916,..
46241804,"13,2"
29032715,"12,5"
19909435,..
85800840,"13,9"
39583059,"13,3"
38645259,..
39805497,"12,3"
83829189,"12,4"
84247499,"12,6"
97064126,..
48722826,"11,2"
71571158,"12,3"
73567152,"13,4"
84286698,"12,7"
23350817,..
87262566,"11,5"
56947954,"13,9"
72022487,"14,1"
70969556,..
86724994,"12,4"
39302565,"12,2"
61432781,"12,5"
14057258,..
81551726,..
52634142,"13,4"
76195214,..
70137084,"12,2"
92651253,..
26167236,"12,4"
28848709,"12,7"
49168016,"13,4"
28770304,"12,6"
17119840,"13,6"
61823258,..
86762103,..
76007769,"12,4"
88894245,..
47884009,..
75340089,..
36670439,"11,9"
72891848,..
83805032,"12,1"
31255918,"14,9"
35035671,"13,3"
53180719,..
17062663,"11,9"
88750078,"14,8"
85459854,"13,9"
61229217,..
93503103,"14,0"
14292382,..
87859089,..
16493131,"11,9"
48304166,"12,1"
27964873,"12,0"
30706655,..
78690637,..
24653673,"12,9"
87303004,"12,1"
97835550,..
22446331,"14,3"
40575001,"12,6"
76903284,"12,2"
81997762,..
42060237,..
89816391,"11,4"
38236800,..
85054102,"13,0"
87274273,"15,1"
16501673,..
26298615,"13,4"
50104466,..
59386837,"13,4"
73217812,..
16931486,..
13084253,"11,6"
82888663,"13,6"
11275959,"13,1"
27993549,"12,7"
90312942,"13,6"
19839859,..
29159460,..
43601850,..
14586562,..
74322969,"12,2"
90260899,"14,0"
31057219,"13,9"
27079521,..
34381901,"12,7"
95368476,..
84329061,..
71969230,..
91048178,..
10373112,..
65265211,..
19930101,"12,3"
33657492,..
53923398,"12,0"
69865450,..
37316242,..
20173336,..
49872493,..
39147056,"13,4"
85788659,"13,8"
95340745,..
59521477,"10,7"
54467211,"13,9"
82251333,..
63931325,"14,7"
75374280,"10,4"
46148350,..
50133877,"12,8"
90240730,"13,0"
84908877,..
34002355,"12,2"
18217765,..
92009807,"11,9"
90685868,..
56084099,"12,4"
39341381,..
29209307,"12,4"
92816527,"13,5"
15149235,..
77379848,..
34421265,"12,8"
18691102,..
70302356,"12,4"
24349146,"12,0"
83605345,..
47692481,..
85188855,..
85473846,"13,7"
98781765,"13,2"
56187883,..
51023367,..
52690153,..
93221031,"13,2"
61004230,"14,7"
71262305,..
68564903,"13,8"
89982804,"14,2"
74434644,"11,9"
18425335,"11,8"
23424275,..
34153869,..
75082798,"12,5"
27030026,"13,5"
15077883,..
39911065,..
56737496,"12,3"
87756916,"11,6"
19586169,..
24273261,..
59455288,"10,6"
25679488,"11,9"
35063170,..
36782335,"13,1"
37906565,..
21648755,"11,7"
49616977,"11,8"
72998905,..
69481650,"11,3"
12994441,..
30086854,"12,3"
38684438,"11,7"
73147554,"16,7"
35006050,"13,4"
10638939,..
71922787,..
44341171,"10,8"
32671805,..
79606767,"13,7"
11294673,..
86327236,"12,8"
28398531,"12,7"
54172830,"10,6"
56330385,"12,7"
42859669,"12,4"
92905347,..
47550455,"12,0"
17173461,..
98053087,"13,1"
92858957,"13,5"
44113417,"10,8"
18881773,..
94570025,"13,2"
54606928,"13,2"
42573391,..
97270136,..
30530571,..
40829056,..
38645259,..
87207941,..
11673760,"12,6"
38400227,"11,0"
27041885,"12,2"
97064126,..
67554405,"12,5"
86473502,..
98239050,"14,1"
94455820,..
78872213,"13,6"
23350817,..
87262566,..
41844601,"13,1"
23457902,..
57397381,"12,4"
72022487,..
28248021,..
44417214,"13,9"
49488344,"13,7"
14102256,"12,7"
43313366,"12,8"
37550979,..
76195214,"15,3"
60214465,"12,0"
11102578,"13,6"
84098842,"13,4"
63035915,"11,7"
26324896,"13,3"
50821167,..
77609073,"12,2"
68748767,..
25596917,"12,9"
20984584,..
25648215,"11,2"
11608031,..
86762103,..
68381790,"11,6"
16956086,..
22220001,..
15100079,..
16702464,..
72891848,..
69471748,"11,2"
99976753,..
14278480,"12,0"
51955293,"13,9"
12130801,..
53180719,..
68741484,"12,4"
41555549,..
75324351,..
28025244,"13,0"
40338843,..
16493131,"14,2"
48304166,"13,3"
24982097,..
68597767,..
30706655,..
78690637,"11,0"
87303004,..
14504503,..
77544055,"12,4"
76903284,..
15870428,"13,1"
81997762,..
42060237,..
14448619,..
27023528,"10,4"
33132452,"12,3"
56942970,..
97510495,"15,5"
15278518,"13,9"
38236800,..
24759907,"8,9"
16501673,"13,4"
79845033,..
41099519,"12,2"
59386837,..
55825382,..
59942080,..
90312942,..
14586562,..
27079521,..
34381901,..
96414537,..
14853321,"14,4"
86488203,"13,4"
92818240,"12,2"
71969230,..
76942525,..
50424828,"11,0"
12075195,"13,1"
65265211,..
33657492,"11,1"
61175914,..
57668673,..
69040241,"12,5"
53923398,"13,1"
47844862,"11,8"
69865450,"13,5"
90509211,"11,8"
37316242,..
50393060,..
85788659,..
54599691,"12,0"
27106031,"13,3"
63931325,..
57391913,"12,9"
46148350,..
96920524,..
70803636,"14,6"
23797825,"13,3"
90685868,"14,2"
80711021,"12,6"
39341381,..
31380193,..
25847233,"12,8"
16848652,..
36886750,"12,3"
67058407,"12,7"
98696836,"11,7"
64648566,"14,9"
83605345,..
15933512,"14,5"
47692481,"13,1"
85188855,..
85473846,"13,3"
53279140,"14,3"
51023367,..
52690153,..
17474377,..
18425335,"14,3"
19150273,"14,3"
64284020,..
23555409,..
73255276,..
58724424,..
31429031,..
87756916,"12,9"
59734510,..
19586169,..
31279294,..
11111710,"15,0"
90551279,"14,9"
69686851,"14,3"
59396229,"13,2"
85068812,..
36444853,"13,5"
65752105,..
10638939,..
88556189,..
44653962,"15,0"
87764775,"12,9"
66335258,"13,7"
44392995,"14,2"
80327946,..
42859669,"12,5"
92905347,..
19560192,..
56529916,"12,5"
12279302,"12,2"
17849518,..
77688926,"14,3"
37358234,"12,1"
42573391,..
97270136,"14,2"
30530571,..
96024712,"13,9"
40829056,..
39583059,"13,8"
46145886,..
48722826,..
97596286,"14,4"
67554405,"13,2"
86473502,..
64569393,"13,9"
87262566,..
23457902,..
44417214,..
86158933,"13,3"
36072799,"14,7"
81551726,..
76195214,..
23306658,..
17944628,"16,2"
26167236,"13,3"
64648904,"14,4"
53896162,"15,6"
11185244,"12,7"
69063711,..
35894996,"13,0"
68748767,"11,3"
20984584,..
31155312,"13,1"
61823258,"14,5"
79994304,..
11608031,..
67752682,"14,3"
91812793,"15,0"
14355031,"14,4"
72891848,..
25745773,..
14278480,"14,2"
28023078,"12,1"
13963517,..
51736304,..
53180719,"12,7"
72421673,"12,8"
41878314,..
18711877,..
90990441,..
42911621,"14,1"
26508763,"14,2"
14504503,..
81997762,..
34222422,..
84230226,..
94167577,..
33132452,..
63943560,"12,3"
85516596,"14,6"
38236800,..
59026584,"14,3"
65666808,"14,7"
80357110,"14,8"
16501673,..
73217812,"12,6"
36769815,"13,5"
65034473,..
29159460,..
14586562,..
95368476,..
86488203,..
25156286,"13,6"
71969230,..
91048178,..
76942525,..
50424828,..
60727136,..
45132264,"13,3"
73316818,"16,2"
91905819,"13,9"
36480690,"14,5"
24787883,"14,7"
69865450,..
31112935,"13,3"
49872493,..
92442684,..
82251333,..
84908877,..
24277564,..
96152872,..
44738639,"13,3"
96194948,"14,9"
25955541,"14,8"
90685868,..
80711021,"14,0"
31380193,..
90290154,..
92816527,"13,1"
98696836,..
64648566,..
18691102,..
15933512,"14,3"
47692481,..
85188855,..
85473846,"13,1"
53279140,..
80785976,..
56187883,"13,0"
71262305,..
19464342,..
23424275,"13,1"
88573795,"14,0"
73255276,"15,1"
58724424,..
31429031,"13,2"
25679488,..
36782335,..
21648755,"14,6"
69481650,"14,4"
95165649,"13,0"
12994441,..
10638939,..
44341171,"14,8"
32671805,..
28398531,"13,2"
80327946,"13,2"
70923626,..
47550455,"13,1"
38167912,..
80686587,"14,2"
62439199,"12,8"
19741742,"12,6"
30530571,..
11673760,"15,3"
38400227,"14,2"
83829189,..
97064126,..
62104139,"13,7"
41844601,"14,5"
70969556,..
44417214,..
14102256,"14,6"
54839753,..
26167236,"13,7"
63035915,"15,0"
77609073,"12,4"
68748767,"13,4"
20984584,..
11608031,..
68381790,"14,3"
75340089,..
91812793,"13,8"
72891848,..
22426680,"12,8"
53180719,..
60424371,"12,7"
41555549,..
78690637,"13,5"
87303004,..
26508763,"14,4"
76903284,"15,2"
81997762,"12,9"
14448619,..
27023528,"15,3"
38236800,..
30677562,"12,9"
55825382,..
92949043,"14,0"
84329061,..
91048178,..
76942525,..
16496466,..
69865450,..
37316242,"14,1"
28646435,"13,0"
92442684,"14,0"
84908877,..
14799321,..
56041699,..
80711021,"13,8"
15149235,..
15791044,..
15933512,"15,6"
47692481,..
85188855,..
53279140,"12,7"
68229719,..
65192707,"15,8"
30538202,"14,6"
40386043,"14,2"
34153869,..
51138448,..
25720752,"16,3"
31533003,"15,2"
36782335,..
54965510,"15,7"
69983740,..
70066748,"15,3"
68734112,..
53462953,..
30468157,..
96684210,"15,7"
40766349,..
31199511,..
11102578,..
17944628,"15,5"
75939593,"15,5"
56639389,"16,3"
69063711,..
65722876,"15,8"
31822012,"15,3"
58544422,"15,6"
12130801,..
78690637,"15,3"
30279258,"15,8"
26996566,..
94167577,..
41938272,"16,3"
49068301,..
88839172,"17,1"
88955893,"15,8"
42775003,"16,4"
32071849,..
90076461,"14,4"
31486865,..
63993414,..
32995170,"14,5"
32550660,"17,5"
49868916,..
74919147,..
36355200,..
88025221,"16,2"
46986216,"16,0"
65392939,..
56886667,"15,9"
77797484,"15,6"
47559319,..
93221031,..
71262305,..
97870412,"13,1"
18208087,..
83474173,..
88445871,..
64284020,"13,7"
98132436,..
88259298,..
17846181,..
16950252,"12,6"
48434184,..
56421429,..
17008320,..
56737496,..
55155562,..
95683850,"13,5"
35063170,..
67279303,"14,2"
90267145,..
16819383,"12,1"
53660780,"14,7"
51321260,"11,6"
58502307,"13,9"
70969714,..
81993306,"13,3"
16313848,..
54172830,..
86385479,..
92905347,..
47550455,"14,1"
20620556,..
17173461,..
46660042,..
46162400,"12,2"
18091973,..
19909435,"11,8"
30530571,..
38645259,..
39805497,..
83829189,"13,4"
48722826,..
60209222,"13,6"
84286698,..
87262566,..
56947954,"14,0"
72022487,"12,3"
74316305,..
72109637,..
81551726,..
82002016,..
23306658,"12,3"
69306209,"13,2"
12954099,..
26167236,..
66824652,..
49168016,..
92814975,..
25648215,..
13006857,"13,1"
16956086,..
47884009,..
55421481,..
16702464,..
32887559,"12,8"
15609112,..
39199869,..
88750078,..
41555549,..
81876614,..
67071618,"14,0"
75324351,..
58929357,"14,8"
93503103,"13,2"
17184072,..
77440824,..
16493131,"14,8"
41119610,"15,6"
97835550,..
42911621,"13,2"
75027822,"13,0"
21850904,"17,2"
12546590,"13,2"
18451445,..
59386837,..
16931486,..
70132092,..
66273269,"12,6"
37912396,..
90312942,..
19839859,..
67628478,..
86351879,"11,6"
69302313,..
31057219,..
64579522,..
34381901,"14,5"
96414537,..
95368476,..
31537066,..
84329061,"13,4"
65265211,..
71938440,"12,7"
33657492,..
27859889,"14,0"
69865450,..
49872493,..
95340745,..
59521477,..
54467211,"13,5"
59463950,"12,5"
75374280,..
46148350,..
60919765,..
96152872,"12,7"
68824244,..
56084099,..
39341381,..
94975733,..
56802300,..
77379848,..
13981977,..
34421265,..
23175129,..
18691102,..
47692481,..
20768651,..
98781765,..
95069937,"15,0"
42218661,.
16554575,.
19912478,.
30086854,.
26627862,.
98052678,.
61826221,.
54395430,.
80686587,.
46574937,.
98239050,.
56021320,.
31199511,.
56639389,.
78986228,.
30361243,.
50906954,.
65674821,.
26671095,.
25525759,.
77632411,.
89693952,.
30615080,.
32550660,.
77712952,.
92805465,.
65421426,.
82814120,"13,4"
13006857,..
21567982,..
49379603,..
80167319,..
88534520,"14,7"
82814120,"14,8"
39936461,"14,3"
59734510,..
59455288,..
82163292,"13,9"
88163512,"13,7"
31279294,..
36782335,"13,4"
69686851,"13,9"
95165649,"13,9"
35236491,"14,2"
50696507,"14,6"
38448056,"14,5"
83085136,"15,2"
85544331,"14,8"
19560192,..
21363125,..
78659008,"14,8"
18091973,"13,2"
88624631,"12,4"
35390185,..
40829056,..
65662401,"14,5"
75344502,"13,8"
32580162,"14,5"
61547652,"13,3"
62490359,"14,3"
64725297,"13,4"
43362941,"14,0"
23457902,..
27597104,"13,4"
77823650,"15,1"
52634142,"14,6"
32705515,"13,0"
23306658,"13,6"
26167236,..
11185244,"14,1"
56211717,"13,5"
32042066,..
92814975,"14,7"
20984584,..
61823258,..
39178171,"13,8"
25745773,"14,9"
43284031,"14,1"
26267406,..
53180719,..
56267421,"14,4"
34990065,"13,4"
32003298,"13,9"
42517257,"14,2"
86896907,"13,7"
14292382,"15,4"
54764253,"13,3"
97104132,"15,3"
46332927,"14,2"
86319615,"12,7"
22446331,"12,7"
76903284,..
34222422,..
98815582,"14,1"
59026584,"14,7"
52333875,"13,1"
92489953,"13,2"
82888663,"14,7"
11275959,"13,7"
50615280,"14,9"
19035583,"13,9"
80280597,..
89630851,..
14586562,..
65234368,"14,7"
76942525,..
25698509,"14,8"
16496466,..
65265211,..
61175914,..
63451147,"14,1"
31112935,"12,8"
20173336,"14,3"
38544187,"13,7"
23517683,"14,5"
88956420,..
14677676,"13,3"
98032567,..
25955541,"15,5"
24501884,"14,6"
25847233,"12,1"
34421265,"13,7"
33249781,"13,0"
64693272,..
61004230,"16,5"
71262305,"15,9"
55795961,..
84947634,..
48009865,"15,1"
18208087,"15,7"
19464342,..
60743463,..
32960825,"15,5"
91748148,"14,6"
42022406,..
65192707,"15,3"
43634528,"15,5"
53400472,"14,8"
97758137,"13,7"
26334561,"14,3"
40386043,"15,0"
59483268,"14,1"
21663998,"15,9"
20595770,"15,8"
45164827,"17,3"
34153869,"16,8"
17846181,..
75082798,"15,0"
34637764,"15,4"
48434184,"15,8"
95684185,"15,7"
17008320,"16,0"
25720752,"15,9"
55155562,"15,2"
23164911,"15,2"
19981611,..
19586169,"14,8"
24273261,..
59455288,..
25677996,"15,8"
35063170,"15,5"
31279294,..
36782335,"16,2"
23897040,..
20666515,"16,2"
54965510,"16,2"
84835666,"14,3"
64740897,..
78979604,..
85068812,..
78397312,"17,3"
89837629,"13,9"
12994441,"12,3"
88774402,"18,1"
75141151,"12,2"
84306392,"16,1"
26627862,"15,9"
72517762,"10,6"
38684438,"15,0"
35647481,"14,4"
69983740,"17,5"
66491596,"17,0"
12052268,"13,9"
71597051,"17,3"
40690520,"17,5"
21505555,"16,3"
70066748,"13,8"
19207279,"17,8"
53640774,"14,2"
72127035,"16,0"
74148070,"16,1"
19051089,"17,0"
98052678,"14,6"
16313848,"13,6"
11294673,"15,7"
86327236,..
83137205,"16,6"
54172830,"15,1"
65136104,..
56330385,..
20228162,"17,6"
53462953,"14,7"
60730660,"18,6"
82592568,"14,4"
78875918,"15,4"
86385479,..
49862313,"14,2"
42859669,"14,3"
99592025,"16,5"
47550455,"15,7"
47046103,"16,2"
58125096,"15,0"
82914148,..
20620556,..
17173461,..
30468157,"15,6"
61528940,"15,7"
92858957,"16,5"
86296935,..
44113417,"15,9"
39555838,..
85214294,..
82084961,"14,0"
51210136,"15,8"
80686587,"16,6"
91984508,"16,7"
40667807,"15,6"
88466776,"16,9"
57942242,"15,0"
77688926,"16,6"
29032715,"15,3"
48931433,"16,5"
96024712,"16,1"
30458073,..
27115998,"15,7"
79516949,"15,4"
87207941,"16,5"
46574937,"15,7"
63791419,"15,3"
81619482,"16,9"
90006712,"16,7"
39149668,"15,6"
38233622,"15,2"
48722826,"14,7"
98239050,"15,6"
61547652,..
87034307,"15,8"
78872213,"17,2"
76860623,"16,9"
64160122,"16,3"
56947954,"14,4"
72022487,..
71512894,"16,8"
28248021,"15,0"
44417214,"15,7"
88776535,"16,3"
71043974,"16,2"
57777751,..
89807183,"16,3"
96818167,"14,8"
67300857,"15,6"
99279503,..
63653488,..
84476205,"15,7"
69240218,..
12934438,"16,7"
43313366,"17,1"
82002016,"16,1"
23306658,"15,2"
69306209,"16,3"
94090461,"16,7"
80931789,"15,9"
69807202,"14,7"
75939593,"16,5"
56639389,"17,3"
95700485,"17,5"
53896162,"16,2"
17779637,"14,5"
66824652,..
49168016,"14,7"
60873719,"15,4"
21938183,"15,7"
69063711,..
12926770,"13,5"
68748767,..
23548714,"13,1"
48593439,"14,0"
91773491,"14,0"
30361243,"16,0"
25596917,"15,9"
65722876,"15,8"
65381163,"14,1"
84424083,"19,1"
78231062,"16,9"
10481541,"15,1"
68381790,"15,0"
13006857,"15,4"
16956086,"16,8"
58187973,"17,5"
31870541,..
44672598,"15,2"
31822012,..
83161201,"15,2"
16702464,..
36252055,"16,4"
58907711,"16,8"
71541108,"15,0"
69471748,..
76485705,"15,2"
93239262,"14,7"
75575321,"15,5"
24194577,..
51955293,"15,1"
51736304,"16,4"
95785055,"17,3"
68655578,"12,9"
37054246,..
39199869,"16,2"
59655752,"15,3"
41555549,..
81876614,"16,8"
67071618,..
75324351,..
61229217,"13,8"
59575030,"16,5"
77440824,"15,4"
14292382,"14,4"
87859089,"16,3"
98908403,"15,7"
16493131,"16,5"
83272868,"15,6"
45552626,"14,9"
16748680,"13,8"
65674821,"14,7"
38048202,"15,8"
65320354,"16,6"
76903284,"14,4"
49141105,"12,5"
26996566,..
27704246,"15,6"
69747871,..
79346084,"14,8"
14448619,"15,1"
43565270,"13,0"
52791537,"16,4"
85819857,"16,7"
54117171,"16,2"
48120273,"17,3"
94167577,"11,6"
53903798,..
69650864,"17,7"
41938272,"16,1"
76054399,"16,4"
60142020,..
70811222,..
17911161,"12,9"
35084976,"15,8"
77632411,"16,3"
49068301,"13,6"
38195284,"15,4"
97510495,"15,5"
89461767,"13,2"
94717858,"14,8"
53760158,"16,4"
37802196,..
36288955,"18,7"
74812809,"17,6"
88839172,"18,0"
95618280,"14,8"
26326048,"15,3"
37839488,"14,0"
59796774,..
75600007,"14,9"
73812226,"14,5"
82964090,"17,3"
24339566,"15,2"
65458415,..
52333875,"13,7"
69543519,"12,5"
24759907,"13,3"
31315191,"15,6"
56670842,"17,3"
48555205,"13,9"
31313926,..
30312720,"14,6"
32116280,..
53175499,"17,4"
52153758,"17,9"
22116645,"16,4"
30167976,"16,2"
50104466,..
28004794,..
32071849,"16,0"
41099519,"15,9"
59386837,..
21382451,"15,2"
43873969,"16,6"
24993048,"14,6"
66273269,"16,7"
11275959,"14,7"
58518163,..
37912396,"16,4"
45593337,"14,1"
10226870,"16,3"
32057701,"15,8"
30615080,"13,7"
70543431,..
23476801,..
86351879,"15,8"
74322969,..
90260899,..
31057219,"14,8"
27079521,"17,2"
64579522,..
34381901,"16,9"
55150847,"15,5"
53069733,"17,2"
99394620,"15,9"
76448076,"14,8"
84329061,"15,2"
82718660,..
31486865,"16,5"
97265732,"18,1"
61720981,"17,3"
98651664,"16,6"
33657492,"16,4"
37078868,..
16130958,"15,2"
77713695,"16,6"
16218090,"16,5"
23544320,"16,6"
49136871,..
20855811,"13,3"
53923398,"14,2"
74560191,..
47844862,"15,8"
72984079,"12,9"
52048443,..
61674097,..
32550660,"16,8"
93488613,..
45600034,..
59599256,"14,8"
26957025,"17,0"
90509211,..
11953769,..
50393060,"16,2"
95340745,..
54004368,"15,6"
31975673,"15,4"
82251333,"17,0"
63931325,..
57391913,"17,3"
46148350,"15,8"
50133877,"16,0"
74919147,"17,8"
24277564,"12,7"
44412461,"16,6"
18217765,"15,3"
49576295,"16,6"
49170638,"14,4"
25379974,..
88025221,"14,9"
18042101,"14,9"
56041699,..
70955448,"16,5"
46707989,"15,9"
61176909,"15,4"
21778322,"15,1"
62612992,"13,7"
94975733,"15,3"
56802300,..
15149235,"16,3"
13981977,..
67058407,"14,9"
15791044,"16,0"
64908550,"17,0"
77358716,"17,3"
92192566,..
56886667,"14,7"
65421426,"15,2"
62394916,..
72071234,"16,2"
64693272,..
65833454,"15,8"
34988313,"15,8"
38880984,"15,6"
18686599,"15,2"
47559319,"16,5"
20752831,"13,5"
51023367,..
34739511,"15,6"
52690153,..
61004230,..
19464342,..
43609520,..
83474173,"14,8"
91487291,..
88445871,"14,1"
23424275,"14,5"
40386043,..
33685428,..
75082798,..
34637764,"14,1"
15077883,..
19647256,"14,2"
16361868,..
19586169,..
25679488,"14,1"
31279294,..
36782335,"13,6"
90551279,"13,6"
93062368,..
15414001,"13,7"
38311488,"14,2"
74148070,..
32671805,"14,8"
79606767,..
65136104,..
80327946,"13,9"
86385479,..
70923626,..
47550455,..
20620556,..
19560192,..
46660042,..
40810950,"14,7"
17849518,..
66132676,"14,0"
19741742,..
97270136,"15,3"
30530571,"13,3"
11673760,"13,0"
38400227,"12,1"
60209222,"14,5"
23350817,..
87262566,..
41844601,"12,2"
57397381,"12,4"
72022487,..
44417214,"14,9"
86158933,"12,9"
78287294,"13,6"
32705515,"14,5"
23306658,..
31740319,"12,9"
63035915,"13,5"
50821167,..
92814975,..
68748767,..
20984584,..
11608031,"14,2"
76007769,"13,1"
88894245,..
47884009,"14,0"
75340089,..
31796890,..
69471748,"14,1"
60424371,"14,4"
37054246,..
18711877,..
28025244,..
16493131,..
48304166,..
68597767,..
38048202,"11,3"
40575001,..
12496135,..
42060237,..
56653353,"14,8"
31998226,..
24397215,"14,3"
30677562,"14,9"
79845033,..
21627442,"15,3"
16931486,..
19306558,..
37912396,..
29159460,..
89630851,"15,2"
69302313,..
27079521,..
14853321,..
92949043,"15,6"
71969230,..
61720981,..
16496466,..
62300682,"13,8"
61175914,..
61197669,..
37316242,"13,5"
54599691,..
27106031,..
63931325,..
57391913,"14,6"
70803636,"13,3"
14799321,"12,4"
16720048,"13,8"
31380193,..
92816527,..
15149235,..
82160887,..
15933512,"13,6"
12198363,..
18072172,..
85188855,..
39528347,..
53279140,"16,3"
56187883,..
51023367,..
68229719,"14,8"
71262305,"15,0"
55795961,..
84947634,..
48009865,"14,2"
82840198,"14,7"
19464342,..
60743463,..
97968599,"14,6"
42218661,"13,7"
74434644,"14,2"
36263479,"14,8"
19150273,"12,4"
53400472,..
97758137,"13,8"
26334561,"13,6"
40386043,"12,6"
59483268,"14,9"
32879845,"14,9"
88573795,..
20595770,"14,3"
82814120,"16,4"
45164827,"17,2"
10924758,"13,8"
34153869,"14,9"
17846181,"13,0"
75082798,"14,4"
23555409,"15,9"
72266906,"14,2"
34637764,..
19912478,"14,6"
15077883,"13,1"
48434184,"13,2"
51138448,"13,9"
93939982,"14,8"
25720752,"13,7"
55155562,"13,9"
31533003,"16,3"
16361868,..
19981611,..
19586169,"13,6"
24273261,"13,5"
59455288,..
25679488,"14,5"
35063170,..
31279294,..
36782335,"14,9"
20666515,"15,4"
21648755,"14,0"
11111710,"13,2"
49616977,"15,4"
54965510,"14,9"
54164490,"12,2"
20319353,"11,0"
92194545,"13,6"
64740897,..
78979604,..
85068812,"12,6"
78397312,"15,5"
36444853,"12,7"
89837629,"12,2"
12994441,"12,2"
88774402,"16,6"
75141151,"14,1"
28627819,"14,1"
26627862,"14,1"
48847282,"14,3"
72517762,..
38684438,"14,4"
31251822,"13,1"
90099336,..
69983740,"16,9"
12052268,"12,9"
71597051,"15,6"
40690520,"16,2"
97382366,"14,7"
10638939,"8,0"
21052710,"14,2"
88834120,"13,8"
19207279,"16,5"
53640774,"12,9"
72127035,"14,0"
68734112,"14,1"
92507006,"14,1"
44653962,"15,1"
50198492,"14,3"
16313848,"12,8"
11294673,"15,8"
86327236,..
41745951,"17,0"
83137205,"14,7"
28398531,..
66335258,"14,6"
54172830,"12,9"
75458014,"13,2"
65136104,..
56330385,"14,4"
20228162,"16,9"
53462953,"13,0"
60730660,"18,9"
82592568,"15,4"
86385479,..
49862313,"13,4"
99838438,..
42859669,"12,9"
99592025,"16,0"
34247736,"14,3"
76877530,..
47046103,..
58125096,"12,4"
82914148,..
20620556,"13,5"
17173461,..
30468157,"14,1"
66861851,"14,2"
92858957,"13,7"
44113417,"14,4"
67783774,..
39555838,..
85214294,"12,8"
82084961,"12,2"
73829818,"14,6"
18881773,..
78295411,"13,9"
12279302,"13,2"
50500028,"14,1"
18091973,"14,9"
88466776,"15,2"
40634612,"14,6"
37358234,"13,9"
21008461,"14,6"
53893730,"13,9"
42573391,..
64574972,"13,7"
45830583,..
48931433,"13,5"
30530571,"14,6"
78839208,"14,7"
30458073,..
68920727,"14,5"
27115998,"13,7"
79516949,"13,5"
96684210,"14,2"
87207941,"13,4"
23836342,"14,0"
12395564,"15,9"
39149668,"12,6"
48722826,"14,3"
40766349,"13,3"
67554405,"14,1"
73944169,"14,9"
94455820,..
62104139,"14,3"
78872213,"15,6"
58191646,"13,7"
63179610,"11,5"
64569393,"14,1"
48217580,"13,5"
57397381,"13,7"
72022487,"14,2"
71512894,"14,1"
28248021,"12,6"
44417214,"14,5"
25025681,"13,5"
71043974,"13,4"
57777751,..
61161774,"14,1"
75914181,"12,5"
99279503,"13,2"
63653488,..
25392789,"14,8"
69240218,"14,8"
38460895,"12,5"
31199511,"14,7"
43313366,"13,8"
37550979,..
70137084,"15,3"
23306658,"15,3"
11102578,"15,2"
17944628,"14,4"
94090461,"12,6"
64648904,"15,0"
75939593,"14,7"
26324896,"12,9"
56639389,"15,6"
95700485,"15,7"
53896162,"14,3"
17779637,"15,2"
71929526,..
60873719,"16,2"
28085125,"13,2"
21938183,"14,7"
69063711,..
77609073,..
35894996,"13,0"
12926770,"13,1"
68748767,"12,5"
23548714,"13,4"
48593439,"12,9"
91773491,"13,2"
30361243,"13,9"
25596917,"14,1"
65722876,"14,7"
65381163,"12,4"
31155312,"10,7"
84424083,"17,2"
78231062,"16,4"
10481541,"13,7"
68381790,"16,2"
13006857,"15,3"
16956086,"14,8"
58187973,..
31870541,"13,8"
44672598,"14,8"
31822012,"13,5"
99356671,..
16702464,..
29449669,"14,4"
62855448,"12,0"
91812793,"14,9"
58907711,"15,4"
68285560,"14,3"
58544422,"14,0"
69471748,"11,9"
49750031,"15,0"
93239262,"13,8"
75575321,"15,8"
28023078,"14,8"
24194577,..
57690933,"14,3"
12130801,"14,7"
95785055,"16,7"
68741484,"12,4"
37054246,"13,4"
72421673,"14,9"
15763669,..
59655752,"16,2"
41555549,"14,1"
85459854,"14,1"
67071618,..
75324351,..
61229217,"12,4"
18617410,"13,8"
40338843,"15,0"
14292382,"15,6"
87859089,"14,3"
98908403,"12,5"
16493131,"15,3"
83272868,"14,3"
11526364,"12,8"
45552626,"14,3"
16748680,"12,9"
92332557,"13,2"
78690637,"14,2"
30279258,"13,9"
76903284,"13,5"
49141105,"13,5"
18974693,"14,8"
26996566,..
69747871,..
31151740,"14,2"
79346084,"13,6"
89816391,"13,9"
43565270,"14,1"
77176811,"14,5"
52791537,"16,1"
52942981,"14,5"
48120273,"17,4"
94167577,"11,8"
27023528,"12,6"
53903798,"11,9"
97770837,"14,3"
69650864,"17,6"
59581397,"13,7"
41938272,"15,9"
29423248,"15,7"
33132452,"12,0"
70811222,..
17911161,"12,4"
35084976,..
77632411,"15,9"
49068301,"15,2"
59898194,"15,8"
38195284,"13,5"
97510495,"13,9"
89461767,"14,8"
94717858,"15,7"
36288955,"17,8"
74812809,"16,2"
88839172,"18,6"
48412612,"14,1"
75075402,"14,2"
26326048,"12,6"
37839488,"12,2"
59796774,..
17675502,"9,8"
75600007,"13,5"
73812226,"11,8"
88955893,"17,1"
63943560,"12,5"
85516596,"12,1"
16784385,"14,9"
89963319,..
24339566,"14,3"
65458415,..
95154882,..
28519815,"11,8"
69543519,..
24759907,"11,6"
31315191,"14,8"
42775003,"16,9"
48555205,"13,8"
32116280,..
57143976,"14,1"
53175499,..
64388538,"17,1"
52153758,"17,7"
22116645,..
99755443,"16,0"
30167976,..
50104466,..
28004794,..
32071849,"15,9"
79845033,"13,2"
41099519,"13,3"
59386837,..
21382451,"14,6"
36769815,..
43873969,"15,4"
35301145,"13,9"
59942080,"13,9"
66273269,"15,1"
11275959,..
58518163,"13,6"
37912396,"15,2"
45593337,"13,8"
19839859,..
30615080,"12,5"
25178582,"15,3"
23476801,..
56041144,"13,5"
74322969,"14,1"
90260899,"14,8"
31057219,"16,7"
27079521,"14,9"
64579522,"15,2"
34381901,"14,9"
55150847,..
90076461,"14,7"
53069733,"14,1"
95368476,"14,7"
76448076,..
86488203,"14,1"
25156286,"15,3"
28081446,"16,1"
92949043,"13,9"
91048178,"13,0"
82718660,..
12399380,..
31486865,"15,2"
97265732,"17,4"
61720981,"13,4"
50424828,..
47393891,"13,6"
48414975,"15,3"
47108751,..
33657492,"14,7"
82195565,"14,4"
77713695,"15,3"
64667996,"15,5"
23544320,"14,6"
69040241,..
63993414,..
20855811,"12,6"
53923398,"13,7"
74560191,..
47844862,"13,5"
72984079,"11,9"
36480690,"13,8"
32995170,"12,3"
52048443,..
61674097,"15,3"
32550660,"16,1"
93488613,"11,8"
45600034,..
59599256,"14,4"
26957025,"16,8"
90509211,"13,6"
50393060,"14,9"
85788659,"12,3"
95340745,..
59521477,..
92442684,"15,0"
54599691,"14,3"
31975673,"14,8"
99864908,"13,9"
63931325,..
57391913,"15,5"
46148350,"14,4"
49868916,"14,4"
74919147,"14,8"
78389879,"13,7"
24277564,..
44412461,"15,9"
36355200,"14,4"
70803636,"14,8"
77712952,"13,2"
10433896,"15,3"
49170638,"13,5"
46379730,"14,7"
25379974,"13,8"
88025221,"14,2"
18042101,"15,3"
56041699,..
45111086,"14,3"
70955448,"15,5"
67924816,"14,6"
56084099,..
13960635,"13,6"
61176909,"14,3"
21778322,"13,6"
85485803,"13,5"
88429477,"15,0"
56802300,"14,7"
15149235,"13,4"
24538846,"13,4"
67058407,"12,3"
15791044,"13,4"
65392939,"14,5"
77358716,"16,6"
49739986,"13,9"
92192566,"15,2"
56886667,"14,0"
64648566,"13,6"
65421426,"13,5"
62394916,"14,9"
72071234,"16,0"
15933512,"13,9"
64693272,..
18072172,..
65833454,"14,0"
28045567,"14,3"
18686599,"14,3"
93779220,"14,6"
80785976,"14,3"
47559319,"13,0"
56187883,"12,8"
20752831,"13,3"
51023367,..
52690153,..
36782335,..
96279444,"13,0"
19560192,..
31657916,..
85800840,"13,7"
20061769,"13,8"
77358716,"14,3"
18345915,"15,0"
71262305,"17,5"
55795961,..
48009865,"15,6"
18208087,"14,3"
60743463,..
32960825,"14,5"
91748148,"13,2"
42022406,"13,2"
65192707,"14,9"
69018222,"12,0"
12889940,"14,3"
40386043,"13,6"
21663998,"13,5"
88259298,"13,7"
17846181,..
75082798,"14,1"
23555409,"14,0"
30341162,"12,4"
16950252,"14,7"
15077883,..
48434184,..
56421429,"14,8"
17008320,"14,8"
25720752,"12,8"
55155562,"14,4"
23164911,"15,0"
36680097,..
95683850,"15,0"
89888648,"14,1"
35063170,"13,3"
31279294,..
36782335,"14,9"
23897040,..
37906565,..
90551279,"14,1"
69686851,..
85068812,..
16819383,"15,7"
89837629,"12,0"
72517762,..
79094701,"16,7"
66491596,"16,2"
12052268,"14,9"
53231578,"14,0"
96279444,"13,8"
40690520,"16,4"
35006050,"13,3"
21052710,"16,7"
58502307,"14,9"
97177328,"13,4"
70969714,"14,1"
81993306,"14,2"
47264019,"14,7"
16313848,"12,9"
86327236,..
28398531,"12,8"
79033948,"16,2"
68240485,"14,6"
78875918,"14,5"
86385479,..
49862313,..
99838438,"12,9"
42859669,"13,3"
99592025,"15,3"
47550455,"14,2"
58125096,"15,2"
30468157,"13,5"
72206824,"14,4"
92858957,"14,1"
44113417,"14,3"
39555838,..
82084961,"13,6"
46162400,"14,1"
67279263,"14,6"
18594470,"13,5"
40667807,..
88466776,..
40634612,..
14508922,"14,7"
29032715,"13,7"
19909435,"14,5"
96024712,"14,1"
27115998,"14,4"
41867682,"12,6"
79516949,"13,1"
46574937,"14,3"
39805497,"14,3"
81619482,"16,1"
90006712,..
39149668,..
48722826,"14,5"
53691739,"13,0"
43251309,"13,6"
87034307,"13,2"
78872213,..
80405898,"14,5"
51620045,"14,4"
86888278,"12,6"
56947954,"14,5"
72022487,"15,0"
71512894,"14,1"
28248021,..
44417214,"13,2"
88776535,"13,8"
71043974,"14,5"
89807183,"14,5"
39302565,"13,7"
79527481,"14,6"
69240218,..
86787111,"13,0"
77823650,..
82002016,"15,2"
97535124,"15,2"
69306209,"14,8"
12954099,"14,4"
90473340,"13,9"
51449748,"15,6"
12613085,"13,0"
53896162,"14,5"
66824652,"14,5"
49168016,"14,9"
60873719,"15,1"
69063711,..
77609073,..
52129378,"14,3"
65381163,"13,6"
68381790,..
13006857,"15,6"
16956086,"15,3"
31870541,"13,5"
44672598,"13,7"
83161201,"14,3"
16702464,..
29449669,"14,2"
36252055,"15,8"
14355031,"15,2"
53832505,"12,6"
69471748,..
43284031,"13,6"
26267406,..
51955293,"15,7"
51736304,"16,0"
44285075,..
68655578,"12,3"
37054246,..
39199869,"14,6"
88750078,"14,1"
41555549,"14,3"
81876614,"16,0"
67071618,"13,9"
75324351,..
59575030,"13,4"
77440824,"13,4"
51981332,"15,5"
87859089,..
98908403,"11,1"
16493131,"14,4"
11526364,"14,2"
38048202,"14,2"
26671095,"13,9"
65320354,"16,2"
76903284,"14,5"
15870428,"13,1"
26750052,"15,2"
12546590,"14,2"
54117171,"14,8"
94167577,"12,1"
27023528,"13,7"
17911161,"12,4"
35084976,..
49068301,"13,0"
94717858,"14,3"
46256929,"13,8"
73812226,"13,5"
15390992,"15,0"
63943560,"14,2"
78433202,"13,9"
31313926,"13,2"
30312720,"15,2"
32116280,"13,8"
57143976,"15,5"
93367005,"12,9"
50104466,..
79845033,"14,3"
41099519,..
59386837,..
17276047,"13,9"
48244956,"12,8"
13084253,"13,8"
58518163,"12,7"
27993549,"13,4"
37912396,..
45593337,"13,2"
67628478,"17,5"
37517404,..
25178582,"12,8"
86351879,..
74322969,..
90260899,..
31057219,"13,7"
27079521,"14,9"
64579522,..
53069733,"14,4"
99394620,"14,9"
31537066,"14,2"
21400668,"13,1"
84329061,"14,3"
91048178,"12,6"
31486865,"15,7"
97265732,"17,5"
61720981,"13,8"
82931004,..
28829503,"14,5"
33657492,"15,4"
33596572,"14,7"
57668673,"14,8"
20855811,"11,9"
53923398,"13,9"
72984079,"13,9"
36480690,"15,5"
52048443,"14,2"
50393060,"14,0"
95340745,..
59521477,..
66095163,"12,1"
54004368,"14,3"
31975673,"14,0"
59463950,"15,4"
63931325,..
75374280,"15,9"
46148350,..
50133877,"14,6"
44412461,"14,4"
18217765,"14,0"
66028861,"17,8"
10433896,"13,5"
43154449,"15,0"
68824244,"13,3"
43479922,"13,3"
28391147,"13,4"
62612992,"13,8"
94975733,..
56802300,..
15149235,..
13981977,..
67058407,..
15791044,..
65392939,"15,0"
29225010,"13,7"
24349146,"14,7"
83605345,..
64693272,..
18072172,..
20768651,"14,3"
28872974,"13,9"
80785976,..
21532545,..
20752831,"14,6"
34739511,"12,9"
68824244,..
68564903,"14,5"
88445871,"13,6"
98132436,"12,4"
59483268,..
12154972,"12,1"
59734510,..
59455288,..
89888648,..
36782335,..
20666515,..
90551279,"12,4"
93062368,..
90267145,..
16819383,"10,7"
51321260,"11,6"
88556189,..
31843016,..
87764775,..
16313848,..
65136104,..
69241230,..
80327946,"11,9"
86385479,..
42859669,"11,2"
92905347,"11,5"
30329172,..
19560192,..
82084961,"10,8"
73829818,"12,1"
14508922,..
19741742,..
19909435,"13,3"
85800840,..
39583059,"12,5"
38645259,..
38400227,"14,4"
86473502,..
73567152,"12,4"
23457902,..
72022487,..
44417214,..
86724994,..
78287294,..
81551726,..
76195214,..
82826083,"13,8"
26167236,..
63035915,"12,1"
17119840,"11,7"
20984584,..
25648215,..
68006362,"12,7"
86762103,..
58187973,..
88894245,..
22220001,..
72891848,..
48862305,"12,3"
26267406,..
53180719,..
15609112,"12,5"
62216381,..
85459854,"12,6"
41697930,"12,6"
78690637,..
97835550,..
42911621,"12,3"
42060237,..
14926020,"11,6"
31998226,..
79829846,"13,2"
41631104,..
16931486,..
19839859,..
43601850,..
96414537,..
99394620,..
84329061,"12,2"
65265211,..
61647360,..
45541222,"15,5"
91905819,..
54882637,..
72984079,"10,7"
69865450,..
49872493,..
54467211,"14,7"
82251333,..
34002355,"10,2"
10342448,"12,0"
60088179,"12,7"
90290154,"14,0"
18691102,..
24349146,"12,9"
47692481,..
18072172,..
29744774,..
32239920,..
68229719,"14,1"
84947634,..
68564903,"13,6"
82840198,..
32960825,"13,8"
83474173,"12,1"
74434644,"13,3"
93281974,"12,8"
23424275,..
19150273,..
26334561,"12,3"
59483268,..
73098153,"14,5"
17846181,..
75082798,..
34637764,"12,7"
15077883,..
48434184,..
88850910,"12,4"
25720752,"13,5"
31533003,..
31429031,"12,8"
19586169,..
95683850,"14,3"
59455288,..
25677996,..
36782335,"13,6"
37906565,..
90551279,"14,8"
90267145,..
72998905,"13,5"
96590873,"13,0"
88556189,"12,7"
72127035,..
85003442,"13,7"
44653962,"13,5"
87764775,..
48438396,"12,2"
32671805,..
16313848,"13,2"
11294673,..
66335258,"15,3"
78875918,"13,0"
78023197,"14,0"
70923626,"13,8"
92905347,..
34247736,"13,2"
38167912,"15,7"
19560192,..
46660042,"13,6"
85214294,..
40037982,"13,2"
12279302,"13,5"
40667807,"12,8"
80762863,"13,1"
31657916,..
64574972,"13,3"
48931433,"15,3"
96024712,..
40829056,..
38645259,..
11673760,"12,5"
63791419,"12,6"
46145886,..
27041885,"14,1"
97596286,"13,0"
67554405,"14,2"
86473502,..
84286698,..
76860623,"13,4"
57397381,"11,8"
72022487,"13,5"
28248021,..
44417214,..
14102256,"13,4"
75914181,"13,6"
99279503,"13,8"
76195214,"14,0"
21901328,"13,3"
23306658,..
31740319,"13,9"
69807202,"14,1"
63035915,"12,0"
32042066,"14,9"
92814975,..
35894996,"13,9"
20984584,..
25648215,"12,2"
68006362,"13,9"
13006857,"14,1"
16956086,"14,4"
71160225,..
75340089,..
36670439,"13,1"
22220001,..
99356671,"11,7"
16702464,..
72891848,..
71541108,"13,7"
28023078,"14,4"
13963517,..
51955293,"14,5"
12130801,..
53180719,"13,2"
68741484,..
31179045,"13,0"
41555549,..
18711877,"14,0"
75324351,..
70376604,"14,4"
14292382,..
16493131,"15,2"
48304166,..
65674821,"12,5"
38048202,"13,7"
87303004,"12,1"
97835550,..
26508763,"12,5"
14504503,..
16198647,"14,1"
12496135,..
76903284,"11,4"
68649663,"12,9"
81997762,..
42060237,..
53903798,"13,8"
97770837,"13,6"
33132452,"13,1"
59898194,..
95618280,"13,2"
65458415,..
16501673,..
59386837,..
16931486,..
32321364,"12,4"
27993549,..
37912396,..
90312942,"13,2"
19839859,..
29159460,..
43601850,..
14586562,..
69302313,"15,1"
31057219,"13,6"
64579522,..
34381901,..
96414537,..
31537066,"13,0"
84329061,"12,8"
71969230,..
61720981,"13,6"
50424828,"14,2"
65265211,..
97191332,"13,2"
33657492,..
17812651,"13,5"
22239675,"13,1"
59599256,"13,1"
49872493,..
11953769,..
50393060,..
95340745,..
92442684,"11,8"
54599691,"12,9"
54467211,..
99864908,"13,4"
63931325,..
46148350,..
49868916,"13,1"
84908877,..
24277564,..
36355200,"11,8"
77835341,"13,8"
77712952,"11,5"
56041699,"12,3"
90685868,"13,5"
60088179,"12,4"
21778322,"13,8"
90290154,..
25847233,"13,4"
16848652,..
56802300,..
77379848,..
67422309,..
15791044,..
65421426,"13,3"
12198363,..
47692481,..
64693272,..
89690587,"14,0"
87112995,"13,1"
51023367,..
52690153,..
38683336,"15,9"
