skolkod,antal_elever
93221031,36
17474377,18
74776778,56
18345915,87
68229719,74
61004230,60
71262305,86
55795961,19
84947634,48
23517336,12
48009865,115
97870412,42
68564903,56
82840198,69
18208087,73
89982804,32
19464342,27
60743463,14
32960825,73
43609520,22
41416934,72
97968599,51
21567982,15
91748148,87
49379603,..
80167319,..
42218661,40
73171934,..
83474173,46
91487291,..
21866405,39
74434644,178
42022406,81
88445871,103
65192707,138
18425335,84
93281974,45
23424275,60
43634528,131
36263479,152
56679384,78
30538202,28
19150273,30
69018222,76
25624692,19
88534520,32
12889940,108
16554575,44
34076477,149
54896448,20
25356960,74
64284020,71
98132436,77
53400472,20
60096875,26
97758137,60
26334561,197
40386043,310
29324709,11
26864271,17
59483268,47
33685428,33
32879845,13
88573795,15
20699742,135
21663998,109
20595770,105
82814120,152
45164827,178
10924758,56
34153869,81
88259298,22
73098153,12
44240250,37
17846181,38
75082798,241
23555409,144
91333138,26
30341162,35
39936461,27
72266906,127
27030026,97
12154972,78
16950252,123
34637764,124
19912478,144
73255276,28
15077883,97
48434184,109
58724424,29
95684185,68
51138448,56
19647256,44
56421429,50
39911065,62
17008320,71
56737496,75
88850910,15
93939982,80
25720752,102
55155562,186
31533003,116
31429031,43
16361868,..
23164911,132
24008049,128
19981611,19
54481243,11
36680097,17
87756916,38
59734510,34
19586169,68
24273261,35
95683850,127
59455288,38
82163292,54
25679488,88
25677996,52
89888648,83
90003262,10
88163512,33
35063170,59
31279294,43
36782335,363
23897040,..
20666515,54
37906565,25
67279303,46
21648755,235
11111710,39
90551279,252
93062368,16
69686851,113
49616977,66
54965510,286
90267145,43
72998905,26
84835666,55
25872338,..
54164490,25
69481650,38
20319353,68
92194545,63
88153340,40
94353434,57
59396229,66
95165649,51
64740897,..
78979604,..
69626109,43
10974852,..
85068812,33
78397312,191
36444853,111
15414001,55
38311488,32
16819383,57
89837629,103
12994441,65
53660780,105
88774402,177
75141151,82
61701709,147
61469192,63
84306392,177
28627819,103
30086854,111
26627862,83
48847282,90
72517762,26
79094701,150
38684438,144
31251822,105
90099336,..
96590873,85
35647481,74
39549479,84
73147554,90
65752105,..
69983740,81
66491596,66
12052268,109
71597051,184
53231578,95
11274830,72
51321260,58
96279444,72
40690520,193
61880907,83
91011325,15
97382366,78
35006050,110
88886610,27
10638939,73
21505555,118
34336190,80
21052710,120
88556189,49
35236491,61
69739484,71
92887917,76
88834120,75
70066748,78
19207279,166
53640774,120
58502307,30
97177328,49
72127035,76
70969714,53
85003442,37
22752398,53
68734112,40
71922787,53
31843016,34
74148070,43
50696507,27
92507006,101
44653962,66
20100577,94
81993306,94
19051089,71
29097621,62
47264019,63
87764775,18
50198492,143
48438396,41
98052678,69
20099064,80
44341171,29
32671805,47
38448056,15
16313848,498
79606767,66
11294673,52
86327236,61
41745951,67
83137205,43
28398531,73
66335258,51
54172830,88
86310217,28
83085136,52
75458014,26
65136104,17
61826221,40
79033948,65
56330385,61
20228162,99
68240485,114
95046058,38
44392995,98
53462953,126
69241230,23
60730660,174
85544331,29
80327946,161
82592568,135
78875918,148
78023197,46
86385479,57
40991561,..
49862313,105
99838438,71
42859669,245
70923626,63
92905347,46
99592025,235
34247736,126
47550455,162
30329172,48
76877530,17
47046103,50
56664512,..
38167912,30
43826783,..
58125096,124
82914148,11
20620556,29
77839100,..
17173461,28
55535552,..
19560192,52
30468157,122
98053087,74
92533079,49
61528940,116
23681822,90
66861851,126
72206824,53
92858957,282
46660042,128
86296935,..
44113417,129
67783774,..
38917647,10
21363125,..
39555838,23
85214294,42
82084961,219
46162400,90
98369689,62
56529916,60
40810950,27
67279263,123
40037982,45
51210136,120
73829818,130
54395430,11
18881773,14
50908408,11
18594470,95
78295411,78
80686587,88
72232853,81
12279302,94
17849518,13
64205087,138
50500028,56
94570025,24
91984508,68
78659008,36
12448823,..
40667807,62
18091973,86
88466776,45
36539945,..
40634612,57
62439199,20
66132676,87
57942242,39
80762863,58
77688926,102
14508922,97
69629086,114
88624631,23
35390185,..
37358234,27
31657916,12
21008461,58
54606928,102
53893730,109
46241804,20
42573391,24
64574972,65
19741742,76
29032715,90
45830583,21
48931433,111
97270136,29
19909435,73
30530571,207
78839208,68
96024712,160
30458073,..
40829056,12
85800840,145
68920727,49
27115998,161
41867682,26
79516949,72
65662401,57
39583059,184
38645259,32
96684210,237
87207941,71
11673760,212
46574937,302
23836342,66
63791419,95
39805497,72
38400227,100
81619482,61
83829189,41
46145886,58
12395564,27
90006712,17
43649848,20
75344502,20
84247499,74
27041885,38
39149668,71
97064126,..
32580162,23
38233622,24
48722826,120
73063662,63
40766349,29
71571158,32
53691739,45
43251309,24
97596286,84
67554405,163
86473502,14
73944169,101
98239050,59
94455820,..
58368956,42
73567152,35
61547652,48
60209222,58
62104139,63
87034307,119
78872213,99
84286698,26
62490359,13
64725297,29
43362941,23
23350817,12
76860623,64
58191646,94
80405898,62
56021320,43
41358402,25
63179610,23
64569393,44
87262566,41
64160122,48
48217580,142
41844601,60
51620045,78
86888278,19
23457902,14
27597104,23
57397381,210
56947954,157
72022487,225
71512894,62
70969556,20
28248021,77
44417214,130
25025681,68
88776535,84
49488344,41
74408578,80
71043974,270
57777751,..
38732602,12
89807183,99
86724994,83
61161774,137
86158933,75
14102256,80
75082280,14
75914181,62
39302565,60
96818167,17
36072799,26
61432781,71
78287294,27
74316305,35
39096170,17
79527481,134
67300857,88
99279503,70
63653488,..
84476205,45
24544503,114
25392789,115
72109637,..
69240218,86
14057258,10
38460895,18
31199511,119
12934438,198
43313366,124
86787111,70
97868185,29
81551726,18
77823650,57
37550979,20
52634142,93
76195214,65
54839753,..
32705515,55
60214465,37
70137084,88
82002016,67
21901328,19
23306658,119
57350392,..
97535124,34
11102578,102
69306209,79
92651253,21
31740319,37
10129345,88
17944628,130
82826083,32
94468610,37
94090461,89
12954099,78
80931789,127
84098842,29
90473340,31
26167236,56
69807202,74
64648904,51
75939593,327
63035915,274
26324896,46
56639389,452
95700485,42
51449748,121
28267726,50
28848709,20
12613085,50
53896162,714
17779637,87
11185244,35
56211717,20
66824652,47
49168016,58
32042066,52
50821167,10
71929526,31
92814975,40
60873719,80
28085125,16
28770304,37
21938183,69
78986228,10
71472793,31
64123241,15
69063711,43
77609073,52
35894996,79
12926770,38
17119840,33
68748767,94
23548714,63
48593439,60
91773491,70
30361243,364
25596917,128
65722876,287
20984584,19
52129378,73
65381163,187
98541468,18
31155312,50
25648215,48
61823258,24
84424083,216
39178171,29
49231191,47
78231062,239
79994304,..
10481541,122
68006362,122
11608031,51
86762103,28
68381790,83
13006857,198
76007769,39
16956086,200
58187973,40
88894245,21
31870541,75
71160225,25
67752682,48
47884009,31
44672598,152
75340089,32
36670439,26
22220001,59
31822012,95
83161201,81
15100079,..
55421481,..
99356671,17
16702464,23
71353314,..
29449669,108
62855448,54
36252055,292
91812793,350
14355031,45
72891848,42
46611859,180
58907711,118
68285560,150
58544422,97
65150019,72
31796890,..
22426680,13
83805032,29
48862305,81
32887559,46
71541108,40
53832505,41
47537928,29
69471748,115
49750031,50
76485705,57
93239262,76
25745773,69
99976753,93
14278480,36
75575321,128
28023078,65
43284031,83
13963517,12
24194577,..
26267406,24
31255918,68
51955293,95
57690933,95
35035671,17
12130801,41
51736304,32
53180719,74
27489137,27
15609112,20
44285075,35
60424371,34
95785055,167
68655578,125
17062663,55
68741484,134
56267421,18
34990065,56
37054246,72
39199869,63
62216381,49
31179045,72
72421673,59
15763669,..
59655752,52
88750078,49
41878314,..
41555549,95
32003298,24
22383788,23
85459854,103
81876614,58
18711877,52
67071618,67
75324351,35
61229217,72
58929357,24
42517257,32
70376604,66
59575030,84
93503103,44
18617410,74
41697930,84
28025244,45
17184072,11
40338843,83
77440824,79
71069359,17
86896907,31
14292382,110
51981332,22
87859089,59
54764253,47
98908403,156
16493131,216
41119610,57
83272868,81
11526364,53
48304166,47
24982097,18
45552626,97
50906954,39
97104132,12
16748680,58
68597767,10
27964873,36
30706655,40
65674821,58
92332557,83
46332927,37
78690637,309
24653673,21
38048202,258
90990441,16
86319615,16
87303004,37
97835550,22
22446331,37
26671095,60
42911621,96
40575001,57
75027822,32
26508763,77
14504503,26
21850904,48
65320354,124
77544055,90
49112879,50
30279258,107
16198647,72
12496135,10
76903284,154
68649663,37
43623146,..
49141105,52
15870428,59
26646080,137
26750052,125
18974693,134
26996566,10
27704246,176
81997762,61
28967085,..
69747871,..
70119254,12
31151740,21
79346084,196
34222422,15
84230226,..
42060237,44
89816391,62
14448619,114
12546590,64
43565270,106
77176811,77
52791537,127
85152591,102
85819857,126
40600798,133
52942981,85
54117171,104
48120273,75
33233228,..
94167577,161
27023528,94
53903798,79
85782695,13
98815582,75
97770837,117
21312503,39
69650864,91
59581397,24
14926020,19
41938272,105
29423248,100
76054399,66
33132452,122
56942970,..
60142020,..
70811222,10
17911161,166
35084976,50
25525759,68
77632411,202
56653353,48
49068301,56
59898194,51
38195284,129
97510495,138
89461767,75
94717858,109
53760158,43
78422467,148
37802196,..
38683336,10
36288955,124
74812809,93
88839172,152
48412612,70
95618280,106
75075402,114
26326048,120
37839488,164
46256929,89
83374651,24
59796774,12
17675502,38
75600007,70
73812226,105
30762346,..
82964090,171
88955893,127
15278518,72
15390992,258
63943560,47
85516596,107
31998226,..
38236800,48
16784385,80
59026584,171
79829846,42
89963319,..
24339566,167
20061769,12
65458415,..
95154882,14
52333875,108
24663703,..
28519815,106
65666808,91
69543519,27
24397215,44
30677562,80
85054102,21
87274273,16
89693952,42
24759907,225
78433202,59
41631104,16
35366805,56
31315191,96
80357110,23
42775003,152
56670842,60
89370947,118
18451445,..
48555205,237
31313926,58
30312720,81
32116280,90
57143976,107
93367005,94
53175499,23
64388538,180
52153758,180
16501673,38
26298615,46
22116645,105
99755443,236
30167976,43
50104466,20
28004794,..
32071849,105
79845033,86
41099519,75
59386837,74
21627442,55
17276047,53
73217812,38
21382451,86
48244956,55
36769815,27
16931486,21
92489953,27
43873969,154
55825382,76
19306558,25
35301145,80
24993048,25
70132092,59
65034473,..
13084253,102
32321364,11
59942080,40
66273269,40
82888663,59
11275959,85
58518163,40
50615280,18
19035583,38
27993549,89
37912396,44
45593337,76
90312942,84
10226870,20
19839859,26
80280597,..
67628478,69
37517404,17
29159460,50
32057701,47
43601850,33
30615080,124
89630851,43
25178582,69
70543431,15
23476801,..
86351879,87
56041144,53
14586562,..
74322969,56
90260899,71
69302313,23
31057219,111
27079521,98
33572033,48
64579522,62
65234368,63
34381901,101
55150847,100
90076461,98
96414537,31
53069733,49
99394620,47
95368476,88
14853321,51
76448076,82
31537066,30
86488203,139
25156286,35
28081446,92
21400668,42
92949043,77
92818240,123
84329061,202
71969230,21
91048178,86
82718660,10
76942525,26
12399380,16
31486865,344
97265732,258
10373112,..
61720981,287
25698509,38
50424828,102
82931004,28
83584125,17
95024660,72
32263814,19
16496466,10
12075195,16
62300682,19
47393891,75
48414975,17
65265211,29
11533776,75
47108751,..
97191332,29
71938440,14
28829503,90
22811839,61
33205596,17
99622695,..
19930101,57
60727136,15
45132264,24
61647360,..
98651664,77
33657492,153
61622991,72
66644568,36
93659517,57
79309485,90
61175914,17
73316818,32
37078868,..
27859889,13
16130958,70
29161632,..
82195565,82
33596572,74
45541222,11
77713695,81
63451147,12
51131594,21
89680395,14
53696633,15
27440210,48
62758285,23
16218090,27
61197669,..
64667996,36
17812651,21
23544320,172
57668673,44
69040241,19
63993414,10
49136871,..
91905819,30
20855811,111
54882637,16
53923398,193
74560191,15
47844862,255
22239675,21
72984079,127
36480690,76
24787883,21
32995170,36
52048443,69
61674097,91
32550660,339
93488613,34
45600034,11
59599256,306
69865450,50
31112935,30
26957025,234
90509211,100
43277545,56
37316242,87
20173336,66
49872493,29
39147056,53
11953769,12
28646435,25
50393060,85
85788659,45
95340745,33
59521477,71
92442684,60
66095163,51
38544187,47
54599691,151
54004368,152
54467211,90
23517683,19
31975673,224
82251333,70
99864908,53
27106031,71
59463950,66
63931325,76
57391913,75
75374280,47
46148350,66
50133877,109
49868916,139
74919147,62
90240730,77
84908877,31
78389879,25
24277564,35
88956420,..
44412461,401
34002355,39
36355200,85
96920524,69
18217765,94
60919765,..
14677676,33
96152872,46
77835341,12
70803636,118
49576295,41
66028861,88
23797825,74
45293715,66
44738639,16
77712952,73
92009807,78
10433896,117
10342448,46
43154449,38
49170638,43
46379730,39
25379974,22
98032567,..
96194948,27
25955541,48
88025221,349
18042101,85
14799321,29
56041699,34
45111086,15
70955448,170
68824244,103
90685868,61
24501884,43
46707989,88
46986216,66
67924816,111
92805465,114
56084099,38
80711021,93
17648596,55
16720048,66
13960635,79
39341381,12
61176909,92
43479922,22
60088179,61
28391147,135
29209307,28
21778322,79
31380193,22
90290154,30
25847233,71
62612992,119
85485803,71
92816527,86
16848652,42
88429477,48
94975733,66
56802300,42
15149235,79
77379848,10
13981977,18
24538846,35
36886750,18
67422309,35
67058407,70
34421265,63
15791044,40
65392939,110
98696836,114
82160887,54
23175129,18
64908550,31
77358716,82
49739986,73
29225010,51
92192566,55
56886667,336
33249781,52
64648566,38
18691102,13
70302356,25
65421426,334
62394916,28
67908927,24
72071234,180
24349146,299
83605345,21
15933512,282
12198363,..
47692481,46
64693272,27
18072172,10
65833454,26
85188855,23
11341077,31
39528347,36
34988313,89
85473846,74
29744774,..
89690587,47
28045567,159
20768651,57
32239920,65
98781765,69
38880984,125
28872974,74
87112995,28
18686599,55
93779220,132
77797484,68
53279140,47
80785976,56
47559319,51
21532545,23
56187883,68
20752831,112
51023367,62
34739511,26
95069937,18
52690153,32
74776778,56
18345915,50
68229719,58
61004230,49
71262305,68
55795961,10
84947634,21
23517336,12
48009865,115
82840198,49
18208087,40
89982804,..
19464342,22
60743463,11
32960825,61
43609520,15
97968599,51
91748148,87
42218661,40
74434644,128
42022406,56
65192707,138
43634528,131
36263479,152
56679384,78
30538202,28
19150273,11
69018222,76
12889940,108
16554575,17
34076477,149
54896448,20
64284020,..
53400472,20
97758137,60
26334561,178
40386043,267
59483268,39
33685428,18
32879845,13
88573795,..
20699742,135
21663998,109
20595770,105
82814120,66
45164827,178
10924758,37
34153869,72
88259298,20
17846181,34
75082798,156
23555409,120
30341162,29
72266906,106
27030026,80
16950252,97
34637764,73
19912478,144
15077883,49
48434184,61
58724424,14
95684185,68
51138448,40
56421429,34
39911065,57
17008320,65
56737496,38
93939982,44
25720752,82
55155562,123
31533003,90
16361868,..
23164911,132
24008049,61
19981611,19
54481243,11
36680097,10
19586169,24
24273261,20
95683850,65
59455288,14
25679488,65
25677996,34
89888648,47
35063170,51
31279294,26
36782335,225
23897040,..
20666515,36
37906565,..
67279303,..
21648755,178
11111710,15
90551279,102
69686851,10
49616977,53
54965510,286
84835666,55
25872338,..
54164490,25
20319353,68
92194545,63
64740897,..
78979604,..
10974852,..
85068812,25
78397312,191
36444853,82
16819383,12
89837629,103
12994441,54
88774402,177
75141151,82
61701709,147
61469192,63
84306392,177
28627819,103
30086854,71
26627862,83
48847282,90
72517762,26
79094701,125
38684438,125
31251822,105
90099336,..
35647481,74
39549479,84
73147554,79
69983740,81
66491596,66
12052268,109
71597051,184
53231578,95
96279444,55
40690520,193
91011325,15
97382366,78
35006050,66
10638939,33
21505555,118
34336190,80
21052710,120
69739484,71
92887917,76
88834120,75
70066748,78
19207279,166
53640774,120
58502307,16
97177328,32
72127035,44
70969714,29
68734112,40
71922787,42
74148070,36
92507006,101
44653962,27
20100577,94
81993306,63
19051089,71
47264019,63
50198492,143
98052678,60
20099064,80
16313848,315
79606767,43
11294673,30
86327236,33
41745951,67
83137205,43
28398531,22
66335258,21
54172830,65
75458014,17
65136104,..
61826221,40
79033948,36
56330385,43
20228162,99
68240485,114
95046058,38
44392995,72
53462953,126
60730660,174
82592568,135
78875918,122
86385479,31
49862313,105
99838438,52
42859669,171
99592025,222
34247736,105
47550455,65
30329172,14
76877530,16
47046103,18
38167912,19
43826783,..
58125096,124
82914148,11
20620556,19
77839100,..
17173461,18
55535552,..
30468157,122
92533079,49
61528940,116
23681822,90
66861851,126
72206824,53
92858957,267
86296935,..
44113417,105
67783774,..
39555838,20
85214294,18
82084961,140
46162400,17
67279263,123
51210136,120
73829818,114
54395430,11
18881773,..
50908408,11
18594470,95
78295411,78
80686587,67
72232853,81
12279302,39
64205087,138
50500028,56
91984508,35
40667807,37
18091973,38
88466776,45
36539945,..
40634612,41
66132676,61
57942242,39
77688926,86
14508922,88
37358234,13
21008461,58
54606928,86
53893730,109
42573391,..
64574972,44
19741742,44
29032715,58
45830583,21
48931433,84
19909435,29
30530571,166
78839208,68
96024712,113
30458073,..
85800840,55
68920727,49
27115998,125
41867682,16
79516949,72
96684210,237
87207941,63
11673760,117
46574937,302
23836342,66
63791419,29
39805497,30
38400227,43
81619482,61
12395564,27
90006712,17
39149668,71
38233622,24
48722826,58
73063662,63
40766349,29
53691739,14
43251309,24
67554405,81
73944169,101
98239050,45
94455820,..
61547652,..
62104139,52
87034307,119
78872213,74
76860623,43
58191646,94
80405898,62
56021320,32
63179610,23
64569393,26
64160122,48
48217580,142
51620045,42
86888278,19
57397381,151
56947954,79
72022487,109
71512894,62
28248021,46
44417214,74
25025681,55
88776535,84
49488344,24
74408578,52
71043974,270
57777751,..
38732602,12
89807183,99
61161774,137
86158933,52
75914181,45
39302565,14
96818167,17
79527481,134
67300857,88
99279503,24
63653488,..
84476205,45
24544503,114
25392789,115
69240218,73
38460895,18
31199511,119
12934438,198
43313366,97
86787111,70
97868185,28
77823650,..
37550979,14
60214465,26
70137084,28
82002016,53
23306658,48
97535124,34
11102578,78
69306209,38
10129345,88
17944628,116
94468610,37
94090461,74
12954099,69
80931789,100
90473340,24
69807202,22
64648904,35
75939593,327
26324896,30
56639389,452
95700485,42
51449748,121
28267726,50
12613085,24
53896162,701
17779637,87
66824652,29
49168016,36
71929526,31
60873719,80
28085125,16
21938183,69
78986228,10
71472793,31
69063711,28
77609073,13
35894996,30
12926770,38
68748767,32
23548714,63
48593439,60
91773491,70
30361243,364
25596917,111
65722876,287
52129378,34
65381163,187
31155312,38
84424083,216
49231191,47
78231062,239
10481541,122
68381790,44
13006857,131
16956086,128
58187973,29
88894245,..
31870541,75
44672598,122
31822012,95
83161201,81
99356671,..
16702464,12
29449669,108
62855448,54
36252055,239
91812793,323
14355031,31
46611859,180
58907711,118
68285560,150
58544422,97
65150019,72
71541108,22
53832505,41
47537928,29
69471748,68
49750031,50
76485705,57
93239262,29
99976753,92
75575321,128
28023078,16
43284031,30
24194577,..
26267406,..
51955293,56
57690933,95
12130801,34
51736304,21
44285075,35
95785055,167
68655578,67
68741484,105
37054246,43
39199869,60
31179045,26
72421673,47
15763669,..
59655752,43
88750078,15
41555549,71
85459854,67
81876614,51
18711877,26
67071618,39
75324351,16
61229217,38
70376604,42
59575030,84
18617410,58
28025244,27
40338843,60
77440824,58
14292382,34
51981332,22
87859089,40
98908403,132
16493131,98
83272868,81
11526364,53
45552626,97
50906954,39
16748680,58
65674821,46
92332557,83
78690637,221
38048202,141
90990441,..
26671095,34
65320354,124
77544055,62
49112879,50
30279258,107
76903284,73
43623146,..
49141105,52
15870428,24
26646080,137
26750052,91
18974693,134
26996566,10
27704246,176
28967085,..
69747871,..
31151740,21
79346084,149
89816391,41
14448619,74
12546590,43
43565270,106
77176811,77
52791537,127
85152591,102
85819857,126
40600798,133
52942981,85
54117171,104
48120273,75
33233228,..
94167577,142
27023528,53
53903798,39
97770837,99
69650864,91
59581397,24
41938272,105
29423248,100
76054399,66
33132452,39
60142020,..
70811222,10
17911161,166
35084976,50
25525759,68
77632411,202
49068301,56
59898194,43
38195284,129
97510495,121
89461767,75
94717858,109
53760158,43
78422467,148
37802196,..
36288955,124
74812809,93
88839172,152
48412612,70
95618280,51
75075402,114
26326048,120
37839488,164
46256929,89
83374651,24
59796774,12
17675502,10
75600007,59
73812226,105
30762346,..
82964090,171
88955893,127
15278518,27
15390992,193
63943560,31
85516596,38
16784385,80
89963319,..
24339566,167
65458415,..
95154882,10
52333875,65
24663703,..
28519815,106
65666808,..
69543519,27
89693952,42
24759907,208
78433202,59
35366805,56
31315191,96
42775003,152
56670842,60
89370947,118
48555205,237
31313926,58
30312720,81
32116280,90
57143976,107
93367005,57
53175499,23
64388538,180
52153758,180
22116645,105
99755443,236
30167976,43
50104466,14
28004794,..
32071849,105
79845033,59
41099519,50
59386837,23
17276047,33
21382451,86
48244956,35
36769815,..
43873969,140
55825382,60
19306558,21
35301145,80
24993048,16
13084253,76
59942080,36
66273269,26
11275959,18
58518163,26
27993549,15
37912396,33
45593337,76
10226870,20
19839859,11
67628478,65
37517404,..
32057701,47
30615080,124
25178582,69
70543431,15
23476801,..
86351879,49
56041144,53
74322969,22
90260899,52
31057219,44
27079521,61
33572033,48
64579522,37
34381901,54
55150847,100
90076461,98
53069733,49
99394620,32
95368476,70
14853321,23
76448076,32
31537066,15
86488203,106
25156286,25
28081446,92
21400668,42
92949043,53
92818240,44
84329061,139
91048178,27
82718660,10
12399380,16
31486865,319
97265732,258
61720981,216
50424828,28
82931004,..
95024660,72
32263814,19
47393891,75
48414975,17
11533776,75
47108751,..
28829503,90
99622695,..
98651664,77
33657492,110
79309485,90
37078868,..
16130958,70
82195565,82
33596572,74
77713695,81
51131594,21
89680395,14
53696633,15
27440210,48
62758285,23
16218090,27
64667996,36
23544320,172
57668673,19
69040241,..
63993414,10
49136871,..
20855811,111
53923398,120
74560191,15
47844862,228
72984079,110
36480690,50
24787883,..
32995170,36
52048443,54
61674097,91
32550660,323
93488613,34
45600034,11
59599256,275
26957025,234
90509211,67
43277545,56
11953769,..
50393060,60
85788659,19
95340745,..
59521477,32
92442684,12
66095163,51
54599691,119
54004368,152
31975673,224
82251333,20
99864908,37
27106031,47
59463950,38
63931325,15
57391913,54
75374280,20
46148350,43
50133877,67
49868916,90
74919147,62
78389879,25
24277564,14
44412461,401
36355200,61
96920524,50
18217765,78
70803636,94
49576295,41
66028861,88
23797825,53
45293715,66
77712952,53
10433896,104
43154449,21
49170638,43
46379730,39
25379974,22
88025221,323
18042101,85
56041699,..
45111086,15
70955448,155
68824244,62
46707989,88
46986216,66
67924816,111
92805465,114
56084099,..
16720048,27
13960635,79
61176909,92
43479922,22
28391147,68
21778322,60
31380193,..
62612992,119
85485803,71
16848652,26
88429477,48
94975733,35
56802300,25
15149235,56
13981977,10
24538846,28
67058407,59
15791044,32
65392939,110
98696836,85
64908550,31
77358716,64
49739986,73
29225010,32
92192566,55
56886667,336
64648566,14
65421426,298
62394916,28
67908927,24
72071234,180
24349146,129
83605345,..
15933512,136
64693272,14
18072172,..
65833454,26
11341077,31
34988313,89
28045567,159
20768651,48
38880984,125
28872974,74
18686599,52
93779220,114
77797484,68
80785976,36
47559319,37
21532545,17
56187883,12
20752831,112
51023367,15
34739511,26
52690153,16
93221031,36
17474377,18
18345915,37
68229719,16
61004230,11
71262305,18
55795961,..
84947634,27
97870412,42
68564903,56
82840198,20
18208087,33
89982804,25
19464342,..
60743463,..
32960825,12
43609520,..
41416934,72
21567982,15
49379603,..
80167319,..
73171934,..
83474173,46
91487291,..
21866405,39
74434644,50
42022406,25
88445871,103
18425335,84
93281974,45
23424275,60
19150273,19
25624692,19
88534520,32
16554575,27
25356960,74
64284020,63
98132436,77
60096875,26
26334561,19
40386043,43
29324709,11
26864271,17
59483268,..
33685428,15
88573795,10
82814120,86
10924758,19
34153869,..
88259298,..
73098153,12
44240250,37
17846181,..
75082798,85
23555409,24
91333138,26
30341162,..
39936461,27
72266906,21
27030026,17
12154972,78
16950252,26
34637764,51
73255276,28
15077883,48
48434184,48
58724424,15
51138448,16
19647256,44
56421429,16
39911065,..
17008320,..
56737496,37
88850910,15
93939982,36
25720752,20
55155562,63
31533003,26
31429031,43
16361868,..
24008049,67
36680097,..
87756916,38
59734510,34
19586169,44
24273261,15
95683850,62
59455288,24
82163292,54
25679488,23
25677996,18
89888648,36
90003262,10
88163512,33
35063170,..
31279294,17
36782335,138
20666515,18
37906565,18
67279303,39
21648755,57
11111710,24
90551279,150
93062368,16
69686851,103
49616977,13
90267145,43
72998905,26
69481650,38
88153340,40
94353434,57
59396229,66
95165649,51
69626109,43
85068812,..
36444853,29
15414001,55
38311488,32
16819383,45
12994441,11
53660780,105
30086854,40
79094701,25
38684438,19
96590873,85
73147554,11
65752105,..
11274830,72
51321260,58
96279444,17
61880907,83
35006050,44
88886610,27
10638939,40
88556189,49
35236491,61
58502307,14
97177328,17
72127035,32
70969714,24
85003442,37
22752398,53
71922787,11
31843016,34
74148070,..
50696507,27
44653962,39
81993306,31
29097621,62
87764775,18
48438396,41
98052678,..
44341171,29
32671805,47
38448056,15
16313848,183
79606767,23
11294673,22
86327236,28
28398531,51
66335258,30
54172830,23
86310217,28
83085136,52
75458014,..
65136104,..
79033948,29
56330385,18
44392995,26
69241230,23
85544331,29
80327946,161
78875918,26
78023197,46
86385479,26
40991561,..
99838438,19
42859669,74
70923626,63
92905347,46
99592025,13
34247736,21
47550455,97
30329172,34
76877530,..
47046103,32
56664512,..
38167912,11
20620556,10
17173461,10
19560192,52
98053087,74
92858957,15
46660042,128
44113417,24
67783774,..
38917647,10
21363125,..
39555838,..
85214294,24
82084961,79
46162400,73
98369689,62
56529916,60
40810950,27
40037982,45
73829818,16
18881773,..
80686587,21
12279302,55
17849518,13
94570025,24
91984508,33
78659008,36
12448823,..
40667807,25
18091973,48
40634612,16
62439199,20
66132676,26
80762863,58
77688926,16
14508922,..
69629086,114
88624631,23
35390185,..
37358234,14
31657916,12
54606928,16
46241804,20
42573391,18
64574972,21
19741742,32
29032715,32
48931433,27
97270136,29
19909435,44
30530571,41
96024712,47
40829056,12
85800840,90
27115998,36
41867682,10
65662401,57
39583059,184
38645259,32
87207941,..
11673760,95
63791419,66
39805497,42
38400227,57
83829189,41
46145886,58
43649848,20
75344502,20
84247499,74
27041885,38
97064126,..
32580162,23
48722826,62
71571158,32
53691739,31
97596286,84
67554405,82
86473502,14
98239050,14
94455820,..
58368956,42
73567152,35
61547652,47
60209222,58
62104139,11
78872213,25
84286698,26
62490359,13
64725297,29
43362941,23
23350817,12
76860623,21
56021320,11
41358402,25
64569393,18
87262566,41
41844601,60
51620045,36
23457902,14
27597104,23
57397381,59
56947954,78
72022487,116
70969556,20
28248021,31
44417214,56
25025681,13
49488344,17
74408578,28
86724994,83
86158933,23
14102256,80
75082280,14
75914181,17
39302565,46
36072799,26
61432781,71
78287294,27
74316305,35
39096170,17
99279503,46
72109637,..
69240218,13
14057258,10
43313366,27
97868185,..
81551726,18
77823650,50
37550979,..
52634142,93
76195214,65
54839753,..
32705515,55
60214465,11
70137084,60
82002016,14
21901328,19
23306658,71
57350392,..
11102578,24
69306209,41
92651253,21
31740319,37
17944628,14
82826083,32
94090461,15
12954099,..
80931789,27
84098842,29
90473340,..
26167236,56
69807202,52
64648904,16
63035915,274
26324896,16
28848709,20
12613085,26
53896162,13
11185244,35
56211717,20
66824652,18
49168016,22
32042066,52
50821167,10
92814975,40
28770304,37
64123241,15
69063711,15
77609073,39
35894996,49
17119840,33
68748767,62
25596917,17
20984584,19
52129378,39
98541468,18
31155312,12
25648215,48
61823258,24
39178171,29
79994304,..
68006362,122
11608031,51
86762103,28
68381790,39
13006857,67
76007769,39
16956086,72
58187973,11
88894245,19
71160225,25
67752682,48
47884009,31
44672598,30
75340089,32
36670439,26
22220001,59
15100079,..
55421481,..
99356671,14
16702464,11
71353314,..
36252055,53
91812793,27
14355031,14
72891848,42
31796890,..
22426680,13
83805032,29
48862305,81
32887559,46
71541108,18
69471748,47
93239262,47
25745773,69
99976753,..
14278480,36
28023078,49
43284031,53
13963517,12
26267406,16
31255918,68
51955293,39
35035671,17
12130801,..
51736304,11
53180719,74
27489137,27
15609112,20
60424371,34
68655578,58
17062663,55
68741484,29
56267421,18
34990065,56
37054246,29
39199869,..
62216381,49
31179045,46
72421673,12
59655752,..
88750078,34
41878314,..
41555549,24
32003298,24
22383788,23
85459854,36
81876614,..
18711877,26
67071618,28
75324351,19
61229217,34
58929357,24
42517257,32
70376604,24
93503103,44
18617410,16
41697930,84
28025244,18
17184072,11
40338843,23
77440824,21
71069359,17
86896907,31
14292382,76
87859089,19
54764253,47
98908403,24
16493131,118
41119610,57
48304166,47
24982097,18
97104132,12
68597767,10
27964873,36
30706655,40
65674821,12
46332927,37
78690637,88
24653673,21
38048202,117
90990441,..
86319615,16
87303004,37
97835550,22
22446331,37
26671095,26
42911621,96
40575001,57
75027822,32
26508763,77
14504503,26
21850904,48
77544055,28
16198647,72
12496135,10
76903284,81
68649663,37
15870428,35
26750052,34
81997762,61
69747871,..
70119254,12
79346084,47
34222422,15
84230226,..
42060237,44
89816391,21
14448619,40
12546590,21
94167577,19
27023528,41
53903798,40
85782695,13
98815582,75
97770837,18
21312503,39
14926020,19
33132452,83
56942970,..
56653353,48
59898194,..
97510495,17
38683336,10
95618280,55
17675502,28
75600007,11
15278518,45
15390992,65
63943560,16
85516596,69
31998226,..
38236800,48
59026584,171
79829846,42
20061769,12
65458415,..
95154882,..
52333875,43
65666808,90
24397215,44
30677562,80
85054102,21
87274273,16
24759907,17
41631104,16
80357110,23
18451445,..
93367005,37
16501673,38
26298615,46
50104466,..
79845033,27
41099519,25
59386837,51
21627442,55
17276047,20
73217812,38
48244956,20
36769815,23
16931486,21
92489953,27
43873969,14
55825382,16
19306558,..
24993048,..
70132092,59
65034473,..
13084253,26
32321364,11
59942080,..
66273269,14
82888663,59
11275959,67
58518163,14
50615280,18
19035583,38
27993549,74
37912396,11
90312942,84
19839859,15
80280597,..
67628478,..
37517404,..
29159460,50
43601850,33
89630851,43
86351879,38
14586562,..
74322969,34
90260899,19
69302313,23
31057219,67
27079521,37
64579522,25
65234368,63
34381901,47
96414537,31
99394620,15
95368476,18
14853321,28
76448076,50
31537066,15
86488203,33
25156286,10
92949043,24
92818240,79
84329061,63
71969230,21
91048178,59
76942525,26
31486865,25
10373112,..
61720981,71
25698509,38
50424828,74
82931004,19
83584125,17
16496466,10
12075195,16
62300682,19
65265211,29
97191332,29
71938440,14
22811839,61
33205596,17
19930101,57
60727136,15
45132264,24
61647360,..
33657492,43
61622991,72
66644568,36
93659517,57
61175914,17
73316818,32
27859889,13
29161632,..
45541222,11
63451147,12
61197669,..
17812651,21
57668673,25
69040241,10
91905819,30
54882637,16
53923398,73
47844862,27
22239675,21
72984079,17
36480690,26
24787883,16
52048443,15
32550660,16
59599256,31
69865450,50
31112935,30
90509211,33
37316242,87
20173336,66
49872493,29
39147056,53
11953769,10
28646435,25
50393060,25
85788659,26
95340745,26
59521477,39
92442684,48
38544187,47
54599691,32
54467211,90
23517683,19
82251333,50
99864908,16
27106031,24
59463950,28
63931325,61
57391913,21
75374280,27
46148350,23
50133877,42
49868916,49
90240730,77
84908877,31
24277564,21
88956420,..
34002355,39
36355200,24
96920524,19
18217765,16
60919765,..
14677676,33
96152872,46
77835341,12
70803636,24
23797825,21
44738639,16
77712952,20
92009807,78
10433896,13
10342448,46
43154449,17
98032567,..
96194948,27
25955541,48
88025221,26
14799321,29
56041699,25
70955448,15
68824244,41
90685868,61
24501884,43
56084099,29
80711021,93
17648596,55
16720048,39
39341381,12
60088179,61
28391147,67
29209307,28
21778322,19
31380193,17
90290154,30
25847233,71
92816527,86
16848652,16
94975733,31
56802300,17
15149235,23
77379848,10
13981977,..
24538846,..
36886750,18
67422309,35
67058407,11
34421265,63
15791044,..
98696836,29
82160887,54
23175129,18
77358716,18
29225010,19
33249781,52
64648566,24
18691102,13
70302356,25
65421426,36
24349146,170
83605345,18
15933512,146
12198363,..
47692481,46
64693272,13
18072172,..
85188855,23
39528347,36
85473846,74
29744774,..
89690587,47
20768651,..
32239920,65
98781765,69
87112995,28
18686599,..
93779220,18
53279140,47
80785976,20
47559319,14
21532545,..
56187883,56
51023367,47
95069937,18
52690153,16
93221031,..
68229719,..
84947634,..
89982804,15
60743463,..
73171934,..
74434644,19
93281974,11
23424275,..
16554575,27
60096875,12
40386043,..
33685428,..
10924758,19
75082798,14
16950252,13
15077883,14
48434184,11
51138448,16
93939982,28
31533003,25
24273261,..
59455288,..
25677996,10
31279294,..
36782335,12
90551279,33
93062368,..
69626109,43
10638939,20
72127035,..
85003442,14
98052678,..
32671805,..
16313848,36
54172830,..
75458014,..
78023197,19
40991561,..
70923626,14
76877530,..
47046103,..
19560192,22
98053087,14
46660042,36
67783774,..
85214294,17
12279302,11
91984508,33
40667807,..
40634612,..
80762863,40
64574972,..
30530571,..
96024712,28
27115998,18
39583059,19
38645259,..
46145886,..
27041885,13
48722826,17
97596286,27
67554405,13
56021320,11
23457902,..
57397381,14
72022487,..
70969556,..
28248021,..
44417214,10
25025681,13
14102256,20
75082280,14
39096170,17
69240218,13
82002016,..
23306658,..
94090461,15
63035915,38
50821167,..
68748767,18
20984584,..
25648215,20
11608031,15
13006857,10
16956086,..
58187973,..
88894245,..
71160225,18
44672598,19
22220001,11
71353314,..
69471748,10
93239262,47
13963517,..
68655578,23
31179045,21
59655752,..
18711877,..
67071618,18
18617410,16
40338843,15
14292382,..
87859089,..
98908403,11
24982097,..
68597767,..
38048202,23
90990441,..
40575001,24
26508763,11
76903284,..
69747871,..
79346084,23
89816391,..
53903798,26
33132452,21
17675502,28
75600007,11
85516596,12
50104466,..
59386837,10
43873969,14
24993048,..
58518163,14
29159460,13
89630851,27
86351879,15
74322969,..
64579522,14
14853321,..
86488203,16
84329061,..
71969230,..
31486865,25
61720981,16
50424828,..
83584125,17
65265211,..
66644568,36
61175914,..
29161632,..
36480690,..
32550660,16
37316242,..
50393060,..
95340745,..
59521477,..
46148350,..
49868916,30
84908877,14
24277564,..
36355200,..
88025221,26
56041699,..
70955448,15
60088179,20
25847233,23
16848652,..
56802300,..
36886750,..
67422309,..
82160887,15
64648566,..
15933512,27
12198363,..
64693272,..
89690587,19
18686599,..
93779220,18
80785976,..
47559319,14
52690153,..
93221031,..
18345915,17
97870412,14
18208087,11
41416934,28
21567982,13
83474173,15
88445871,55
25624692,..
25356960,15
98132436,53
60096875,14
29324709,11
26864271,15
44240250,13
75082798,15
91333138,13
12154972,36
15077883,13
48434184,13
19647256,24
56737496,16
55155562,34
24008049,22
59734510,..
19586169,15
24273261,..
59455288,..
89888648,11
36782335,15
20666515,12
90551279,34
93062368,..
90267145,14
88153340,40
94353434,57
88886610,27
88556189,14
72127035,13
22752398,41
31843016,15
29097621,38
16313848,28
11294673,..
86327236,..
69241230,..
80327946,17
86385479,..
70923626,21
92905347,..
47550455,27
56664512,..
19560192,..
46660042,20
38917647,..
82084961,14
98369689,17
56529916,49
17849518,..
18091973,18
69629086,43
31657916,..
19741742,14
40829056,..
85800840,45
39583059,40
39805497,22
46145886,16
84247499,10
71571158,..
86473502,..
58368956,42
23350817,..
41358402,25
87262566,..
23457902,..
56947954,16
72022487,24
28248021,..
74408578,13
86724994,34
39302565,20
61432781,59
14057258,..
81551726,..
76195214,..
70137084,27
57350392,..
92651253,12
82826083,20
26167236,..
63035915,39
32042066,19
92814975,..
64123241,15
20984584,..
98541468,18
25648215,..
79994304,..
86762103,..
68381790,..
13006857,12
16956086,..
88894245,..
67752682,17
75340089,18
22220001,25
15100079,..
36252055,18
72891848,..
48862305,56
13963517,..
31255918,20
53180719,11
68655578,35
37054246,..
62216381,27
18711877,..
61229217,13
41697930,32
77440824,..
14292382,11
54764253,21
98908403,13
16493131,18
24982097,..
27964873,13
30706655,14
78690637,29
24653673,..
87303004,..
97835550,..
22446331,..
42911621,35
14504503,..
76903284,..
81997762,15
70119254,12
42060237,28
85782695,13
38236800,..
41631104,10
16501673,..
26298615,10
41099519,..
59386837,..
73217812,..
16931486,..
70132092,25
27993549,33
90312942,14
19839859,..
29159460,..
43601850,11
74322969,..
31057219,..
34381901,16
96414537,..
99394620,13
76448076,25
92818240,51
84329061,..
71969230,..
91048178,..
65265211,..
22811839,61
61622991,72
61175914,..
91905819,..
54882637,13
53923398,..
69865450,..
20173336,20
49872493,..
39147056,17
11953769,..
85788659,..
59521477,..
54467211,30
82251333,30
90240730,34
34002355,..
96920524,12
96152872,13
92009807,10
10342448,36
90685868,18
17648596,55
39341381,..
29209307,..
90290154,..
92816527,20
24538846,..
67422309,13
34421265,11
82160887,24
33249781,10
18691102,..
24349146,57
83605345,10
47692481,10
85188855,..
85473846,22
32239920,36
56187883,14
52690153,..
74776778,56
71262305,27
84947634,11
48009865,39
89982804,..
97968599,20
91748148,39
42218661,..
74434644,51
42022406,..
34076477,149
54896448,20
97758137,13
26334561,30
40386043,88
20699742,135
82814120,32
45164827,60
10924758,21
34153869,13
17846181,..
75082798,26
23555409,30
27030026,80
15077883,26
48434184,22
58724424,..
39911065,57
56737496,38
55155562,58
31533003,51
19981611,11
25679488,24
35063170,14
31279294,..
36782335,56
67279303,..
21648755,81
11111710,..
49616977,31
84835666,27
20319353,25
85068812,..
78397312,31
36444853,27
89837629,..
12994441,15
88774402,60
75141151,32
61701709,147
38684438,52
39549479,84
73147554,79
69983740,12
12052268,22
71597051,44
40690520,31
35006050,19
10638939,..
34336190,80
88834120,18
53640774,75
72127035,14
71922787,42
92507006,29
20100577,94
79606767,43
11294673,..
86327236,15
66335258,..
54172830,23
56330385,19
44392995,32
60730660,73
82592568,84
86385479,14
49862313,24
42859669,52
99592025,59
34247736,62
76877530,..
38167912,15
43826783,..
58125096,52
17173461,..
30468157,30
23681822,90
92858957,58
82084961,20
73829818,60
18881773,..
12279302,17
64205087,138
18091973,10
88466776,12
54606928,86
19741742,44
45830583,14
30530571,62
78839208,27
30458073,..
27115998,66
79516949,..
87207941,26
11673760,117
38400227,43
81619482,22
39149668,27
67554405,14
73944169,45
78872213,18
64569393,12
48217580,114
57397381,87
72022487,43
71512894,20
28248021,11
44417214,20
74408578,52
71043974,88
61161774,72
75914181,..
24544503,88
69240218,22
12934438,52
43313366,38
37550979,11
60214465,26
23306658,13
11102578,26
10129345,88
94090461,42
26324896,17
56639389,87
53896162,150
17779637,34
71929526,11
60873719,16
68748767,..
23548714,26
48593439,18
91773491,..
30361243,135
25596917,31
31155312,..
84424083,110
10481541,48
68381790,..
13006857,28
16956086,39
58187973,10
31870541,29
44672598,49
31822012,50
62855448,29
91812793,122
58907711,29
68285560,91
69471748,34
99976753,92
75575321,53
57690933,28
12130801,11
95785055,54
68741484,25
37054246,13
31179045,26
59655752,11
41555549,34
85459854,20
67071618,16
28025244,27
40338843,23
14292382,..
87859089,11
98908403,27
83272868,16
45552626,44
92332557,29
78690637,75
77544055,62
76903284,11
49141105,14
26646080,137
79346084,55
14448619,52
43565270,45
85152591,102
40600798,133
48120273,25
94167577,17
53903798,17
97770837,48
70811222,..
17911161,74
35084976,12
77632411,30
59898194,24
38195284,57
97510495,49
89461767,29
94717858,28
75075402,27
26326048,46
37839488,57
73812226,36
15278518,27
85516596,19
16784385,53
24339566,60
65458415,..
52333875,19
24759907,25
31315191,38
48555205,151
32116280,53
64388538,..
52153758,30
99755443,152
30167976,32
32071849,30
79845033,..
41099519,13
59386837,..
21382451,24
55825382,60
59942080,22
37912396,..
45593337,13
19839859,..
30615080,53
86351879,27
90260899,13
31057219,..
27079521,20
64579522,..
34381901,13
55150847,56
53069733,..
14853321,23
86488203,51
25156286,..
28081446,32
92818240,44
12399380,..
31486865,120
97265732,77
61720981,24
50424828,..
95024660,72
32263814,19
33657492,29
79309485,90
77713695,26
23544320,36
69040241,..
20855811,39
53923398,24
74560191,..
47844862,92
72984079,22
61674097,32
93488613,12
59599256,82
90509211,40
50393060,16
85788659,..
59521477,20
54599691,58
31975673,73
27106031,47
46148350,..
49868916,28
74919147,20
78389879,12
44412461,93
96920524,50
70803636,37
23797825,53
10433896,28
49170638,14
25379974,..
18042101,50
70955448,30
92805465,87
61176909,34
21778322,23
31380193,..
62612992,54
16848652,26
15149235,14
24538846,12
67058407,20
98696836,75
49739986,20
92192566,13
65421426,128
72071234,97
65833454,..
28045567,75
38880984,71
18686599,14
47559319,11
20752831,57
51023367,..
52690153,..
93221031,..
18345915,20
71262305,..
97870412,14
82840198,13
41416934,..
21866405,11
42022406,25
25624692,..
64284020,43
40386043,23
26864271,..
75082798,16
23555409,15
30341162,..
72266906,21
15077883,..
48434184,11
56421429,12
56737496,..
24008049,25
36680097,..
59734510,..
19586169,..
95683850,16
89888648,21
36782335,23
37906565,16
90551279,19
69686851,25
90267145,..
85068812,..
16819383,20
79094701,25
11274830,72
35006050,26
88556189,..
97177328,17
72127035,..
22752398,12
71922787,..
81993306,19
16313848,34
11294673,..
28398531,..
79033948,29
69241230,..
80327946,32
86385479,12
99838438,19
42859669,28
92905347,..
99592025,13
30329172,17
47046103,..
19560192,..
98053087,26
46660042,20
44113417,14
39555838,..
82084961,51
46162400,63
12448823,..
18091973,..
40634612,11
69629086,58
31657916,..
42573391,..
29032715,14
19909435,14
85800840,16
27115998,18
41867682,10
39583059,30
38645259,..
63791419,22
46145886,29
84247499,15
48722826,29
53691739,31
60209222,28
78872213,11
51620045,36
56947954,27
72022487,22
70969556,..
28248021,..
74408578,15
86724994,23
39302565,14
74316305,11
72109637,..
97868185,..
77823650,24
76195214,..
70137084,15
69306209,26
80931789,27
90473340,..
26167236,..
63035915,48
12613085,26
66824652,15
32042066,14
92814975,14
69063711,..
77609073,..
68748767,..
52129378,39
61823258,..
68006362,44
86762103,..
68381790,..
13006857,14
16956086,27
58187973,..
88894245,..
67752682,20
44672598,11
22220001,15
16702464,..
36252055,35
72891848,10
32887559,31
43284031,27
13963517,..
26267406,..
31255918,26
51736304,..
53180719,10
27489137,27
37054246,21
62216381,21
88750078,16
22383788,23
81876614,..
75324351,..
61229217,13
41697930,26
17184072,..
77440824,14
14292382,14
87859089,..
16493131,16
24982097,..
68597767,..
30706655,11
38048202,36
87303004,..
97835550,..
26671095,26
42911621,26
15870428,20
26750052,34
81997762,16
79346084,24
14448619,29
94167577,16
21312503,39
33132452,22
15390992,65
38236800,14
95154882,..
65666808,46
93367005,37
16501673,..
79845033,21
41099519,..
59386837,..
17276047,20
48244956,20
70132092,28
27993549,16
90312942,23
37517404,..
29159460,10
43601850,12
86351879,11
74322969,..
90260899,..
31057219,18
27079521,15
96414537,..
95368476,..
76448076,25
91048178,26
76942525,..
61720981,34
82931004,19
33205596,17
60727136,..
33657492,11
93659517,57
57668673,20
91905819,..
54882637,..
36480690,..
52048443,15
69865450,..
37316242,28
50393060,..
59521477,11
54467211,20
59463950,17
63931325,13
75374280,..
50133877,30
34002355,10
18217765,..
96152872,16
10433896,13
43154449,17
96194948,..
68824244,29
90685868,16
39341381,..
28391147,67
31380193,..
90290154,..
92816527,30
94975733,23
77379848,..
13981977,..
67422309,..
82160887,..
23175129,12
29225010,19
24349146,41
85188855,..
39528347,28
32239920,20
80785976,12
21532545,..
56187883,13
51023367,22
52690153,..
61004230,25
23517336,12
48009865,..
82840198,..
19464342,..
43609520,15
42218661,18
42022406,23
56679384,78
69018222,48
64284020,..
97758137,13
40386043,59
33685428,18
34153869,..
75082798,12
23555409,10
30341162,13
19912478,46
58724424,..
95684185,36
93939982,..
55155562,..
24008049,61
54481243,11
36680097,..
25677996,21
31279294,11
36782335,16
21648755,15
69686851,..
54965510,45
25872338,..
10974852,..
85068812,..
78397312,29
36444853,28
61469192,63
79094701,33
71597051,16
53231578,29
91011325,15
97382366,53
10638939,..
69739484,71
92887917,76
68734112,..
44653962,..
47264019,30
20099064,80
16313848,35
79033948,14
68240485,56
95046058,38
44392995,40
99838438,13
30329172,14
76877530,..
38167912,..
77839100,..
55535552,..
92533079,49
92858957,19
82084961,..
50908408,11
18594470,34
72232853,81
18091973,..
36539945,..
40634612,10
66132676,61
64574972,20
48931433,..
85800840,55
68920727,29
27115998,..
79516949,15
96684210,96
23836342,27
81619482,13
39149668,..
48722826,..
73063662,63
43251309,13
67554405,..
94455820,..
78872213,10
56021320,19
64569393,..
86888278,..
57397381,27
44417214,..
49488344,24
57777751,..
38732602,12
86158933,52
75914181,12
84476205,21
24544503,26
86787111,42
97868185,28
70137084,..
23306658,..
11102578,11
94468610,37
90473340,11
64648904,11
75939593,85
51449748,94
28267726,50
71929526,11
71472793,31
69063711,11
35894996,..
65722876,155
49231191,47
13006857,10
16956086,..
88894245,..
44672598,..
99356671,..
29449669,59
91812793,19
14355031,19
46611859,180
65150019,72
47537928,29
44285075,26
68741484,..
72421673,..
15763669,..
18711877,26
61229217,..
70376604,42
40338843,..
16493131,23
83272868,10
16748680,15
92332557,37
78690637,68
90990441,..
49112879,50
43623146,..
18974693,15
28967085,..
33233228,..
94167577,22
27023528,13
97770837,..
29423248,19
33132452,..
17911161,..
35084976,..
77632411,27
53760158,24
78422467,148
75075402,26
46256929,44
83374651,24
30762346,..
15390992,47
85516596,..
95154882,..
24663703,..
28519815,80
65666808,..
24759907,103
35366805,56
89370947,118
64388538,76
17276047,..
48244956,13
43873969,24
19306558,21
45593337,..
25178582,42
70543431,13
56041144,12
90260899,..
33572033,48
95368476,21
76448076,10
28081446,24
21400668,27
92949043,13
31486865,46
97265732,26
50424828,14
11533776,75
99622695,..
51131594,21
89680395,14
53696633,15
27440210,48
62758285,23
57668673,..
63993414,..
49136871,..
53923398,10
74560191,..
36480690,16
24787883,..
52048443,11
43277545,56
66095163,30
54004368,28
31975673,..
99864908,..
49868916,24
44412461,15
49576295,..
45293715,66
77712952,..
10433896,13
43154449,10
46379730,15
46986216,47
16720048,27
31380193,..
85485803,12
88429477,..
98696836,10
49739986,13
29225010,16
56886667,106
62394916,..
67908927,24
18072172,..
11341077,31
77797484,55
80785976,15
21532545,13
51023367,..
43649848,20
74316305,19
84098842,13
17062663,15
71069359,17
48304166,17
92009807,15
93221031,11
17474377,16
55795961,..
84947634,21
68564903,10
18208087,17
41416934,37
21866405,28
25624692,..
25356960,59
98132436,..
40386043,13
44240250,24
75082798,12
91333138,13
12154972,28
15077883,..
48434184,..
19647256,..
93939982,..
55155562,21
24008049,20
59734510,..
19586169,..
24273261,..
89888648,..
90003262,10
36782335,12
67279303,25
21648755,22
90267145,..
61880907,83
88556189,11
72127035,..
70969714,15
31843016,12
29097621,24
16313848,48
86327236,..
86310217,28
69241230,..
80327946,24
70923626,..
92905347,..
30329172,14
47046103,18
17173461,..
19560192,..
98053087,..
46660042,13
38917647,..
98369689,45
17849518,..
40667807,..
69629086,13
31657916,..
46241804,20
29032715,18
19909435,..
85800840,10
39583059,42
38645259,..
39805497,17
83829189,12
84247499,49
97064126,..
48722826,10
71571158,23
73567152,22
84286698,12
23350817,..
87262566,29
56947954,21
72022487,17
70969556,..
86724994,18
39302565,12
61432781,12
14057258,..
81551726,..
52634142,28
76195214,..
70137084,18
92651253,..
26167236,10
28848709,20
49168016,19
28770304,37
17119840,22
61823258,..
86762103,..
76007769,21
88894245,..
47884009,..
75340089,..
36670439,12
72891848,..
83805032,29
31255918,22
35035671,17
53180719,..
17062663,40
88750078,13
85459854,23
61229217,..
93503103,22
14292382,..
87859089,..
16493131,20
48304166,10
27964873,23
30706655,..
78690637,..
24653673,16
87303004,10
97835550,..
22446331,22
40575001,24
76903284,28
81997762,..
42060237,..
89816391,13
38236800,..
85054102,21
87274273,16
16501673,..
26298615,36
50104466,..
59386837,14
73217812,..
16931486,..
13084253,26
82888663,33
11275959,35
27993549,18
90312942,23
19839859,..
29159460,..
43601850,..
14586562,..
74322969,11
90260899,10
31057219,23
27079521,..
34381901,10
95368476,..
84329061,..
71969230,..
91048178,..
10373112,..
65265211,..
19930101,57
33657492,..
53923398,42
69865450,..
37316242,..
20173336,..
49872493,..
39147056,36
85788659,13
95340745,..
59521477,10
54467211,17
82251333,..
63931325,25
75374280,11
46148350,..
50133877,12
90240730,43
84908877,..
34002355,10
18217765,..
92009807,53
90685868,..
56084099,22
39341381,..
29209307,19
92816527,13
15149235,..
77379848,..
34421265,22
18691102,..
70302356,25
24349146,51
83605345,..
47692481,..
85188855,..
85473846,29
98781765,62
56187883,..
51023367,..
52690153,..
93221031,12
61004230,10
71262305,..
68564903,17
89982804,10
74434644,13
18425335,39
23424275,..
34153869,..
75082798,15
27030026,17
15077883,..
39911065,..
56737496,13
87756916,15
19586169,..
24273261,..
59455288,13
25679488,10
35063170,..
36782335,15
37906565,..
21648755,23
49616977,13
72998905,..
69481650,22
12994441,..
30086854,40
38684438,19
73147554,11
35006050,18
10638939,..
71922787,..
44341171,13
32671805,..
79606767,19
11294673,..
86327236,13
28398531,15
54172830,10
56330385,18
42859669,13
92905347,..
47550455,21
17173461,..
98053087,27
92858957,15
44113417,10
18881773,..
94570025,24
54606928,16
42573391,..
97270136,..
30530571,..
40829056,..
38645259,..
87207941,..
11673760,30
38400227,14
27041885,10
97064126,..
67554405,28
86473502,..
98239050,14
94455820,..
78872213,14
23350817,..
87262566,..
41844601,22
23457902,..
57397381,19
72022487,..
28248021,..
44417214,24
49488344,17
14102256,16
43313366,27
37550979,..
76195214,27
60214465,11
11102578,24
84098842,16
63035915,24
26324896,16
50821167,..
77609073,15
68748767,..
25596917,17
20984584,..
25648215,10
11608031,..
86762103,..
68381790,10
16956086,..
22220001,..
15100079,..
16702464,..
72891848,..
69471748,16
99976753,..
14278480,17
51955293,27
12130801,..
53180719,..
68741484,20
41555549,..
75324351,..
28025244,11
40338843,..
16493131,15
48304166,13
24982097,..
68597767,..
30706655,..
78690637,23
87303004,..
14504503,..
77544055,28
76903284,..
15870428,15
81997762,..
42060237,..
14448619,..
27023528,11
33132452,11
56942970,..
97510495,17
15278518,45
38236800,..
24759907,17
16501673,14
79845033,..
41099519,17
59386837,..
55825382,..
59942080,..
90312942,..
14586562,..
27079521,..
34381901,..
96414537,..
14853321,12
86488203,13
92818240,28
71969230,..
76942525,..
50424828,20
12075195,16
65265211,..
33657492,22
61175914,..
57668673,..
69040241,10
53923398,22
47844862,27
69865450,14
90509211,33
37316242,..
50393060,..
85788659,..
54599691,19
27106031,17
63931325,..
57391913,10
46148350,..
96920524,..
70803636,11
23797825,21
90685868,11
80711021,48
39341381,..
31380193,..
25847233,16
16848652,..
36886750,12
67058407,11
98696836,21
64648566,11
83605345,..
15933512,26
47692481,14
85188855,..
85473846,12
53279140,13
51023367,..
52690153,..
17474377,..
18425335,45
19150273,15
64284020,..
23555409,..
73255276,..
58724424,..
31429031,..
87756916,23
59734510,..
19586169,..
31279294,..
11111710,24
90551279,13
69686851,45
59396229,66
85068812,..
36444853,29
65752105,..
10638939,..
88556189,..
44653962,17
87764775,11
66335258,20
44392995,26
80327946,..
42859669,11
92905347,..
19560192,..
56529916,11
12279302,19
17849518,..
77688926,16
37358234,14
42573391,..
97270136,10
30530571,..
96024712,10
40829056,..
39583059,39
46145886,..
48722826,..
97596286,23
67554405,12
86473502,..
64569393,18
87262566,..
23457902,..
44417214,..
86158933,11
36072799,26
81551726,..
76195214,..
23306658,..
17944628,14
26167236,17
64648904,16
53896162,13
11185244,23
69063711,..
35894996,23
68748767,11
20984584,..
31155312,12
61823258,13
79994304,..
11608031,..
67752682,11
91812793,11
14355031,14
72891848,..
25745773,..
14278480,19
28023078,32
13963517,..
51736304,..
53180719,19
72421673,12
41878314,..
18711877,..
90990441,..
42911621,11
26508763,23
14504503,..
81997762,..
34222422,..
84230226,..
94167577,..
33132452,..
63943560,16
85516596,57
38236800,..
59026584,79
65666808,44
80357110,23
16501673,..
73217812,28
36769815,23
65034473,..
29159460,..
14586562,..
95368476,..
86488203,..
25156286,10
71969230,..
91048178,..
76942525,..
50424828,..
60727136,..
45132264,24
73316818,32
91905819,10
36480690,11
24787883,16
69865450,..
31112935,11
49872493,..
92442684,..
82251333,..
84908877,..
24277564,..
96152872,..
44738639,16
96194948,22
25955541,13
90685868,..
80711021,23
31380193,..
90290154,..
92816527,17
98696836,..
64648566,..
18691102,..
15933512,42
47692481,..
85188855,..
85473846,11
53279140,..
80785976,..
56187883,18
71262305,..
19464342,..
23424275,15
88573795,10
73255276,22
58724424,..
31429031,18
25679488,..
36782335,..
21648755,12
69481650,16
95165649,36
12994441,..
10638939,..
44341171,16
32671805,..
28398531,30
80327946,20
70923626,..
47550455,20
38167912,..
80686587,21
62439199,20
19741742,10
30530571,..
11673760,25
38400227,13
83829189,..
97064126,..
62104139,11
41844601,23
70969556,..
44417214,..
14102256,15
54839753,..
26167236,14
63035915,23
77609073,16
68748767,11
20984584,..
11608031,..
68381790,14
75340089,..
91812793,16
72891848,..
22426680,13
53180719,..
60424371,13
41555549,..
78690637,19
87303004,..
26508763,22
76903284,10
81997762,10
14448619,..
27023528,30
38236800,..
30677562,52
55825382,..
92949043,12
84329061,..
91048178,..
76942525,..
16496466,..
69865450,..
37316242,31
28646435,25
92442684,10
84908877,..
14799321,..
56041699,..
80711021,22
15149235,..
15791044,..
15933512,20
47692481,..
85188855,..
53279140,17
68229719,..
65192707,26
30538202,28
40386043,12
34153869,..
51138448,..
25720752,11
31533003,11
36782335,..
54965510,20
69983740,..
70066748,38
68734112,..
53462953,..
30468157,..
96684210,16
40766349,..
31199511,..
11102578,..
17944628,19
75939593,25
56639389,16
69063711,..
65722876,26
31822012,12
58544422,14
12130801,..
78690637,16
30279258,24
26996566,..
94167577,..
41938272,11
49068301,..
88839172,24
88955893,29
42775003,63
32071849,..
90076461,24
31486865,..
63993414,..
32995170,13
32550660,25
49868916,..
74919147,..
36355200,..
88025221,19
46986216,19
65392939,..
56886667,13
77797484,13
47559319,..
93221031,..
71262305,..
97870412,14
18208087,..
83474173,..
88445871,..
64284020,16
98132436,..
88259298,..
17846181,..
16950252,13
48434184,..
56421429,..
17008320,..
56737496,..
55155562,..
95683850,29
35063170,..
67279303,14
90267145,..
16819383,15
53660780,105
51321260,21
58502307,14
70969714,..
81993306,12
16313848,..
54172830,..
86385479,..
92905347,..
47550455,21
20620556,..
17173461,..
46660042,..
46162400,10
18091973,..
19909435,11
30530571,..
38645259,..
39805497,..
83829189,26
48722826,..
60209222,11
84286698,..
87262566,..
56947954,14
72022487,11
74316305,..
72109637,..
81551726,..
82002016,..
23306658,13
69306209,15
12954099,..
26167236,..
66824652,..
49168016,..
92814975,..
25648215,..
13006857,10
16956086,..
47884009,..
55421481,..
16702464,..
32887559,15
15609112,..
39199869,..
88750078,..
41555549,..
81876614,..
67071618,10
75324351,..
58929357,24
93503103,22
17184072,..
77440824,..
16493131,18
41119610,57
97835550,..
42911621,12
75027822,32
21850904,48
12546590,21
18451445,..
59386837,..
16931486,..
70132092,..
66273269,14
37912396,..
90312942,..
19839859,..
67628478,..
86351879,12
69302313,..
31057219,..
64579522,..
34381901,11
96414537,..
95368476,..
31537066,..
84329061,23
65265211,..
71938440,14
33657492,..
27859889,13
69865450,..
49872493,..
95340745,..
59521477,..
54467211,10
59463950,11
75374280,..
46148350,..
60919765,..
96152872,11
68824244,..
56084099,..
39341381,..
94975733,..
56802300,..
77379848,..
13981977,..
34421265,..
23175129,..
18691102,..
47692481,..
20768651,..
98781765,..
95069937,18
42218661,..
16554575,17
19912478,35
30086854,71
26627862,35
98052678,13
61826221,40
54395430,11
80686587,38
46574937,10
98239050,24
56021320,13
31199511,40
56639389,62
78986228,10
30361243,77
50906954,39
65674821,27
26671095,11
25525759,68
77632411,33
89693952,42
30615080,..
32550660,73
77712952,11
92805465,27
65421426,22
82814120,18
13006857,..
21567982,..
49379603,..
80167319,..
88534520,32
82814120,68
39936461,27
59734510,..
59455288,..
82163292,54
88163512,33
31279294,..
36782335,15
69686851,33
95165649,15
35236491,61
50696507,27
38448056,15
83085136,52
85544331,29
19560192,..
21363125,..
78659008,36
18091973,19
88624631,23
35390185,..
40829056,..
65662401,57
75344502,20
32580162,23
61547652,47
62490359,13
64725297,29
43362941,23
23457902,..
27597104,23
77823650,26
52634142,65
32705515,38
23306658,35
26167236,..
11185244,12
56211717,20
32042066,..
92814975,10
20984584,..
61823258,..
39178171,29
25745773,68
43284031,26
26267406,..
53180719,..
56267421,18
34990065,56
32003298,24
42517257,32
86896907,31
14292382,44
54764253,26
97104132,12
46332927,37
86319615,16
22446331,12
76903284,..
34222422,..
98815582,75
59026584,92
52333875,43
92489953,27
82888663,26
11275959,32
50615280,18
19035583,38
80280597,..
89630851,..
14586562,..
65234368,63
76942525,..
25698509,38
16496466,..
65265211,..
61175914,..
63451147,12
31112935,19
20173336,39
38544187,47
23517683,19
88956420,..
14677676,33
98032567,..
25955541,35
24501884,43
25847233,11
34421265,24
33249781,42
64693272,..
61004230,24
71262305,10
55795961,..
84947634,..
48009865,20
18208087,24
19464342,..
60743463,..
32960825,23
91748148,21
42022406,..
65192707,62
43634528,131
53400472,14
97758137,21
26334561,82
40386043,32
59483268,20
21663998,93
20595770,25
45164827,88
34153869,25
17846181,..
75082798,26
34637764,71
48434184,16
95684185,32
17008320,29
25720752,27
55155562,13
23164911,76
19981611,..
19586169,10
24273261,..
59455288,..
25677996,13
35063170,19
31279294,..
36782335,49
23897040,..
20666515,10
54965510,90
84835666,28
64740897,..
78979604,..
85068812,..
78397312,67
89837629,32
12994441,22
88774402,59
75141151,15
84306392,177
26627862,31
72517762,16
38684438,22
35647481,74
69983740,25
66491596,39
12052268,27
71597051,64
40690520,66
21505555,118
70066748,40
19207279,89
53640774,22
72127035,11
74148070,36
19051089,71
98052678,47
16313848,55
11294673,11
86327236,..
83137205,19
54172830,22
65136104,..
56330385,..
20228162,51
53462953,31
60730660,70
82592568,19
78875918,62
86385479,..
49862313,26
42859669,21
99592025,54
47550455,40
47046103,11
58125096,17
82914148,..
20620556,..
17173461,..
30468157,25
61528940,116
92858957,52
86296935,..
44113417,39
39555838,..
85214294,..
82084961,62
51210136,120
80686587,29
91984508,35
40667807,31
88466776,14
57942242,39
77688926,86
29032715,29
48931433,27
96024712,71
30458073,..
27115998,15
79516949,15
87207941,11
46574937,120
63791419,29
81619482,16
90006712,10
39149668,17
38233622,24
48722826,22
98239050,21
61547652,..
87034307,82
78872213,17
76860623,43
64160122,48
56947954,52
72022487,..
71512894,15
28248021,10
44417214,15
88776535,44
71043974,91
57777751,..
89807183,49
96818167,17
67300857,88
99279503,..
63653488,..
84476205,24
69240218,..
12934438,146
43313366,16
82002016,29
23306658,10
69306209,24
94090461,11
80931789,100
69807202,22
75939593,113
56639389,172
95700485,22
53896162,183
17779637,19
66824652,..
49168016,13
60873719,35
21938183,27
69063711,..
12926770,21
68748767,..
23548714,17
48593439,16
91773491,39
30361243,77
25596917,25
65722876,27
65381163,25
84424083,33
78231062,116
10481541,26
68381790,10
13006857,25
16956086,25
58187973,12
31870541,..
44672598,26
31822012,..
83161201,48
16702464,..
36252055,149
58907711,31
71541108,22
69471748,..
76485705,57
93239262,12
75575321,37
24194577,..
51955293,29
51736304,10
95785055,56
68655578,36
37054246,..
39199869,29
59655752,12
41555549,..
81876614,25
67071618,..
75324351,..
61229217,16
59575030,27
77440824,36
14292382,12
87859089,10
98908403,20
16493131,31
83272868,28
45552626,35
16748680,19
65674821,19
38048202,58
65320354,63
76903284,19
49141105,13
26996566,..
27704246,176
69747871,..
79346084,28
14448619,22
43565270,23
52791537,60
85819857,126
54117171,53
48120273,22
94167577,25
53903798,..
69650864,61
41938272,51
76054399,66
60142020,..
70811222,..
17911161,42
35084976,22
77632411,84
49068301,16
38195284,19
97510495,20
89461767,17
94717858,20
53760158,19
37802196,..
36288955,62
74812809,63
88839172,96
95618280,51
26326048,30
37839488,52
59796774,..
75600007,22
73812226,34
82964090,171
24339566,48
65458415,..
52333875,46
69543519,26
24759907,25
31315191,26
56670842,60
48555205,24
31313926,..
30312720,52
32116280,..
53175499,16
52153758,119
22116645,102
30167976,10
50104466,..
28004794,..
32071849,37
41099519,12
59386837,..
21382451,31
43873969,61
24993048,16
66273269,10
11275959,12
58518163,..
37912396,11
45593337,14
10226870,20
32057701,47
30615080,25
70543431,..
23476801,..
86351879,15
74322969,..
90260899,..
31057219,14
27079521,10
64579522,..
34381901,20
55150847,35
53069733,15
99394620,15
76448076,21
84329061,71
82718660,..
31486865,44
97265732,75
61720981,63
98651664,77
33657492,17
37078868,..
16130958,70
77713695,32
16218090,27
23544320,101
49136871,..
20855811,15
53923398,25
74560191,..
47844862,56
72984079,16
52048443,..
61674097,..
32550660,118
93488613,..
45600034,..
59599256,94
26957025,140
90509211,..
11953769,..
50393060,10
95340745,..
54004368,65
31975673,42
82251333,20
63931325,..
57391913,21
46148350,18
50133877,28
74919147,25
24277564,10
44412461,144
18217765,49
49576295,40
49170638,11
25379974,..
88025221,137
18042101,16
56041699,..
70955448,58
46707989,88
61176909,26
21778322,13
62612992,29
94975733,29
56802300,..
15149235,18
13981977,..
67058407,17
15791044,13
64908550,31
77358716,23
92192566,..
56886667,113
65421426,82
62394916,..
72071234,51
64693272,..
65833454,13
34988313,89
38880984,54
18686599,12
47559319,11
20752831,16
51023367,..
34739511,10
52690153,..
61004230,..
19464342,..
43609520,..
83474173,11
91487291,..
88445871,32
23424275,35
40386043,..
33685428,..
75082798,..
34637764,17
15077883,..
19647256,14
16361868,..
19586169,..
25679488,12
31279294,..
36782335,10
90551279,19
93062368,..
15414001,55
38311488,32
74148070,..
32671805,33
79606767,..
65136104,..
80327946,42
86385479,..
70923626,..
47550455,..
20620556,..
19560192,..
46660042,..
40810950,27
17849518,..
66132676,26
19741742,..
97270136,10
30530571,12
11673760,20
38400227,13
60209222,19
23350817,..
87262566,..
41844601,15
57397381,11
72022487,..
44417214,10
86158933,12
78287294,21
32705515,17
23306658,..
31740319,22
63035915,53
50821167,..
92814975,..
68748767,..
20984584,..
11608031,14
76007769,18
88894245,..
47884009,24
75340089,..
31796890,..
69471748,21
60424371,21
37054246,..
18711877,..
28025244,..
16493131,..
48304166,..
68597767,..
38048202,12
40575001,..
12496135,..
42060237,..
56653353,48
31998226,..
24397215,44
30677562,28
79845033,..
21627442,55
16931486,..
19306558,..
37912396,..
29159460,..
89630851,13
69302313,..
27079521,..
14853321,..
92949043,12
71969230,..
61720981,..
16496466,..
62300682,19
61175914,..
61197669,..
37316242,22
54599691,..
27106031,..
63931325,..
57391913,11
70803636,13
14799321,25
16720048,39
31380193,..
92816527,..
15149235,..
82160887,..
15933512,31
12198363,..
18072172,..
85188855,..
39528347,..
53279140,10
56187883,..
51023367,..
68229719,52
71262305,15
55795961,..
84947634,..
48009865,24
82840198,41
19464342,..
60743463,..
97968599,31
42218661,11
74434644,77
36263479,152
19150273,11
53400472,..
97758137,13
26334561,66
40386043,47
59483268,19
32879845,13
88573795,..
20595770,80
82814120,34
45164827,30
10924758,16
34153869,21
17846181,10
75082798,40
23555409,59
72266906,106
34637764,..
19912478,63
15077883,15
48434184,19
51138448,33
93939982,38
25720752,33
55155562,27
31533003,28
16361868,..
19981611,..
19586169,14
24273261,13
59455288,..
25679488,41
35063170,..
31279294,..
36782335,71
20666515,26
21648755,82
11111710,12
49616977,22
54965510,131
54164490,25
20319353,43
92194545,63
64740897,..
78979604,..
85068812,10
78397312,64
36444853,27
89837629,44
12994441,17
88774402,58
75141151,35
28627819,103
26627862,17
48847282,90
72517762,..
38684438,51
31251822,105
90099336,..
69983740,38
12052268,48
71597051,60
40690520,63
97382366,25
10638939,23
21052710,55
88834120,57
19207279,77
53640774,23
72127035,19
68734112,32
92507006,72
44653962,23
50198492,143
16313848,145
11294673,15
86327236,..
41745951,67
83137205,24
28398531,..
66335258,16
54172830,20
75458014,17
65136104,..
56330385,16
20228162,48
53462953,87
60730660,31
82592568,32
86385479,..
49862313,50
99838438,..
42859669,76
99592025,64
34247736,43
76877530,..
47046103,..
58125096,26
82914148,..
20620556,11
17173461,..
30468157,31
66861851,126
92858957,78
44113417,40
67783774,..
39555838,..
85214294,13
82084961,16
73829818,54
18881773,..
78295411,78
12279302,22
50500028,56
18091973,25
88466776,18
40634612,24
37358234,13
21008461,58
53893730,109
42573391,..
64574972,24
45830583,..
48931433,49
30530571,104
78839208,41
30458073,..
68920727,20
27115998,28
79516949,14
96684210,125
87207941,26
23836342,39
12395564,27
39149668,17
48722826,18
40766349,22
67554405,58
73944169,56
94455820,..
62104139,52
78872213,20
58191646,94
63179610,23
64569393,10
48217580,28
57397381,37
72022487,30
71512894,12
28248021,24
44417214,20
25025681,55
71043974,77
57777751,..
61161774,65
75914181,24
99279503,16
63653488,..
25392789,115
69240218,36
38460895,18
31199511,70
43313366,43
37550979,..
70137084,26
23306658,18
11102578,37
17944628,97
94090461,21
64648904,24
75939593,104
26324896,13
56639389,115
95700485,20
53896162,201
17779637,34
71929526,..
60873719,17
28085125,16
21938183,42
69063711,..
77609073,..
35894996,21
12926770,17
68748767,16
23548714,20
48593439,26
91773491,25
30361243,75
25596917,55
65722876,79
65381163,93
31155312,33
84424083,73
78231062,123
10481541,48
68381790,24
13006857,52
16956086,28
58187973,..
31870541,18
44672598,25
31822012,32
99356671,..
16702464,..
29449669,20
62855448,25
91812793,182
58907711,58
68285560,59
58544422,83
69471748,24
49750031,50
93239262,17
75575321,38
28023078,16
24194577,..
57690933,67
12130801,22
95785055,57
68741484,71
37054246,14
72421673,40
15763669,..
59655752,20
41555549,22
85459854,47
67071618,..
75324351,..
61229217,17
18617410,58
40338843,29
14292382,17
87859089,18
98908403,63
16493131,29
83272868,27
11526364,34
45552626,18
16748680,24
92332557,17
78690637,62
30279258,83
76903284,26
49141105,25
18974693,119
26996566,..
69747871,..
31151740,21
79346084,66
89816391,41
43565270,38
77176811,77
52791537,67
52942981,85
48120273,28
94167577,26
27023528,16
53903798,19
97770837,45
69650864,30
59581397,24
41938272,43
29423248,81
33132452,35
70811222,..
17911161,35
35084976,..
77632411,28
49068301,19
59898194,19
38195284,53
97510495,52
89461767,29
94717858,29
36288955,62
74812809,30
88839172,32
48412612,70
75075402,61
26326048,44
37839488,55
59796774,..
17675502,10
75600007,37
73812226,20
88955893,98
63943560,16
85516596,17
16784385,27
89963319,..
24339566,59
65458415,..
95154882,..
28519815,26
69543519,..
24759907,55
31315191,32
42775003,89
48555205,62
32116280,..
57143976,77
53175499,..
64388538,102
52153758,31
22116645,..
99755443,84
30167976,..
50104466,..
28004794,..
32071849,36
79845033,36
41099519,22
59386837,..
21382451,31
36769815,..
43873969,55
35301145,80
59942080,14
66273269,16
11275959,..
58518163,13
37912396,13
45593337,17
19839859,..
30615080,38
25178582,14
23476801,..
56041144,41
74322969,15
90260899,19
31057219,11
27079521,19
64579522,17
34381901,21
55150847,..
90076461,74
53069733,13
95368476,49
76448076,..
86488203,55
25156286,18
28081446,36
92949043,40
91048178,15
82718660,..
12399380,..
31486865,87
97265732,53
61720981,30
50424828,..
47393891,75
48414975,17
47108751,..
33657492,28
82195565,82
77713695,23
64667996,36
23544320,35
69040241,..
63993414,..
20855811,34
53923398,43
74560191,..
47844862,80
72984079,33
36480690,19
32995170,23
52048443,..
61674097,53
32550660,107
93488613,15
45600034,..
59599256,99
26957025,94
90509211,19
50393060,23
85788659,13
95340745,..
59521477,..
92442684,12
54599691,61
31975673,84
99864908,33
63931325,..
57391913,33
46148350,13
49868916,33
74919147,13
78389879,13
24277564,..
44412461,123
36355200,53
70803636,57
77712952,40
10433896,37
49170638,18
46379730,24
25379974,11
88025221,167
18042101,19
56041699,..
45111086,15
70955448,67
67924816,111
56084099,..
13960635,79
61176909,32
21778322,24
85485803,59
88429477,43
56802300,10
15149235,17
24538846,16
67058407,18
15791044,12
65392939,49
77358716,41
49739986,40
92192566,33
56886667,104
64648566,14
65421426,66
62394916,24
72071234,32
15933512,136
64693272,..
18072172,..
65833454,10
28045567,84
18686599,26
93779220,114
80785976,14
47559319,11
56187883,12
20752831,26
51023367,..
52690153,..
36782335,..
96279444,17
19560192,..
31657916,..
85800840,12
20061769,12
77358716,18
18345915,50
71262305,16
55795961,..
48009865,28
18208087,16
60743463,..
32960825,38
91748148,27
42022406,19
65192707,50
69018222,28
12889940,108
40386043,29
21663998,16
88259298,20
17846181,..
75082798,52
23555409,21
30341162,16
16950252,97
15077883,..
48434184,..
56421429,34
17008320,36
25720752,11
55155562,17
23164911,56
36680097,..
95683850,65
89888648,47
35063170,12
31279294,..
36782335,26
23897040,..
37906565,..
90551279,102
69686851,..
85068812,..
16819383,12
89837629,18
72517762,..
79094701,92
66491596,27
12052268,12
53231578,66
96279444,55
40690520,33
35006050,47
21052710,65
58502307,16
97177328,32
70969714,29
81993306,63
47264019,33
16313848,80
86327236,..
28398531,15
79033948,22
68240485,58
78875918,60
86385479,..
49862313,..
99838438,34
42859669,22
99592025,45
47550455,25
58125096,29
30468157,28
72206824,53
92858957,60
44113417,26
39555838,..
82084961,35
46162400,17
67279263,123
18594470,61
40667807,..
88466776,..
40634612,..
14508922,88
29032715,29
19909435,29
96024712,42
27115998,11
41867682,16
79516949,21
46574937,172
39805497,30
81619482,10
90006712,..
39149668,..
48722826,13
53691739,14
43251309,11
87034307,37
78872213,..
80405898,62
51620045,42
86888278,11
56947954,27
72022487,27
71512894,15
28248021,..
44417214,14
88776535,40
71043974,14
89807183,50
39302565,14
79527481,134
69240218,..
86787111,28
77823650,..
82002016,24
97535124,34
69306209,14
12954099,69
90473340,13
51449748,27
12613085,24
53896162,167
66824652,20
49168016,23
60873719,12
69063711,..
77609073,..
52129378,34
65381163,69
68381790,..
13006857,16
16956086,29
31870541,20
44672598,19
83161201,33
16702464,..
29449669,29
36252055,90
14355031,12
53832505,41
69471748,..
43284031,30
26267406,..
51955293,27
51736304,11
44285075,..
68655578,31
37054246,..
39199869,31
88750078,15
41555549,11
81876614,26
67071618,13
75324351,..
59575030,57
77440824,22
51981332,22
87859089,..
98908403,22
16493131,15
11526364,19
38048202,83
26671095,23
65320354,61
76903284,17
15870428,24
26750052,91
12546590,43
54117171,51
94167577,43
27023528,24
17911161,12
35084976,..
49068301,16
94717858,32
46256929,45
73812226,15
15390992,146
63943560,15
78433202,59
31313926,52
30312720,29
32116280,29
57143976,30
93367005,57
50104466,..
79845033,14
41099519,..
59386837,..
17276047,26
48244956,22
13084253,76
58518163,10
27993549,15
37912396,..
45593337,31
67628478,65
37517404,..
25178582,13
86351879,..
74322969,..
90260899,..
31057219,13
27079521,12
64579522,..
53069733,12
99394620,17
31537066,15
21400668,15
84329061,68
91048178,12
31486865,13
97265732,27
61720981,99
82931004,..
28829503,90
33657492,36
33596572,74
57668673,10
20855811,23
53923398,18
72984079,39
36480690,15
52048443,34
50393060,11
95340745,..
59521477,..
66095163,21
54004368,59
31975673,20
59463950,38
63931325,..
75374280,20
46148350,..
50133877,39
44412461,26
18217765,29
66028861,88
10433896,26
43154449,11
68824244,62
43479922,22
28391147,68
62612992,36
94975733,..
56802300,..
15149235,..
13981977,..
67058407,..
15791044,..
65392939,56
29225010,16
24349146,129
83605345,..
64693272,..
18072172,..
20768651,48
28872974,74
80785976,..
21532545,..
20752831,13
34739511,16
68824244,..
68564903,12
88445871,14
98132436,21
59483268,..
12154972,14
59734510,..
59455288,..
89888648,..
36782335,..
20666515,..
90551279,14
93062368,..
90267145,..
16819383,10
51321260,37
88556189,..
31843016,..
87764775,..
16313848,..
65136104,..
69241230,..
80327946,22
86385479,..
42859669,22
92905347,10
30329172,..
19560192,..
82084961,14
73829818,16
14508922,..
19741742,..
19909435,16
85800840,..
39583059,14
38645259,..
38400227,17
86473502,..
73567152,13
23457902,..
72022487,..
44417214,..
86724994,..
78287294,..
81551726,..
76195214,..
82826083,12
26167236,..
63035915,26
17119840,11
20984584,..
25648215,..
68006362,26
86762103,..
58187973,..
88894245,..
22220001,..
72891848,..
48862305,25
26267406,..
53180719,..
15609112,13
62216381,..
85459854,13
41697930,26
78690637,..
97835550,..
42911621,12
42060237,..
14926020,19
31998226,..
79829846,42
41631104,..
16931486,..
19839859,..
43601850,..
96414537,..
99394620,..
84329061,12
65265211,..
61647360,..
45541222,11
91905819,..
54882637,..
72984079,17
69865450,..
49872493,..
54467211,10
82251333,..
34002355,10
10342448,10
60088179,16
90290154,11
18691102,..
24349146,21
47692481,..
18072172,..
29744774,..
32239920,..
68229719,10
84947634,..
68564903,17
82840198,..
32960825,12
83474173,13
74434644,18
93281974,34
23424275,..
19150273,..
26334561,19
59483268,..
73098153,12
17846181,..
75082798,..
34637764,34
15077883,..
48434184,..
88850910,15
25720752,20
31533003,..
31429031,17
19586169,..
95683850,17
59455288,..
25677996,..
36782335,14
37906565,..
90551279,18
90267145,..
72998905,17
96590873,85
88556189,10
72127035,..
85003442,23
44653962,22
87764775,..
48438396,41
32671805,..
16313848,21
11294673,..
66335258,10
78875918,26
78023197,27
70923626,10
92905347,..
34247736,21
38167912,10
19560192,..
46660042,27
85214294,..
40037982,45
12279302,25
40667807,10
80762863,18
31657916,..
64574972,13
48931433,27
96024712,..
40829056,..
38645259,..
11673760,20
63791419,44
46145886,..
27041885,15
97596286,34
67554405,29
86473502,..
84286698,..
76860623,21
57397381,15
72022487,12
28248021,..
44417214,..
14102256,29
75914181,17
99279503,46
76195214,11
21901328,19
23306658,..
31740319,15
69807202,52
63035915,23
32042066,13
92814975,..
35894996,26
20984584,..
25648215,12
68006362,52
13006857,14
16956086,16
71160225,..
75340089,..
36670439,14
22220001,..
99356671,14
16702464,..
72891848,..
71541108,18
28023078,17
13963517,..
51955293,12
12130801,..
53180719,12
68741484,..
31179045,25
41555549,..
18711877,11
75324351,..
70376604,24
14292382,..
16493131,22
48304166,..
65674821,12
38048202,46
87303004,11
97835550,..
26508763,21
14504503,..
16198647,72
12496135,..
76903284,13
68649663,37
81997762,..
42060237,..
53903798,14
97770837,18
33132452,24
59898194,..
95618280,55
65458415,..
16501673,..
59386837,..
16931486,..
32321364,11
27993549,..
37912396,..
90312942,10
19839859,..
29159460,..
43601850,..
14586562,..
69302313,11
31057219,12
64579522,..
34381901,..
96414537,..
31537066,10
84329061,20
71969230,..
61720981,13
50424828,42
65265211,..
97191332,29
33657492,..
17812651,21
22239675,21
59599256,31
49872493,..
11953769,..
50393060,..
95340745,..
92442684,34
54599691,11
54467211,..
99864908,16
63931325,..
46148350,..
49868916,19
84908877,..
24277564,..
36355200,16
77835341,12
77712952,20
56041699,16
90685868,10
60088179,25
21778322,19
90290154,..
25847233,21
16848652,..
56802300,..
77379848,..
67422309,..
15791044,..
65421426,36
12198363,..
47692481,..
64693272,..
89690587,28
87112995,28
51023367,..
52690153,..
38683336,10
