skolkod,andel_minst_e_sam1
93221031,"94,4"
17474377,"94,4"
74776778,"100,0"
18345915,"97,7"
68229719,"100,0"
61004230,"96,7"
71262305,"100,0"
55795961,"100,0"
84947634,"100,0"
23517336,"100,0"
48009865,"98,3"
97870412,"95,2"
68564903,"100,0"
82840198,"98,6"
18208087,"98,6"
89982804,"100,0"
19464342,"100,0"
60743463,"100,0"
32960825,"97,3"
43609520,"100,0"
41416934,"90,3"
97968599,"100,0"
21567982,"100,0"
91748148,"98,9"
49379603,..
80167319,..
42218661,"93,9"
73171934,..
83474173,"80,4"
91487291,..
21866405,"97,4"
74434644,"96,6"
42022406,"96,3"
88445871,"93,2"
65192707,"100,0"
18425335,"95,2"
93281974,"93,3"
23424275,"98,3"
43634528,"100,0"
36263479,"100,0"
56679384,"96,2"
30538202,"100,0"
19150273,"93,3"
69018222,"98,7"
25624692,"84,2"
88534520,"93,8"
12889940,"100,0"
16554575,"100,0"
34076477,"99,3"
54896448,"100,0"
25356960,"73,0"
64284020,"91,5"
98132436,"89,6"
53400472,"100,0"
60096875,"88,5"
97758137,"95,0"
26334561,"99,5"
40386043,"95,5"
29324709,"100,0"
26864271,"88,2"
59483268,"100,0"
33685428,"100,0"
32879845,"100,0"
88573795,"100,0"
20699742,"100,0"
21663998,"96,3"
20595770,"99,0"
82814120,"96,7"
45164827,"100,0"
10924758,"100,0"
34153869,"100,0"
88259298,"100,0"
73098153,"100,0"
44240250,"94,6"
17846181,"100,0"
75082798,"95,4"
23555409,"100,0"
91333138,"92,3"
30341162,"100,0"
39936461,"100,0"
72266906,"96,1"
27030026,"99,0"
12154972,"82,1"
16950252,"100,0"
34637764,"96,0"
19912478,"97,2"
73255276,"100,0"
15077883,"92,8"
48434184,"91,7"
58724424,"100,0"
95684185,"98,5"
51138448,"100,0"
19647256,"100,0"
56421429,"100,0"
39911065,"96,8"
17008320,"100,0"
56737496,"98,7"
88850910,"93,3"
93939982,"96,3"
25720752,"100,0"
55155562,"95,2"
31533003,"100,0"
31429031,"100,0"
16361868,..
23164911,"99,2"
24008049,"100,0"
19981611,"100,0"
54481243,"100,0"
36680097,"76,5"
87756916,"94,7"
59734510,"94,1"
19586169,"86,8"
24273261,"100,0"
95683850,"99,2"
59455288,"100,0"
82163292,"94,4"
25679488,"94,3"
25677996,"96,2"
89888648,"92,8"
90003262,"100,0"
88163512,"81,8"
35063170,"100,0"
31279294,"97,7"
36782335,"97,8"
23897040,..
20666515,"100,0"
37906565,"100,0"
67279303,"97,8"
21648755,"95,3"
11111710,"92,3"
90551279,"93,3"
93062368,"68,8"
69686851,"97,3"
49616977,"100,0"
54965510,"99,3"
90267145,"100,0"
72998905,"92,3"
84835666,"90,9"
25872338,..
54164490,"92,0"
69481650,"94,7"
20319353,"95,6"
92194545,"98,4"
88153340,"87,5"
94353434,"77,2"
59396229,"90,9"
95165649,"100,0"
64740897,..
78979604,..
69626109,"93,0"
10974852,..
85068812,"75,8"
78397312,"99,5"
36444853,"94,6"
15414001,"87,3"
38311488,"96,9"
16819383,"98,2"
89837629,"100,0"
12994441,"96,9"
53660780,"99,0"
88774402,"100,0"
75141151,"98,8"
61701709,"100,0"
61469192,"96,8"
84306392,"100,0"
28627819,"100,0"
30086854,"100,0"
26627862,"97,9"
48847282,"97,8"
72517762,"92,3"
79094701,"100,0"
38684438,"94,4"
31251822,"95,2"
90099336,..
96590873,"95,3"
35647481,"94,6"
39549479,"96,4"
73147554,"100,0"
65752105,..
69983740,"100,0"
66491596,"100,0"
12052268,"96,3"
71597051,"100,0"
53231578,"100,0"
11274830,"88,9"
51321260,"87,9"
96279444,"97,2"
40690520,"100,0"
61880907,"97,6"
91011325,"93,3"
97382366,"94,9"
35006050,"96,4"
88886610,"92,6"
10638939,"83,6"
21505555,"99,2"
34336190,"100,0"
21052710,"100,0"
88556189,"38,8"
35236491,"98,4"
69739484,"93,0"
92887917,"97,4"
88834120,"100,0"
70066748,"97,4"
19207279,"100,0"
53640774,"99,2"
58502307,"96,7"
97177328,"98,0"
72127035,"100,0"
70969714,"100,0"
85003442,"100,0"
22752398,"92,5"
68734112,"100,0"
71922787,"98,1"
31843016,"97,1"
74148070,"100,0"
50696507,"100,0"
92507006,"99,0"
44653962,"95,5"
20100577,"100,0"
81993306,"98,9"
19051089,"100,0"
29097621,"85,5"
47264019,"98,4"
87764775,"94,4"
50198492,"100,0"
48438396,"82,9"
98052678,"96,4"
20099064,"93,8"
44341171,"82,8"
32671805,"95,7"
38448056,"100,0"
16313848,"90,4"
79606767,"98,5"
11294673,"98,1"
86327236,"98,4"
41745951,"100,0"
83137205,"100,0"
28398531,"80,8"
66335258,"96,1"
54172830,"96,6"
86310217,"78,6"
83085136,"98,1"
75458014,"100,0"
65136104,"88,2"
61826221,.
79033948,"95,4"
56330385,"88,5"
20228162,"100,0"
68240485,"100,0"
95046058,"100,0"
44392995,"91,8"
53462953,"98,4"
69241230,"95,7"
60730660,"100,0"
85544331,"100,0"
80327946,"93,8"
82592568,"100,0"
78875918,"98,6"
78023197,"97,8"
86385479,"100,0"
40991561,..
49862313,"98,1"
99838438,"98,6"
42859669,"97,6"
70923626,"82,5"
92905347,"93,5"
99592025,"99,6"
34247736,"99,2"
47550455,"90,7"
30329172,"100,0"
76877530,"94,1"
47046103,"98,0"
56664512,..
38167912,"100,0"
43826783,..
58125096,"97,6"
82914148,"100,0"
20620556,"100,0"
77839100,..
17173461,"100,0"
55535552,..
19560192,"96,2"
30468157,"100,0"
98053087,"95,9"
92533079,"100,0"
61528940,"100,0"
23681822,"100,0"
66861851,"100,0"
72206824,"100,0"
92858957,"98,2"
46660042,"86,7"
86296935,..
44113417,"97,7"
67783774,..
38917647,..
21363125,..
39555838,"100,0"
85214294,"92,9"
82084961,"97,3"
46162400,"95,6"
98369689,"77,4"
56529916,"86,7"
40810950,"88,9"
67279263,"97,6"
40037982,"84,4"
51210136,"97,5"
73829818,"98,5"
54395430,.
18881773,"100,0"
50908408,"100,0"
18594470,"98,9"
78295411,"98,7"
80686587,"98,0"
72232853,"100,0"
12279302,"98,9"
17849518,"100,0"
64205087,"99,3"
50500028,"100,0"
94570025,"95,8"
91984508,"100,0"
78659008,"86,1"
12448823,..
40667807,"96,8"
18091973,"97,7"
88466776,"100,0"
36539945,..
40634612,"98,2"
62439199,"95,0"
66132676,"98,9"
57942242,"97,4"
80762863,"91,4"
77688926,"100,0"
14508922,"100,0"
69629086,"96,5"
88624631,"100,0"
35390185,..
37358234,"100,0"
31657916,..
21008461,"100,0"
54606928,"99,0"
53893730,"100,0"
46241804,"100,0"
42573391,"100,0"
64574972,"96,9"
19741742,"93,4"
29032715,"97,8"
45830583,"100,0"
48931433,"100,0"
97270136,"96,6"
19909435,"100,0"
30530571,"98,6"
78839208,"100,0"
96024712,"100,0"
30458073,..
40829056,"100,0"
85800840,"100,0"
68920727,"100,0"
27115998,"99,4"
41867682,"92,3"
79516949,"100,0"
65662401,"100,0"
39583059,"91,3"
38645259,"96,9"
96684210,"98,3"
87207941,"100,0"
11673760,"95,3"
46574937,"96,6"
23836342,"100,0"
63791419,"92,6"
39805497,"91,7"
38400227,"99,0"
81619482,"100,0"
83829189,"85,4"
46145886,"100,0"
12395564,"100,0"
90006712,"100,0"
43649848,"100,0"
75344502,"95,0"
84247499,"95,9"
27041885,"100,0"
39149668,"98,6"
97064126,..
32580162,"95,7"
38233622,"100,0"
48722826,"98,3"
73063662,"96,8"
40766349,"100,0"
71571158,"90,6"
53691739,"100,0"
43251309,"100,0"
97596286,"92,9"
67554405,"99,4"
86473502,"100,0"
73944169,"100,0"
98239050,"100,0"
94455820,..
58368956,"88,1"
73567152,"94,3"
61547652,"100,0"
60209222,"98,3"
62104139,"100,0"
87034307,"96,6"
78872213,"100,0"
84286698,"92,3"
62490359,"92,3"
64725297,"75,9"
43362941,"87,0"
23350817,"100,0"
76860623,"100,0"
58191646,"98,9"
80405898,"100,0"
56021320,"100,0"
41358402,"92,0"
63179610,"100,0"
64569393,"97,7"
87262566,"73,2"
64160122,"100,0"
48217580,"97,9"
41844601,"98,3"
51620045,"94,9"
86888278,"100,0"
23457902,"100,0"
27597104,"100,0"
57397381,"96,2"
56947954,"99,4"
72022487,"96,9"
71512894,"96,8"
70969556,"95,0"
28248021,"89,6"
44417214,"99,2"
25025681,"97,1"
88776535,"98,8"
49488344,"92,7"
74408578,"93,8"
71043974,"98,9"
57777751,..
38732602,"100,0"
89807183,"100,0"
86724994,"97,6"
61161774,"99,3"
86158933,"94,7"
14102256,"100,0"
75082280,"92,9"
75914181,"90,3"
39302565,"100,0"
96818167,"100,0"
36072799,"96,2"
61432781,"95,8"
78287294,"100,0"
74316305,"94,3"
39096170,"94,1"
79527481,"96,3"
67300857,"100,0"
99279503,"92,9"
63653488,..
84476205,"100,0"
24544503,"97,4"
25392789,"100,0"
72109637,..
69240218,"97,7"
14057258,"100,0"
38460895,"100,0"
31199511,"98,7"
12934438,"99,5"
43313366,"100,0"
86787111,"100,0"
97868185,"100,0"
81551726,"66,7"
77823650,"100,0"
37550979,"100,0"
52634142,"83,9"
76195214,"98,5"
54839753,..
32705515,"100,0"
60214465,"100,0"
70137084,"98,9"
82002016,"97,0"
21901328,"100,0"
23306658,"99,2"
57350392,..
97535124,"100,0"
11102578,"99,0"
69306209,"100,0"
92651253,"85,7"
31740319,"97,3"
10129345,"100,0"
17944628,"100,0"
82826083,"90,6"
94468610,"97,3"
94090461,"98,9"
12954099,"100,0"
80931789,"95,3"
84098842,"100,0"
90473340,"87,1"
26167236,"92,9"
69807202,"97,3"
64648904,"98,0"
75939593,"99,4"
63035915,"86,1"
26324896,"100,0"
56639389,"100,0"
95700485,"100,0"
51449748,"100,0"
28267726,"94,0"
28848709,"80,0"
12613085,"100,0"
53896162,"98,6"
17779637,"100,0"
11185244,"82,9"
56211717,"95,0"
66824652,"91,5"
49168016,"100,0"
32042066,"92,3"
50821167,"100,0"
71929526,"100,0"
92814975,"100,0"
60873719,"98,8"
28085125,"100,0"
28770304,"89,2"
21938183,"100,0"
78986228,.
71472793,"100,0"
64123241,"100,0"
69063711,"100,0"
77609073,"88,5"
35894996,"100,0"
12926770,"100,0"
17119840,"90,9"
68748767,"85,1"
23548714,"95,2"
48593439,"100,0"
91773491,"100,0"
30361243,"100,0"
25596917,"96,9"
65722876,"97,2"
20984584,"73,7"
52129378,"98,6"
65381163,"91,4"
98541468,"83,3"
31155312,"90,0"
25648215,"91,7"
61823258,"95,8"
84424083,"99,5"
39178171,"100,0"
49231191,"91,5"
78231062,"100,0"
79994304,..
10481541,"98,4"
68006362,"96,7"
11608031,"88,2"
86762103,"89,3"
68381790,"98,8"
13006857,"97,5"
76007769,"79,5"
16956086,"96,5"
58187973,"100,0"
88894245,"95,2"
31870541,"100,0"
71160225,"100,0"
67752682,"97,9"
47884009,"83,9"
44672598,"99,3"
75340089,"100,0"
36670439,"92,3"
22220001,"86,4"
31822012,"98,9"
83161201,"100,0"
15100079,..
55421481,..
99356671,"100,0"
16702464,"91,3"
71353314,..
29449669,"98,1"
62855448,"100,0"
36252055,"98,6"
91812793,"99,4"
14355031,"100,0"
72891848,"85,7"
46611859,"97,2"
58907711,"100,0"
68285560,"100,0"
58544422,"100,0"
65150019,"100,0"
31796890,..
22426680,"100,0"
83805032,"96,6"
48862305,"81,5"
32887559,"91,3"
71541108,"97,5"
53832505,"97,6"
47537928,"100,0"
69471748,"94,8"
49750031,"100,0"
76485705,"100,0"
93239262,"100,0"
25745773,"100,0"
99976753,"100,0"
14278480,"91,7"
75575321,"100,0"
28023078,"86,2"
43284031,"96,4"
13963517,"100,0"
24194577,..
26267406,"91,7"
31255918,"92,6"
51955293,"96,8"
57690933,"98,9"
35035671,"70,6"
12130801,"100,0"
51736304,"100,0"
53180719,"97,3"
27489137,"100,0"
15609112,"100,0"
44285075,"97,1"
60424371,"97,1"
95785055,"100,0"
68655578,"88,0"
17062663,"98,2"
68741484,"100,0"
56267421,"100,0"
34990065,"92,9"
37054246,"97,2"
39199869,"98,4"
62216381,"93,9"
31179045,"91,7"
72421673,"96,6"
15763669,..
59655752,"100,0"
88750078,"91,8"
41878314,..
41555549,"100,0"
32003298,"100,0"
22383788,"95,7"
85459854,"96,1"
81876614,"100,0"
18711877,"96,2"
67071618,"100,0"
75324351,"100,0"
61229217,"95,8"
58929357,"100,0"
42517257,"90,6"
70376604,"92,4"
59575030,"100,0"
93503103,"90,9"
18617410,"98,6"
41697930,"97,6"
28025244,"100,0"
17184072,"100,0"
40338843,"100,0"
77440824,"100,0"
71069359,"100,0"
86896907,"96,8"
14292382,"98,2"
51981332,"100,0"
87859089,"98,3"
54764253,"100,0"
98908403,"94,9"
16493131,"99,1"
41119610,"98,2"
83272868,"100,0"
11526364,"100,0"
48304166,"76,6"
24982097,"100,0"
45552626,"97,9"
50906954,.
97104132,"100,0"
16748680,"100,0"
68597767,"100,0"
27964873,"91,7"
30706655,"72,5"
65674821,"100,0"
92332557,"98,8"
46332927,"100,0"
78690637,"96,4"
24653673,"85,7"
38048202,"97,3"
90990441,"93,8"
86319615,"100,0"
87303004,"100,0"
97835550,"95,5"
22446331,"89,2"
26671095,"91,8"
42911621,"93,8"
40575001,"93,0"
75027822,"100,0"
26508763,"94,8"
14504503,"100,0"
21850904,"100,0"
65320354,"100,0"
77544055,"100,0"
49112879,"96,0"
30279258,"100,0"
16198647,"100,0"
12496135,"100,0"
76903284,"100,0"
68649663,"91,9"
43623146,..
49141105,"98,1"
15870428,"89,8"
26646080,"100,0"
26750052,"100,0"
18974693,"100,0"
26996566,"100,0"
27704246,"99,4"
81997762,"98,4"
28967085,..
69747871,..
70119254,..
31151740,"100,0"
79346084,"99,5"
34222422,"100,0"
84230226,..
42060237,"84,1"
89816391,"93,5"
14448619,"99,1"
12546590,"100,0"
43565270,"98,1"
77176811,"100,0"
52791537,"99,2"
85152591,"100,0"
85819857,"99,2"
40600798,"100,0"
52942981,"100,0"
54117171,"100,0"
48120273,"100,0"
33233228,..
94167577,"90,1"
27023528,"92,6"
53903798,"97,5"
85782695,"92,3"
98815582,"92,0"
97770837,"99,1"
21312503,"97,4"
69650864,"100,0"
59581397,"100,0"
14926020,"84,2"
41938272,"99,0"
29423248,"99,0"
76054399,"100,0"
33132452,"86,9"
56942970,..
60142020,..
70811222,"100,0"
17911161,"92,8"
35084976,"96,0"
25525759,.
77632411,"99,4"
56653353,"97,9"
49068301,"100,0"
59898194,"100,0"
38195284,"100,0"
97510495,"98,6"
89461767,"100,0"
94717858,"100,0"
53760158,"100,0"
78422467,"93,2"
37802196,..
38683336,"100,0"
36288955,"100,0"
74812809,"100,0"
88839172,"100,0"
48412612,"100,0"
95618280,"91,5"
75075402,"96,5"
26326048,"95,8"
37839488,"94,5"
46256929,"100,0"
83374651,"100,0"
59796774,"100,0"
17675502,"100,0"
75600007,"100,0"
73812226,"93,3"
30762346,..
82964090,"100,0"
88955893,"100,0"
15278518,"95,8"
15390992,"100,0"
63943560,"100,0"
85516596,"97,2"
31998226,..
38236800,"95,8"
16784385,"98,8"
59026584,"94,7"
79829846,"92,9"
89963319,..
24339566,"99,4"
20061769,"100,0"
65458415,..
95154882,..
52333875,"89,8"
24663703,..
28519815,"94,3"
65666808,"91,2"
69543519,"88,9"
24397215,"95,5"
30677562,"96,3"
85054102,"76,2"
87274273,"100,0"
89693952,.
24759907,"85,8"
78433202,"98,3"
41631104,"87,5"
35366805,"96,4"
31315191,"100,0"
80357110,"91,3"
42775003,"100,0"
56670842,"100,0"
89370947,"100,0"
18451445,..
48555205,"99,6"
31313926,"96,6"
30312720,"100,0"
32116280,"100,0"
57143976,"100,0"
93367005,"98,9"
53175499,"100,0"
64388538,"98,9"
52153758,"100,0"
16501673,"100,0"
26298615,"95,7"
22116645,"99,0"
99755443,"100,0"
30167976,"100,0"
50104466,"95,0"
28004794,..
32071849,"100,0"
79845033,"95,3"
41099519,"93,3"
59386837,"97,3"
21627442,"98,2"
17276047,"98,1"
73217812,"89,5"
21382451,"100,0"
48244956,"100,0"
36769815,"100,0"
16931486,"100,0"
92489953,"100,0"
43873969,"98,1"
55825382,"96,1"
19306558,"100,0"
35301145,"100,0"
24993048,"96,0"
70132092,"98,3"
65034473,..
13084253,"93,1"
32321364,"100,0"
59942080,"97,5"
66273269,"97,5"
82888663,"100,0"
11275959,"95,3"
58518163,"100,0"
50615280,"100,0"
19035583,"100,0"
27993549,"91,0"
37912396,"97,7"
45593337,"98,7"
90312942,"98,8"
10226870,"100,0"
19839859,"92,3"
80280597,..
67628478,"100,0"
37517404,"100,0"
29159460,"92,0"
32057701,"100,0"
43601850,"93,9"
30615080,"96,6"
89630851,"100,0"
25178582,"97,1"
70543431,"100,0"
23476801,..
86351879,"98,9"
56041144,"100,0"
14586562,..
74322969,"92,9"
90260899,"97,2"
69302313,"91,3"
31057219,"92,8"
27079521,"99,0"
33572033,"95,8"
64579522,"98,4"
65234368,"100,0"
34381901,"100,0"
55150847,"99,0"
90076461,"100,0"
96414537,"93,5"
53069733,"98,0"
99394620,"100,0"
95368476,"100,0"
14853321,"100,0"
76448076,"98,8"
31537066,"100,0"
86488203,"98,6"
25156286,"94,3"
28081446,"98,9"
21400668,"100,0"
92949043,"98,7"
92818240,"92,7"
84329061,"99,0"
71969230,"76,2"
91048178,"93,0"
82718660,"100,0"
76942525,"92,3"
12399380,"100,0"
31486865,"99,7"
97265732,"100,0"
10373112,..
61720981,"97,9"
25698509,"94,7"
50424828,"99,0"
82931004,"89,3"
83584125,"100,0"
95024660,"100,0"
32263814,"100,0"
16496466,"100,0"
12075195,"100,0"
62300682,"100,0"
47393891,"97,3"
48414975,"100,0"
65265211,"86,2"
11533776,"82,7"
47108751,..
97191332,"100,0"
71938440,"85,7"
28829503,"96,7"
22811839,"93,4"
33205596,"100,0"
99622695,..
19930101,"100,0"
60727136,"100,0"
45132264,"100,0"
61647360,..
98651664,"100,0"
33657492,"96,1"
61622991,"88,9"
66644568,"94,4"
93659517,"100,0"
79309485,"100,0"
61175914,"100,0"
73316818,"100,0"
37078868,..
27859889,"100,0"
16130958,"100,0"
29161632,..
82195565,"98,8"
33596572,"100,0"
45541222,"100,0"
77713695,"100,0"
63451147,"100,0"
51131594,"100,0"
89680395,"92,9"
53696633,"100,0"
27440210,"89,6"
62758285,"95,7"
16218090,"100,0"
61197669,..
64667996,"100,0"
17812651,"100,0"
23544320,"100,0"
57668673,"88,6"
69040241,"100,0"
63993414,"100,0"
49136871,..
91905819,"96,7"
20855811,"94,6"
54882637,"93,8"
53923398,"97,9"
74560191,"100,0"
47844862,"99,6"
22239675,"100,0"
72984079,"89,8"
36480690,"97,4"
24787883,"95,2"
32995170,"100,0"
52048443,"100,0"
61674097,"100,0"
32550660,"100,0"
93488613,"100,0"
45600034,"100,0"
59599256,"99,3"
69865450,"74,0"
31112935,"83,3"
26957025,"100,0"
90509211,"99,0"
43277545,"87,5"
37316242,"93,1"
20173336,"89,4"
49872493,"96,6"
39147056,"90,6"
11953769,"100,0"
28646435,"96,0"
50393060,"100,0"
85788659,"93,3"
95340745,"93,9"
59521477,"93,0"
92442684,"100,0"
66095163,"96,1"
38544187,"68,1"
54599691,"98,7"
54004368,"97,4"
54467211,"86,7"
23517683,"94,7"
31975673,"100,0"
82251333,"98,6"
99864908,"100,0"
27106031,"95,8"
59463950,"90,9"
63931325,"97,4"
57391913,"98,7"
75374280,"93,6"
46148350,"92,4"
50133877,"97,2"
49868916,"97,8"
74919147,"100,0"
90240730,"85,7"
84908877,"87,1"
78389879,"100,0"
24277564,"94,3"
88956420,..
44412461,"100,0"
34002355,"89,7"
36355200,"95,3"
96920524,"100,0"
18217765,"100,0"
60919765,..
14677676,"100,0"
96152872,"97,8"
77835341,"100,0"
70803636,"92,4"
49576295,"100,0"
66028861,"100,0"
23797825,"97,3"
45293715,"100,0"
44738639,"75,0"
77712952,"100,0"
92009807,"89,7"
10433896,"98,3"
10342448,"89,1"
43154449,"94,7"
49170638,"100,0"
46379730,"97,4"
25379974,"100,0"
98032567,..
96194948,"92,6"
25955541,"95,8"
88025221,"99,4"
18042101,"100,0"
14799321,"89,7"
56041699,"94,1"
45111086,"100,0"
70955448,"100,0"
68824244,"98,1"
90685868,"100,0"
24501884,"95,3"
46707989,"100,0"
46986216,"92,4"
67924816,"98,2"
92805465,"98,9"
56084099,"100,0"
80711021,"90,3"
17648596,"89,1"
16720048,"92,4"
13960635,"100,0"
39341381,..
61176909,"100,0"
43479922,"100,0"
60088179,"95,1"
28391147,"98,5"
29209307,"96,4"
21778322,"100,0"
31380193,"100,0"
90290154,"100,0"
25847233,"95,8"
62612992,"99,2"
85485803,"95,8"
92816527,"96,5"
16848652,"100,0"
88429477,"100,0"
94975733,"97,0"
56802300,"100,0"
15149235,"100,0"
77379848,"100,0"
13981977,"100,0"
24538846,"100,0"
36886750,"88,9"
67422309,"80,0"
67058407,"94,3"
34421265,"98,4"
15791044,"90,0"
65392939,"99,1"
98696836,"98,2"
82160887,"92,6"
23175129,"94,4"
64908550,"100,0"
77358716,"98,8"
49739986,"98,6"
29225010,"90,2"
92192566,"96,4"
56886667,"99,1"
33249781,"82,7"
64648566,"97,4"
18691102,..
70302356,"100,0"
65421426,"99,7"
62394916,"100,0"
67908927,"95,8"
72071234,"100,0"
24349146,"93,6"
83605345,"100,0"
15933512,"99,3"
12198363,..
47692481,"93,5"
64693272,"100,0"
18072172,"100,0"
65833454,"100,0"
85188855,"95,7"
11341077,"96,8"
39528347,"91,7"
34988313,"100,0"
85473846,"100,0"
29744774,..
89690587,"89,4"
28045567,"100,0"
20768651,"96,5"
32239920,"96,9"
98781765,"97,1"
38880984,"97,6"
28872974,"100,0"
87112995,"96,4"
18686599,"100,0"
93779220,"100,0"
77797484,"100,0"
53279140,"93,6"
80785976,"96,4"
47559319,"96,1"
21532545,"91,3"
56187883,"82,4"
20752831,"100,0"
51023367,"96,8"
34739511,"100,0"
95069937,"100,0"
52690153,"84,4"
74776778,"100,0"
18345915,"100,0"
68229719,"100,0"
61004230,"95,9"
71262305,"100,0"
55795961,"100,0"
84947634,"100,0"
23517336,"100,0"
48009865,"98,3"
82840198,"100,0"
18208087,"100,0"
89982804,..
19464342,"100,0"
60743463,"100,0"
32960825,"96,7"
43609520,"100,0"
97968599,"100,0"
91748148,"98,9"
42218661,"93,9"
74434644,"100,0"
42022406,"96,4"
65192707,"100,0"
43634528,"100,0"
36263479,"100,0"
56679384,"96,2"
30538202,"100,0"
19150273,"100,0"
69018222,"98,7"
12889940,"100,0"
16554575,.
34076477,"99,3"
54896448,"100,0"
64284020,..
53400472,"100,0"
97758137,"95,0"
26334561,"100,0"
40386043,"96,3"
59483268,"100,0"
33685428,"100,0"
32879845,"100,0"
88573795,..
20699742,"100,0"
21663998,"96,3"
20595770,"99,0"
82814120,"100,0"
45164827,"100,0"
10924758,"100,0"
34153869,"100,0"
88259298,"100,0"
17846181,"100,0"
75082798,"98,7"
23555409,"100,0"
30341162,"100,0"
72266906,"99,1"
27030026,"100,0"
16950252,"100,0"
34637764,"97,3"
19912478,"97,2"
15077883,"95,9"
48434184,"100,0"
58724424,"100,0"
95684185,"98,5"
51138448,"100,0"
56421429,"100,0"
39911065,"96,5"
17008320,"100,0"
56737496,"100,0"
93939982,"100,0"
25720752,"100,0"
55155562,"97,6"
31533003,"100,0"
16361868,..
23164911,"99,2"
24008049,"100,0"
19981611,"100,0"
54481243,"100,0"
36680097,..
19586169,"100,0"
24273261,"100,0"
95683850,"98,5"
59455288,"100,0"
25679488,"100,0"
25677996,"97,1"
89888648,"95,7"
35063170,"100,0"
31279294,"96,2"
36782335,"99,6"
23897040,..
20666515,"100,0"
37906565,..
67279303,..
21648755,"98,3"
11111710,"100,0"
90551279,"95,1"
69686851,..
49616977,"100,0"
54965510,"99,3"
84835666,"90,9"
25872338,..
54164490,"92,0"
20319353,"95,6"
92194545,"98,4"
64740897,..
78979604,..
10974852,..
85068812,"84,0"
78397312,"99,5"
36444853,"96,3"
16819383,"100,0"
89837629,"100,0"
12994441,"98,1"
88774402,"100,0"
75141151,"98,8"
61701709,"100,0"
61469192,"96,8"
84306392,"100,0"
28627819,"100,0"
30086854,.
26627862,"97,9"
48847282,"97,8"
72517762,"92,3"
79094701,"100,0"
38684438,"94,4"
31251822,"95,2"
90099336,..
35647481,"94,6"
39549479,"96,4"
73147554,"100,0"
69983740,"100,0"
66491596,"100,0"
12052268,"96,3"
71597051,"100,0"
53231578,"100,0"
96279444,"96,4"
40690520,"100,0"
91011325,"93,3"
97382366,"94,9"
35006050,"100,0"
10638939,"78,8"
21505555,"99,2"
34336190,"100,0"
21052710,"100,0"
69739484,"93,0"
92887917,"97,4"
88834120,"100,0"
70066748,"97,4"
19207279,"100,0"
53640774,"99,2"
58502307,"100,0"
97177328,"100,0"
72127035,"100,0"
70969714,"100,0"
68734112,"100,0"
71922787,"97,6"
74148070,"100,0"
92507006,"99,0"
44653962,"100,0"
20100577,"100,0"
81993306,"98,4"
19051089,"100,0"
47264019,"98,4"
50198492,"100,0"
98052678,"95,7"
20099064,"93,8"
16313848,"94,3"
79606767,"97,7"
11294673,"100,0"
86327236,"100,0"
41745951,"100,0"
83137205,"100,0"
28398531,"90,9"
66335258,"100,0"
54172830,"98,5"
75458014,"100,0"
65136104,..
61826221,.
79033948,"97,2"
56330385,"100,0"
20228162,"100,0"
68240485,"100,0"
95046058,"100,0"
44392995,"91,7"
53462953,"98,4"
60730660,"100,0"
82592568,"100,0"
78875918,"99,2"
86385479,"100,0"
49862313,"98,1"
99838438,"98,1"
42859669,"100,0"
99592025,"100,0"
34247736,"100,0"
47550455,"98,5"
30329172,"100,0"
76877530,"93,8"
47046103,"100,0"
38167912,"100,0"
43826783,..
58125096,"97,6"
82914148,"100,0"
20620556,"100,0"
77839100,..
17173461,"100,0"
55535552,..
30468157,"100,0"
92533079,"100,0"
61528940,"100,0"
23681822,"100,0"
66861851,"100,0"
72206824,"100,0"
92858957,"98,9"
86296935,..
44113417,"100,0"
67783774,..
39555838,"100,0"
85214294,"100,0"
82084961,"97,9"
46162400,"100,0"
67279263,"97,6"
51210136,"97,5"
73829818,"100,0"
54395430,.
18881773,..
50908408,"100,0"
18594470,"98,9"
78295411,"98,7"
80686587,"100,0"
72232853,"100,0"
12279302,"100,0"
64205087,"99,3"
50500028,"100,0"
91984508,"100,0"
40667807,"100,0"
18091973,"100,0"
88466776,"100,0"
36539945,..
40634612,"97,6"
66132676,"98,4"
57942242,"97,4"
77688926,"100,0"
14508922,"100,0"
37358234,"100,0"
21008461,"100,0"
54606928,"100,0"
53893730,"100,0"
42573391,..
64574972,"95,5"
19741742,"100,0"
29032715,"100,0"
45830583,"100,0"
48931433,"100,0"
19909435,"100,0"
30530571,"100,0"
78839208,"100,0"
96024712,"100,0"
30458073,..
85800840,"100,0"
68920727,"100,0"
27115998,"99,2"
41867682,"87,5"
79516949,"100,0"
96684210,"98,3"
87207941,"100,0"
11673760,"97,4"
46574937,"96,6"
23836342,"100,0"
63791419,"100,0"
39805497,"100,0"
38400227,"100,0"
81619482,"100,0"
12395564,"100,0"
90006712,"100,0"
39149668,"98,6"
38233622,"100,0"
48722826,"98,3"
73063662,"96,8"
40766349,"100,0"
53691739,"100,0"
43251309,"100,0"
67554405,"100,0"
73944169,"100,0"
98239050,"100,0"
94455820,..
61547652,..
62104139,"100,0"
87034307,"96,6"
78872213,"100,0"
76860623,"100,0"
58191646,"98,9"
80405898,"100,0"
56021320,"100,0"
63179610,"100,0"
64569393,"100,0"
64160122,"100,0"
48217580,"97,9"
51620045,"100,0"
86888278,"100,0"
57397381,"96,0"
56947954,"100,0"
72022487,"100,0"
71512894,"96,8"
28248021,"95,7"
44417214,"100,0"
25025681,"96,4"
88776535,"98,8"
49488344,"95,8"
74408578,"98,1"
71043974,"98,9"
57777751,..
38732602,"100,0"
89807183,"100,0"
61161774,"99,3"
86158933,"96,2"
75914181,"86,7"
39302565,"100,0"
96818167,"100,0"
79527481,"96,3"
67300857,"100,0"
99279503,"100,0"
63653488,..
84476205,"100,0"
24544503,"97,4"
25392789,"100,0"
69240218,"100,0"
38460895,"100,0"
31199511,"98,7"
12934438,"99,5"
43313366,"100,0"
86787111,"100,0"
97868185,"100,0"
77823650,..
37550979,"100,0"
60214465,"100,0"
70137084,"100,0"
82002016,"100,0"
23306658,"100,0"
97535124,"100,0"
11102578,"100,0"
69306209,"100,0"
10129345,"100,0"
17944628,"100,0"
94468610,"97,3"
94090461,"100,0"
12954099,"100,0"
80931789,"100,0"
90473340,"83,3"
69807202,"100,0"
64648904,"97,1"
75939593,"99,4"
26324896,"100,0"
56639389,"100,0"
95700485,"100,0"
51449748,"100,0"
28267726,"94,0"
12613085,"100,0"
53896162,"98,6"
17779637,"100,0"
66824652,"96,6"
49168016,"100,0"
71929526,"100,0"
60873719,"98,8"
28085125,"100,0"
21938183,"100,0"
78986228,.
71472793,"100,0"
69063711,"100,0"
77609073,"92,3"
35894996,"100,0"
12926770,"100,0"
68748767,"96,9"
23548714,"95,2"
48593439,"100,0"
91773491,"100,0"
30361243,"100,0"
25596917,"98,2"
65722876,"97,2"
52129378,"100,0"
65381163,"91,4"
31155312,"92,1"
84424083,"99,5"
49231191,"91,5"
78231062,"100,0"
10481541,"98,4"
68381790,"100,0"
13006857,"100,0"
16956086,"99,2"
58187973,"100,0"
88894245,..
31870541,"100,0"
44672598,"100,0"
31822012,"98,9"
83161201,"100,0"
99356671,..
16702464,"100,0"
29449669,"98,1"
62855448,"100,0"
36252055,"99,6"
91812793,"100,0"
14355031,"100,0"
46611859,"97,2"
58907711,"100,0"
68285560,"100,0"
58544422,"100,0"
65150019,"100,0"
71541108,"100,0"
53832505,"97,6"
47537928,"100,0"
69471748,"100,0"
49750031,"100,0"
76485705,"100,0"
93239262,"100,0"
99976753,"100,0"
75575321,"100,0"
28023078,"100,0"
43284031,"96,7"
24194577,..
26267406,..
51955293,"100,0"
57690933,"98,9"
12130801,"100,0"
51736304,"100,0"
44285075,"97,1"
95785055,"100,0"
68655578,"100,0"
68741484,"100,0"
37054246,"100,0"
39199869,"98,3"
31179045,"100,0"
72421673,"100,0"
15763669,..
59655752,"100,0"
88750078,"100,0"
41555549,"100,0"
85459854,"97,0"
81876614,"100,0"
18711877,"100,0"
67071618,"100,0"
75324351,"100,0"
61229217,"97,4"
70376604,"88,1"
59575030,"100,0"
18617410,"98,3"
28025244,"100,0"
40338843,"100,0"
77440824,"100,0"
14292382,"100,0"
51981332,"100,0"
87859089,"100,0"
98908403,"93,9"
16493131,"100,0"
83272868,"100,0"
11526364,"100,0"
45552626,"97,9"
50906954,.
16748680,"100,0"
65674821,"100,0"
92332557,"98,8"
78690637,"98,6"
38048202,"98,6"
90990441,..
26671095,"91,3"
65320354,"100,0"
77544055,"100,0"
49112879,"96,0"
30279258,"100,0"
76903284,"100,0"
43623146,..
49141105,"98,1"
15870428,"95,8"
26646080,"100,0"
26750052,"100,0"
18974693,"100,0"
26996566,"100,0"
27704246,"99,4"
28967085,..
69747871,..
31151740,"100,0"
79346084,"99,3"
89816391,"100,0"
14448619,"100,0"
12546590,"100,0"
43565270,"98,1"
77176811,"100,0"
52791537,"99,2"
85152591,"100,0"
85819857,"99,2"
40600798,"100,0"
52942981,"100,0"
54117171,"100,0"
48120273,"100,0"
33233228,..
94167577,"93,0"
27023528,"100,0"
53903798,"97,4"
97770837,"100,0"
69650864,"100,0"
59581397,"100,0"
41938272,"99,0"
29423248,"99,0"
76054399,"100,0"
33132452,"84,6"
60142020,..
70811222,"100,0"
17911161,"92,8"
35084976,"96,0"
25525759,.
77632411,"99,4"
49068301,"100,0"
59898194,"100,0"
38195284,"100,0"
97510495,"98,3"
89461767,"100,0"
94717858,"100,0"
53760158,"100,0"
78422467,"93,2"
37802196,..
36288955,"100,0"
74812809,"100,0"
88839172,"100,0"
48412612,"100,0"
95618280,"100,0"
75075402,"96,5"
26326048,"95,8"
37839488,"94,5"
46256929,"100,0"
83374651,"100,0"
59796774,"100,0"
17675502,"100,0"
75600007,"100,0"
73812226,"93,3"
30762346,..
82964090,"100,0"
88955893,"100,0"
15278518,"96,3"
15390992,"100,0"
63943560,"100,0"
85516596,"94,7"
16784385,"98,8"
89963319,..
24339566,"99,4"
65458415,..
95154882,..
52333875,"95,4"
24663703,..
28519815,"94,3"
65666808,..
69543519,"88,9"
89693952,.
24759907,"87,5"
78433202,"98,3"
35366805,"96,4"
31315191,"100,0"
42775003,"100,0"
56670842,"100,0"
89370947,"100,0"
48555205,"99,6"
31313926,"96,6"
30312720,"100,0"
32116280,"100,0"
57143976,"100,0"
93367005,"100,0"
53175499,"100,0"
64388538,"98,9"
52153758,"100,0"
22116645,"99,0"
99755443,"100,0"
30167976,"100,0"
50104466,"100,0"
28004794,..
32071849,"100,0"
79845033,"98,3"
41099519,"100,0"
59386837,"100,0"
17276047,"100,0"
21382451,"100,0"
48244956,"100,0"
36769815,..
43873969,"97,9"
55825382,"96,7"
19306558,"100,0"
35301145,"100,0"
24993048,"100,0"
13084253,"98,7"
59942080,"97,2"
66273269,"100,0"
11275959,"94,4"
58518163,"100,0"
27993549,"93,3"
37912396,"100,0"
45593337,"98,7"
10226870,"100,0"
19839859,"100,0"
67628478,"100,0"
37517404,..
32057701,"100,0"
30615080,"96,6"
25178582,"97,1"
70543431,"100,0"
23476801,..
86351879,"100,0"
56041144,"100,0"
74322969,"100,0"
90260899,"98,1"
31057219,"100,0"
27079521,"100,0"
33572033,"95,8"
64579522,"100,0"
34381901,"100,0"
55150847,"99,0"
90076461,"100,0"
53069733,"98,0"
99394620,"100,0"
95368476,"100,0"
14853321,"100,0"
76448076,"100,0"
31537066,"100,0"
86488203,"99,1"
25156286,"100,0"
28081446,"98,9"
21400668,"100,0"
92949043,"100,0"
92818240,"100,0"
84329061,"100,0"
91048178,"96,3"
82718660,"100,0"
12399380,"100,0"
31486865,"99,7"
97265732,"100,0"
61720981,"100,0"
50424828,"100,0"
82931004,..
95024660,"100,0"
32263814,"100,0"
47393891,"97,3"
48414975,"100,0"
11533776,"82,7"
47108751,..
28829503,"96,7"
99622695,..
98651664,"100,0"
33657492,"99,1"
79309485,"100,0"
37078868,..
16130958,"100,0"
82195565,"98,8"
33596572,"100,0"
77713695,"100,0"
51131594,"100,0"
89680395,"92,9"
53696633,"100,0"
27440210,"89,6"
62758285,"95,7"
16218090,"100,0"
64667996,"100,0"
23544320,"100,0"
57668673,"100,0"
69040241,..
63993414,"100,0"
49136871,..
20855811,"94,6"
53923398,"100,0"
74560191,"100,0"
47844862,"99,6"
72984079,"94,5"
36480690,"98,0"
24787883,..
32995170,"100,0"
52048443,"100,0"
61674097,"100,0"
32550660,"100,0"
93488613,"100,0"
45600034,"100,0"
59599256,"99,6"
26957025,"100,0"
90509211,"100,0"
43277545,"87,5"
11953769,..
50393060,"100,0"
85788659,"100,0"
95340745,..
59521477,"100,0"
92442684,"100,0"
66095163,"96,1"
54599691,"99,2"
54004368,"97,4"
31975673,"100,0"
82251333,"100,0"
99864908,"100,0"
27106031,"100,0"
59463950,"100,0"
63931325,"100,0"
57391913,"100,0"
75374280,"100,0"
46148350,"100,0"
50133877,"97,0"
49868916,"98,9"
74919147,"100,0"
78389879,"100,0"
24277564,"100,0"
44412461,"100,0"
36355200,"100,0"
96920524,"100,0"
18217765,"100,0"
70803636,"98,9"
49576295,"100,0"
66028861,"100,0"
23797825,"100,0"
45293715,"100,0"
77712952,"100,0"
10433896,"98,1"
43154449,"100,0"
49170638,"100,0"
46379730,"97,4"
25379974,"100,0"
88025221,"100,0"
18042101,"100,0"
56041699,..
45111086,"100,0"
70955448,"100,0"
68824244,"100,0"
46707989,"100,0"
46986216,"92,4"
67924816,"98,2"
92805465,"98,9"
56084099,..
16720048,"100,0"
13960635,"100,0"
61176909,"100,0"
43479922,"100,0"
28391147,"98,5"
21778322,"100,0"
31380193,..
62612992,"99,2"
85485803,"95,8"
16848652,"100,0"
88429477,"100,0"
94975733,"100,0"
56802300,"100,0"
15149235,"100,0"
13981977,"100,0"
24538846,"100,0"
67058407,"94,9"
15791044,"100,0"
65392939,"99,1"
98696836,"100,0"
64908550,"100,0"
77358716,"100,0"
49739986,"98,6"
29225010,"100,0"
92192566,"96,4"
56886667,"99,1"
64648566,"100,0"
65421426,"99,6"
62394916,"100,0"
67908927,"95,8"
72071234,"100,0"
24349146,"97,7"
83605345,..
15933512,"100,0"
64693272,"100,0"
18072172,..
65833454,"100,0"
11341077,"96,8"
34988313,"100,0"
28045567,"100,0"
20768651,"97,9"
38880984,"97,6"
28872974,"100,0"
18686599,"100,0"
93779220,"100,0"
77797484,"100,0"
80785976,"94,4"
47559319,"97,3"
21532545,"88,2"
56187883,"100,0"
20752831,"100,0"
51023367,"100,0"
34739511,"100,0"
52690153,"100,0"
93221031,"94,4"
17474377,"94,4"
18345915,"94,6"
68229719,"100,0"
61004230,"100,0"
71262305,"100,0"
55795961,..
84947634,"100,0"
97870412,"95,2"
68564903,"100,0"
82840198,"95,0"
18208087,"97,0"
89982804,"100,0"
19464342,..
60743463,..
32960825,"100,0"
43609520,..
41416934,"90,3"
21567982,"100,0"
49379603,..
80167319,..
73171934,..
83474173,"80,4"
91487291,..
21866405,"97,4"
74434644,"88,0"
42022406,"96,0"
88445871,"93,2"
18425335,"95,2"
93281974,"93,3"
23424275,"98,3"
19150273,"89,5"
25624692,"84,2"
88534520,"93,8"
16554575,"100,0"
25356960,"73,0"
64284020,"90,5"
98132436,"89,6"
60096875,"88,5"
26334561,"94,7"
40386043,"90,7"
29324709,"100,0"
26864271,"88,2"
59483268,..
33685428,"100,0"
88573795,"100,0"
82814120,"94,2"
10924758,"100,0"
34153869,..
88259298,..
73098153,"100,0"
44240250,"94,6"
17846181,..
75082798,"89,4"
23555409,"100,0"
91333138,"92,3"
30341162,..
39936461,"100,0"
72266906,"81,0"
27030026,"94,1"
12154972,"82,1"
16950252,"100,0"
34637764,"94,1"
73255276,"100,0"
15077883,"89,6"
48434184,"81,3"
58724424,"100,0"
51138448,"100,0"
19647256,"100,0"
56421429,"100,0"
39911065,..
17008320,..
56737496,"97,3"
88850910,"93,3"
93939982,"91,7"
25720752,"100,0"
55155562,"90,5"
31533003,"100,0"
31429031,"100,0"
16361868,..
24008049,"100,0"
36680097,..
87756916,"94,7"
59734510,"94,1"
19586169,"79,5"
24273261,"100,0"
95683850,"100,0"
59455288,"100,0"
82163292,"94,4"
25679488,"78,3"
25677996,"94,4"
89888648,"88,9"
90003262,"100,0"
88163512,"81,8"
35063170,..
31279294,"100,0"
36782335,"94,9"
20666515,"100,0"
37906565,"100,0"
67279303,"97,4"
21648755,"86,0"
11111710,"87,5"
90551279,"92,0"
93062368,"68,8"
69686851,"99,0"
49616977,"100,0"
90267145,"100,0"
72998905,"92,3"
69481650,"94,7"
88153340,"87,5"
94353434,"77,2"
59396229,"90,9"
95165649,"100,0"
69626109,"93,0"
85068812,..
36444853,"89,7"
15414001,"87,3"
38311488,"96,9"
16819383,"97,8"
12994441,"90,9"
53660780,"99,0"
30086854,"100,0"
79094701,"100,0"
38684438,"94,7"
96590873,"95,3"
73147554,"100,0"
65752105,..
11274830,"88,9"
51321260,"87,9"
96279444,"100,0"
61880907,"97,6"
35006050,"90,9"
88886610,"92,6"
10638939,"87,5"
88556189,"38,8"
35236491,"98,4"
58502307,"92,9"
97177328,"94,1"
72127035,"100,0"
70969714,"100,0"
85003442,"100,0"
22752398,"92,5"
71922787,"100,0"
31843016,"97,1"
74148070,..
50696507,"100,0"
44653962,"92,3"
81993306,"100,0"
29097621,"85,5"
87764775,"94,4"
48438396,"82,9"
98052678,..
44341171,"82,8"
32671805,"95,7"
38448056,"100,0"
16313848,"83,6"
79606767,"100,0"
11294673,"95,5"
86327236,"96,4"
28398531,"76,5"
66335258,"93,3"
54172830,"91,3"
86310217,"78,6"
83085136,"98,1"
75458014,..
65136104,..
79033948,"93,1"
56330385,"61,1"
44392995,"92,3"
69241230,"95,7"
85544331,"100,0"
80327946,"93,8"
78875918,"96,2"
78023197,"97,8"
86385479,"100,0"
40991561,..
99838438,"100,0"
42859669,"91,9"
70923626,"82,5"
92905347,"93,5"
99592025,"92,3"
34247736,"95,2"
47550455,"85,6"
30329172,"100,0"
76877530,..
47046103,"96,9"
56664512,..
38167912,"100,0"
20620556,"100,0"
17173461,"100,0"
19560192,"96,2"
98053087,"95,9"
92858957,"86,7"
46660042,"86,7"
44113417,"87,5"
67783774,..
38917647,..
21363125,..
39555838,..
85214294,"87,5"
82084961,"96,2"
46162400,"94,5"
98369689,"77,4"
56529916,"86,7"
40810950,"88,9"
40037982,"84,4"
73829818,"87,5"
18881773,..
80686587,"95,2"
12279302,"98,2"
17849518,"100,0"
94570025,"95,8"
91984508,"100,0"
78659008,"86,1"
12448823,..
40667807,"92,0"
18091973,"95,8"
40634612,"100,0"
62439199,"95,0"
66132676,"100,0"
80762863,"91,4"
77688926,"100,0"
14508922,..
69629086,"96,5"
88624631,"100,0"
35390185,..
37358234,"100,0"
31657916,..
54606928,"93,8"
46241804,"100,0"
42573391,"100,0"
64574972,"100,0"
19741742,"84,4"
29032715,"93,8"
48931433,"100,0"
97270136,"96,6"
19909435,"100,0"
30530571,"92,7"
96024712,"100,0"
40829056,"100,0"
85800840,"100,0"
27115998,"100,0"
41867682,"100,0"
65662401,"100,0"
39583059,"91,3"
38645259,"96,9"
87207941,..
11673760,"92,6"
63791419,"89,4"
39805497,"85,7"
38400227,"98,2"
83829189,"85,4"
46145886,"100,0"
43649848,"100,0"
75344502,"95,0"
84247499,"95,9"
27041885,"100,0"
97064126,..
32580162,"95,7"
48722826,"98,4"
71571158,"90,6"
53691739,"100,0"
97596286,"92,9"
67554405,"98,8"
86473502,"100,0"
98239050,"100,0"
94455820,..
58368956,"88,1"
73567152,"94,3"
61547652,"100,0"
60209222,"98,3"
62104139,"100,0"
78872213,"100,0"
84286698,"92,3"
62490359,"92,3"
64725297,"75,9"
43362941,"87,0"
23350817,"100,0"
76860623,"100,0"
56021320,"100,0"
41358402,"92,0"
64569393,"94,4"
87262566,"73,2"
41844601,"98,3"
51620045,"88,9"
23457902,"100,0"
27597104,"100,0"
57397381,"96,6"
56947954,"98,7"
72022487,"94,0"
70969556,"95,0"
28248021,"80,6"
44417214,"98,2"
25025681,"100,0"
49488344,"88,2"
74408578,"85,7"
86724994,"97,6"
86158933,"91,3"
14102256,"100,0"
75082280,"92,9"
75914181,"100,0"
39302565,"100,0"
36072799,"96,2"
61432781,"95,8"
78287294,"100,0"
74316305,"94,3"
39096170,"94,1"
99279503,"89,1"
72109637,..
69240218,"84,6"
14057258,"100,0"
43313366,"100,0"
97868185,..
81551726,"66,7"
77823650,"100,0"
37550979,..
52634142,"83,9"
76195214,"98,5"
54839753,..
32705515,"100,0"
60214465,"100,0"
70137084,"98,3"
82002016,"85,7"
21901328,"100,0"
23306658,"98,6"
57350392,..
11102578,"95,8"
69306209,"100,0"
92651253,"85,7"
31740319,"97,3"
17944628,"100,0"
82826083,"90,6"
94090461,"93,3"
12954099,..
80931789,"77,8"
84098842,"100,0"
90473340,..
26167236,"92,9"
69807202,"96,2"
64648904,"100,0"
63035915,"86,1"
26324896,"100,0"
28848709,"80,0"
12613085,"100,0"
53896162,"100,0"
11185244,"82,9"
56211717,"95,0"
66824652,"83,3"
49168016,"100,0"
32042066,"92,3"
50821167,"100,0"
92814975,"100,0"
28770304,"89,2"
64123241,"100,0"
69063711,"100,0"
77609073,"87,2"
35894996,"100,0"
17119840,"90,9"
68748767,"79,0"
25596917,"88,2"
20984584,"73,7"
52129378,"97,4"
98541468,"83,3"
31155312,"83,3"
25648215,"91,7"
61823258,"95,8"
39178171,"100,0"
79994304,..
68006362,"96,7"
11608031,"88,2"
86762103,"89,3"
68381790,"97,4"
13006857,"92,5"
76007769,"79,5"
16956086,"91,7"
58187973,"100,0"
88894245,"94,7"
71160225,"100,0"
67752682,"97,9"
47884009,"83,9"
44672598,"96,7"
75340089,"100,0"
36670439,"92,3"
22220001,"86,4"
15100079,..
55421481,..
99356671,"100,0"
16702464,..
71353314,..
36252055,"94,3"
91812793,"92,6"
14355031,"100,0"
72891848,"85,7"
31796890,..
22426680,"100,0"
83805032,"96,6"
48862305,"81,5"
32887559,"91,3"
71541108,"94,4"
69471748,"87,2"
93239262,"100,0"
25745773,"100,0"
99976753,..
14278480,"91,7"
28023078,"81,6"
43284031,"96,2"
13963517,"100,0"
26267406,"87,5"
31255918,"92,6"
51955293,"92,3"
35035671,"70,6"
12130801,..
51736304,"100,0"
53180719,"97,3"
27489137,"100,0"
15609112,"100,0"
60424371,"97,1"
68655578,"74,1"
17062663,"98,2"
68741484,"100,0"
56267421,"100,0"
34990065,"92,9"
37054246,"93,1"
39199869,..
62216381,"93,9"
31179045,"87,0"
72421673,"83,3"
59655752,..
88750078,"88,2"
41878314,..
41555549,"100,0"
32003298,"100,0"
22383788,"95,7"
85459854,"94,4"
81876614,..
18711877,"92,3"
67071618,"100,0"
75324351,"100,0"
61229217,"94,1"
58929357,"100,0"
42517257,"90,6"
70376604,"100,0"
93503103,"90,9"
18617410,"100,0"
41697930,"97,6"
28025244,"100,0"
17184072,"100,0"
40338843,"100,0"
77440824,"100,0"
71069359,"100,0"
86896907,"96,8"
14292382,"97,4"
87859089,"94,7"
54764253,"100,0"
98908403,"100,0"
16493131,"98,3"
41119610,"98,2"
48304166,"76,6"
24982097,"100,0"
97104132,"100,0"
68597767,"100,0"
27964873,"91,7"
30706655,"72,5"
65674821,"100,0"
46332927,"100,0"
78690637,"90,9"
24653673,"85,7"
38048202,"95,7"
90990441,..
86319615,"100,0"
87303004,"100,0"
97835550,"95,5"
22446331,"89,2"
26671095,"92,3"
42911621,"93,8"
40575001,"93,0"
75027822,"100,0"
26508763,"94,8"
14504503,"100,0"
21850904,"100,0"
77544055,"100,0"
16198647,"100,0"
12496135,"100,0"
76903284,"100,0"
68649663,"91,9"
15870428,"85,7"
26750052,"100,0"
81997762,"98,4"
69747871,.
70119254,..
79346084,"100,0"
34222422,"100,0"
84230226,..
42060237,"84,1"
89816391,"81,0"
14448619,"97,5"
12546590,"100,0"
94167577,"68,4"
27023528,"82,9"
53903798,"97,5"
85782695,"92,3"
98815582,"92,0"
97770837,"94,4"
21312503,"97,4"
14926020,"84,2"
33132452,"88,0"
56942970,..
56653353,"97,9"
59898194,..
97510495,"100,0"
38683336,"100,0"
95618280,"83,6"
17675502,"100,0"
75600007,"100,0"
15278518,"95,6"
15390992,"100,0"
63943560,"100,0"
85516596,"98,6"
31998226,..
38236800,"95,8"
59026584,"94,7"
79829846,"92,9"
20061769,"100,0"
65458415,..
95154882,..
52333875,"81,4"
65666808,"91,1"
24397215,"95,5"
30677562,"96,3"
85054102,"76,2"
87274273,"100,0"
24759907,"64,7"
41631104,"87,5"
80357110,"91,3"
18451445,..
93367005,"97,3"
16501673,"100,0"
26298615,"95,7"
50104466,..
79845033,"88,9"
41099519,"80,0"
59386837,"96,1"
21627442,"98,2"
17276047,"95,0"
73217812,"89,5"
48244956,"100,0"
36769815,"100,0"
16931486,"100,0"
92489953,"100,0"
43873969,"100,0"
55825382,"93,8"
19306558,..
24993048,..
70132092,"98,3"
65034473,..
13084253,"76,9"
32321364,"100,0"
59942080,..
66273269,"92,9"
82888663,"100,0"
11275959,"95,5"
58518163,"100,0"
50615280,"100,0"
19035583,"100,0"
27993549,"90,5"
37912396,"90,9"
90312942,"98,8"
19839859,"86,7"
80280597,..
67628478,..
37517404,..
29159460,"92,0"
43601850,"93,9"
89630851,"100,0"
86351879,"97,4"
14586562,..
74322969,"88,2"
90260899,"94,7"
69302313,"91,3"
31057219,"88,1"
27079521,"97,3"
64579522,"96,0"
65234368,"100,0"
34381901,"100,0"
96414537,"93,5"
99394620,"100,0"
95368476,"100,0"
14853321,"100,0"
76448076,"98,0"
31537066,"100,0"
86488203,"97,0"
25156286,..
92949043,"95,8"
92818240,"88,6"
84329061,"96,8"
71969230,"76,2"
91048178,"91,5"
76942525,"92,3"
31486865,"100,0"
10373112,..
61720981,"91,5"
25698509,"94,7"
50424828,"98,6"
82931004,"89,5"
83584125,"100,0"
16496466,"100,0"
12075195,"100,0"
62300682,"100,0"
65265211,"86,2"
97191332,"100,0"
71938440,"85,7"
22811839,"93,4"
33205596,"100,0"
19930101,"100,0"
60727136,"100,0"
45132264,"100,0"
61647360,..
33657492,"88,4"
61622991,"88,9"
66644568,"94,4"
93659517,"100,0"
61175914,"100,0"
73316818,"100,0"
27859889,"100,0"
29161632,..
45541222,"100,0"
63451147,"100,0"
61197669,..
17812651,"100,0"
57668673,"80,0"
69040241,"100,0"
91905819,"96,7"
54882637,"93,8"
53923398,"94,5"
47844862,"100,0"
22239675,"100,0"
72984079,"58,8"
36480690,"96,2"
24787883,"93,8"
52048443,"100,0"
32550660,"100,0"
59599256,"96,8"
69865450,"74,0"
31112935,"83,3"
90509211,"97,0"
37316242,"93,1"
20173336,"89,4"
49872493,"96,6"
39147056,"90,6"
11953769,"100,0"
28646435,"96,0"
50393060,"100,0"
85788659,"88,5"
95340745,"92,3"
59521477,"87,2"
92442684,"100,0"
38544187,"68,1"
54599691,"96,9"
54467211,"86,7"
23517683,"94,7"
82251333,"98,0"
99864908,"100,0"
27106031,"87,5"
59463950,"78,6"
63931325,"96,7"
57391913,"95,2"
75374280,"88,9"
46148350,"78,3"
50133877,"97,6"
49868916,"95,9"
90240730,"85,7"
84908877,"87,1"
24277564,"90,5"
88956420,..
34002355,"89,7"
36355200,"83,3"
96920524,"100,0"
18217765,"100,0"
60919765,..
14677676,"100,0"
96152872,"97,8"
77835341,"100,0"
70803636,"66,7"
23797825,"90,5"
44738639,"75,0"
77712952,"100,0"
92009807,"89,7"
10433896,"100,0"
10342448,"89,1"
43154449,"88,2"
98032567,..
96194948,"92,6"
25955541,"95,8"
88025221,"92,3"
14799321,"89,7"
56041699,"92,0"
70955448,"100,0"
68824244,"95,1"
90685868,"100,0"
24501884,"95,3"
56084099,"100,0"
80711021,"90,3"
17648596,"89,1"
16720048,"87,2"
39341381,..
60088179,"95,1"
28391147,"98,5"
29209307,"96,4"
21778322,"100,0"
31380193,"100,0"
90290154,"100,0"
25847233,"95,8"
92816527,"96,5"
16848652,"100,0"
94975733,"93,5"
56802300,"100,0"
15149235,"100,0"
77379848,"100,0"
13981977,..
24538846,..
36886750,"88,9"
67422309,"80,0"
67058407,"90,9"
34421265,"98,4"
15791044,..
98696836,"93,1"
82160887,"92,6"
23175129,"94,4"
77358716,"94,4"
29225010,"73,7"
33249781,"82,7"
64648566,"95,8"
18691102,..
70302356,"100,0"
65421426,"100,0"
24349146,"90,6"
83605345,"100,0"
15933512,"98,6"
12198363,..
47692481,"93,5"
64693272,"100,0"
18072172,..
85188855,"95,7"
39528347,"91,7"
85473846,"100,0"
29744774,..
89690587,"89,4"
20768651,..
32239920,"96,9"
98781765,"97,1"
87112995,"96,4"
18686599,..
93779220,"100,0"
53279140,"93,6"
80785976,"100,0"
47559319,"92,9"
21532545,..
56187883,"78,6"
51023367,"95,7"
95069937,"100,0"
52690153,"68,8"
93221031,..
68229719,..
84947634,..
89982804,"100,0"
60743463,..
73171934,..
74434644,"94,7"
93281974,"100,0"
23424275,..
16554575,"100,0"
60096875,"100,0"
40386043,..
33685428,..
10924758,"100,0"
75082798,"100,0"
16950252,"100,0"
15077883,"92,9"
48434184,"90,9"
51138448,"100,0"
93939982,"92,9"
31533003,"100,0"
24273261,..
59455288,..
25677996,..
31279294,..
36782335,"100,0"
90551279,"97,0"
93062368,..
69626109,"93,0"
10638939,"100,0"
72127035,..
85003442,"100,0"
98052678,..
32671805,..
16313848,"83,3"
54172830,..
75458014,..
78023197,"100,0"
40991561,..
70923626,"85,7"
76877530,..
47046103,..
19560192,"90,9"
98053087,"100,0"
46660042,"86,1"
67783774,..
85214294,"82,4"
12279302,"100,0"
91984508,"100,0"
40667807,..
40634612,..
80762863,"92,5"
64574972,..
30530571,..
96024712,"100,0"
27115998,"100,0"
39583059,"94,7"
38645259,..
46145886,..
27041885,"100,0"
48722826,"94,1"
97596286,"77,8"
67554405,"100,0"
56021320,"100,0"
23457902,..
57397381,"92,9"
72022487,..
70969556,..
28248021,..
44417214,"100,0"
25025681,"100,0"
14102256,"100,0"
75082280,"92,9"
39096170,"94,1"
69240218,"84,6"
82002016,..
23306658,..
94090461,"93,3"
63035915,"97,4"
50821167,..
68748767,"83,3"
20984584,..
25648215,"90,0"
11608031,"100,0"
13006857,"100,0"
16956086,..
58187973,..
88894245,..
71160225,"100,0"
44672598,"94,7"
22220001,"90,9"
71353314,..
69471748,..
93239262,"100,0"
13963517,..
68655578,"100,0"
31179045,"76,2"
59655752,..
18711877,..
67071618,"100,0"
18617410,"100,0"
40338843,"100,0"
14292382,..
87859089,..
98908403,"100,0"
24982097,..
68597767,..
38048202,"95,7"
90990441,..
40575001,"100,0"
26508763,"100,0"
76903284,..
69747871,.
79346084,"100,0"
89816391,..
53903798,"96,2"
33132452,"95,2"
17675502,"100,0"
75600007,"100,0"
85516596,"100,0"
50104466,..
59386837,"100,0"
43873969,"100,0"
24993048,..
58518163,"100,0"
29159460,"92,3"
89630851,"100,0"
86351879,"100,0"
74322969,..
64579522,"100,0"
14853321,..
86488203,"93,8"
84329061,..
71969230,..
31486865,"100,0"
61720981,"100,0"
50424828,..
83584125,"100,0"
65265211,..
66644568,"94,4"
61175914,..
29161632,..
36480690,..
32550660,"100,0"
37316242,..
50393060,..
95340745,..
59521477,..
46148350,..
49868916,"96,7"
84908877,"100,0"
24277564,..
36355200,..
88025221,"92,3"
56041699,..
70955448,"100,0"
60088179,"100,0"
25847233,"91,3"
16848652,..
56802300,..
36886750,..
67422309,..
82160887,"93,3"
64648566,..
15933512,"100,0"
12198363,..
64693272,..
89690587,"78,9"
18686599,..
93779220,"100,0"
80785976,..
47559319,"92,9"
52690153,..
93221031,..
18345915,"94,1"
97870412,"92,9"
18208087,"100,0"
41416934,"85,7"
21567982,"100,0"
83474173,"86,7"
88445871,"96,4"
25624692,..
25356960,..
98132436,"96,2"
60096875,"78,6"
29324709,"100,0"
26864271,"86,7"
44240250,"100,0"
75082798,"93,3"
91333138,"84,6"
12154972,"88,9"
15077883,"76,9"
48434184,"84,6"
19647256,"100,0"
56737496,"100,0"
55155562,"91,2"
24008049,"100,0"
59734510,..
19586169,"73,3"
24273261,..
59455288,..
89888648,"90,9"
36782335,"100,0"
20666515,"100,0"
90551279,"88,2"
93062368,..
90267145,"100,0"
88153340,"87,5"
94353434,"77,2"
88886610,"92,6"
88556189,..
72127035,"100,0"
22752398,"90,2"
31843016,"100,0"
29097621,"84,2"
16313848,"78,6"
11294673,..
86327236,..
69241230,..
80327946,"94,1"
86385479,..
70923626,"85,7"
92905347,..
47550455,"77,8"
56664512,..
19560192,..
46660042,"75,0"
38917647,..
82084961,"100,0"
98369689,"94,1"
56529916,"83,7"
17849518,..
18091973,"100,0"
69629086,"97,7"
31657916,..
19741742,"85,7"
40829056,..
85800840,"100,0"
39583059,"85,0"
39805497,"90,9"
46145886,"100,0"
84247499,"100,0"
71571158,..
86473502,..
58368956,"88,1"
23350817,..
41358402,"92,0"
87262566,..
23457902,..
56947954,"100,0"
72022487,"83,3"
28248021,..
74408578,"76,9"
86724994,"100,0"
39302565,"100,0"
61432781,"98,3"
14057258,..
81551726,..
76195214,..
70137084,"96,3"
57350392,..
92651253,..
82826083,"100,0"
26167236,..
63035915,"66,7"
32042066,"78,9"
92814975,..
64123241,"100,0"
20984584,..
98541468,"83,3"
25648215,..
79994304,..
86762103,..
68381790,..
13006857,"83,3"
16956086,..
88894245,..
67752682,"100,0"
75340089,"100,0"
22220001,"72,0"
15100079,..
36252055,"83,3"
72891848,..
48862305,"75,0"
13963517,..
31255918,"90,0"
53180719,"100,0"
68655578,"57,1"
37054246,..
62216381,"88,9"
18711877,..
61229217,"92,3"
41697930,"96,9"
77440824,..
14292382,"100,0"
54764253,"100,0"
98908403,"100,0"
16493131,"100,0"
24982097,..
27964873,"100,0"
30706655,"92,9"
78690637,"96,6"
24653673,..
87303004,..
97835550,..
22446331,..
42911621,"94,3"
14504503,..
76903284,..
81997762,"100,0"
70119254,..
42060237,"75,0"
85782695,"92,3"
38236800,..
41631104,..
16501673,..
26298615,"100,0"
41099519,..
59386837,..
73217812,..
16931486,..
70132092,"96,0"
27993549,"93,9"
90312942,"100,0"
19839859,..
29159460,..
43601850,..
74322969,..
31057219,..
34381901,"100,0"
96414537,..
99394620,"100,0"
76448076,"96,0"
92818240,"84,3"
84329061,..
71969230,..
91048178,..
65265211,..
22811839,"93,4"
61622991,"88,9"
61175914,..
91905819,..
54882637,"92,3"
53923398,..
69865450,..
20173336,"85,0"
49872493,..
39147056,"88,2"
11953769,..
85788659,..
59521477,..
54467211,"83,3"
82251333,"100,0"
90240730,"94,1"
34002355,..
96920524,"100,0"
96152872,"100,0"
92009807,..
10342448,"94,4"
90685868,"100,0"
17648596,"89,1"
39341381,..
29209307,..
90290154,..
92816527,"95,0"
24538846,..
67422309,"76,9"
34421265,"100,0"
82160887,"87,5"
33249781,..
18691102,..
24349146,"80,7"
83605345,"100,0"
47692481,..
85188855,..
85473846,"100,0"
32239920,"94,4"
56187883,..
52690153,..
74776778,"100,0"
71262305,"100,0"
84947634,"100,0"
48009865,"94,9"
89982804,..
97968599,"100,0"
91748148,"100,0"
42218661,..
74434644,"100,0"
42022406,..
34076477,"99,3"
54896448,"100,0"
97758137,"100,0"
26334561,"100,0"
40386043,"96,6"
20699742,"100,0"
82814120,"100,0"
45164827,"100,0"
10924758,"100,0"
34153869,"100,0"
17846181,..
75082798,"96,2"
23555409,"100,0"
27030026,"100,0"
15077883,"100,0"
48434184,"100,0"
58724424,..
39911065,"96,5"
56737496,"100,0"
55155562,"96,6"
31533003,"100,0"
19981611,"100,0"
25679488,"100,0"
35063170,"100,0"
31279294,..
36782335,"100,0"
67279303,..
21648755,"97,5"
11111710,..
49616977,"100,0"
84835666,"88,9"
20319353,"100,0"
85068812,..
78397312,"100,0"
36444853,"100,0"
89837629,..
12994441,"100,0"
88774402,"100,0"
75141151,"100,0"
61701709,"100,0"
38684438,"88,5"
39549479,"96,4"
73147554,"100,0"
69983740,"100,0"
12052268,"95,5"
71597051,"100,0"
40690520,"100,0"
35006050,"100,0"
10638939,..
34336190,"100,0"
88834120,"100,0"
53640774,"98,7"
72127035,"100,0"
71922787,"97,6"
92507006,"100,0"
20100577,"100,0"
79606767,"97,7"
11294673,..
86327236,"100,0"
66335258,..
54172830,"100,0"
56330385,"100,0"
44392995,"100,0"
60730660,"100,0"
82592568,"100,0"
86385479,"100,0"
49862313,"95,8"
42859669,"100,0"
99592025,"100,0"
34247736,"100,0"
76877530,..
38167912,"100,0"
43826783,..
58125096,"94,2"
17173461,..
30468157,"100,0"
23681822,"100,0"
92858957,"100,0"
82084961,"100,0"
73829818,"100,0"
18881773,..
12279302,"100,0"
64205087,"99,3"
18091973,"100,0"
88466776,"100,0"
54606928,"100,0"
19741742,"100,0"
45830583,"100,0"
30530571,"100,0"
78839208,"100,0"
30458073,..
27115998,"100,0"
79516949,..
87207941,"100,0"
11673760,"97,4"
38400227,"100,0"
81619482,"100,0"
39149668,"96,3"
67554405,"100,0"
73944169,"100,0"
78872213,"100,0"
64569393,"100,0"
48217580,"98,2"
57397381,"97,7"
72022487,"100,0"
71512894,"100,0"
28248021,"100,0"
44417214,"100,0"
74408578,"98,1"
71043974,"100,0"
61161774,"100,0"
75914181,..
24544503,"97,7"
69240218,"100,0"
12934438,"98,1"
43313366,"100,0"
37550979,"100,0"
60214465,"100,0"
23306658,"100,0"
11102578,"100,0"
10129345,"100,0"
94090461,"100,0"
26324896,"100,0"
56639389,"100,0"
53896162,"100,0"
17779637,"100,0"
71929526,"100,0"
60873719,"100,0"
68748767,..
23548714,"96,2"
48593439,"100,0"
91773491,..
30361243,"100,0"
25596917,"100,0"
31155312,..
84424083,"99,1"
10481541,"97,9"
68381790,..
13006857,"100,0"
16956086,"100,0"
58187973,"100,0"
31870541,"100,0"
44672598,"100,0"
31822012,"98,0"
62855448,"100,0"
91812793,"100,0"
58907711,"100,0"
68285560,"100,0"
69471748,"100,0"
99976753,"100,0"
75575321,"100,0"
57690933,"100,0"
12130801,"100,0"
95785055,"100,0"
68741484,"100,0"
37054246,"100,0"
31179045,"100,0"
59655752,"100,0"
41555549,"100,0"
85459854,"100,0"
67071618,"100,0"
28025244,"100,0"
40338843,"100,0"
14292382,..
87859089,"100,0"
98908403,"96,3"
83272868,"100,0"
45552626,"95,5"
92332557,"100,0"
78690637,"100,0"
77544055,"100,0"
76903284,"100,0"
49141105,"100,0"
26646080,"100,0"
79346084,"100,0"
14448619,"100,0"
43565270,"100,0"
85152591,"100,0"
40600798,"100,0"
48120273,"100,0"
94167577,"100,0"
53903798,"94,1"
97770837,"100,0"
70811222,..
17911161,"95,9"
35084976,"100,0"
77632411,"100,0"
59898194,"100,0"
38195284,"100,0"
97510495,"98,0"
89461767,"100,0"
94717858,"100,0"
75075402,"100,0"
26326048,"97,8"
37839488,"87,7"
73812226,"88,9"
15278518,"96,3"
85516596,"94,7"
16784385,"98,1"
24339566,"100,0"
65458415,..
52333875,"89,5"
24759907,"96,0"
31315191,"100,0"
48555205,"99,3"
32116280,"100,0"
64388538,..
52153758,"100,0"
99755443,"100,0"
30167976,"100,0"
32071849,"100,0"
79845033,..
41099519,"100,0"
59386837,..
21382451,"100,0"
55825382,"96,7"
59942080,"100,0"
37912396,..
45593337,"100,0"
19839859,..
30615080,"100,0"
86351879,"100,0"
90260899,"100,0"
31057219,..
27079521,"100,0"
64579522,..
34381901,"100,0"
55150847,"100,0"
53069733,..
14853321,"100,0"
86488203,"100,0"
25156286,..
28081446,"100,0"
92818240,"100,0"
12399380,..
31486865,"100,0"
97265732,"100,0"
61720981,"100,0"
50424828,..
95024660,"100,0"
32263814,"100,0"
33657492,"96,6"
79309485,"100,0"
77713695,"100,0"
23544320,"100,0"
69040241,..
20855811,"89,7"
53923398,"100,0"
74560191,..
47844862,"100,0"
72984079,"100,0"
61674097,"100,0"
93488613,"100,0"
59599256,"100,0"
90509211,"100,0"
50393060,"100,0"
85788659,..
59521477,"100,0"
54599691,"98,3"
31975673,"100,0"
27106031,"100,0"
46148350,..
49868916,"100,0"
74919147,"100,0"
78389879,"100,0"
44412461,"100,0"
96920524,"100,0"
70803636,"100,0"
23797825,"100,0"
10433896,"96,4"
49170638,"100,0"
25379974,..
18042101,"100,0"
70955448,"100,0"
92805465,"98,9"
61176909,"100,0"
21778322,"100,0"
31380193,..
62612992,"100,0"
16848652,"100,0"
15149235,"100,0"
24538846,"100,0"
67058407,"100,0"
98696836,"100,0"
49739986,"100,0"
92192566,"100,0"
65421426,"100,0"
72071234,"100,0"
65833454,..
28045567,"100,0"
38880984,"95,8"
18686599,"100,0"
47559319,"100,0"
20752831,"100,0"
51023367,..
52690153,..
93221031,..
18345915,"95,0"
71262305,..
97870412,"92,9"
82840198,"100,0"
41416934,..
21866405,"100,0"
42022406,"96,0"
25624692,..
64284020,"88,4"
40386043,"100,0"
26864271,..
75082798,"93,8"
23555409,"100,0"
30341162,..
72266906,"81,0"
15077883,..
48434184,..
56421429,"100,0"
56737496,..
24008049,"100,0"
36680097,..
59734510,..
19586169,..
95683850,"100,0"
89888648,"90,5"
36782335,"73,9"
37906565,"100,0"
90551279,"84,2"
69686851,"96,0"
90267145,..
85068812,..
16819383,"95,0"
79094701,"100,0"
11274830,"88,9"
35006050,"92,3"
88556189,..
97177328,"94,1"
72127035,..
22752398,"100,0"
71922787,..
81993306,"100,0"
16313848,"79,4"
11294673,..
28398531,..
79033948,"93,1"
69241230,..
80327946,"96,9"
86385479,"100,0"
99838438,"100,0"
42859669,"100,0"
92905347,..
99592025,"92,3"
30329172,"100,0"
47046103,..
19560192,..
98053087,"96,2"
46660042,"100,0"
44113417,"100,0"
39555838,..
82084961,"98,0"
46162400,"100,0"
12448823,..
18091973,..
40634612,"100,0"
69629086,"96,6"
31657916,..
42573391,..
29032715,"85,7"
19909435,"100,0"
85800840,"100,0"
27115998,"100,0"
41867682,"100,0"
39583059,"90,0"
38645259,..
63791419,"100,0"
46145886,"100,0"
84247499,"100,0"
48722826,"100,0"
53691739,"100,0"
60209222,"100,0"
78872213,"100,0"
51620045,"88,9"
56947954,"100,0"
72022487,"100,0"
70969556,..
28248021,..
74408578,"93,3"
86724994,"95,7"
39302565,"100,0"
74316305,"100,0"
72109637,..
97868185,..
77823650,"100,0"
76195214,..
70137084,"100,0"
69306209,"100,0"
80931789,"77,8"
90473340,..
26167236,..
63035915,"91,7"
12613085,"100,0"
66824652,"80,0"
32042066,"100,0"
92814975,"100,0"
69063711,..
77609073,..
68748767,..
52129378,"97,4"
61823258,..
68006362,"95,5"
86762103,..
68381790,..
13006857,"100,0"
16956086,"96,3"
58187973,..
88894245,..
67752682,"100,0"
44672598,"100,0"
22220001,"100,0"
16702464,..
36252055,"100,0"
72891848,..
32887559,"96,8"
43284031,"96,3"
13963517,..
26267406,..
31255918,"100,0"
51736304,..
53180719,"100,0"
27489137,"100,0"
37054246,"90,5"
62216381,"100,0"
88750078,"100,0"
22383788,"95,7"
81876614,..
75324351,..
61229217,"92,3"
41697930,"100,0"
17184072,..
77440824,"100,0"
14292382,"100,0"
87859089,..
16493131,"100,0"
24982097,..
68597767,..
30706655,..
38048202,"97,2"
87303004,..
97835550,..
26671095,"92,3"
42911621,"92,3"
15870428,"85,0"
26750052,"100,0"
81997762,"100,0"
79346084,"100,0"
14448619,"100,0"
94167577,"68,8"
21312503,"97,4"
33132452,"90,9"
15390992,"100,0"
38236800,"100,0"
95154882,..
65666808,"87,0"
93367005,"97,3"
16501673,..
79845033,"95,2"
41099519,..
59386837,..
17276047,"95,0"
48244956,"100,0"
70132092,"100,0"
27993549,"100,0"
90312942,"100,0"
37517404,..
29159460,..
43601850,"100,0"
86351879,"100,0"
74322969,..
90260899,..
31057219,"88,9"
27079521,"100,0"
96414537,..
95368476,..
76448076,"100,0"
91048178,"92,3"
76942525,..
61720981,"88,2"
82931004,"89,5"
33205596,"100,0"
60727136,..
33657492,"100,0"
93659517,"100,0"
57668673,"75,0"
91905819,..
54882637,..
36480690,..
52048443,"100,0"
69865450,..
37316242,"92,9"
50393060,..
59521477,..
54467211,"100,0"
59463950,"82,4"
63931325,"92,3"
75374280,..
50133877,"100,0"
34002355,"100,0"
18217765,..
96152872,"93,8"
10433896,"100,0"
43154449,"88,2"
96194948,..
68824244,"100,0"
90685868,"100,0"
39341381,..
28391147,"98,5"
31380193,..
90290154,..
92816527,"93,3"
94975733,"95,7"
77379848,..
13981977,..
67422309,..
82160887,..
23175129,"100,0"
29225010,"73,7"
24349146,"92,7"
85188855,..
39528347,"100,0"
32239920,"100,0"
80785976,"100,0"
21532545,..
56187883,"100,0"
51023367,"95,5"
52690153,..
61004230,"92,0"
23517336,"100,0"
48009865,..
82840198,..
19464342,..
43609520,"100,0"
42218661,"94,4"
42022406,"100,0"
56679384,"96,2"
69018222,"97,9"
64284020,..
97758137,"76,9"
40386043,"94,9"
33685428,"100,0"
34153869,..
75082798,"100,0"
23555409,"100,0"
30341162,"100,0"
19912478,"93,5"
58724424,..
95684185,"97,2"
93939982,..
55155562,..
24008049,"100,0"
54481243,"100,0"
36680097,..
25677996,"95,2"
31279294,"90,9"
36782335,"93,8"
21648755,"93,3"
69686851,..
54965510,"95,6"
25872338,..
10974852,..
85068812,.
78397312,"100,0"
36444853,"92,9"
61469192,"96,8"
79094701,"100,0"
71597051,"100,0"
53231578,"100,0"
91011325,"93,3"
97382366,"94,3"
10638939,..
69739484,"93,0"
92887917,"97,4"
68734112,..
44653962,..
47264019,"96,7"
20099064,"93,8"
16313848,"80,0"
79033948,"92,9"
68240485,"100,0"
95046058,"100,0"
44392995,"85,0"
99838438,"92,3"
30329172,"100,0"
76877530,..
38167912,..
77839100,..
55535552,..
92533079,"100,0"
92858957,"100,0"
82084961,..
50908408,"100,0"
18594470,"97,1"
72232853,"100,0"
18091973,..
36539945,..
40634612,"100,0"
66132676,"98,4"
64574972,"90,0"
48931433,..
85800840,"100,0"
68920727,"100,0"
27115998,..
79516949,"100,0"
96684210,"97,9"
23836342,"100,0"
81619482,"100,0"
39149668,..
48722826,..
73063662,"96,8"
43251309,"100,0"
67554405,..
94455820,..
78872213,"100,0"
56021320,"100,0"
64569393,..
86888278,..
57397381,"92,6"
44417214,..
49488344,"95,8"
57777751,..
38732602,"100,0"
86158933,"96,2"
75914181,"91,7"
84476205,"100,0"
24544503,"96,2"
86787111,"100,0"
97868185,"100,0"
70137084,..
23306658,..
11102578,"100,0"
94468610,"97,3"
90473340,"100,0"
64648904,"90,9"
75939593,"100,0"
51449748,"100,0"
28267726,"94,0"
71929526,"100,0"
71472793,"100,0"
69063711,"100,0"
35894996,..
65722876,"94,8"
49231191,"91,5"
13006857,"100,0"
16956086,..
88894245,..
44672598,..
99356671,..
29449669,"100,0"
91812793,"100,0"
14355031,"100,0"
46611859,"97,2"
65150019,"100,0"
47537928,"100,0"
44285075,"96,2"
68741484,..
72421673,..
15763669,..
18711877,"100,0"
61229217,..
70376604,"88,1"
40338843,..
16493131,"100,0"
83272868,"100,0"
16748680,"100,0"
92332557,"97,3"
78690637,"95,6"
90990441,..
49112879,"96,0"
43623146,..
18974693,"100,0"
28967085,..
33233228,..
94167577,"90,9"
27023528,"100,0"
97770837,..
29423248,"94,7"
33132452,..
17911161,..
35084976,..
77632411,"100,0"
53760158,"100,0"
78422467,"93,2"
75075402,"96,2"
46256929,"100,0"
83374651,"100,0"
30762346,..
15390992,"100,0"
85516596,..
95154882,..
24663703,..
28519815,"98,8"
65666808,..
24759907,"85,4"
35366805,"96,4"
89370947,"100,0"
64388538,"97,4"
17276047,..
48244956,"100,0"
43873969,"91,7"
19306558,"100,0"
45593337,..
25178582,"95,2"
70543431,"100,0"
56041144,"100,0"
90260899,..
33572033,"95,8"
95368476,"100,0"
76448076,"100,0"
28081446,"95,8"
21400668,"100,0"
92949043,"100,0"
31486865,"97,8"
97265732,"100,0"
50424828,"100,0"
11533776,"82,7"
99622695,..
51131594,"100,0"
89680395,"92,9"
53696633,"100,0"
27440210,"89,6"
62758285,"95,7"
57668673,..
63993414,..
49136871,..
53923398,"100,0"
74560191,..
36480690,"100,0"
24787883,..
52048443,"100,0"
43277545,"87,5"
66095163,"93,3"
54004368,"85,7"
31975673,..
99864908,..
49868916,"95,8"
44412461,"100,0"
49576295,..
45293715,"100,0"
77712952,..
10433896,"92,3"
43154449,"100,0"
46379730,"100,0"
46986216,"89,4"
16720048,"100,0"
31380193,..
85485803,"83,3"
88429477,..
98696836,"100,0"
49739986,"100,0"
29225010,"100,0"
56886667,"98,1"
62394916,..
67908927,"95,8"
18072172,..
11341077,"96,8"
77797484,"100,0"
80785976,"86,7"
21532545,"84,6"
51023367,..
43649848,"100,0"
74316305,"100,0"
84098842,"100,0"
17062663,"100,0"
71069359,"100,0"
48304166,"88,2"
92009807,"100,0"
93221031,"90,9"
17474377,"93,8"
55795961,..
84947634,"100,0"
68564903,"100,0"
18208087,"100,0"
41416934,"91,9"
21866405,"96,4"
25624692,..
25356960,"76,3"
98132436,.
40386043,"76,9"
44240250,"91,7"
75082798,"91,7"
91333138,"100,0"
12154972,"89,3"
15077883,..
48434184,..
19647256,..
93939982,..
55155562,"85,7"
24008049,"100,0"
59734510,..
19586169,..
24273261,..
89888648,.
90003262,"100,0"
36782335,"100,0"
67279303,"96,0"
21648755,"95,5"
90267145,..
61880907,"97,6"
88556189,..
72127035,..
70969714,"100,0"
31843016,"91,7"
29097621,"87,5"
16313848,"77,1"
86327236,..
86310217,"78,6"
69241230,..
80327946,"100,0"
70923626,..
92905347,..
30329172,"100,0"
47046103,"94,4"
17173461,..
19560192,..
98053087,..
46660042,"92,3"
38917647,..
98369689,"71,1"
17849518,..
40667807,..
69629086,"92,3"
31657916,..
46241804,"100,0"
29032715,"100,0"
19909435,..
85800840,"100,0"
39583059,"100,0"
38645259,..
39805497,"82,4"
83829189,"83,3"
84247499,"93,9"
97064126,..
48722826,"100,0"
71571158,"87,0"
73567152,"90,9"
84286698,"83,3"
23350817,..
87262566,"72,4"
56947954,"100,0"
72022487,"94,1"
70969556,..
86724994,"94,4"
39302565,"100,0"
61432781,"83,3"
14057258,..
81551726,..
52634142,"89,3"
76195214,..
70137084,"100,0"
92651253,..
26167236,..
28848709,"80,0"
49168016,"100,0"
28770304,"89,2"
17119840,"86,4"
61823258,..
86762103,..
76007769,"85,7"
88894245,..
47884009,..
75340089,..
36670439,"83,3"
72891848,..
83805032,"96,6"
31255918,"86,4"
35035671,"70,6"
53180719,..
17062663,"97,5"
88750078,"76,9"
85459854,"91,3"
61229217,..
93503103,"90,9"
14292382,..
87859089,..
16493131,"95,0"
48304166,..
27964873,"87,0"
30706655,..
78690637,..
24653673,"81,3"
87303004,"100,0"
97835550,..
22446331,"86,4"
40575001,"91,7"
76903284,"100,0"
81997762,..
42060237,..
89816391,..
38236800,..
85054102,"76,2"
87274273,"100,0"
16501673,..
26298615,"94,4"
50104466,..
59386837,"100,0"
73217812,..
16931486,..
13084253,"76,9"
82888663,"100,0"
11275959,"100,0"
27993549,"77,8"
90312942,"100,0"
19839859,..
29159460,..
43601850,..
14586562,..
74322969,..
90260899,..
31057219,"95,7"
27079521,..
34381901,"100,0"
95368476,..
84329061,..
71969230,..
91048178,..
10373112,..
65265211,..
19930101,"100,0"
33657492,..
53923398,"92,9"
69865450,..
37316242,..
20173336,..
49872493,..
39147056,"91,7"
85788659,"100,0"
95340745,..
59521477,..
54467211,"76,5"
82251333,..
63931325,"96,0"
75374280,..
46148350,..
50133877,"91,7"
90240730,"79,1"
84908877,..
34002355,..
18217765,..
92009807,"88,7"
90685868,..
56084099,"100,0"
39341381,.
29209307,"100,0"
92816527,"100,0"
15149235,..
77379848,..
34421265,"100,0"
18691102,..
70302356,"100,0"
24349146,"100,0"
83605345,..
47692481,..
85188855,..
85473846,"100,0"
98781765,"96,8"
56187883,..
51023367,..
52690153,..
93221031,"100,0"
61004230,"100,0"
71262305,..
68564903,"100,0"
89982804,"100,0"
74434644,"84,6"
18425335,"92,3"
23424275,..
34153869,..
75082798,"80,0"
27030026,"94,1"
15077883,..
39911065,..
56737496,"92,3"
87756916,"100,0"
19586169,..
24273261,..
59455288,"100,0"
25679488,..
35063170,..
36782335,"100,0"
37906565,..
21648755,"69,6"
49616977,"100,0"
72998905,..
69481650,"90,9"
12994441,..
30086854,"100,0"
38684438,"94,7"
73147554,"100,0"
35006050,"88,9"
10638939,..
71922787,..
44341171,..
32671805,..
79606767,"100,0"
11294673,..
86327236,"100,0"
28398531,"73,3"
54172830,..
56330385,"61,1"
42859669,"92,3"
92905347,..
47550455,"66,7"
17173461,..
98053087,"92,6"
92858957,"86,7"
44113417,..
18881773,..
94570025,"95,8"
54606928,"93,8"
42573391,..
97270136,..
30530571,..
40829056,..
38645259,..
87207941,..
11673760,"90,0"
38400227,"92,9"
27041885,"100,0"
97064126,..
67554405,"100,0"
86473502,..
98239050,"100,0"
94455820,..
78872213,"100,0"
23350817,..
87262566,..
41844601,"100,0"
23457902,..
57397381,"100,0"
72022487,..
28248021,..
44417214,"95,8"
49488344,"88,2"
14102256,"100,0"
43313366,"100,0"
37550979,..
76195214,"96,3"
60214465,"100,0"
11102578,"95,8"
84098842,"100,0"
63035915,"91,7"
26324896,"100,0"
50821167,..
77609073,"73,3"
68748767,..
25596917,"88,2"
20984584,..
25648215,"100,0"
11608031,..
86762103,..
68381790,"100,0"
16956086,..
22220001,..
15100079,..
16702464,..
72891848,..
69471748,"75,0"
99976753,..
14278480,"82,4"
51955293,"92,6"
12130801,..
53180719,..
68741484,"100,0"
41555549,..
75324351,..
28025244,"100,0"
40338843,..
16493131,"100,0"
48304166,"92,3"
24982097,..
68597767,..
30706655,..
78690637,"95,7"
87303004,..
14504503,..
77544055,"100,0"
76903284,..
15870428,"86,7"
81997762,..
42060237,..
14448619,..
27023528,..
33132452,"100,0"
56942970,..
97510495,"100,0"
15278518,"95,6"
38236800,..
24759907,"64,7"
16501673,"100,0"
79845033,..
41099519,"94,1"
59386837,..
55825382,..
59942080,..
90312942,..
14586562,..
27079521,..
34381901,..
96414537,..
14853321,"100,0"
86488203,"100,0"
92818240,"96,4"
71969230,..
76942525,..
50424828,"100,0"
12075195,"100,0"
65265211,..
33657492,"81,8"
61175914,..
57668673,..
69040241,"100,0"
53923398,"95,5"
47844862,"100,0"
69865450,"71,4"
90509211,"97,0"
37316242,..
50393060,..
85788659,..
54599691,"100,0"
27106031,"82,4"
63931325,..
57391913,"100,0"
46148350,..
96920524,..
70803636,"90,9"
23797825,"90,5"
90685868,"100,0"
80711021,"89,6"
39341381,..
31380193,..
25847233,"93,8"
16848652,..
36886750,"83,3"
67058407,"90,9"
98696836,"95,2"
64648566,"90,9"
83605345,..
15933512,"100,0"
47692481,"100,0"
85188855,..
85473846,"100,0"
53279140,"84,6"
51023367,..
52690153,..
17474377,..
18425335,"97,8"
19150273,"93,3"
64284020,..
23555409,..
73255276,..
58724424,..
31429031,..
87756916,"91,3"
59734510,..
19586169,..
31279294,..
11111710,"87,5"
90551279,"100,0"
69686851,"100,0"
59396229,"90,9"
85068812,..
36444853,"89,7"
65752105,..
10638939,..
88556189,..
44653962,"94,1"
87764775,"90,9"
66335258,"100,0"
44392995,"92,3"
80327946,..
42859669,..
92905347,..
19560192,..
56529916,"100,0"
12279302,"94,7"
17849518,..
77688926,"100,0"
37358234,"100,0"
42573391,..
97270136,"100,0"
30530571,..
96024712,"100,0"
40829056,..
39583059,"92,3"
46145886,..
48722826,..
97596286,"100,0"
67554405,"100,0"
86473502,..
64569393,"94,4"
87262566,..
23457902,..
44417214,..
86158933,"100,0"
36072799,"96,2"
81551726,..
76195214,..
23306658,..
17944628,"100,0"
26167236,"100,0"
64648904,"100,0"
53896162,"100,0"
11185244,"82,6"
69063711,..
35894996,"100,0"
68748767,..
20984584,..
31155312,"83,3"
61823258,"100,0"
79994304,..
11608031,..
67752682,"90,9"
91812793,"100,0"
14355031,"100,0"
72891848,..
25745773,..
14278480,"100,0"
28023078,"81,3"
13963517,..
51736304,..
53180719,"94,7"
72421673,"83,3"
41878314,..
18711877,..
90990441,..
42911621,"90,9"
26508763,"91,3"
14504503,..
81997762,..
34222422,..
84230226,..
94167577,..
33132452,..
63943560,"100,0"
85516596,"98,2"
38236800,..
59026584,"92,4"
65666808,"95,5"
80357110,"91,3"
16501673,..
73217812,"92,9"
36769815,"100,0"
65034473,..
29159460,..
14586562,..
95368476,..
86488203,..
25156286,..
71969230,..
91048178,..
76942525,..
50424828,..
60727136,..
45132264,"100,0"
73316818,"100,0"
91905819,"100,0"
36480690,"90,9"
24787883,"93,8"
69865450,..
31112935,"90,9"
49872493,..
92442684,..
82251333,..
84908877,..
24277564,..
96152872,..
44738639,"75,0"
96194948,"90,9"
25955541,"100,0"
90685868,..
80711021,"95,7"
31380193,..
90290154,..
92816527,"100,0"
98696836,..
64648566,..
18691102,..
15933512,"95,2"
47692481,..
85188855,..
85473846,"100,0"
53279140,..
80785976,..
56187883,"88,9"
71262305,..
19464342,..
23424275,"93,3"
88573795,"100,0"
73255276,"100,0"
58724424,..
31429031,"100,0"
25679488,..
36782335,..
21648755,"100,0"
69481650,"100,0"
95165649,"100,0"
12994441,..
10638939,..
44341171,"100,0"
32671805,..
28398531,"73,3"
80327946,"85,0"
70923626,..
47550455,"100,0"
38167912,..
80686587,"95,2"
62439199,"95,0"
19741742,"100,0"
30530571,..
11673760,"100,0"
38400227,"100,0"
83829189,..
97064126,..
62104139,"100,0"
41844601,"100,0"
70969556,..
44417214,..
14102256,"100,0"
54839753,..
26167236,"92,9"
63035915,"100,0"
77609073,"93,8"
68748767,..
20984584,.
11608031,..
68381790,"100,0"
75340089,..
91812793,"87,5"
72891848,..
22426680,"100,0"
53180719,..
60424371,"100,0"
41555549,..
78690637,"78,9"
87303004,..
26508763,"90,9"
76903284,"100,0"
81997762,"100,0"
14448619,..
27023528,"93,3"
38236800,..
30677562,"96,2"
55825382,..
92949043,"91,7"
84329061,..
91048178,..
76942525,..
16496466,..
69865450,..
37316242,"93,5"
28646435,"96,0"
92442684,"100,0"
84908877,..
14799321,..
56041699,..
80711021,"86,4"
15149235,..
15791044,..
15933512,"100,0"
47692481,..
85188855,..
53279140,"100,0"
68229719,..
65192707,"100,0"
30538202,"100,0"
40386043,"91,7"
34153869,..
51138448,..
25720752,"100,0"
31533003,"100,0"
36782335,..
54965510,"100,0"
69983740,..
70066748,"94,7"
68734112,..
53462953,..
30468157,..
96684210,"100,0"
40766349,..
31199511,..
11102578,..
17944628,"100,0"
75939593,"96,0"
56639389,"100,0"
69063711,..
65722876,"100,0"
31822012,"100,0"
58544422,"100,0"
12130801,..
78690637,"100,0"
30279258,"100,0"
26996566,..
94167577,..
41938272,"100,0"
49068301,..
88839172,"100,0"
88955893,"100,0"
42775003,"100,0"
32071849,..
90076461,"100,0"
31486865,..
63993414,..
32995170,"100,0"
32550660,"100,0"
49868916,..
74919147,..
36355200,..
88025221,"100,0"
46986216,"100,0"
65392939,..
56886667,"100,0"
77797484,"100,0"
47559319,..
93221031,..
71262305,..
97870412,"100,0"
18208087,..
83474173,..
88445871,..
64284020,"93,8"
98132436,.
88259298,..
17846181,..
16950252,"100,0"
48434184,..
56421429,..
17008320,..
56737496,..
55155562,..
95683850,"100,0"
35063170,..
67279303,"100,0"
90267145,..
16819383,"100,0"
53660780,"99,0"
51321260,"85,7"
58502307,"92,9"
70969714,..
81993306,"100,0"
16313848,..
54172830,..
86385479,..
92905347,..
47550455,"100,0"
20620556,..
17173461,..
46660042,..
46162400,..
18091973,..
19909435,"100,0"
30530571,..
38645259,..
39805497,..
83829189,"84,6"
48722826,..
60209222,"100,0"
84286698,..
87262566,..
56947954,"92,9"
72022487,"100,0"
74316305,..
72109637,..
81551726,..
82002016,..
23306658,"92,3"
69306209,"100,0"
12954099,..
26167236,..
66824652,..
49168016,..
92814975,..
25648215,..
13006857,..
16956086,..
47884009,..
55421481,..
16702464,..
32887559,"80,0"
15609112,..
39199869,..
88750078,..
41555549,..
81876614,..
67071618,"100,0"
75324351,..
58929357,"100,0"
93503103,"90,9"
17184072,..
77440824,..
16493131,"100,0"
41119610,"98,2"
97835550,..
42911621,"91,7"
75027822,"100,0"
21850904,"100,0"
12546590,"100,0"
18451445,..
59386837,..
16931486,..
70132092,..
66273269,"92,9"
37912396,..
90312942,..
19839859,..
67628478,..
86351879,"91,7"
69302313,..
31057219,..
64579522,..
34381901,"100,0"
96414537,..
95368476,..
31537066,..
84329061,"100,0"
65265211,..
71938440,"85,7"
33657492,..
27859889,"100,0"
69865450,..
49872493,..
95340745,..
59521477,..
54467211,..
59463950,..
75374280,..
46148350,..
60919765,..
96152872,"100,0"
68824244,..
56084099,..
39341381,.
94975733,..
56802300,..
77379848,..
13981977,..
34421265,..
23175129,..
18691102,..
47692481,..
20768651,..
98781765,..
95069937,"100,0"
42218661,.
16554575,.
19912478,.
30086854,.
26627862,.
98052678,.
61826221,.
54395430,.
80686587,.
46574937,.
98239050,.
56021320,.
31199511,.
56639389,.
78986228,.
30361243,.
50906954,.
65674821,.
26671095,.
25525759,.
77632411,.
89693952,.
30615080,.
32550660,.
77712952,.
92805465,.
65421426,.
82814120,"77,8"
13006857,..
21567982,..
49379603,..
80167319,..
88534520,"93,8"
82814120,"98,5"
39936461,"100,0"
59734510,..
59455288,..
82163292,"94,4"
88163512,"81,8"
31279294,..
36782335,"100,0"
69686851,"100,0"
95165649,"100,0"
35236491,"98,4"
50696507,"100,0"
38448056,"100,0"
83085136,"98,1"
85544331,"100,0"
19560192,..
21363125,..
78659008,"86,1"
18091973,"89,5"
88624631,"100,0"
35390185,..
40829056,..
65662401,"100,0"
75344502,"95,0"
32580162,"95,7"
61547652,"100,0"
62490359,"92,3"
64725297,"75,9"
43362941,"87,0"
23457902,..
27597104,"100,0"
77823650,"100,0"
52634142,"81,5"
32705515,"100,0"
23306658,"100,0"
26167236,..
11185244,"83,3"
56211717,"95,0"
32042066,..
92814975,"100,0"
20984584,..
61823258,..
39178171,"100,0"
25745773,"100,0"
43284031,"96,2"
26267406,..
53180719,..
56267421,"100,0"
34990065,"92,9"
32003298,"100,0"
42517257,"90,6"
86896907,"96,8"
14292382,"95,5"
54764253,"100,0"
97104132,"100,0"
46332927,"100,0"
86319615,"100,0"
22446331,"91,7"
76903284,..
34222422,..
98815582,"92,0"
59026584,"96,7"
52333875,"81,4"
92489953,"100,0"
82888663,"100,0"
11275959,"90,6"
50615280,"100,0"
19035583,"100,0"
80280597,..
89630851,..
14586562,..
65234368,"100,0"
76942525,..
25698509,"94,7"
16496466,..
65265211,..
61175914,..
63451147,"100,0"
31112935,"78,9"
20173336,"89,7"
38544187,"68,1"
23517683,"94,7"
88956420,..
14677676,"100,0"
98032567,..
25955541,"94,3"
24501884,"95,3"
25847233,"100,0"
34421265,"100,0"
33249781,"81,0"
64693272,..
61004230,"100,0"
71262305,"100,0"
55795961,..
84947634,..
48009865,"100,0"
18208087,"100,0"
19464342,..
60743463,..
32960825,"91,3"
91748148,"100,0"
42022406,..
65192707,"100,0"
43634528,"100,0"
53400472,"100,0"
97758137,"100,0"
26334561,"100,0"
40386043,"100,0"
59483268,"100,0"
21663998,"95,7"
20595770,"100,0"
45164827,"100,0"
34153869,"100,0"
17846181,..
75082798,"100,0"
34637764,"97,2"
48434184,"100,0"
95684185,"100,0"
17008320,"100,0"
25720752,"100,0"
55155562,"100,0"
23164911,"98,7"
19981611,..
19586169,"100,0"
24273261,..
59455288,..
25677996,"100,0"
35063170,"100,0"
31279294,..
36782335,"100,0"
23897040,..
20666515,"100,0"
54965510,"100,0"
84835666,"92,9"
64740897,..
78979604,..
85068812,..
78397312,"100,0"
89837629,"100,0"
12994441,"95,5"
88774402,"100,0"
75141151,"100,0"
84306392,"100,0"
26627862,"96,8"
72517762,"100,0"
38684438,"100,0"
35647481,"94,6"
69983740,"100,0"
66491596,"100,0"
12052268,"100,0"
71597051,"100,0"
40690520,"100,0"
21505555,"99,2"
70066748,"100,0"
19207279,"100,0"
53640774,"100,0"
72127035,"100,0"
74148070,"100,0"
19051089,"100,0"
98052678,"95,7"
16313848,"100,0"
11294673,"100,0"
86327236,..
83137205,"100,0"
54172830,"95,5"
65136104,..
56330385,..
20228162,"100,0"
53462953,"100,0"
60730660,"100,0"
82592568,"100,0"
78875918,"100,0"
86385479,..
49862313,"100,0"
42859669,"100,0"
99592025,"100,0"
47550455,"100,0"
47046103,"100,0"
58125096,"100,0"
82914148,..
20620556,..
17173461,..
30468157,"100,0"
61528940,"100,0"
92858957,"100,0"
86296935,..
44113417,"100,0"
39555838,..
85214294,..
82084961,"100,0"
51210136,"97,5"
80686587,"100,0"
91984508,"100,0"
40667807,"100,0"
88466776,"100,0"
57942242,"97,4"
77688926,"100,0"
29032715,"100,0"
48931433,"100,0"
96024712,"100,0"
30458073,..
27115998,"100,0"
79516949,"100,0"
87207941,"100,0"
46574937,"97,5"
63791419,"100,0"
81619482,"100,0"
90006712,"100,0"
39149668,"100,0"
38233622,"100,0"
48722826,"95,5"
98239050,"100,0"
61547652,..
87034307,"98,8"
78872213,"100,0"
76860623,"100,0"
64160122,"100,0"
56947954,"100,0"
72022487,..
71512894,"100,0"
28248021,..
44417214,"100,0"
88776535,"97,7"
71043974,"100,0"
57777751,..
89807183,"100,0"
96818167,"100,0"
67300857,"100,0"
99279503,..
63653488,..
84476205,"100,0"
69240218,..
12934438,"100,0"
43313366,"100,0"
82002016,"100,0"
23306658,"100,0"
69306209,"100,0"
94090461,"100,0"
80931789,"100,0"
69807202,"100,0"
75939593,"99,1"
56639389,"100,0"
95700485,"100,0"
53896162,"100,0"
17779637,"100,0"
66824652,..
49168016,"100,0"
60873719,"97,1"
21938183,"100,0"
69063711,..
12926770,"100,0"
68748767,..
23548714,"100,0"
48593439,"100,0"
91773491,"100,0"
30361243,"100,0"
25596917,"96,0"
65722876,"100,0"
65381163,"92,0"
84424083,"100,0"
78231062,"100,0"
10481541,"100,0"
68381790,"100,0"
13006857,"100,0"
16956086,"100,0"
58187973,"100,0"
31870541,..
44672598,"100,0"
31822012,..
83161201,"100,0"
16702464,..
36252055,"99,3"
58907711,"100,0"
71541108,"100,0"
69471748,..
76485705,"100,0"
93239262,"100,0"
75575321,"100,0"
24194577,..
51955293,"100,0"
51736304,"100,0"
95785055,"100,0"
68655578,"100,0"
37054246,..
39199869,"100,0"
59655752,"100,0"
41555549,..
81876614,"100,0"
67071618,..
75324351,..
61229217,"93,8"
59575030,"100,0"
77440824,"100,0"
14292382,"100,0"
87859089,"100,0"
98908403,"100,0"
16493131,"100,0"
83272868,"100,0"
45552626,"100,0"
16748680,"100,0"
65674821,"100,0"
38048202,"100,0"
65320354,"100,0"
76903284,"100,0"
49141105,"92,3"
26996566,..
27704246,"99,4"
69747871,..
79346084,"100,0"
14448619,"100,0"
43565270,"95,7"
52791537,"98,3"
85819857,"99,2"
54117171,"100,0"
48120273,"100,0"
94167577,"92,0"
53903798,..
69650864,"100,0"
41938272,"98,0"
76054399,"100,0"
60142020,..
70811222,..
17911161,"88,1"
35084976,"95,5"
77632411,"98,8"
49068301,"100,0"
38195284,"100,0"
97510495,"95,0"
89461767,"100,0"
94717858,"100,0"
53760158,"100,0"
37802196,..
36288955,"100,0"
74812809,"100,0"
88839172,"100,0"
95618280,"100,0"
26326048,"96,7"
37839488,"100,0"
59796774,..
75600007,"100,0"
73812226,"94,1"
82964090,"100,0"
24339566,"97,9"
65458415,..
52333875,"97,8"
69543519,"88,5"
24759907,"96,0"
31315191,"100,0"
56670842,"100,0"
48555205,"100,0"
31313926,..
30312720,"100,0"
32116280,..
53175499,"100,0"
52153758,"100,0"
22116645,"99,0"
30167976,"100,0"
50104466,..
28004794,..
32071849,"100,0"
41099519,"100,0"
59386837,..
21382451,"100,0"
43873969,"98,4"
24993048,"100,0"
66273269,"100,0"
11275959,"100,0"
58518163,..
37912396,"100,0"
45593337,"100,0"
10226870,"100,0"
32057701,"100,0"
30615080,"100,0"
70543431,..
23476801,..
86351879,"100,0"
74322969,..
90260899,..
31057219,"100,0"
27079521,"100,0"
64579522,..
34381901,"100,0"
55150847,"97,1"
53069733,"100,0"
99394620,"100,0"
76448076,"100,0"
84329061,"100,0"
82718660,..
31486865,"100,0"
97265732,"100,0"
61720981,"100,0"
98651664,"100,0"
33657492,"100,0"
37078868,..
16130958,"100,0"
77713695,"100,0"
16218090,"100,0"
23544320,"100,0"
49136871,..
20855811,"93,3"
53923398,"100,0"
74560191,..
47844862,"100,0"
72984079,"93,8"
52048443,..
61674097,..
32550660,"100,0"
93488613,..
45600034,..
59599256,"100,0"
26957025,"100,0"
90509211,..
11953769,..
50393060,"100,0"
95340745,..
54004368,"100,0"
31975673,"100,0"
82251333,"100,0"
63931325,..
57391913,"100,0"
46148350,"100,0"
50133877,"100,0"
74919147,"100,0"
24277564,"100,0"
44412461,"100,0"
18217765,"100,0"
49576295,"100,0"
49170638,"100,0"
25379974,..
88025221,"100,0"
18042101,"100,0"
56041699,..
70955448,"100,0"
46707989,"100,0"
61176909,"100,0"
21778322,"100,0"
62612992,"96,6"
94975733,"100,0"
56802300,..
15149235,"100,0"
13981977,..
67058407,"94,1"
15791044,"100,0"
64908550,"100,0"
77358716,"100,0"
92192566,..
56886667,"99,1"
65421426,"100,0"
62394916,..
72071234,"100,0"
64693272,..
65833454,"100,0"
34988313,"100,0"
38880984,"100,0"
18686599,"100,0"
47559319,"90,9"
20752831,"100,0"
51023367,..
34739511,"100,0"
52690153,..
61004230,..
19464342,..
43609520,..
83474173,..
91487291,..
88445871,"84,4"
23424275,"100,0"
40386043,..
33685428,..
75082798,..
34637764,"100,0"
15077883,..
19647256,"100,0"
16361868,..
19586169,..
25679488,..
31279294,..
36782335,..
90551279,"89,5"
93062368,..
15414001,"87,3"
38311488,"96,9"
74148070,..
32671805,"93,9"
79606767,..
65136104,..
80327946,"90,5"
86385479,..
70923626,..
47550455,..
20620556,..
19560192,..
46660042,..
40810950,"88,9"
17849518,..
66132676,"100,0"
19741742,..
97270136,"100,0"
30530571,..
11673760,"85,0"
38400227,"100,0"
60209222,"94,7"
23350817,..
87262566,..
41844601,"93,3"
57397381,"90,9"
72022487,..
44417214,"100,0"
86158933,"83,3"
78287294,"100,0"
32705515,"100,0"
23306658,..
31740319,"95,5"
63035915,"79,2"
50821167,..
92814975,..
68748767,..
20984584,..
11608031,"100,0"
76007769,"72,2"
88894245,..
47884009,"87,5"
75340089,..
31796890,..
69471748,"95,2"
60424371,"95,2"
37054246,..
18711877,..
28025244,..
16493131,..
48304166,..
68597767,..
38048202,..
40575001,..
12496135,..
42060237,..
56653353,"97,9"
31998226,..
24397215,"95,5"
30677562,"96,4"
79845033,..
21627442,"98,2"
16931486,..
19306558,..
37912396,..
29159460,..
89630851,"100,0"
69302313,..
27079521,..
14853321,..
92949043,"100,0"
71969230,..
61720981,..
16496466,..
62300682,"100,0"
61175914,..
61197669,..
37316242,"90,9"
54599691,..
27106031,..
63931325,..
57391913,"90,9"
70803636,..
14799321,"88,0"
16720048,"87,2"
31380193,..
92816527,..
15149235,..
82160887,..
15933512,"100,0"
12198363,..
18072172,..
85188855,..
39528347,..
53279140,"100,0"
56187883,..
51023367,..
68229719,"100,0"
71262305,"100,0"
55795961,..
84947634,..
48009865,"100,0"
82840198,"100,0"
19464342,..
60743463,..
97968599,"100,0"
42218661,"90,9"
74434644,"100,0"
36263479,"100,0"
19150273,"100,0"
53400472,..
97758137,"100,0"
26334561,"100,0"
40386043,"95,7"
59483268,"100,0"
32879845,"100,0"
88573795,..
20595770,"98,8"
82814120,"100,0"
45164827,"100,0"
10924758,"100,0"
34153869,"100,0"
17846181,"100,0"
75082798,"100,0"
23555409,"100,0"
72266906,"99,1"
34637764,..
19912478,"100,0"
15077883,"86,7"
48434184,"100,0"
51138448,"100,0"
93939982,"100,0"
25720752,"100,0"
55155562,"100,0"
31533003,"100,0"
16361868,..
19981611,..
19586169,"100,0"
24273261,"100,0"
59455288,..
25679488,"100,0"
35063170,..
31279294,..
36782335,"100,0"
20666515,"100,0"
21648755,"100,0"
11111710,"100,0"
49616977,"100,0"
54965510,"100,0"
54164490,"92,0"
20319353,"93,0"
92194545,"98,4"
64740897,..
78979604,..
85068812,..
78397312,"98,4"
36444853,"96,3"
89837629,"100,0"
12994441,"100,0"
88774402,"100,0"
75141151,"97,1"
28627819,"100,0"
26627862,"100,0"
48847282,"97,8"
72517762,..
38684438,"98,0"
31251822,"95,2"
90099336,..
69983740,"100,0"
12052268,"93,8"
71597051,"100,0"
40690520,"100,0"
97382366,"96,0"
10638939,"69,6"
21052710,"100,0"
88834120,"100,0"
19207279,"100,0"
53640774,"100,0"
72127035,"100,0"
68734112,"100,0"
92507006,"98,6"
44653962,"100,0"
50198492,"100,0"
16313848,"95,9"
11294673,"100,0"
86327236,..
41745951,"100,0"
83137205,"100,0"
28398531,..
66335258,"100,0"
54172830,"100,0"
75458014,"100,0"
65136104,..
56330385,"100,0"
20228162,"100,0"
53462953,"97,7"
60730660,"100,0"
82592568,"100,0"
86385479,..
49862313,"98,0"
99838438,..
42859669,"100,0"
99592025,"100,0"
34247736,"100,0"
76877530,..
47046103,..
58125096,"100,0"
82914148,..
20620556,"100,0"
17173461,..
30468157,"100,0"
66861851,"100,0"
92858957,"98,7"
44113417,"100,0"
67783774,..
39555838,..
85214294,"100,0"
82084961,"100,0"
73829818,"100,0"
18881773,..
78295411,"98,7"
12279302,"100,0"
50500028,"100,0"
18091973,"100,0"
88466776,"100,0"
40634612,"100,0"
37358234,"100,0"
21008461,"100,0"
53893730,"100,0"
42573391,..
64574972,"100,0"
45830583,..
48931433,"100,0"
30530571,"100,0"
78839208,"100,0"
30458073,..
68920727,"100,0"
27115998,"96,4"
79516949,"100,0"
96684210,"98,4"
87207941,"100,0"
23836342,"100,0"
12395564,"100,0"
39149668,"100,0"
48722826,"100,0"
40766349,"100,0"
67554405,"100,0"
73944169,"100,0"
94455820,..
62104139,"100,0"
78872213,"100,0"
58191646,"98,9"
63179610,"100,0"
64569393,"100,0"
48217580,"96,4"
57397381,"94,6"
72022487,"100,0"
71512894,"91,7"
28248021,"95,8"
44417214,"100,0"
25025681,"96,4"
71043974,"97,4"
57777751,..
61161774,"98,5"
75914181,"79,2"
99279503,"100,0"
63653488,..
25392789,"100,0"
69240218,"100,0"
38460895,"100,0"
31199511,"98,6"
43313366,"100,0"
37550979,..
70137084,"100,0"
23306658,"100,0"
11102578,"100,0"
17944628,"100,0"
94090461,"100,0"
64648904,"100,0"
75939593,"100,0"
26324896,"100,0"
56639389,"100,0"
95700485,"100,0"
53896162,"98,5"
17779637,"100,0"
71929526,..
60873719,"100,0"
28085125,"100,0"
21938183,"100,0"
69063711,..
77609073,..
35894996,"100,0"
12926770,"100,0"
68748767,"93,8"
23548714,"90,0"
48593439,"100,0"
91773491,"100,0"
30361243,"100,0"
25596917,"98,2"
65722876,"100,0"
65381163,"96,8"
31155312,"90,9"
84424083,"100,0"
78231062,"100,0"
10481541,"97,9"
68381790,"100,0"
13006857,"100,0"
16956086,"100,0"
58187973,..
31870541,"100,0"
44672598,"100,0"
31822012,"100,0"
99356671,..
16702464,..
29449669,"100,0"
62855448,"100,0"
91812793,"100,0"
58907711,"100,0"
68285560,"100,0"
58544422,"100,0"
69471748,"100,0"
49750031,"100,0"
93239262,"100,0"
75575321,"100,0"
28023078,"100,0"
24194577,..
57690933,"98,5"
12130801,"100,0"
95785055,"100,0"
68741484,"100,0"
37054246,"100,0"
72421673,"100,0"
15763669,..
59655752,"100,0"
41555549,"100,0"
85459854,"95,7"
67071618,..
75324351,..
61229217,"100,0"
18617410,"98,3"
40338843,"100,0"
14292382,"100,0"
87859089,"100,0"
98908403,"92,1"
16493131,"100,0"
83272868,"100,0"
11526364,"100,0"
45552626,"100,0"
16748680,"100,0"
92332557,"100,0"
78690637,"100,0"
30279258,"100,0"
76903284,"100,0"
49141105,"100,0"
18974693,"100,0"
26996566,..
69747871,..
31151740,"100,0"
79346084,"98,5"
89816391,"100,0"
43565270,"97,4"
77176811,"100,0"
52791537,"100,0"
52942981,"100,0"
48120273,"100,0"
94167577,"96,2"
27023528,"100,0"
53903798,"100,0"
97770837,"100,0"
69650864,"100,0"
59581397,"100,0"
41938272,"100,0"
29423248,"100,0"
33132452,"85,7"
70811222,..
17911161,"94,3"
35084976,..
77632411,"100,0"
49068301,"100,0"
59898194,"100,0"
38195284,"100,0"
97510495,"100,0"
89461767,"100,0"
94717858,"100,0"
36288955,"100,0"
74812809,"100,0"
88839172,"100,0"
48412612,"100,0"
75075402,"95,1"
26326048,"93,2"
37839488,"96,4"
59796774,..
17675502,"100,0"
75600007,"100,0"
73812226,"100,0"
88955893,"100,0"
63943560,"100,0"
85516596,"94,1"
16784385,"100,0"
89963319,..
24339566,"100,0"
65458415,..
95154882,..
28519815,"80,8"
69543519,..
24759907,"83,6"
31315191,"100,0"
42775003,"100,0"
48555205,"100,0"
32116280,..
57143976,"100,0"
53175499,..
64388538,"100,0"
52153758,"100,0"
22116645,..
99755443,"100,0"
30167976,..
50104466,..
28004794,..
32071849,"100,0"
79845033,"100,0"
41099519,"100,0"
59386837,..
21382451,"100,0"
36769815,..
43873969,"100,0"
35301145,"100,0"
59942080,"92,9"
66273269,"100,0"
11275959,..
58518163,"100,0"
37912396,"100,0"
45593337,"100,0"
19839859,..
30615080,"89,5"
25178582,"100,0"
23476801,..
56041144,"100,0"
74322969,"100,0"
90260899,"100,0"
31057219,"100,0"
27079521,"100,0"
64579522,"100,0"
34381901,"100,0"
55150847,..
90076461,"100,0"
53069733,"100,0"
95368476,"100,0"
76448076,..
86488203,"98,2"
25156286,"100,0"
28081446,"100,0"
92949043,"100,0"
91048178,"100,0"
82718660,..
12399380,..
31486865,"100,0"
97265732,"100,0"
61720981,"100,0"
50424828,..
47393891,"97,3"
48414975,"100,0"
47108751,..
33657492,"100,0"
82195565,"98,8"
77713695,"100,0"
64667996,"100,0"
23544320,"100,0"
69040241,..
63993414,..
20855811,"100,0"
53923398,"100,0"
74560191,..
47844862,"98,8"
72984079,"93,9"
36480690,"94,7"
32995170,"100,0"
52048443,..
61674097,"100,0"
32550660,"100,0"
93488613,"100,0"
45600034,..
59599256,"99,0"
26957025,"100,0"
90509211,"100,0"
50393060,"100,0"
85788659,"100,0"
95340745,..
59521477,..
92442684,"100,0"
54599691,"100,0"
31975673,"100,0"
99864908,"100,0"
63931325,..
57391913,"100,0"
46148350,"100,0"
49868916,"100,0"
74919147,"100,0"
78389879,"100,0"
24277564,..
44412461,"100,0"
36355200,"100,0"
70803636,"98,2"
77712952,"100,0"
10433896,"100,0"
49170638,"100,0"
46379730,"95,8"
25379974,"100,0"
88025221,"100,0"
18042101,"100,0"
56041699,..
45111086,"100,0"
70955448,"100,0"
67924816,"98,2"
56084099,..
13960635,"100,0"
61176909,"100,0"
21778322,"100,0"
85485803,"98,3"
88429477,"100,0"
56802300,"100,0"
15149235,"100,0"
24538846,"100,0"
67058407,"88,9"
15791044,"100,0"
65392939,"100,0"
77358716,"100,0"
49739986,"97,5"
92192566,"93,9"
56886667,"100,0"
64648566,"100,0"
65421426,"98,5"
62394916,"100,0"
72071234,"100,0"
15933512,"100,0"
64693272,..
18072172,..
65833454,"100,0"
28045567,"100,0"
18686599,"100,0"
93779220,"100,0"
80785976,"100,0"
47559319,"100,0"
56187883,"100,0"
20752831,"100,0"
51023367,..
52690153,..
36782335,..
96279444,"100,0"
19560192,..
31657916,..
85800840,"100,0"
20061769,"100,0"
77358716,"94,4"
18345915,"100,0"
71262305,"100,0"
55795961,..
48009865,"100,0"
18208087,"100,0"
60743463,..
32960825,"100,0"
91748148,"96,3"
42022406,"89,5"
65192707,"100,0"
69018222,"100,0"
12889940,"100,0"
40386043,"96,6"
21663998,"100,0"
88259298,"100,0"
17846181,..
75082798,"98,1"
23555409,"100,0"
30341162,"100,0"
16950252,"100,0"
15077883,..
48434184,..
56421429,"100,0"
17008320,"100,0"
25720752,"100,0"
55155562,"100,0"
23164911,"100,0"
36680097,..
95683850,"98,5"
89888648,"95,7"
35063170,"100,0"
31279294,..
36782335,"100,0"
23897040,..
37906565,..
90551279,"95,1"
69686851,..
85068812,..
16819383,"100,0"
89837629,"100,0"
72517762,.
79094701,"100,0"
66491596,"100,0"
12052268,"100,0"
53231578,"100,0"
96279444,"96,4"
40690520,"100,0"
35006050,"100,0"
21052710,"100,0"
58502307,"100,0"
97177328,"100,0"
70969714,"100,0"
81993306,"98,4"
47264019,"100,0"
16313848,"93,8"
86327236,..
28398531,"86,7"
79033948,"100,0"
68240485,"100,0"
78875918,"98,3"
86385479,..
49862313,..
99838438,"100,0"
42859669,"100,0"
99592025,"100,0"
47550455,"96,0"
58125096,"100,0"
30468157,"100,0"
72206824,"100,0"
92858957,"96,7"
44113417,"100,0"
39555838,..
82084961,"94,3"
46162400,"100,0"
67279263,"97,6"
18594470,"100,0"
40667807,..
88466776,..
40634612,..
14508922,"100,0"
29032715,"100,0"
19909435,"100,0"
96024712,"100,0"
27115998,"100,0"
41867682,"87,5"
79516949,"100,0"
46574937,"95,9"
39805497,"100,0"
81619482,"100,0"
90006712,..
39149668,..
48722826,"100,0"
53691739,"100,0"
43251309,"100,0"
87034307,"91,9"
78872213,..
80405898,"100,0"
51620045,"100,0"
86888278,"100,0"
56947954,"100,0"
72022487,"100,0"
71512894,"93,3"
28248021,..
44417214,"100,0"
88776535,"100,0"
71043974,"92,9"
89807183,"100,0"
39302565,"100,0"
79527481,"96,3"
69240218,..
86787111,"100,0"
77823650,..
82002016,"100,0"
97535124,"100,0"
69306209,"100,0"
12954099,"100,0"
90473340,..
51449748,"100,0"
12613085,"100,0"
53896162,"95,8"
66824652,"100,0"
49168016,"100,0"
60873719,"100,0"
69063711,..
77609073,..
52129378,"100,0"
65381163,"84,1"
68381790,..
13006857,"100,0"
16956086,"100,0"
31870541,"100,0"
44672598,"100,0"
83161201,"100,0"
16702464,..
29449669,"93,1"
36252055,"100,0"
14355031,"100,0"
53832505,"97,6"
69471748,..
43284031,"96,7"
26267406,..
51955293,"100,0"
51736304,"100,0"
44285075,..
68655578,"100,0"
37054246,..
39199869,"96,8"
88750078,"100,0"
41555549,"100,0"
81876614,"100,0"
67071618,"100,0"
75324351,..
59575030,"100,0"
77440824,"100,0"
51981332,"100,0"
87859089,..
98908403,"90,9"
16493131,"100,0"
11526364,"100,0"
38048202,"97,6"
26671095,"91,3"
65320354,"100,0"
76903284,"100,0"
15870428,"95,8"
26750052,"100,0"
12546590,"100,0"
54117171,"100,0"
94167577,"90,7"
27023528,"100,0"
17911161,"83,3"
35084976,..
49068301,"100,0"
94717858,"100,0"
46256929,"100,0"
73812226,"93,3"
15390992,"100,0"
63943560,"100,0"
78433202,"98,3"
31313926,"96,2"
30312720,"100,0"
32116280,"100,0"
57143976,"100,0"
93367005,"100,0"
50104466,..
79845033,"92,9"
41099519,..
59386837,..
17276047,"100,0"
48244956,"100,0"
13084253,"98,7"
58518163,"100,0"
27993549,"93,3"
37912396,..
45593337,"96,8"
67628478,"100,0"
37517404,..
25178582,"100,0"
86351879,..
74322969,..
90260899,..
31057219,"100,0"
27079521,"100,0"
64579522,..
53069733,"91,7"
99394620,"100,0"
31537066,"100,0"
21400668,"100,0"
84329061,"100,0"
91048178,"91,7"
31486865,"100,0"
97265732,"100,0"
61720981,"100,0"
82931004,..
28829503,"96,7"
33657492,"100,0"
33596572,"100,0"
57668673,"100,0"
20855811,"95,7"
53923398,"100,0"
72984079,"92,3"
36480690,"100,0"
52048443,"100,0"
50393060,"100,0"
95340745,..
59521477,..
66095163,"100,0"
54004368,"100,0"
31975673,"100,0"
59463950,"100,0"
63931325,..
75374280,"100,0"
46148350,..
50133877,"94,9"
44412461,"100,0"
18217765,"100,0"
66028861,"100,0"
10433896,"100,0"
43154449,"100,0"
68824244,"100,0"
43479922,"100,0"
28391147,"98,5"
62612992,"100,0"
94975733,..
56802300,..
15149235,..
13981977,..
67058407,..
15791044,..
65392939,"98,2"
29225010,"100,0"
24349146,"97,7"
83605345,..
64693272,..
18072172,..
20768651,"97,9"
28872974,"100,0"
80785976,..
21532545,..
20752831,"100,0"
34739511,"100,0"
68824244,..
68564903,"100,0"
88445871,"100,0"
98132436,"85,7"
59483268,..
12154972,..
59734510,..
59455288,..
89888648,..
36782335,..
20666515,..
90551279,"85,7"
93062368,..
90267145,..
16819383,"100,0"
51321260,"89,2"
88556189,..
31843016,..
87764775,..
16313848,..
65136104,..
69241230,..
80327946,"95,5"
86385479,..
42859669,"100,0"
92905347,..
30329172,..
19560192,..
82084961,"85,7"
73829818,"87,5"
14508922,..
19741742,..
19909435,"100,0"
85800840,..
39583059,"78,6"
38645259,..
38400227,"100,0"
86473502,..
73567152,"100,0"
23457902,..
72022487,..
44417214,..
86724994,..
78287294,..
81551726,..
76195214,..
82826083,..
26167236,..
63035915,"76,9"
17119840,"100,0"
20984584,..
25648215,..
68006362,"92,3"
86762103,..
58187973,..
88894245,..
22220001,..
72891848,..
48862305,"96,0"
26267406,..
53180719,..
15609112,"100,0"
62216381,..
85459854,"100,0"
41697930,"96,2"
78690637,..
97835550,..
42911621,"100,0"
42060237,..
14926020,"84,2"
31998226,..
79829846,"92,9"
41631104,..
16931486,..
19839859,..
43601850,..
96414537,..
99394620,..
84329061,"91,7"
65265211,..
61647360,..
45541222,"100,0"
91905819,..
54882637,..
72984079,"58,8"
69865450,..
49872493,..
54467211,"100,0"
82251333,..
34002355,..
10342448,..
60088179,"100,0"
90290154,"100,0"
18691102,..
24349146,"90,5"
47692481,..
18072172,..
29744774,..
32239920,..
68229719,"100,0"
84947634,..
68564903,"100,0"
82840198,..
32960825,"100,0"
83474173,"100,0"
74434644,"83,3"
93281974,"91,2"
23424275,..
19150273,..
26334561,"94,7"
59483268,..
73098153,"100,0"
17846181,..
75082798,..
34637764,"91,2"
15077883,..
48434184,..
88850910,"93,3"
25720752,"100,0"
31533003,..
31429031,"100,0"
19586169,..
95683850,"100,0"
59455288,..
25677996,..
36782335,"100,0"
37906565,..
90551279,"100,0"
90267145,..
72998905,"100,0"
96590873,"95,3"
88556189,..
72127035,..
85003442,"100,0"
44653962,"90,9"
87764775,..
48438396,"82,9"
32671805,..
16313848,"100,0"
11294673,..
66335258,..
78875918,"96,2"
78023197,"96,3"
70923626,"100,0"
92905347,..
34247736,"95,2"
38167912,"100,0"
19560192,..
46660042,"88,9"
85214294,..
40037982,"84,4"
12279302,"100,0"
40667807,..
80762863,"88,9"
31657916,..
64574972,"100,0"
48931433,"100,0"
96024712,..
40829056,..
38645259,..
11673760,"95,0"
63791419,"84,1"
46145886,..
27041885,"100,0"
97596286,"100,0"
67554405,"96,6"
86473502,..
84286698,..
76860623,"100,0"
57397381,"100,0"
72022487,"100,0"
28248021,..
44417214,..
14102256,"100,0"
75914181,"100,0"
99279503,"89,1"
76195214,"100,0"
21901328,"100,0"
23306658,..
31740319,"100,0"
69807202,"96,2"
63035915,"95,7"
32042066,"100,0"
92814975,..
35894996,"100,0"
20984584,..
25648215,"83,3"
68006362,"100,0"
13006857,"100,0"
16956086,"100,0"
71160225,..
75340089,..
36670439,"100,0"
22220001,..
99356671,"100,0"
16702464,..
72891848,..
71541108,"94,4"
28023078,"82,4"
13963517,..
51955293,"91,7"
12130801,..
53180719,"100,0"
68741484,..
31179045,"96,0"
41555549,..
18711877,"100,0"
75324351,..
70376604,"100,0"
14292382,..
16493131,"95,5"
48304166,..
65674821,"100,0"
38048202,"100,0"
87303004,"100,0"
97835550,..
26508763,"100,0"
14504503,..
16198647,"100,0"
12496135,..
76903284,"100,0"
68649663,"91,9"
81997762,..
42060237,..
53903798,"100,0"
97770837,"94,4"
33132452,"87,5"
59898194,..
95618280,"83,6"
65458415,..
16501673,..
59386837,..
16931486,..
32321364,"100,0"
27993549,..
37912396,..
90312942,"100,0"
19839859,..
29159460,..
43601850,..
14586562,..
69302313,"90,9"
31057219,..
64579522,..
34381901,..
96414537,..
31537066,"100,0"
84329061,"100,0"
71969230,..
61720981,"100,0"
50424828,"97,6"
65265211,..
97191332,"100,0"
33657492,..
17812651,"100,0"
22239675,"100,0"
59599256,"96,8"
49872493,..
11953769,..
50393060,..
95340745,..
92442684,"100,0"
54599691,"90,9"
54467211,..
99864908,"100,0"
63931325,..
46148350,..
49868916,"94,7"
84908877,..
24277564,..
36355200,"81,3"
77835341,"100,0"
77712952,"100,0"
56041699,"100,0"
90685868,"100,0"
60088179,"88,0"
21778322,"100,0"
90290154,..
25847233,"100,0"
16848652,..
56802300,..
77379848,..
67422309,..
15791044,..
65421426,"100,0"
12198363,..
47692481,..
64693272,..
89690587,"96,4"
87112995,"96,4"
51023367,..
52690153,..
38683336,"100,0"
