skolkod,andel_minst_e_gyarb
93221031,"100,0"
17474377,"100,0"
74776778,"98,2"
18345915,"98,9"
68229719,"100,0"
61004230,"96,7"
71262305,"98,8"
55795961,"100,0"
84947634,"97,9"
23517336,"100,0"
48009865,"97,4"
97870412,"100,0"
68564903,"98,2"
82840198,"98,6"
18208087,"93,2"
89982804,"100,0"
19464342,"100,0"
60743463,"100,0"
32960825,"98,6"
43609520,"100,0"
41416934,"100,0"
97968599,"96,1"
21567982,"100,0"
91748148,"98,9"
49379603,..
80167319,..
42218661,"93,9"
73171934,..
83474173,"100,0"
91487291,..
21866405,"97,4"
74434644,"94,4"
42022406,"95,1"
88445871,"98,1"
65192707,"97,8"
18425335,"95,2"
93281974,"97,8"
23424275,"96,7"
43634528,"100,0"
36263479,"98,7"
56679384,"100,0"
30538202,"89,3"
19150273,"96,7"
69018222,"92,1"
25624692,"100,0"
88534520,"96,9"
12889940,"98,1"
16554575,"100,0"
34076477,"98,0"
54896448,"100,0"
25356960,"98,6"
64284020,"97,2"
98132436,"100,0"
53400472,"95,0"
60096875,"92,3"
97758137,"91,7"
26334561,"96,4"
40386043,"98,7"
29324709,"100,0"
26864271,"88,2"
59483268,"93,6"
33685428,"100,0"
32879845,"100,0"
88573795,"100,0"
20699742,"99,3"
21663998,"99,1"
20595770,"97,1"
82814120,"100,0"
45164827,"97,8"
10924758,"96,4"
34153869,"100,0"
88259298,"90,9"
73098153,"100,0"
44240250,"97,3"
17846181,"92,1"
75082798,"97,5"
23555409,"97,9"
91333138,"100,0"
30341162,"100,0"
39936461,"100,0"
72266906,"96,9"
27030026,"94,8"
12154972,"97,4"
16950252,"96,7"
34637764,"96,8"
19912478,"99,1"
73255276,"100,0"
15077883,"99,0"
48434184,"98,2"
58724424,"96,6"
95684185,"100,0"
51138448,"92,9"
19647256,"100,0"
56421429,"98,0"
39911065,"98,4"
17008320,"100,0"
56737496,"97,3"
88850910,"93,3"
93939982,"100,0"
25720752,"98,0"
55155562,"94,6"
31533003,"99,1"
31429031,"97,7"
16361868,..
23164911,"99,2"
24008049,"99,2"
19981611,"100,0"
54481243,"100,0"
36680097,"94,1"
87756916,"89,5"
59734510,"94,1"
19586169,"94,1"
24273261,"97,1"
95683850,"100,0"
59455288,"89,5"
82163292,"98,1"
25679488,"98,9"
25677996,"92,3"
89888648,"98,8"
90003262,"100,0"
88163512,"97,0"
35063170,"94,9"
31279294,"95,3"
36782335,"98,6"
23897040,..
20666515,"98,1"
37906565,"100,0"
67279303,"100,0"
21648755,"95,3"
11111710,"89,7"
90551279,"98,0"
93062368,"87,5"
69686851,"97,3"
49616977,"93,9"
54965510,"97,2"
90267145,"100,0"
72998905,"100,0"
84835666,"96,4"
25872338,..
54164490,"96,0"
69481650,"97,4"
20319353,"80,9"
92194545,"100,0"
88153340,"95,0"
94353434,"89,5"
59396229,"98,5"
95165649,"98,0"
64740897,..
78979604,..
69626109,"95,3"
10974852,..
85068812,"84,8"
78397312,"99,0"
36444853,"91,0"
15414001,"96,4"
38311488,"100,0"
16819383,"94,7"
89837629,"89,3"
12994441,"92,3"
53660780,"100,0"
88774402,"99,4"
75141151,"74,4"
61701709,"99,3"
61469192,"98,4"
84306392,"99,4"
28627819,"94,2"
30086854,"100,0"
26627862,"97,9"
48847282,"91,1"
72517762,..
79094701,"100,0"
38684438,"92,4"
31251822,"96,2"
90099336,..
96590873,"100,0"
35647481,"98,6"
39549479,"89,3"
73147554,"100,0"
65752105,..
69983740,"100,0"
66491596,"100,0"
12052268,"92,7"
71597051,"100,0"
53231578,"98,9"
11274830,"93,1"
51321260,"98,3"
96279444,"95,8"
40690520,"100,0"
61880907,"88,0"
91011325,"93,3"
97382366,"94,9"
35006050,"94,5"
88886610,"100,0"
10638939,"69,9"
21505555,"100,0"
34336190,"100,0"
21052710,"100,0"
88556189,"87,8"
35236491,"98,4"
69739484,"97,2"
92887917,"98,7"
88834120,"96,0"
70066748,"96,2"
19207279,"100,0"
53640774,"97,5"
58502307,"100,0"
97177328,"91,8"
72127035,"100,0"
70969714,"98,1"
85003442,"100,0"
22752398,"96,2"
68734112,"97,5"
71922787,"94,3"
31843016,"97,1"
74148070,"97,7"
50696507,"100,0"
92507006,"99,0"
44653962,"100,0"
20100577,"95,7"
81993306,"94,7"
19051089,"100,0"
29097621,"95,2"
47264019,"100,0"
87764775,"94,4"
50198492,"96,5"
48438396,"85,4"
98052678,"100,0"
20099064,"98,8"
44341171,"86,2"
32671805,"100,0"
38448056,"100,0"
16313848,"91,8"
79606767,"83,3"
11294673,"100,0"
86327236,"100,0"
41745951,"100,0"
83137205,"90,7"
28398531,"97,3"
66335258,"98,0"
54172830,"96,6"
86310217,"92,9"
83085136,"100,0"
75458014,"96,2"
65136104,"94,1"
61826221,.
79033948,"96,9"
56330385,"96,7"
20228162,"100,0"
68240485,"100,0"
95046058,"100,0"
44392995,"100,0"
53462953,"94,4"
69241230,"78,3"
60730660,"100,0"
85544331,"100,0"
80327946,"98,8"
82592568,"93,3"
78875918,"97,3"
78023197,"97,8"
86385479,"100,0"
40991561,..
49862313,"97,1"
99838438,"90,1"
42859669,"89,8"
70923626,"82,5"
92905347,"95,7"
99592025,"99,6"
34247736,"97,6"
47550455,"100,0"
30329172,"100,0"
76877530,"94,1"
47046103,"94,0"
56664512,..
38167912,"100,0"
43826783,..
58125096,"96,0"
82914148,"90,9"
20620556,"100,0"
77839100,..
17173461,"96,4"
55535552,..
19560192,"96,2"
30468157,"95,9"
98053087,"97,3"
92533079,"98,0"
61528940,"98,3"
23681822,"97,8"
66861851,"98,4"
72206824,"100,0"
92858957,"97,9"
46660042,"96,9"
86296935,..
44113417,"98,4"
67783774,..
38917647,..
21363125,..
39555838,"91,3"
85214294,"90,5"
82084961,"90,0"
46162400,"94,4"
98369689,"93,5"
56529916,"95,0"
40810950,"92,6"
67279263,"100,0"
40037982,"97,8"
51210136,"100,0"
73829818,"99,2"
54395430,.
18881773,"100,0"
50908408,"100,0"
18594470,"92,6"
78295411,"91,0"
80686587,"96,0"
72232853,"97,5"
12279302,"95,7"
17849518,"100,0"
64205087,"97,1"
50500028,"92,9"
94570025,"100,0"
91984508,"89,7"
78659008,"97,2"
12448823,..
40667807,"98,4"
18091973,"98,8"
88466776,"100,0"
36539945,..
40634612,"96,5"
62439199,"100,0"
66132676,"97,7"
57942242,"100,0"
80762863,"93,1"
77688926,"100,0"
14508922,"99,0"
69629086,"99,1"
88624631,"100,0"
35390185,..
37358234,"85,2"
31657916,"100,0"
21008461,"98,3"
54606928,"96,1"
53893730,"94,5"
46241804,"100,0"
42573391,"100,0"
64574972,"96,9"
19741742,"98,7"
29032715,"94,4"
45830583,"100,0"
48931433,"99,1"
97270136,"100,0"
19909435,"100,0"
30530571,"97,1"
78839208,"100,0"
96024712,"99,4"
30458073,..
40829056,"91,7"
85800840,"97,2"
68920727,"100,0"
27115998,"96,3"
41867682,"92,3"
79516949,"97,2"
65662401,"98,2"
39583059,"97,8"
38645259,"93,8"
96684210,"98,3"
87207941,"95,8"
11673760,"98,1"
46574937,"98,3"
23836342,"92,4"
63791419,"96,8"
39805497,"100,0"
38400227,"96,0"
81619482,"100,0"
83829189,"100,0"
46145886,"100,0"
12395564,"100,0"
90006712,"100,0"
43649848,"95,0"
75344502,"100,0"
84247499,"93,2"
27041885,"97,4"
39149668,"100,0"
97064126,..
32580162,"100,0"
38233622,"100,0"
48722826,"96,7"
73063662,"100,0"
40766349,"100,0"
71571158,"100,0"
53691739,"100,0"
43251309,"100,0"
97596286,"92,9"
67554405,"99,4"
86473502,"92,9"
73944169,"98,0"
98239050,"100,0"
94455820,..
58368956,"97,6"
73567152,"100,0"
61547652,"97,9"
60209222,"98,3"
62104139,"92,1"
87034307,"97,5"
78872213,"100,0"
84286698,"100,0"
62490359,"100,0"
64725297,"89,7"
43362941,"91,3"
23350817,"100,0"
76860623,"100,0"
58191646,"98,9"
80405898,"98,4"
56021320,"100,0"
41358402,"100,0"
63179610,"82,6"
64569393,"95,5"
87262566,"92,7"
64160122,"100,0"
48217580,"97,2"
41844601,"100,0"
51620045,"100,0"
86888278,"89,5"
23457902,"92,9"
27597104,"91,3"
57397381,"93,8"
56947954,"98,7"
72022487,"97,8"
71512894,"95,2"
70969556,"95,0"
28248021,"94,8"
44417214,"97,7"
25025681,"94,1"
88776535,"98,8"
49488344,"100,0"
74408578,"97,5"
71043974,"97,8"
57777751,..
38732602,"100,0"
89807183,"97,0"
86724994,"97,6"
61161774,"97,8"
86158933,"100,0"
14102256,"98,8"
75082280,"100,0"
75914181,"93,5"
39302565,"98,3"
96818167,"100,0"
36072799,"96,2"
61432781,"98,6"
78287294,"100,0"
74316305,"100,0"
39096170,"100,0"
79527481,"97,0"
67300857,"100,0"
99279503,"94,3"
63653488,..
84476205,"97,8"
24544503,"95,6"
25392789,"97,4"
72109637,..
69240218,"95,3"
14057258,"100,0"
38460895,"88,9"
31199511,"100,0"
12934438,"99,0"
43313366,"100,0"
86787111,"97,1"
97868185,"100,0"
81551726,"83,3"
77823650,"96,5"
37550979,"100,0"
52634142,"100,0"
76195214,"96,9"
54839753,..
32705515,"96,4"
60214465,"91,9"
70137084,"96,6"
82002016,"94,0"
21901328,"94,7"
23306658,"100,0"
57350392,..
97535124,"100,0"
11102578,"99,0"
69306209,"94,9"
92651253,"100,0"
31740319,"100,0"
10129345,"100,0"
17944628,"93,8"
82826083,"100,0"
94468610,"100,0"
94090461,"100,0"
12954099,"97,4"
80931789,"98,4"
84098842,"93,1"
90473340,"100,0"
26167236,"96,4"
69807202,"100,0"
64648904,"100,0"
75939593,"98,5"
63035915,"96,7"
26324896,"100,0"
56639389,"99,5"
95700485,"97,6"
51449748,"94,2"
28267726,"100,0"
28848709,"100,0"
12613085,"100,0"
53896162,"98,3"
17779637,"97,7"
11185244,"85,7"
56211717,"95,0"
66824652,"95,7"
49168016,"100,0"
32042066,"98,1"
50821167,"100,0"
71929526,"93,5"
92814975,"92,5"
60873719,"97,5"
28085125,"100,0"
28770304,"91,9"
21938183,"97,1"
78986228,.
71472793,"100,0"
64123241,"100,0"
69063711,"100,0"
77609073,"100,0"
35894996,"94,9"
12926770,"94,7"
17119840,"100,0"
68748767,"90,4"
23548714,"87,3"
48593439,"86,7"
91773491,"84,3"
30361243,"96,5"
25596917,"98,4"
65722876,"96,9"
20984584,"89,5"
52129378,"91,8"
65381163,"92,5"
98541468,"100,0"
31155312,"68,0"
25648215,"97,9"
61823258,"100,0"
84424083,"99,5"
39178171,"96,6"
49231191,"95,7"
78231062,"100,0"
79994304,..
10481541,"96,7"
68006362,"95,1"
11608031,"98,0"
86762103,"96,4"
68381790,"100,0"
13006857,"98,5"
76007769,"100,0"
16956086,"99,0"
58187973,"100,0"
88894245,"100,0"
31870541,"98,7"
71160225,"100,0"
67752682,"100,0"
47884009,"96,8"
44672598,"100,0"
75340089,"100,0"
36670439,"96,2"
22220001,"100,0"
31822012,"94,7"
83161201,"100,0"
15100079,..
55421481,..
99356671,"82,4"
16702464,"91,3"
71353314,..
29449669,"97,2"
62855448,"96,3"
36252055,"99,0"
91812793,"98,6"
14355031,"100,0"
72891848,"95,2"
46611859,"100,0"
58907711,"100,0"
68285560,"97,3"
58544422,"97,9"
65150019,"100,0"
31796890,..
22426680,"84,6"
83805032,"100,0"
48862305,"97,5"
32887559,"100,0"
71541108,"100,0"
53832505,"95,1"
47537928,"89,7"
69471748,"92,2"
49750031,"98,0"
76485705,"98,2"
93239262,"100,0"
25745773,"95,7"
99976753,"95,7"
14278480,"97,2"
75575321,"98,4"
28023078,"98,5"
43284031,"97,6"
13963517,"100,0"
24194577,..
26267406,"100,0"
31255918,"100,0"
51955293,"100,0"
57690933,"97,9"
35035671,"100,0"
12130801,"97,6"
51736304,"100,0"
53180719,"100,0"
27489137,"100,0"
15609112,"100,0"
44285075,"94,3"
60424371,"94,1"
95785055,"100,0"
68655578,"98,4"
17062663,"100,0"
68741484,"94,8"
56267421,"100,0"
34990065,"98,2"
37054246,"100,0"
39199869,"98,4"
62216381,"93,9"
31179045,"88,9"
72421673,"100,0"
15763669,..
59655752,"98,1"
88750078,"98,0"
41878314,..
41555549,"100,0"
32003298,"100,0"
22383788,"100,0"
85459854,"99,0"
81876614,"100,0"
18711877,"100,0"
67071618,"100,0"
75324351,"100,0"
61229217,"98,6"
58929357,"100,0"
42517257,"96,9"
70376604,"98,5"
59575030,"96,4"
93503103,"100,0"
18617410,"86,5"
41697930,"98,8"
28025244,"91,1"
17184072,"100,0"
40338843,"97,6"
77440824,"100,0"
71069359,"100,0"
86896907,"93,5"
14292382,"99,1"
51981332,"100,0"
87859089,"100,0"
54764253,"100,0"
98908403,"93,6"
16493131,"99,1"
41119610,"100,0"
83272868,"97,5"
11526364,"96,2"
48304166,"100,0"
24982097,"94,4"
45552626,"95,9"
50906954,.
97104132,"100,0"
16748680,"100,0"
68597767,"100,0"
27964873,"91,7"
30706655,"95,0"
65674821,"100,0"
92332557,"94,0"
46332927,"100,0"
78690637,"96,1"
24653673,"100,0"
38048202,"97,7"
90990441,"87,5"
86319615,"87,5"
87303004,"100,0"
97835550,"90,9"
22446331,"100,0"
26671095,"100,0"
42911621,"96,9"
40575001,"87,7"
75027822,"100,0"
26508763,"100,0"
14504503,"96,2"
21850904,"100,0"
65320354,"100,0"
77544055,"98,9"
49112879,"98,0"
30279258,"98,1"
16198647,"100,0"
12496135,"100,0"
76903284,"94,8"
68649663,"100,0"
43623146,..
49141105,"88,5"
15870428,"96,6"
26646080,"100,0"
26750052,"98,4"
18974693,"99,3"
26996566,"100,0"
27704246,"98,3"
81997762,"96,7"
28967085,..
69747871,..
70119254,"100,0"
31151740,"100,0"
79346084,"95,9"
34222422,"93,3"
84230226,..
42060237,"97,7"
89816391,"100,0"
14448619,"96,5"
12546590,"100,0"
43565270,"92,5"
77176811,"97,4"
52791537,"100,0"
85152591,"100,0"
85819857,"100,0"
40600798,"100,0"
52942981,"94,1"
54117171,"100,0"
48120273,"97,3"
33233228,..
94167577,"88,8"
27023528,"95,7"
53903798,"87,3"
85782695,"84,6"
98815582,"96,0"
97770837,"92,3"
21312503,"100,0"
69650864,"100,0"
59581397,"100,0"
14926020,"84,2"
41938272,"96,2"
29423248,"98,0"
76054399,"97,0"
33132452,"95,1"
56942970,..
60142020,..
70811222,"100,0"
17911161,"76,5"
35084976,"100,0"
25525759,.
77632411,"99,4"
56653353,"100,0"
49068301,"89,3"
59898194,"96,1"
38195284,"95,3"
97510495,"97,1"
89461767,"98,7"
94717858,"95,4"
53760158,"100,0"
78422467,"98,6"
37802196,..
38683336,"100,0"
36288955,"100,0"
74812809,"100,0"
88839172,"98,7"
48412612,"95,7"
95618280,"86,8"
75075402,"94,7"
26326048,"89,2"
37839488,"91,5"
46256929,"97,8"
83374651,"100,0"
59796774,"100,0"
17675502,"86,8"
75600007,"94,3"
73812226,"94,3"
30762346,..
82964090,"99,4"
88955893,"99,2"
15278518,"95,8"
15390992,"98,1"
63943560,"93,6"
85516596,"96,3"
31998226,..
38236800,"93,8"
16784385,"97,5"
59026584,"95,9"
79829846,"92,9"
89963319,..
24339566,"97,6"
20061769,"100,0"
65458415,..
95154882,"92,9"
52333875,"99,1"
24663703,..
28519815,"96,2"
65666808,"97,8"
69543519,"96,3"
24397215,"97,7"
30677562,"96,3"
85054102,"100,0"
87274273,"100,0"
89693952,.
24759907,"80,9"
78433202,"94,9"
41631104,"93,8"
35366805,"100,0"
31315191,"92,7"
80357110,"91,3"
42775003,"100,0"
56670842,"100,0"
89370947,"99,2"
18451445,..
48555205,"91,6"
31313926,"93,1"
30312720,"100,0"
32116280,"100,0"
57143976,"97,2"
93367005,"100,0"
53175499,"100,0"
64388538,"100,0"
52153758,"100,0"
16501673,"92,1"
26298615,"100,0"
22116645,"98,1"
99755443,"97,9"
30167976,"95,3"
50104466,"100,0"
28004794,..
32071849,"100,0"
79845033,"98,8"
41099519,"97,3"
59386837,"98,6"
21627442,"100,0"
17276047,"92,5"
73217812,"94,7"
21382451,"95,3"
48244956,"94,5"
36769815,"100,0"
16931486,"95,2"
92489953,"92,6"
43873969,"97,4"
55825382,"92,1"
19306558,"100,0"
35301145,"90,0"
24993048,"92,0"
70132092,"98,3"
65034473,..
13084253,"94,1"
32321364,"90,9"
59942080,"95,0"
66273269,"95,0"
82888663,"94,9"
11275959,"98,8"
58518163,"90,0"
50615280,"100,0"
19035583,"100,0"
27993549,"94,4"
37912396,"100,0"
45593337,"93,4"
90312942,"98,8"
10226870,"100,0"
19839859,"100,0"
80280597,..
67628478,"100,0"
37517404,"100,0"
29159460,"100,0"
32057701,"100,0"
43601850,"100,0"
30615080,"87,9"
89630851,"95,3"
25178582,"95,7"
70543431,"100,0"
23476801,..
86351879,"100,0"
56041144,"98,1"
14586562,..
74322969,"98,2"
90260899,"94,4"
69302313,"100,0"
31057219,"97,3"
27079521,"100,0"
33572033,"95,8"
64579522,"100,0"
65234368,"100,0"
34381901,"96,0"
55150847,"95,0"
90076461,"93,9"
96414537,"100,0"
53069733,"98,0"
99394620,"100,0"
95368476,"97,7"
14853321,"98,0"
76448076,"93,9"
31537066,"100,0"
86488203,"97,8"
25156286,"97,1"
28081446,"98,9"
21400668,"95,2"
92949043,"98,7"
92818240,"96,7"
84329061,"98,0"
71969230,"100,0"
91048178,"96,5"
82718660,"100,0"
76942525,"92,3"
12399380,"100,0"
31486865,"99,4"
97265732,"99,6"
10373112,..
61720981,"99,3"
25698509,"100,0"
50424828,"92,2"
82931004,"92,9"
83584125,"100,0"
95024660,"98,6"
32263814,"100,0"
16496466,..
12075195,"100,0"
62300682,"100,0"
47393891,"92,0"
48414975,"100,0"
65265211,"100,0"
11533776,"96,0"
47108751,..
97191332,"96,6"
71938440,"100,0"
28829503,"100,0"
22811839,"100,0"
33205596,"100,0"
99622695,..
19930101,"94,7"
60727136,"100,0"
45132264,"100,0"
61647360,..
98651664,"98,7"
33657492,"92,8"
61622991,"97,2"
66644568,"94,4"
93659517,"100,0"
79309485,"100,0"
61175914,"100,0"
73316818,"100,0"
37078868,..
27859889,"100,0"
16130958,"100,0"
29161632,..
82195565,"100,0"
33596572,"100,0"
45541222,"100,0"
77713695,"100,0"
63451147,"100,0"
51131594,"95,2"
89680395,"100,0"
53696633,"100,0"
27440210,"100,0"
62758285,"100,0"
16218090,"100,0"
61197669,..
64667996,"97,2"
17812651,"100,0"
23544320,"100,0"
57668673,"95,5"
69040241,"94,7"
63993414,"100,0"
49136871,..
91905819,"100,0"
20855811,"91,9"
54882637,"93,8"
53923398,"95,9"
74560191,"100,0"
47844862,"98,4"
22239675,"81,0"
72984079,"87,4"
36480690,"94,7"
24787883,"85,7"
32995170,"94,4"
52048443,"100,0"
61674097,"97,8"
32550660,"99,2"
93488613,"88,2"
45600034,"100,0"
59599256,"98,7"
69865450,"98,0"
31112935,"100,0"
26957025,"99,1"
90509211,"98,0"
43277545,"94,6"
37316242,"98,9"
20173336,"97,0"
49872493,"96,6"
39147056,"96,2"
11953769,"83,3"
28646435,"96,0"
50393060,"97,6"
85788659,"84,4"
95340745,"97,0"
59521477,"98,6"
92442684,"93,3"
66095163,"84,3"
38544187,"100,0"
54599691,"98,0"
54004368,"98,7"
54467211,"100,0"
23517683,"94,7"
31975673,"99,1"
82251333,"100,0"
99864908,"98,1"
27106031,"98,6"
59463950,"100,0"
63931325,"100,0"
57391913,"98,7"
75374280,"100,0"
46148350,"97,0"
50133877,"98,2"
49868916,"99,3"
74919147,"98,4"
90240730,"98,7"
84908877,"96,8"
78389879,"96,0"
24277564,"88,6"
88956420,..
44412461,"99,3"
34002355,"84,6"
36355200,"96,5"
96920524,"100,0"
18217765,"97,9"
60919765,..
14677676,"100,0"
96152872,"93,5"
77835341,"91,7"
70803636,"99,2"
49576295,"100,0"
66028861,"100,0"
23797825,"98,6"
45293715,"98,5"
44738639,"100,0"
77712952,"91,9"
92009807,"93,6"
10433896,"95,7"
10342448,"80,4"
43154449,"100,0"
49170638,"95,3"
46379730,"97,4"
25379974,"95,5"
98032567,..
96194948,"92,6"
25955541,"100,0"
88025221,"98,9"
18042101,"98,8"
14799321,"100,0"
56041699,"100,0"
45111086,"100,0"
70955448,"99,4"
68824244,"98,1"
90685868,"100,0"
24501884,"100,0"
46707989,"95,5"
46986216,"95,5"
67924816,"99,1"
92805465,"97,7"
56084099,"97,4"
80711021,"97,8"
17648596,"98,2"
16720048,"100,0"
13960635,"98,7"
39341381,"83,3"
61176909,"100,0"
43479922,"95,5"
60088179,"95,1"
28391147,"91,9"
29209307,"100,0"
21778322,"97,5"
31380193,"77,3"
90290154,"96,7"
25847233,"100,0"
62612992,"91,6"
85485803,"94,4"
92816527,"98,8"
16848652,"100,0"
88429477,"95,8"
94975733,"100,0"
56802300,"100,0"
15149235,"98,7"
77379848,"100,0"
13981977,"100,0"
24538846,"100,0"
36886750,"94,4"
67422309,"100,0"
67058407,"84,3"
34421265,"98,4"
15791044,"100,0"
65392939,"98,2"
98696836,"100,0"
82160887,"94,4"
23175129,"88,9"
64908550,"100,0"
77358716,"100,0"
49739986,"90,4"
29225010,"96,1"
92192566,"94,5"
56886667,"99,4"
33249781,"96,2"
64648566,"94,7"
18691102,"76,9"
70302356,"100,0"
65421426,"96,2"
62394916,"100,0"
67908927,"95,8"
72071234,"100,0"
24349146,"96,7"
83605345,"95,2"
15933512,"97,9"
12198363,..
47692481,"95,7"
64693272,"92,6"
18072172,"100,0"
65833454,"96,2"
85188855,"95,7"
11341077,"100,0"
39528347,"97,2"
34988313,"97,8"
85473846,"100,0"
29744774,..
89690587,"93,6"
28045567,"98,7"
20768651,"100,0"
32239920,"95,4"
98781765,"97,1"
38880984,"97,6"
28872974,"94,6"
87112995,"100,0"
18686599,"100,0"
93779220,"98,5"
77797484,"98,5"
53279140,"97,9"
80785976,"96,4"
47559319,"94,1"
21532545,"100,0"
56187883,"97,1"
20752831,"90,2"
51023367,"100,0"
34739511,"100,0"
95069937,"100,0"
52690153,"100,0"
74776778,"98,2"
18345915,"100,0"
68229719,"100,0"
61004230,"98,0"
71262305,"98,5"
55795961,"100,0"
84947634,"100,0"
23517336,"100,0"
48009865,"97,4"
82840198,"100,0"
18208087,"90,0"
89982804,..
19464342,"100,0"
60743463,"100,0"
32960825,"98,4"
43609520,"100,0"
97968599,"96,1"
91748148,"98,9"
42218661,"93,9"
74434644,"93,0"
42022406,"92,9"
65192707,"97,8"
43634528,"100,0"
36263479,"98,7"
56679384,"100,0"
30538202,"89,3"
19150273,"90,9"
69018222,"92,1"
12889940,"98,1"
16554575,.
34076477,"98,0"
54896448,"100,0"
64284020,..
53400472,"95,0"
97758137,"91,7"
26334561,"97,2"
40386043,"98,5"
59483268,"92,3"
33685428,"100,0"
32879845,"100,0"
88573795,..
20699742,"99,3"
21663998,"99,1"
20595770,"97,1"
82814120,"100,0"
45164827,"97,8"
10924758,"97,3"
34153869,"100,0"
88259298,"90,0"
17846181,"91,2"
75082798,"99,4"
23555409,"97,5"
30341162,"100,0"
72266906,"96,2"
27030026,"93,8"
16950252,"100,0"
34637764,"95,9"
19912478,"99,1"
15077883,"100,0"
48434184,"96,7"
58724424,"92,9"
95684185,"100,0"
51138448,"92,5"
56421429,"100,0"
39911065,"98,2"
17008320,"100,0"
56737496,"94,7"
93939982,"100,0"
25720752,"97,6"
55155562,"94,3"
31533003,"100,0"
16361868,.
23164911,"99,2"
24008049,"100,0"
19981611,"100,0"
54481243,"100,0"
36680097,"100,0"
19586169,"91,7"
24273261,"100,0"
95683850,"100,0"
59455288,"85,7"
25679488,"98,5"
25677996,"91,2"
89888648,"97,9"
35063170,"96,1"
31279294,"100,0"
36782335,"99,1"
23897040,..
20666515,"100,0"
37906565,..
67279303,..
21648755,"96,6"
11111710,"73,3"
90551279,"95,1"
69686851,..
49616977,"94,3"
54965510,"97,2"
84835666,"96,4"
25872338,..
54164490,"96,0"
20319353,"80,9"
92194545,"100,0"
64740897,..
78979604,..
10974852,..
85068812,"88,0"
78397312,"99,0"
36444853,"90,2"
16819383,"91,7"
89837629,"89,3"
12994441,"98,1"
88774402,"99,4"
75141151,"74,4"
61701709,"99,3"
61469192,"98,4"
84306392,"99,4"
28627819,"94,2"
30086854,.
26627862,"97,9"
48847282,"91,1"
72517762,..
79094701,"100,0"
38684438,"91,2"
31251822,"96,2"
90099336,..
35647481,"98,6"
39549479,"89,3"
73147554,"100,0"
69983740,"100,0"
66491596,"100,0"
12052268,"92,7"
71597051,"100,0"
53231578,"98,9"
96279444,"94,5"
40690520,"100,0"
91011325,"93,3"
97382366,"94,9"
35006050,"93,9"
10638939,"42,4"
21505555,"100,0"
34336190,"100,0"
21052710,"100,0"
69739484,"97,2"
92887917,"98,7"
88834120,"96,0"
70066748,"96,2"
19207279,"100,0"
53640774,"97,5"
58502307,"100,0"
97177328,"93,8"
72127035,"100,0"
70969714,"96,6"
68734112,"97,5"
71922787,"92,9"
74148070,"100,0"
92507006,"99,0"
44653962,"100,0"
20100577,"95,7"
81993306,"92,1"
19051089,"100,0"
47264019,"100,0"
50198492,"96,5"
98052678,"100,0"
20099064,"98,8"
16313848,"91,4"
79606767,"79,1"
11294673,"100,0"
86327236,"100,0"
41745951,"100,0"
83137205,"90,7"
28398531,"90,9"
66335258,"100,0"
54172830,"95,4"
75458014,"94,1"
65136104,..
61826221,.
79033948,"97,2"
56330385,"97,7"
20228162,"100,0"
68240485,"100,0"
95046058,"100,0"
44392995,"100,0"
53462953,"94,4"
60730660,"100,0"
82592568,"93,3"
78875918,"96,7"
86385479,"100,0"
49862313,"97,1"
99838438,"88,5"
42859669,"91,2"
99592025,"100,0"
34247736,"100,0"
47550455,"100,0"
30329172,"100,0"
76877530,"93,8"
47046103,"94,4"
38167912,"100,0"
43826783,..
58125096,"96,0"
82914148,"90,9"
20620556,"100,0"
77839100,..
17173461,"94,4"
55535552,..
30468157,"95,9"
92533079,"98,0"
61528940,"98,3"
23681822,"97,8"
66861851,"98,4"
72206824,"100,0"
92858957,"97,8"
86296935,..
44113417,"99,0"
67783774,..
39555838,"90,0"
85214294,"77,8"
82084961,"87,9"
46162400,"100,0"
67279263,"100,0"
51210136,"100,0"
73829818,"99,1"
54395430,.
18881773,..
50908408,"100,0"
18594470,"92,6"
78295411,"91,0"
80686587,"93,1"
72232853,"97,5"
12279302,"92,3"
64205087,"97,1"
50500028,"92,9"
91984508,"97,1"
40667807,"100,0"
18091973,"100,0"
88466776,"100,0"
36539945,..
40634612,"95,1"
66132676,"98,4"
57942242,"100,0"
77688926,"100,0"
14508922,"98,9"
37358234,"92,3"
21008461,"98,3"
54606928,"98,8"
53893730,"94,5"
42573391,..
64574972,"97,7"
19741742,"100,0"
29032715,"93,1"
45830583,"100,0"
48931433,"98,8"
19909435,"100,0"
30530571,"96,4"
78839208,"100,0"
96024712,"99,1"
30458073,..
85800840,"96,4"
68920727,"100,0"
27115998,"95,2"
41867682,"87,5"
79516949,"97,2"
96684210,"98,3"
87207941,"95,2"
11673760,"99,1"
46574937,"98,3"
23836342,"92,4"
63791419,"100,0"
39805497,"100,0"
38400227,"95,3"
81619482,"100,0"
12395564,"100,0"
90006712,"100,0"
39149668,"100,0"
38233622,"100,0"
48722826,"93,1"
73063662,"100,0"
40766349,"100,0"
53691739,"100,0"
43251309,"100,0"
67554405,"100,0"
73944169,"98,0"
98239050,"100,0"
94455820,..
61547652,..
62104139,"90,4"
87034307,"97,5"
78872213,"100,0"
76860623,"100,0"
58191646,"98,9"
80405898,"98,4"
56021320,"100,0"
63179610,"82,6"
64569393,"96,2"
64160122,"100,0"
48217580,"97,2"
51620045,"100,0"
86888278,"89,5"
57397381,"92,7"
56947954,"98,7"
72022487,"98,2"
71512894,"95,2"
28248021,"95,7"
44417214,"97,3"
25025681,"92,7"
88776535,"98,8"
49488344,"100,0"
74408578,"98,1"
71043974,"97,8"
57777751,..
38732602,"100,0"
89807183,"97,0"
61161774,"97,8"
86158933,"100,0"
75914181,"93,3"
39302565,"92,9"
96818167,"100,0"
79527481,"97,0"
67300857,"100,0"
99279503,"83,3"
63653488,..
84476205,"97,8"
24544503,"95,6"
25392789,"97,4"
69240218,"94,5"
38460895,"88,9"
31199511,"100,0"
12934438,"99,0"
43313366,"100,0"
86787111,"97,1"
97868185,"100,0"
77823650,..
37550979,"100,0"
60214465,"88,5"
70137084,"96,4"
82002016,"100,0"
23306658,"100,0"
97535124,"100,0"
11102578,"98,7"
69306209,"100,0"
10129345,"100,0"
17944628,"93,1"
94468610,"100,0"
94090461,"100,0"
12954099,"97,1"
80931789,"98,0"
90473340,"100,0"
69807202,"100,0"
64648904,"100,0"
75939593,"98,5"
26324896,"100,0"
56639389,"99,5"
95700485,"97,6"
51449748,"94,2"
28267726,"100,0"
12613085,"100,0"
53896162,"98,3"
17779637,"97,7"
66824652,"96,6"
49168016,"100,0"
71929526,"93,5"
60873719,"97,5"
28085125,"100,0"
21938183,"97,1"
78986228,.
71472793,"100,0"
69063711,"100,0"
77609073,"100,0"
35894996,"86,7"
12926770,"94,7"
68748767,"81,3"
23548714,"87,3"
48593439,"86,7"
91773491,"84,3"
30361243,"96,5"
25596917,"99,1"
65722876,"96,9"
52129378,"97,1"
65381163,"92,5"
31155312,"60,5"
84424083,"99,5"
49231191,"95,7"
78231062,"100,0"
10481541,"96,7"
68381790,"100,0"
13006857,"100,0"
16956086,"100,0"
58187973,"100,0"
88894245,..
31870541,"98,7"
44672598,"100,0"
31822012,"94,7"
83161201,"100,0"
99356671,..
16702464,"100,0"
29449669,"97,2"
62855448,"96,3"
36252055,"99,2"
91812793,"98,5"
14355031,"100,0"
46611859,"100,0"
58907711,"100,0"
68285560,"97,3"
58544422,"97,9"
65150019,"100,0"
71541108,"100,0"
53832505,"95,1"
47537928,"89,7"
69471748,"88,2"
49750031,"98,0"
76485705,"98,2"
93239262,"100,0"
99976753,"95,7"
75575321,"98,4"
28023078,"93,8"
43284031,"96,7"
24194577,..
26267406,..
51955293,"100,0"
57690933,"97,9"
12130801,"97,1"
51736304,"100,0"
44285075,"94,3"
95785055,"100,0"
68655578,"97,0"
68741484,"95,2"
37054246,"100,0"
39199869,"98,3"
31179045,"73,1"
72421673,"100,0"
15763669,..
59655752,"97,7"
88750078,"100,0"
41555549,"100,0"
85459854,"98,5"
81876614,"100,0"
18711877,"100,0"
67071618,"100,0"
75324351,"100,0"
61229217,"97,4"
70376604,"97,6"
59575030,"96,4"
18617410,"82,8"
28025244,"96,3"
40338843,"96,7"
77440824,"100,0"
14292382,"100,0"
51981332,"100,0"
87859089,"100,0"
98908403,"93,2"
16493131,"98,0"
83272868,"97,5"
11526364,"96,2"
45552626,"95,9"
50906954,.
16748680,"100,0"
65674821,"100,0"
92332557,"94,0"
78690637,"96,4"
38048202,"100,0"
90990441,..
26671095,"100,0"
65320354,"100,0"
77544055,"100,0"
49112879,"98,0"
30279258,"98,1"
76903284,"94,5"
43623146,..
49141105,"88,5"
15870428,"100,0"
26646080,"100,0"
26750052,"98,9"
18974693,"99,3"
26996566,"100,0"
27704246,"98,3"
28967085,..
69747871,..
31151740,"100,0"
79346084,"96,0"
89816391,"100,0"
14448619,"98,6"
12546590,"100,0"
43565270,"92,5"
77176811,"97,4"
52791537,"100,0"
85152591,"100,0"
85819857,"100,0"
40600798,"100,0"
52942981,"94,1"
54117171,"100,0"
48120273,"97,3"
33233228,..
94167577,"88,0"
27023528,"92,5"
53903798,"74,4"
97770837,"92,9"
69650864,"100,0"
59581397,"100,0"
41938272,"96,2"
29423248,"98,0"
76054399,"97,0"
33132452,"94,9"
60142020,..
70811222,"100,0"
17911161,"76,5"
35084976,"100,0"
25525759,.
77632411,"99,4"
49068301,"89,3"
59898194,"95,3"
38195284,"95,3"
97510495,"96,7"
89461767,"98,7"
94717858,"95,4"
53760158,"100,0"
78422467,"98,6"
37802196,..
36288955,"100,0"
74812809,"100,0"
88839172,"98,7"
48412612,"95,7"
95618280,"92,2"
75075402,"94,7"
26326048,"89,2"
37839488,"91,5"
46256929,"97,8"
83374651,"100,0"
59796774,"100,0"
17675502,..
75600007,"94,9"
73812226,"94,3"
30762346,..
82964090,"99,4"
88955893,"99,2"
15278518,"92,6"
15390992,"98,4"
63943560,"90,3"
85516596,"97,4"
16784385,"97,5"
89963319,..
24339566,"97,6"
65458415,..
95154882,..
52333875,"100,0"
24663703,..
28519815,"96,2"
65666808,..
69543519,"96,3"
89693952,.
24759907,"80,8"
78433202,"94,9"
35366805,"100,0"
31315191,"92,7"
42775003,"100,0"
56670842,"100,0"
89370947,"99,2"
48555205,"91,6"
31313926,"93,1"
30312720,"100,0"
32116280,"100,0"
57143976,"97,2"
93367005,"100,0"
53175499,"100,0"
64388538,"100,0"
52153758,"100,0"
22116645,"98,1"
99755443,"97,9"
30167976,"95,3"
50104466,"100,0"
28004794,..
32071849,"100,0"
79845033,"98,3"
41099519,"96,0"
59386837,"100,0"
17276047,"97,0"
21382451,"95,3"
48244956,"91,4"
36769815,..
43873969,"97,1"
55825382,"90,0"
19306558,"100,0"
35301145,"90,0"
24993048,"87,5"
13084253,"97,4"
59942080,"94,4"
66273269,"96,2"
11275959,"100,0"
58518163,"84,6"
27993549,"100,0"
37912396,"100,0"
45593337,"93,4"
10226870,"100,0"
19839859,"100,0"
67628478,"100,0"
37517404,..
32057701,"100,0"
30615080,"87,9"
25178582,"95,7"
70543431,"100,0"
23476801,..
86351879,"100,0"
56041144,"98,1"
74322969,"100,0"
90260899,"92,3"
31057219,"97,7"
27079521,"100,0"
33572033,"95,8"
64579522,"100,0"
34381901,"98,1"
55150847,"95,0"
90076461,"93,9"
53069733,"98,0"
99394620,"100,0"
95368476,"97,1"
14853321,"95,7"
76448076,"93,8"
31537066,"100,0"
86488203,"97,2"
25156286,"96,0"
28081446,"98,9"
21400668,"95,2"
92949043,"98,1"
92818240,"93,2"
84329061,"97,8"
91048178,"96,3"
82718660,"100,0"
12399380,"100,0"
31486865,"99,7"
97265732,"99,6"
61720981,"99,5"
50424828,"85,7"
82931004,..
95024660,"98,6"
32263814,"100,0"
47393891,"92,0"
48414975,"100,0"
11533776,"96,0"
47108751,..
28829503,"100,0"
99622695,..
98651664,"98,7"
33657492,"95,5"
79309485,"100,0"
37078868,..
16130958,"100,0"
82195565,"100,0"
33596572,"100,0"
77713695,"100,0"
51131594,"95,2"
89680395,"100,0"
53696633,"100,0"
27440210,"100,0"
62758285,"100,0"
16218090,"100,0"
64667996,"97,2"
23544320,"100,0"
57668673,"100,0"
69040241,..
63993414,"100,0"
49136871,..
20855811,"91,9"
53923398,"93,3"
74560191,"100,0"
47844862,"98,2"
72984079,"91,8"
36480690,"92,0"
24787883,..
32995170,"94,4"
52048443,"100,0"
61674097,"97,8"
32550660,"99,6"
93488613,"88,2"
45600034,"100,0"
59599256,"98,5"
26957025,"99,1"
90509211,"98,5"
43277545,"94,6"
11953769,.
50393060,"96,7"
85788659,"89,5"
95340745,..
59521477,"100,0"
92442684,"100,0"
66095163,"84,3"
54599691,"100,0"
54004368,"98,7"
31975673,"99,1"
82251333,"100,0"
99864908,"97,3"
27106031,"97,9"
59463950,"100,0"
63931325,"100,0"
57391913,"98,1"
75374280,"100,0"
46148350,"95,3"
50133877,"100,0"
49868916,"98,9"
74919147,"98,4"
78389879,"96,0"
24277564,"85,7"
44412461,"99,3"
36355200,"96,7"
96920524,"100,0"
18217765,"97,4"
70803636,"98,9"
49576295,"100,0"
66028861,"100,0"
23797825,"98,1"
45293715,"98,5"
77712952,"92,9"
10433896,"96,2"
43154449,"100,0"
49170638,"95,3"
46379730,"97,4"
25379974,"95,5"
88025221,"99,1"
18042101,"98,8"
56041699,..
45111086,"100,0"
70955448,"99,4"
68824244,"100,0"
46707989,"95,5"
46986216,"95,5"
67924816,"99,1"
92805465,"97,7"
56084099,..
16720048,"100,0"
13960635,"98,7"
61176909,"100,0"
43479922,"95,5"
28391147,"98,5"
21778322,"96,7"
31380193,..
62612992,"91,6"
85485803,"94,4"
16848652,"100,0"
88429477,"95,8"
94975733,"100,0"
56802300,"100,0"
15149235,"98,2"
13981977,"100,0"
24538846,"100,0"
67058407,"81,4"
15791044,"100,0"
65392939,"98,2"
98696836,"100,0"
64908550,"100,0"
77358716,"100,0"
49739986,"90,4"
29225010,"93,8"
92192566,"94,5"
56886667,"99,4"
64648566,"92,9"
65421426,"96,4"
62394916,"100,0"
67908927,"95,8"
72071234,"100,0"
24349146,"98,4"
83605345,..
15933512,"97,1"
64693272,"92,9"
18072172,..
65833454,"96,2"
11341077,"100,0"
34988313,"97,8"
28045567,"98,7"
20768651,"100,0"
38880984,"97,6"
28872974,"94,6"
18686599,"100,0"
93779220,"98,2"
77797484,"98,5"
80785976,"94,4"
47559319,"94,6"
21532545,"100,0"
56187883,"100,0"
20752831,"90,2"
51023367,"100,0"
34739511,"100,0"
52690153,"100,0"
93221031,"100,0"
17474377,"100,0"
18345915,"97,3"
68229719,"100,0"
61004230,"90,9"
71262305,"100,0"
55795961,..
84947634,"96,3"
97870412,"100,0"
68564903,"98,2"
82840198,"95,0"
18208087,"97,0"
89982804,"100,0"
19464342,..
60743463,..
32960825,"100,0"
43609520,..
41416934,"100,0"
21567982,"100,0"
49379603,..
80167319,..
73171934,..
83474173,"100,0"
91487291,..
21866405,"97,4"
74434644,"98,0"
42022406,"100,0"
88445871,"98,1"
18425335,"95,2"
93281974,"97,8"
23424275,"96,7"
19150273,"100,0"
25624692,"100,0"
88534520,"96,9"
16554575,"100,0"
25356960,"98,6"
64284020,"96,8"
98132436,"100,0"
60096875,"92,3"
26334561,"89,5"
40386043,"100,0"
29324709,"100,0"
26864271,"88,2"
59483268,..
33685428,"100,0"
88573795,"100,0"
82814120,"100,0"
10924758,"94,7"
34153869,..
88259298,..
73098153,"100,0"
44240250,"97,3"
17846181,..
75082798,"94,1"
23555409,"100,0"
91333138,"100,0"
30341162,..
39936461,"100,0"
72266906,"100,0"
27030026,"100,0"
12154972,"97,4"
16950252,"84,6"
34637764,"98,0"
73255276,"100,0"
15077883,"97,9"
48434184,"100,0"
58724424,"100,0"
51138448,"93,8"
19647256,"100,0"
56421429,"93,8"
39911065,..
17008320,..
56737496,"100,0"
88850910,"93,3"
93939982,"100,0"
25720752,"100,0"
55155562,"95,2"
31533003,"96,2"
31429031,"97,7"
16361868,..
24008049,"98,5"
36680097,..
87756916,"89,5"
59734510,"94,1"
19586169,"95,5"
24273261,"93,3"
95683850,"100,0"
59455288,"91,7"
82163292,"98,1"
25679488,"100,0"
25677996,"94,4"
89888648,"100,0"
90003262,"100,0"
88163512,"97,0"
35063170,..
31279294,"88,2"
36782335,"97,8"
20666515,"94,4"
37906565,"100,0"
67279303,"100,0"
21648755,"91,2"
11111710,"100,0"
90551279,"100,0"
93062368,"87,5"
69686851,"99,0"
49616977,"92,3"
90267145,"100,0"
72998905,"100,0"
69481650,"97,4"
88153340,"95,0"
94353434,"89,5"
59396229,"98,5"
95165649,"98,0"
69626109,"95,3"
85068812,..
36444853,"93,1"
15414001,"96,4"
38311488,"100,0"
16819383,"95,6"
12994441,..
53660780,"100,0"
30086854,"100,0"
79094701,"100,0"
38684438,"100,0"
96590873,"100,0"
73147554,"100,0"
65752105,..
11274830,"93,1"
51321260,"98,3"
96279444,"100,0"
61880907,"88,0"
35006050,"95,5"
88886610,"100,0"
10638939,"92,5"
88556189,"87,8"
35236491,"98,4"
58502307,"100,0"
97177328,"88,2"
72127035,"100,0"
70969714,"100,0"
85003442,"100,0"
22752398,"96,2"
71922787,"100,0"
31843016,"97,1"
74148070,..
50696507,"100,0"
44653962,"100,0"
81993306,"100,0"
29097621,"95,2"
87764775,"94,4"
48438396,"85,4"
98052678,..
44341171,"86,2"
32671805,"100,0"
38448056,"100,0"
16313848,"92,3"
79606767,"91,3"
11294673,"100,0"
86327236,"100,0"
28398531,"100,0"
66335258,"96,7"
54172830,"100,0"
86310217,"92,9"
83085136,"100,0"
75458014,..
65136104,..
79033948,"96,6"
56330385,"94,4"
44392995,"100,0"
69241230,"78,3"
85544331,"100,0"
80327946,"98,8"
78875918,"100,0"
78023197,"97,8"
86385479,"100,0"
40991561,..
99838438,"94,7"
42859669,"86,5"
70923626,"82,5"
92905347,"95,7"
99592025,"92,3"
34247736,"85,7"
47550455,"100,0"
30329172,"100,0"
76877530,..
47046103,"93,8"
56664512,..
38167912,"100,0"
20620556,"100,0"
17173461,"100,0"
19560192,"96,2"
98053087,"97,3"
92858957,"100,0"
46660042,"96,9"
44113417,"95,8"
67783774,..
38917647,..
21363125,..
39555838,..
85214294,"100,0"
82084961,"93,7"
46162400,"93,2"
98369689,"93,5"
56529916,"95,0"
40810950,"92,6"
40037982,"97,8"
73829818,"100,0"
18881773,..
80686587,"100,0"
12279302,"98,2"
17849518,"100,0"
94570025,"100,0"
91984508,"81,8"
78659008,"97,2"
12448823,..
40667807,"96,0"
18091973,"97,9"
40634612,"100,0"
62439199,"100,0"
66132676,"96,2"
80762863,"93,1"
77688926,"100,0"
14508922,..
69629086,"99,1"
88624631,"100,0"
35390185,..
37358234,"78,6"
31657916,"100,0"
54606928,"81,3"
46241804,"100,0"
42573391,"100,0"
64574972,"95,2"
19741742,"96,9"
29032715,"96,9"
48931433,"100,0"
97270136,"100,0"
19909435,"100,0"
30530571,"100,0"
96024712,"100,0"
40829056,"91,7"
85800840,"97,8"
27115998,"100,0"
41867682,"100,0"
65662401,"98,2"
39583059,"97,8"
38645259,"93,8"
87207941,..
11673760,"96,8"
63791419,"95,5"
39805497,"100,0"
38400227,"96,5"
83829189,"100,0"
46145886,"100,0"
43649848,"95,0"
75344502,"100,0"
84247499,"93,2"
27041885,"97,4"
97064126,..
32580162,"100,0"
48722826,"100,0"
71571158,"100,0"
53691739,"100,0"
97596286,"92,9"
67554405,"98,8"
86473502,"92,9"
98239050,"100,0"
94455820,..
58368956,"97,6"
73567152,"100,0"
61547652,"97,9"
60209222,"98,3"
62104139,"100,0"
78872213,"100,0"
84286698,"100,0"
62490359,"100,0"
64725297,"89,7"
43362941,"91,3"
23350817,"100,0"
76860623,"100,0"
56021320,"100,0"
41358402,"100,0"
64569393,"94,4"
87262566,"92,7"
41844601,"100,0"
51620045,"100,0"
23457902,"92,9"
27597104,"91,3"
57397381,"96,6"
56947954,"98,7"
72022487,"97,4"
70969556,"95,0"
28248021,"93,5"
44417214,"98,2"
25025681,"100,0"
49488344,"100,0"
74408578,"96,4"
86724994,"97,6"
86158933,"100,0"
14102256,"98,8"
75082280,"100,0"
75914181,"94,1"
39302565,"100,0"
36072799,"96,2"
61432781,"98,6"
78287294,"100,0"
74316305,"100,0"
39096170,"100,0"
99279503,"100,0"
72109637,..
69240218,"100,0"
14057258,"100,0"
43313366,"100,0"
97868185,..
81551726,"83,3"
77823650,"96,0"
37550979,..
52634142,"100,0"
76195214,"96,9"
54839753,..
32705515,"96,4"
60214465,"100,0"
70137084,"96,7"
82002016,"71,4"
21901328,"94,7"
23306658,"100,0"
57350392,..
11102578,"100,0"
69306209,"90,2"
92651253,"100,0"
31740319,"100,0"
17944628,"100,0"
82826083,"100,0"
94090461,"100,0"
12954099,..
80931789,"100,0"
84098842,"93,1"
90473340,..
26167236,"96,4"
69807202,"100,0"
64648904,"100,0"
63035915,"96,7"
26324896,"100,0"
28848709,"100,0"
12613085,"100,0"
53896162,"100,0"
11185244,"85,7"
56211717,"95,0"
66824652,"94,4"
49168016,"100,0"
32042066,"98,1"
50821167,"100,0"
92814975,"92,5"
28770304,"91,9"
64123241,"100,0"
69063711,"100,0"
77609073,"100,0"
35894996,"100,0"
17119840,"100,0"
68748767,"95,2"
25596917,"94,1"
20984584,"89,5"
52129378,"87,2"
98541468,"100,0"
31155312,"91,7"
25648215,"97,9"
61823258,"100,0"
39178171,"96,6"
79994304,..
68006362,"95,1"
11608031,"98,0"
86762103,"96,4"
68381790,"100,0"
13006857,"95,5"
76007769,"100,0"
16956086,"97,2"
58187973,"100,0"
88894245,"100,0"
71160225,"100,0"
67752682,"100,0"
47884009,"96,8"
44672598,"100,0"
75340089,"100,0"
36670439,"96,2"
22220001,"100,0"
15100079,..
55421481,..
99356671,"78,6"
16702464,..
71353314,..
36252055,"98,1"
91812793,"100,0"
14355031,"100,0"
72891848,"95,2"
31796890,..
22426680,"84,6"
83805032,"100,0"
48862305,"97,5"
32887559,"100,0"
71541108,"100,0"
69471748,"97,9"
93239262,"100,0"
25745773,"95,7"
99976753,..
14278480,"97,2"
28023078,"100,0"
43284031,"98,1"
13963517,"100,0"
26267406,"100,0"
31255918,"100,0"
51955293,"100,0"
35035671,"100,0"
12130801,..
51736304,"100,0"
53180719,"100,0"
27489137,"100,0"
15609112,"100,0"
60424371,"94,1"
68655578,"100,0"
17062663,"100,0"
68741484,"93,1"
56267421,"100,0"
34990065,"98,2"
37054246,"100,0"
39199869,..
62216381,"93,9"
31179045,"97,8"
72421673,"100,0"
59655752,..
88750078,"97,1"
41878314,..
41555549,"100,0"
32003298,"100,0"
22383788,"100,0"
85459854,"100,0"
81876614,..
18711877,"100,0"
67071618,"100,0"
75324351,"100,0"
61229217,"100,0"
58929357,"100,0"
42517257,"96,9"
70376604,"100,0"
93503103,"100,0"
18617410,"100,0"
41697930,"98,8"
28025244,"83,3"
17184072,"100,0"
40338843,"100,0"
77440824,"100,0"
71069359,"100,0"
86896907,"93,5"
14292382,"98,7"
87859089,"100,0"
54764253,"100,0"
98908403,"95,8"
16493131,"100,0"
41119610,"100,0"
48304166,"100,0"
24982097,"94,4"
97104132,"100,0"
68597767,"100,0"
27964873,"91,7"
30706655,"95,0"
65674821,"100,0"
46332927,"100,0"
78690637,"95,5"
24653673,"100,0"
38048202,"94,9"
90990441,..
86319615,"87,5"
87303004,"100,0"
97835550,"90,9"
22446331,"100,0"
26671095,"100,0"
42911621,"96,9"
40575001,"87,7"
75027822,"100,0"
26508763,"100,0"
14504503,"96,2"
21850904,"100,0"
77544055,"96,4"
16198647,"100,0"
12496135,"100,0"
76903284,"95,1"
68649663,"100,0"
15870428,"94,3"
26750052,"97,1"
81997762,"96,7"
69747871,..
70119254,"100,0"
79346084,"95,7"
34222422,"93,3"
84230226,..
42060237,"97,7"
89816391,"100,0"
14448619,"92,5"
12546590,"100,0"
94167577,"94,7"
27023528,"100,0"
53903798,"100,0"
85782695,"84,6"
98815582,"96,0"
97770837,"88,9"
21312503,"100,0"
14926020,"84,2"
33132452,"95,2"
56942970,..
56653353,"100,0"
59898194,..
97510495,"100,0"
38683336,"100,0"
95618280,"81,8"
17675502,"96,4"
75600007,"90,9"
15278518,"97,8"
15390992,"96,9"
63943560,"100,0"
85516596,"95,7"
31998226,..
38236800,"93,8"
59026584,"95,9"
79829846,"92,9"
20061769,"100,0"
65458415,..
95154882,..
52333875,"97,7"
65666808,"97,8"
24397215,"97,7"
30677562,"96,3"
85054102,"100,0"
87274273,"100,0"
24759907,"82,4"
41631104,"93,8"
80357110,"91,3"
18451445,..
93367005,"100,0"
16501673,"92,1"
26298615,"100,0"
50104466,..
79845033,"100,0"
41099519,"100,0"
59386837,"98,0"
21627442,"100,0"
17276047,"85,0"
73217812,"94,7"
48244956,"100,0"
36769815,"100,0"
16931486,"95,2"
92489953,"92,6"
43873969,"100,0"
55825382,"100,0"
19306558,..
24993048,..
70132092,"98,3"
65034473,..
13084253,"84,6"
32321364,"90,9"
59942080,..
66273269,"92,9"
82888663,"94,9"
11275959,"98,5"
58518163,"100,0"
50615280,"100,0"
19035583,"100,0"
27993549,"93,2"
37912396,"100,0"
90312942,"98,8"
19839859,"100,0"
80280597,..
67628478,..
37517404,..
29159460,"100,0"
43601850,"100,0"
89630851,"95,3"
86351879,"100,0"
14586562,..
74322969,"97,1"
90260899,"100,0"
69302313,"100,0"
31057219,"97,0"
27079521,"100,0"
64579522,"100,0"
65234368,"100,0"
34381901,"93,6"
96414537,"100,0"
99394620,"100,0"
95368476,"100,0"
14853321,"100,0"
76448076,"94,0"
31537066,"100,0"
86488203,"100,0"
25156286,"100,0"
92949043,"100,0"
92818240,"98,7"
84329061,"98,4"
71969230,"100,0"
91048178,"96,6"
76942525,"92,3"
31486865,"96,0"
10373112,..
61720981,"98,6"
25698509,"100,0"
50424828,"94,6"
82931004,"100,0"
83584125,"100,0"
16496466,..
12075195,"100,0"
62300682,"100,0"
65265211,"100,0"
97191332,"96,6"
71938440,"100,0"
22811839,"100,0"
33205596,"100,0"
19930101,"94,7"
60727136,"100,0"
45132264,"100,0"
61647360,..
33657492,"86,0"
61622991,"97,2"
66644568,"94,4"
93659517,"100,0"
61175914,"100,0"
73316818,"100,0"
27859889,"100,0"
29161632,..
45541222,"100,0"
63451147,"100,0"
61197669,..
17812651,"100,0"
57668673,"92,0"
69040241,"100,0"
91905819,"100,0"
54882637,"93,8"
53923398,"100,0"
47844862,"100,0"
22239675,"81,0"
72984079,"58,8"
36480690,"100,0"
24787883,"93,8"
52048443,"100,0"
32550660,"93,8"
59599256,"100,0"
69865450,"98,0"
31112935,"100,0"
90509211,"97,0"
37316242,"98,9"
20173336,"97,0"
49872493,"96,6"
39147056,"96,2"
11953769,"100,0"
28646435,"96,0"
50393060,"100,0"
85788659,"80,8"
95340745,"96,2"
59521477,"97,4"
92442684,"91,7"
38544187,"100,0"
54599691,"90,6"
54467211,"100,0"
23517683,"94,7"
82251333,"100,0"
99864908,"100,0"
27106031,"100,0"
59463950,"100,0"
63931325,"100,0"
57391913,"100,0"
75374280,"100,0"
46148350,"100,0"
50133877,"95,2"
49868916,"100,0"
90240730,"98,7"
84908877,"96,8"
24277564,"90,5"
88956420,..
34002355,"84,6"
36355200,"95,8"
96920524,"100,0"
18217765,"100,0"
60919765,..
14677676,"100,0"
96152872,"93,5"
77835341,"91,7"
70803636,"100,0"
23797825,"100,0"
44738639,"100,0"
77712952,"90,0"
92009807,"93,6"
10433896,"92,3"
10342448,"80,4"
43154449,"100,0"
98032567,..
96194948,"92,6"
25955541,"100,0"
88025221,"96,2"
14799321,"100,0"
56041699,"100,0"
70955448,"100,0"
68824244,"95,1"
90685868,"100,0"
24501884,"100,0"
56084099,"100,0"
80711021,"97,8"
17648596,"98,2"
16720048,"100,0"
39341381,"83,3"
60088179,"95,1"
28391147,"85,1"
29209307,"100,0"
21778322,"100,0"
31380193,"70,6"
90290154,"96,7"
25847233,"100,0"
92816527,"98,8"
16848652,"100,0"
94975733,"100,0"
56802300,"100,0"
15149235,"100,0"
77379848,"100,0"
13981977,..
24538846,..
36886750,"94,4"
67422309,"100,0"
67058407,"100,0"
34421265,"98,4"
15791044,..
98696836,"100,0"
82160887,"94,4"
23175129,"88,9"
77358716,"100,0"
29225010,"100,0"
33249781,"96,2"
64648566,"95,8"
18691102,"76,9"
70302356,"100,0"
65421426,"94,4"
24349146,"95,3"
83605345,"94,4"
15933512,"98,6"
12198363,..
47692481,"95,7"
64693272,"92,3"
18072172,..
85188855,"95,7"
39528347,"97,2"
85473846,"100,0"
29744774,..
89690587,"93,6"
20768651,..
32239920,"95,4"
98781765,"97,1"
87112995,"100,0"
18686599,..
93779220,"100,0"
53279140,"97,9"
80785976,"100,0"
47559319,"92,9"
21532545,..
56187883,"96,4"
51023367,"100,0"
95069937,"100,0"
52690153,"100,0"
93221031,..
68229719,..
84947634,..
89982804,"100,0"
60743463,..
73171934,..
74434644,"100,0"
93281974,"100,0"
23424275,..
16554575,"100,0"
60096875,"83,3"
40386043,..
33685428,..
10924758,"94,7"
75082798,"100,0"
16950252,"92,3"
15077883,"100,0"
48434184,"100,0"
51138448,"93,8"
93939982,"100,0"
31533003,"96,0"
24273261,..
59455288,..
25677996,"100,0"
31279294,..
36782335,"100,0"
90551279,"100,0"
93062368,..
69626109,"95,3"
10638939,"95,0"
72127035,..
85003442,"100,0"
98052678,..
32671805,..
16313848,"86,1"
54172830,..
75458014,..
78023197,"94,7"
40991561,..
70923626,"85,7"
76877530,..
47046103,..
19560192,"95,5"
98053087,"100,0"
46660042,"91,7"
67783774,..
85214294,"100,0"
12279302,"100,0"
91984508,"81,8"
40667807,..
40634612,..
80762863,"90,0"
64574972,..
30530571,..
96024712,"100,0"
27115998,"100,0"
39583059,"100,0"
38645259,..
46145886,..
27041885,"92,3"
48722826,"100,0"
97596286,"88,9"
67554405,"100,0"
56021320,"100,0"
23457902,..
57397381,"100,0"
72022487,..
70969556,..
28248021,..
44417214,"100,0"
25025681,"100,0"
14102256,"95,0"
75082280,"100,0"
39096170,"100,0"
69240218,"100,0"
82002016,..
23306658,..
94090461,"100,0"
63035915,"97,4"
50821167,..
68748767,"94,4"
20984584,..
25648215,"100,0"
11608031,"93,3"
13006857,"100,0"
16956086,..
58187973,..
88894245,..
71160225,"100,0"
44672598,"100,0"
22220001,"100,0"
71353314,..
69471748,"100,0"
93239262,"100,0"
13963517,..
68655578,"100,0"
31179045,"95,2"
59655752,..
18711877,..
67071618,"100,0"
18617410,"100,0"
40338843,"100,0"
14292382,..
87859089,..
98908403,"90,9"
24982097,..
68597767,..
38048202,"91,3"
90990441,..
40575001,"91,7"
26508763,"100,0"
76903284,..
69747871,..
79346084,"100,0"
89816391,..
53903798,"100,0"
33132452,"100,0"
17675502,"96,4"
75600007,"90,9"
85516596,"91,7"
50104466,..
59386837,..
43873969,"100,0"
24993048,..
58518163,"100,0"
29159460,"100,0"
89630851,"100,0"
86351879,"100,0"
74322969,..
64579522,"100,0"
14853321,..
86488203,"100,0"
84329061,..
71969230,..
31486865,"96,0"
61720981,"100,0"
50424828,..
83584125,"100,0"
65265211,..
66644568,"94,4"
61175914,..
29161632,..
36480690,..
32550660,"93,8"
37316242,..
50393060,..
95340745,..
59521477,..
46148350,..
49868916,"100,0"
84908877,"100,0"
24277564,..
36355200,..
88025221,"96,2"
56041699,..
70955448,"100,0"
60088179,"100,0"
25847233,"100,0"
16848652,..
56802300,..
36886750,..
67422309,..
82160887,"93,3"
64648566,..
15933512,"96,3"
12198363,..
64693272,..
89690587,"89,5"
18686599,..
93779220,"100,0"
80785976,..
47559319,"92,9"
52690153,..
93221031,..
18345915,"100,0"
97870412,"100,0"
18208087,"100,0"
41416934,"100,0"
21567982,"100,0"
83474173,"100,0"
88445871,"98,2"
25624692,..
25356960,"100,0"
98132436,"100,0"
60096875,"100,0"
29324709,"100,0"
26864271,"100,0"
44240250,"92,3"
75082798,"93,3"
91333138,"100,0"
12154972,"100,0"
15077883,"100,0"
48434184,"100,0"
19647256,"100,0"
56737496,"100,0"
55155562,"100,0"
24008049,"100,0"
59734510,..
19586169,"100,0"
24273261,..
59455288,..
89888648,"100,0"
36782335,"93,3"
20666515,"100,0"
90551279,"100,0"
93062368,..
90267145,"100,0"
88153340,"95,0"
94353434,"89,5"
88886610,"100,0"
88556189,"78,6"
72127035,"100,0"
22752398,"97,6"
31843016,"100,0"
29097621,"94,7"
16313848,"82,1"
11294673,..
86327236,..
69241230,..
80327946,"100,0"
86385479,..
70923626,"81,0"
92905347,..
47550455,"100,0"
56664512,..
19560192,..
46660042,"95,0"
38917647,..
82084961,"100,0"
98369689,"94,1"
56529916,"100,0"
17849518,..
18091973,"100,0"
69629086,"100,0"
31657916,..
19741742,"100,0"
40829056,..
85800840,"95,6"
39583059,"97,5"
39805497,"100,0"
46145886,"100,0"
84247499,"100,0"
71571158,..
86473502,..
58368956,"97,6"
23350817,..
41358402,"100,0"
87262566,..
23457902,..
56947954,"93,8"
72022487,"87,5"
28248021,..
74408578,"100,0"
86724994,"97,1"
39302565,"100,0"
61432781,"100,0"
14057258,..
81551726,..
76195214,..
70137084,"100,0"
57350392,..
92651253,"100,0"
82826083,"100,0"
26167236,..
63035915,"97,4"
32042066,"100,0"
92814975,..
64123241,"100,0"
20984584,..
98541468,"100,0"
25648215,..
79994304,..
86762103,..
68381790,..
13006857,"100,0"
16956086,..
88894245,..
67752682,"100,0"
75340089,"100,0"
22220001,"100,0"
15100079,..
36252055,"94,4"
72891848,..
48862305,"98,2"
13963517,..
31255918,"100,0"
53180719,"100,0"
68655578,"100,0"
37054246,..
62216381,"92,6"
18711877,..
61229217,"100,0"
41697930,"100,0"
77440824,..
14292382,"100,0"
54764253,"100,0"
98908403,"100,0"
16493131,"100,0"
24982097,..
27964873,"92,3"
30706655,"100,0"
78690637,"100,0"
24653673,..
87303004,..
97835550,..
22446331,..
42911621,"100,0"
14504503,..
76903284,..
81997762,"100,0"
70119254,"100,0"
42060237,"96,4"
85782695,"84,6"
38236800,..
41631104,..
16501673,..
26298615,"100,0"
41099519,..
59386837,..
73217812,..
16931486,..
70132092,"96,0"
27993549,"97,0"
90312942,"100,0"
19839859,..
29159460,..
43601850,"100,0"
74322969,..
31057219,..
34381901,"93,8"
96414537,..
99394620,"100,0"
76448076,"100,0"
92818240,"98,0"
84329061,..
71969230,..
91048178,..
65265211,..
22811839,"100,0"
61622991,"97,2"
61175914,..
91905819,..
54882637,"100,0"
53923398,..
69865450,..
20173336,"95,0"
49872493,..
39147056,"100,0"
11953769,..
85788659,..
59521477,..
54467211,"100,0"
82251333,"100,0"
90240730,"100,0"
34002355,..
96920524,"100,0"
96152872,"92,3"
92009807,"100,0"
10342448,"77,8"
90685868,"100,0"
17648596,"98,2"
39341381,..
29209307,..
90290154,..
92816527,"100,0"
24538846,..
67422309,"100,0"
34421265,"100,0"
82160887,"95,8"
33249781,"100,0"
18691102,..
24349146,"93,0"
83605345,"100,0"
47692481,..
85188855,..
85473846,"100,0"
32239920,"97,2"
56187883,"92,9"
52690153,..
74776778,"98,2"
71262305,"100,0"
84947634,"100,0"
48009865,"97,4"
89982804,..
97968599,"95,0"
91748148,"100,0"
42218661,..
74434644,"96,1"
42022406,..
34076477,"98,0"
54896448,"100,0"
97758137,"100,0"
26334561,"100,0"
40386043,"100,0"
20699742,"99,3"
82814120,"100,0"
45164827,"100,0"
10924758,"100,0"
34153869,"100,0"
17846181,..
75082798,"96,2"
23555409,"96,7"
27030026,"93,8"
15077883,"100,0"
48434184,"100,0"
58724424,..
39911065,"98,2"
56737496,"94,7"
55155562,"96,6"
31533003,"100,0"
19981611,"100,0"
25679488,"95,8"
35063170,"92,9"
31279294,..
36782335,"100,0"
67279303,..
21648755,"95,1"
11111710,..
49616977,"90,3"
84835666,"100,0"
20319353,"92,0"
85068812,..
78397312,"96,8"
36444853,"88,9"
89837629,..
12994441,"100,0"
88774402,"100,0"
75141151,"59,4"
61701709,"99,3"
38684438,"80,8"
39549479,"89,3"
73147554,"100,0"
69983740,"100,0"
12052268,"90,9"
71597051,"100,0"
40690520,"100,0"
35006050,"94,7"
10638939,..
34336190,"100,0"
88834120,"100,0"
53640774,"97,3"
72127035,"100,0"
71922787,"92,9"
92507006,"100,0"
20100577,"95,7"
79606767,"79,1"
11294673,..
86327236,"100,0"
66335258,..
54172830,"100,0"
56330385,"100,0"
44392995,"100,0"
60730660,"100,0"
82592568,"89,3"
86385479,"100,0"
49862313,"95,8"
42859669,"98,1"
99592025,"100,0"
34247736,"100,0"
76877530,..
38167912,"100,0"
43826783,..
58125096,"98,1"
17173461,..
30468157,"96,7"
23681822,"97,8"
92858957,"98,3"
82084961,"50,0"
73829818,"98,3"
18881773,..
12279302,"100,0"
64205087,"97,1"
18091973,"100,0"
88466776,"100,0"
54606928,"98,8"
19741742,"100,0"
45830583,"100,0"
30530571,"93,5"
78839208,"100,0"
30458073,..
27115998,"95,5"
79516949,..
87207941,"96,2"
11673760,"99,1"
38400227,"95,3"
81619482,"100,0"
39149668,"100,0"
67554405,"100,0"
73944169,"95,6"
78872213,"100,0"
64569393,"91,7"
48217580,"97,4"
57397381,"89,7"
72022487,"97,7"
71512894,"100,0"
28248021,"100,0"
44417214,"95,0"
74408578,"98,1"
71043974,"100,0"
61161774,"100,0"
75914181,..
24544503,"94,3"
69240218,"100,0"
12934438,"98,1"
43313366,"100,0"
37550979,"100,0"
60214465,"88,5"
23306658,"100,0"
11102578,"100,0"
10129345,"100,0"
94090461,"100,0"
26324896,"100,0"
56639389,"100,0"
53896162,"99,3"
17779637,"100,0"
71929526,"100,0"
60873719,"100,0"
68748767,..
23548714,"88,5"
48593439,"88,9"
91773491,..
30361243,"96,3"
25596917,"100,0"
31155312,..
84424083,"100,0"
10481541,"95,8"
68381790,..
13006857,"100,0"
16956086,"100,0"
58187973,"100,0"
31870541,"96,6"
44672598,"100,0"
31822012,"94,0"
62855448,"100,0"
91812793,"97,5"
58907711,"100,0"
68285560,"95,6"
69471748,"88,2"
99976753,"95,7"
75575321,"100,0"
57690933,"96,4"
12130801,"100,0"
95785055,"100,0"
68741484,"96,0"
37054246,"100,0"
31179045,"73,1"
59655752,"100,0"
41555549,"100,0"
85459854,"100,0"
67071618,"100,0"
28025244,"96,3"
40338843,"100,0"
14292382,..
87859089,"100,0"
98908403,"96,3"
83272868,"87,5"
45552626,"95,5"
92332557,"100,0"
78690637,"96,0"
77544055,"100,0"
76903284,"100,0"
49141105,"71,4"
26646080,"100,0"
79346084,"100,0"
14448619,"98,1"
43565270,"91,1"
85152591,"100,0"
40600798,"100,0"
48120273,"100,0"
94167577,"100,0"
53903798,"70,6"
97770837,"89,6"
70811222,..
17911161,"66,2"
35084976,"100,0"
77632411,"100,0"
59898194,"91,7"
38195284,"94,7"
97510495,"93,9"
89461767,"100,0"
94717858,"89,3"
75075402,"96,3"
26326048,"84,8"
37839488,"86,0"
73812226,"88,9"
15278518,"92,6"
85516596,"100,0"
16784385,"100,0"
24339566,"98,3"
65458415,..
52333875,"100,0"
24759907,"68,0"
31315191,"94,7"
48555205,"89,4"
32116280,"100,0"
64388538,..
52153758,"100,0"
99755443,"96,7"
30167976,"93,8"
32071849,"100,0"
79845033,..
41099519,"100,0"
59386837,..
21382451,"91,7"
55825382,"90,0"
59942080,"95,5"
37912396,..
45593337,"92,3"
19839859,..
30615080,"98,1"
86351879,"100,0"
90260899,"100,0"
31057219,..
27079521,"100,0"
64579522,..
34381901,"100,0"
55150847,"96,4"
53069733,..
14853321,"95,7"
86488203,"96,1"
25156286,..
28081446,"100,0"
92818240,"93,2"
12399380,..
31486865,"100,0"
97265732,"100,0"
61720981,"100,0"
50424828,..
95024660,"98,6"
32263814,"100,0"
33657492,"93,1"
79309485,"100,0"
77713695,"100,0"
23544320,"100,0"
69040241,..
20855811,"87,2"
53923398,"95,8"
74560191,..
47844862,"100,0"
72984079,"100,0"
61674097,"100,0"
93488613,"91,7"
59599256,"97,6"
90509211,"97,5"
50393060,"100,0"
85788659,..
59521477,"100,0"
54599691,"100,0"
31975673,"100,0"
27106031,"97,9"
46148350,..
49868916,"96,4"
74919147,"100,0"
78389879,"100,0"
44412461,"100,0"
96920524,"100,0"
70803636,"100,0"
23797825,"98,1"
10433896,"92,9"
49170638,"100,0"
25379974,..
18042101,"100,0"
70955448,"100,0"
92805465,"97,7"
61176909,"100,0"
21778322,"100,0"
31380193,..
62612992,"94,4"
16848652,"100,0"
15149235,"100,0"
24538846,"100,0"
67058407,"85,0"
98696836,"100,0"
49739986,"95,0"
92192566,"100,0"
65421426,"98,4"
72071234,"100,0"
65833454,..
28045567,"98,7"
38880984,"97,2"
18686599,"100,0"
47559319,"100,0"
20752831,"96,5"
51023367,..
52690153,..
93221031,..
18345915,"95,0"
71262305,..
97870412,"100,0"
82840198,"100,0"
41416934,..
21866405,"100,0"
42022406,"100,0"
25624692,..
64284020,"95,3"
40386043,"100,0"
26864271,.
75082798,"87,5"
23555409,"100,0"
30341162,..
72266906,"100,0"
15077883,..
48434184,"100,0"
56421429,"91,7"
56737496,..
24008049,"96,0"
36680097,..
59734510,..
19586169,..
95683850,"100,0"
89888648,"100,0"
36782335,"95,7"
37906565,"100,0"
90551279,"100,0"
69686851,"96,0"
90267145,..
85068812,..
16819383,"100,0"
79094701,"100,0"
11274830,"93,1"
35006050,"100,0"
88556189,..
97177328,"88,2"
72127035,..
22752398,"91,7"
71922787,..
81993306,"100,0"
16313848,"97,1"
11294673,..
28398531,..
79033948,"96,6"
69241230,..
80327946,"96,9"
86385479,"100,0"
99838438,"94,7"
42859669,"89,3"
92905347,..
99592025,"92,3"
30329172,"100,0"
47046103,..
19560192,..
98053087,"100,0"
46660042,"100,0"
44113417,"92,9"
39555838,..
82084961,"96,1"
46162400,"92,1"
12448823,..
18091973,..
40634612,"100,0"
69629086,"98,3"
31657916,..
42573391,..
29032715,"100,0"
19909435,"100,0"
85800840,"100,0"
27115998,"100,0"
41867682,"100,0"
39583059,"96,7"
38645259,..
63791419,"95,5"
46145886,"100,0"
84247499,"93,3"
48722826,"100,0"
53691739,"100,0"
60209222,"96,4"
78872213,"100,0"
51620045,"100,0"
56947954,"100,0"
72022487,"100,0"
70969556,..
28248021,..
74408578,"93,3"
86724994,"95,7"
39302565,"100,0"
74316305,"100,0"
72109637,..
97868185,..
77823650,"91,7"
76195214,..
70137084,"93,3"
69306209,"92,3"
80931789,"100,0"
90473340,..
26167236,..
63035915,"100,0"
12613085,"100,0"
66824652,"93,3"
32042066,"100,0"
92814975,"85,7"
69063711,..
77609073,..
68748767,..
52129378,"87,2"
61823258,..
68006362,"97,7"
86762103,..
68381790,..
13006857,"85,7"
16956086,"100,0"
58187973,..
88894245,..
67752682,"100,0"
44672598,"100,0"
22220001,"100,0"
16702464,..
36252055,"100,0"
72891848,"100,0"
32887559,"100,0"
43284031,"96,3"
13963517,..
26267406,..
31255918,"100,0"
51736304,..
53180719,"100,0"
27489137,"100,0"
37054246,"100,0"
62216381,"95,2"
88750078,"100,0"
22383788,"100,0"
81876614,..
75324351,..
61229217,"100,0"
41697930,"96,2"
17184072,..
77440824,"100,0"
14292382,"100,0"
87859089,..
16493131,"100,0"
24982097,..
68597767,..
30706655,"100,0"
38048202,"97,2"
87303004,..
97835550,..
26671095,"100,0"
42911621,"100,0"
15870428,"90,0"
26750052,"97,1"
81997762,"100,0"
79346084,"91,7"
14448619,"89,7"
94167577,"93,8"
21312503,"100,0"
33132452,"100,0"
15390992,"96,9"
38236800,"100,0"
95154882,..
65666808,"100,0"
93367005,"100,0"
16501673,..
79845033,"100,0"
41099519,..
59386837,..
17276047,"85,0"
48244956,"100,0"
70132092,"100,0"
27993549,"75,0"
90312942,"95,7"
37517404,..
29159460,"100,0"
43601850,"100,0"
86351879,"100,0"
74322969,..
90260899,..
31057219,"88,9"
27079521,"100,0"
96414537,..
95368476,..
76448076,"88,0"
91048178,"96,2"
76942525,..
61720981,"97,1"
82931004,"100,0"
33205596,"100,0"
60727136,..
33657492,"90,9"
93659517,"100,0"
57668673,"90,0"
91905819,..
54882637,..
36480690,..
52048443,"100,0"
69865450,..
37316242,"100,0"
50393060,..
59521477,"100,0"
54467211,"100,0"
59463950,"100,0"
63931325,"100,0"
75374280,..
50133877,"100,0"
34002355,..
18217765,..
96152872,"100,0"
10433896,"92,3"
43154449,"100,0"
96194948,..
68824244,"93,1"
90685868,"100,0"
39341381,..
28391147,"85,1"
31380193,..
90290154,..
92816527,"96,7"
94975733,"100,0"
77379848,..
13981977,..
67422309,..
82160887,..
23175129,"83,3"
29225010,"100,0"
24349146,"92,7"
85188855,..
39528347,"96,4"
32239920,"90,0"
80785976,"100,0"
21532545,..
56187883,"100,0"
51023367,"100,0"
52690153,..
61004230,"100,0"
23517336,"100,0"
48009865,..
82840198,..
19464342,..
43609520,"100,0"
42218661,"100,0"
42022406,"100,0"
56679384,"100,0"
69018222,"95,8"
64284020,..
97758137,"100,0"
40386043,"100,0"
33685428,"100,0"
34153869,..
75082798,"100,0"
23555409,..
30341162,"100,0"
19912478,"100,0"
58724424,..
95684185,"100,0"
93939982,..
55155562,..
24008049,"100,0"
54481243,"100,0"
36680097,..
25677996,"85,7"
31279294,"100,0"
36782335,"100,0"
21648755,"93,3"
69686851,..
54965510,"91,1"
25872338,..
10974852,..
85068812,..
78397312,"100,0"
36444853,"100,0"
61469192,"98,4"
79094701,"100,0"
71597051,"100,0"
53231578,"100,0"
91011325,"93,3"
97382366,"98,1"
10638939,..
69739484,"97,2"
92887917,"98,7"
68734112,..
44653962,..
47264019,"100,0"
20099064,"98,8"
16313848,"94,3"
79033948,"92,9"
68240485,"100,0"
95046058,"100,0"
44392995,"100,0"
99838438,"84,6"
30329172,"100,0"
76877530,..
38167912,..
77839100,..
55535552,..
92533079,"98,0"
92858957,"100,0"
82084961,..
50908408,"100,0"
18594470,"97,1"
72232853,"97,5"
18091973,..
36539945,..
40634612,"100,0"
66132676,"98,4"
64574972,"100,0"
48931433,..
85800840,"96,4"
68920727,"100,0"
27115998,..
79516949,"100,0"
96684210,"100,0"
23836342,"100,0"
81619482,"100,0"
39149668,..
48722826,..
73063662,"100,0"
43251309,"100,0"
67554405,..
94455820,..
78872213,"100,0"
56021320,"100,0"
64569393,..
86888278,..
57397381,"100,0"
44417214,..
49488344,"100,0"
57777751,..
38732602,"100,0"
86158933,"100,0"
75914181,"91,7"
84476205,"95,2"
24544503,"100,0"
86787111,"100,0"
97868185,"100,0"
70137084,..
23306658,..
11102578,"100,0"
94468610,"100,0"
90473340,"100,0"
64648904,"100,0"
75939593,"100,0"
51449748,"95,7"
28267726,"100,0"
71929526,"100,0"
71472793,"100,0"
69063711,"100,0"
35894996,..
65722876,"96,1"
49231191,"95,7"
13006857,"100,0"
16956086,..
88894245,..
44672598,..
99356671,..
29449669,"98,3"
91812793,"100,0"
14355031,"100,0"
46611859,"100,0"
65150019,"100,0"
47537928,"89,7"
44285075,"96,2"
68741484,..
72421673,..
15763669,..
18711877,"100,0"
61229217,..
70376604,"97,6"
40338843,..
16493131,"95,7"
83272868,"100,0"
16748680,"100,0"
92332557,"97,3"
78690637,"100,0"
90990441,..
49112879,"98,0"
43623146,..
18974693,"100,0"
28967085,..
33233228,..
94167577,"95,5"
27023528,"100,0"
97770837,..
29423248,"94,7"
33132452,..
17911161,..
35084976,..
77632411,"96,3"
53760158,"100,0"
78422467,"98,6"
75075402,"96,2"
46256929,"97,7"
83374651,"100,0"
30762346,..
15390992,"95,7"
85516596,..
95154882,..
24663703,..
28519815,"95,0"
65666808,..
24759907,"82,5"
35366805,"100,0"
89370947,"99,2"
64388538,"100,0"
17276047,..
48244956,"100,0"
43873969,"91,7"
19306558,"100,0"
45593337,..
25178582,"100,0"
70543431,"100,0"
56041144,"100,0"
90260899,..
33572033,"95,8"
95368476,"100,0"
76448076,"100,0"
28081446,"95,8"
21400668,"92,6"
92949043,"92,3"
31486865,"100,0"
97265732,"100,0"
50424828,"92,9"
11533776,"96,0"
99622695,..
51131594,"95,2"
89680395,"100,0"
53696633,"100,0"
27440210,"100,0"
62758285,"100,0"
57668673,..
63993414,..
49136871,..
53923398,"100,0"
74560191,..
36480690,"87,5"
24787883,..
52048443,"100,0"
43277545,"94,6"
66095163,"86,7"
54004368,"100,0"
31975673,..
99864908,..
49868916,"100,0"
44412461,"100,0"
49576295,..
45293715,"98,5"
77712952,..
10433896,"92,3"
43154449,"100,0"
46379730,"100,0"
46986216,"95,7"
16720048,"100,0"
31380193,..
85485803,"100,0"
88429477,..
98696836,"100,0"
49739986,"92,3"
29225010,"93,8"
56886667,"99,1"
62394916,..
67908927,"95,8"
18072172,..
11341077,"100,0"
77797484,"98,2"
80785976,"100,0"
21532545,"100,0"
51023367,..
43649848,"95,0"
74316305,"100,0"
84098842,"92,3"
17062663,"100,0"
71069359,"100,0"
48304166,"100,0"
92009807,"100,0"
93221031,"100,0"
17474377,"100,0"
55795961,..
84947634,"95,2"
68564903,"100,0"
18208087,"94,1"
41416934,"100,0"
21866405,"96,4"
25624692,..
25356960,"98,3"
98132436,..
40386043,"100,0"
44240250,"100,0"
75082798,"83,3"
91333138,"100,0"
12154972,"92,9"
15077883,..
48434184,..
19647256,..
93939982,..
55155562,"85,7"
24008049,"100,0"
59734510,..
19586169,..
24273261,..
89888648,..
90003262,"100,0"
36782335,"100,0"
67279303,"100,0"
21648755,"95,5"
90267145,..
61880907,"88,0"
88556189,..
72127035,..
70969714,"100,0"
31843016,"91,7"
29097621,"95,8"
16313848,"93,8"
86327236,..
86310217,"92,9"
69241230,..
80327946,"100,0"
70923626,..
92905347,..
30329172,"100,0"
47046103,"94,4"
17173461,..
19560192,..
98053087,..
46660042,"100,0"
38917647,..
98369689,"93,3"
17849518,..
40667807,..
69629086,"100,0"
31657916,..
46241804,"100,0"
29032715,"94,4"
19909435,..
85800840,"100,0"
39583059,"97,6"
38645259,..
39805497,"100,0"
83829189,"100,0"
84247499,"91,8"
97064126,..
48722826,"100,0"
71571158,"100,0"
73567152,"100,0"
84286698,"100,0"
23350817,..
87262566,"89,7"
56947954,"100,0"
72022487,"100,0"
70969556,..
86724994,"100,0"
39302565,"100,0"
61432781,"91,7"
14057258,..
81551726,..
52634142,"100,0"
76195214,..
70137084,"94,4"
92651253,..
26167236,..
28848709,"100,0"
49168016,"100,0"
28770304,"91,9"
17119840,"100,0"
61823258,..
86762103,..
76007769,"100,0"
88894245,..
47884009,..
75340089,..
36670439,"91,7"
72891848,..
83805032,"100,0"
31255918,"100,0"
35035671,"100,0"
53180719,..
17062663,"100,0"
88750078,"92,3"
85459854,"100,0"
61229217,..
93503103,"100,0"
14292382,..
87859089,..
16493131,"100,0"
48304166,"100,0"
27964873,"91,3"
30706655,..
78690637,..
24653673,"100,0"
87303004,"100,0"
97835550,..
22446331,"100,0"
40575001,"91,7"
76903284,"92,9"
81997762,..
42060237,..
89816391,"100,0"
38236800,..
85054102,"100,0"
87274273,"100,0"
16501673,..
26298615,"100,0"
50104466,..
59386837,"100,0"
73217812,..
16931486,..
13084253,"84,6"
82888663,"90,9"
11275959,"100,0"
27993549,"100,0"
90312942,"100,0"
19839859,..
29159460,..
43601850,..
14586562,..
74322969,"100,0"
90260899,"100,0"
31057219,"100,0"
27079521,..
34381901,"100,0"
95368476,..
84329061,..
71969230,..
91048178,..
10373112,..
65265211,..
19930101,"94,7"
33657492,..
53923398,"100,0"
69865450,..
37316242,..
20173336,..
49872493,..
39147056,"94,4"
85788659,"92,3"
95340745,..
59521477,..
54467211,"100,0"
82251333,..
63931325,"100,0"
75374280,"100,0"
46148350,..
50133877,"83,3"
90240730,"97,7"
84908877,..
34002355,"100,0"
18217765,..
92009807,"90,6"
90685868,..
56084099,"100,0"
39341381,..
29209307,"100,0"
92816527,"100,0"
15149235,..
77379848,..
34421265,"95,5"
18691102,..
70302356,"100,0"
24349146,"100,0"
83605345,..
47692481,..
85188855,..
85473846,"100,0"
98781765,"96,8"
56187883,..
51023367,..
52690153,..
93221031,"100,0"
61004230,..
71262305,..
68564903,"100,0"
89982804,"100,0"
74434644,"92,3"
18425335,"94,9"
23424275,..
34153869,..
75082798,"100,0"
27030026,"100,0"
15077883,..
39911065,..
56737496,"100,0"
87756916,"80,0"
19586169,..
24273261,..
59455288,"84,6"
25679488,"100,0"
35063170,..
36782335,"100,0"
37906565,..
21648755,"82,6"
49616977,"92,3"
72998905,..
69481650,"95,5"
12994441,..
30086854,"100,0"
38684438,"100,0"
73147554,"100,0"
35006050,"88,9"
10638939,..
71922787,..
44341171,"84,6"
32671805,..
79606767,"100,0"
11294673,..
86327236,"100,0"
28398531,"100,0"
54172830,"100,0"
56330385,"94,4"
42859669,"84,6"
92905347,..
47550455,"100,0"
17173461,..
98053087,"96,3"
92858957,"100,0"
44113417,"100,0"
18881773,..
94570025,"100,0"
54606928,"81,3"
42573391,..
97270136,..
30530571,..
40829056,..
38645259,..
87207941,..
11673760,"100,0"
38400227,"92,9"
27041885,"100,0"
97064126,..
67554405,"100,0"
86473502,..
98239050,"100,0"
94455820,..
78872213,"100,0"
23350817,..
87262566,..
41844601,"100,0"
23457902,.
57397381,"94,7"
72022487,..
28248021,..
44417214,"95,8"
49488344,"100,0"
14102256,"100,0"
43313366,"100,0"
37550979,..
76195214,"96,3"
60214465,"100,0"
11102578,"100,0"
84098842,"93,8"
63035915,"91,7"
26324896,"100,0"
50821167,..
77609073,"100,0"
68748767,..
25596917,"94,1"
20984584,..
25648215,"100,0"
11608031,..
86762103,..
68381790,"100,0"
16956086,..
22220001,..
15100079,..
16702464,..
72891848,..
69471748,"100,0"
99976753,..
14278480,"94,1"
51955293,"100,0"
12130801,..
53180719,..
68741484,"95,0"
41555549,..
75324351,..
28025244,..
40338843,..
16493131,"100,0"
48304166,"100,0"
24982097,..
68597767,..
30706655,..
78690637,"82,6"
87303004,..
14504503,..
77544055,"96,4"
76903284,..
15870428,"100,0"
81997762,..
42060237,..
14448619,..
27023528,"100,0"
33132452,"100,0"
56942970,..
97510495,"100,0"
15278518,"97,8"
38236800,..
24759907,"82,4"
16501673,"92,9"
79845033,..
41099519,"100,0"
59386837,..
55825382,..
59942080,..
90312942,..
14586562,..
27079521,..
34381901,..
96414537,..
14853321,"100,0"
86488203,"100,0"
92818240,"100,0"
71969230,..
76942525,..
50424828,"85,0"
12075195,"100,0"
65265211,..
33657492,"81,8"
61175914,..
57668673,..
69040241,"100,0"
53923398,"100,0"
47844862,"100,0"
69865450,"100,0"
90509211,"97,0"
37316242,..
50393060,..
85788659,..
54599691,"100,0"
27106031,"100,0"
63931325,..
57391913,"100,0"
46148350,..
96920524,..
70803636,"100,0"
23797825,"100,0"
90685868,"100,0"
80711021,"97,9"
39341381,..
31380193,..
25847233,"100,0"
16848652,..
36886750,"91,7"
67058407,"100,0"
98696836,"100,0"
64648566,"100,0"
83605345,..
15933512,"100,0"
47692481,"100,0"
85188855,..
85473846,"100,0"
53279140,"100,0"
51023367,..
52690153,..
17474377,..
18425335,"95,6"
19150273,"100,0"
64284020,..
23555409,..
73255276,..
58724424,..
31429031,..
87756916,"95,7"
59734510,..
19586169,..
31279294,..
11111710,"100,0"
90551279,"100,0"
69686851,"100,0"
59396229,"98,5"
85068812,..
36444853,"93,1"
65752105,..
10638939,..
88556189,..
44653962,"100,0"
87764775,"90,9"
66335258,"100,0"
44392995,"100,0"
80327946,..
42859669,..
92905347,..
19560192,..
56529916,..
12279302,"94,7"
17849518,..
77688926,"100,0"
37358234,"78,6"
42573391,..
97270136,"100,0"
30530571,..
96024712,"100,0"
40829056,..
39583059,"97,4"
46145886,..
48722826,..
97596286,"95,7"
67554405,"100,0"
86473502,..
64569393,"94,4"
87262566,..
23457902,..
44417214,..
86158933,"100,0"
36072799,"96,2"
81551726,..
76195214,..
23306658,..
17944628,"100,0"
26167236,"94,1"
64648904,"100,0"
53896162,"100,0"
11185244,"78,3"
69063711,..
35894996,"100,0"
68748767,"100,0"
20984584,..
31155312,"91,7"
61823258,"100,0"
79994304,..
11608031,..
67752682,"100,0"
91812793,"100,0"
14355031,"100,0"
72891848,..
25745773,..
14278480,"100,0"
28023078,"100,0"
13963517,..
51736304,..
53180719,"100,0"
72421673,"100,0"
41878314,..
18711877,..
90990441,..
42911621,..
26508763,"100,0"
14504503,..
81997762,..
34222422,..
84230226,..
94167577,..
33132452,..
63943560,"100,0"
85516596,"96,5"
38236800,..
59026584,"94,9"
65666808,"95,5"
80357110,"91,3"
16501673,..
73217812,"96,4"
36769815,"100,0"
65034473,..
29159460,..
14586562,..
95368476,..
86488203,..
25156286,"100,0"
71969230,..
91048178,..
76942525,..
50424828,..
60727136,..
45132264,"100,0"
73316818,"100,0"
91905819,"100,0"
36480690,"100,0"
24787883,"93,8"
69865450,..
31112935,"100,0"
49872493,..
92442684,..
82251333,..
84908877,..
24277564,..
96152872,..
44738639,"100,0"
96194948,"95,5"
25955541,"100,0"
90685868,..
80711021,"100,0"
31380193,..
90290154,..
92816527,"100,0"
98696836,..
64648566,..
18691102,..
15933512,"97,6"
47692481,..
85188855,..
85473846,"100,0"
53279140,..
80785976,..
56187883,"94,4"
71262305,..
19464342,..
23424275,"86,7"
88573795,"100,0"
73255276,"100,0"
58724424,..
31429031,"94,4"
25679488,..
36782335,..
21648755,"100,0"
69481650,"100,0"
95165649,"97,2"
12994441,.
10638939,..
44341171,"87,5"
32671805,..
28398531,"100,0"
80327946,"100,0"
70923626,..
47550455,"100,0"
38167912,..
80686587,"100,0"
62439199,"100,0"
19741742,"100,0"
30530571,..
11673760,"100,0"
38400227,"100,0"
83829189,..
97064126,..
62104139,"100,0"
41844601,"100,0"
70969556,..
44417214,..
14102256,"100,0"
54839753,..
26167236,"100,0"
63035915,"100,0"
77609073,"100,0"
68748767,"100,0"
20984584,..
11608031,..
68381790,"100,0"
75340089,..
91812793,"100,0"
72891848,..
22426680,"84,6"
53180719,..
60424371,"100,0"
41555549,..
78690637,"100,0"
87303004,..
26508763,"100,0"
76903284,"100,0"
81997762,"100,0"
14448619,..
27023528,"100,0"
38236800,..
30677562,"94,2"
55825382,..
92949043,"100,0"
84329061,..
91048178,..
76942525,..
16496466,..
69865450,..
37316242,"100,0"
28646435,"96,0"
92442684,"100,0"
84908877,..
14799321,..
56041699,..
80711021,"95,5"
15149235,..
15791044,..
15933512,"100,0"
47692481,..
85188855,..
53279140,"100,0"
68229719,..
65192707,"96,2"
30538202,"89,3"
40386043,"83,3"
34153869,..
51138448,..
25720752,"100,0"
31533003,"100,0"
36782335,..
54965510,"100,0"
69983740,..
70066748,"94,7"
68734112,..
53462953,..
30468157,..
96684210,"93,8"
40766349,..
31199511,..
11102578,..
17944628,"89,5"
75939593,"96,0"
56639389,"100,0"
69063711,..
65722876,"100,0"
31822012,"83,3"
58544422,"100,0"
12130801,..
78690637,"100,0"
30279258,"95,8"
26996566,..
94167577,..
41938272,"100,0"
49068301,..
88839172,"100,0"
88955893,"96,6"
42775003,"100,0"
32071849,..
90076461,"91,7"
31486865,..
63993414,..
32995170,"100,0"
32550660,"100,0"
49868916,..
74919147,..
36355200,..
88025221,"100,0"
46986216,"94,7"
65392939,..
56886667,"100,0"
77797484,"100,0"
47559319,..
93221031,..
71262305,..
97870412,"100,0"
18208087,..
83474173,..
88445871,..
64284020,"100,0"
98132436,..
88259298,..
17846181,..
16950252,"76,9"
48434184,..
56421429,..
17008320,..
56737496,..
55155562,..
95683850,"100,0"
35063170,.
67279303,"100,0"
90267145,..
16819383,"93,3"
53660780,"100,0"
51321260,"100,0"
58502307,"100,0"
70969714,..
81993306,"100,0"
16313848,..
54172830,..
86385479,..
92905347,..
47550455,"100,0"
20620556,..
17173461,..
46660042,..
46162400,"100,0"
18091973,..
19909435,"100,0"
30530571,..
38645259,..
39805497,..
83829189,"100,0"
48722826,..
60209222,"100,0"
84286698,..
87262566,..
56947954,"100,0"
72022487,"100,0"
74316305,..
72109637,..
81551726,..
82002016,..
23306658,"100,0"
69306209,"86,7"
12954099,..
26167236,..
66824652,..
49168016,..
92814975,..
25648215,..
13006857,..
16956086,..
47884009,.
55421481,..
16702464,..
32887559,"100,0"
15609112,..
39199869,..
88750078,..
41555549,..
81876614,..
67071618,"100,0"
75324351,..
58929357,"100,0"
93503103,"100,0"
17184072,..
77440824,..
16493131,"100,0"
41119610,"100,0"
97835550,..
42911621,"91,7"
75027822,"100,0"
21850904,"100,0"
12546590,"100,0"
18451445,..
59386837,..
16931486,..
70132092,..
66273269,"92,9"
37912396,..
90312942,..
19839859,..
67628478,..
86351879,"100,0"
69302313,..
31057219,..
64579522,..
34381901,"100,0"
96414537,..
95368476,..
31537066,..
84329061,"100,0"
65265211,..
71938440,"100,0"
33657492,..
27859889,"100,0"
69865450,..
49872493,..
95340745,..
59521477,..
54467211,"100,0"
59463950,"100,0"
75374280,..
46148350,..
60919765,..
96152872,"90,9"
68824244,..
56084099,..
39341381,..
94975733,..
56802300,..
77379848,..
13981977,..
34421265,..
23175129,..
18691102,..
47692481,..
20768651,..
98781765,..
95069937,"100,0"
42218661,.
16554575,.
19912478,.
30086854,.
26627862,.
98052678,.
61826221,.
54395430,.
80686587,.
46574937,.
98239050,.
56021320,.
31199511,.
56639389,.
78986228,.
30361243,.
50906954,.
65674821,.
26671095,.
25525759,.
77632411,.
89693952,.
30615080,.
32550660,.
77712952,.
92805465,.
65421426,.
82814120,"100,0"
13006857,..
21567982,..
49379603,..
80167319,..
88534520,"96,9"
82814120,"100,0"
39936461,"100,0"
59734510,..
59455288,..
82163292,"98,1"
88163512,"97,0"
31279294,..
36782335,"100,0"
69686851,"100,0"
95165649,"100,0"
35236491,"98,4"
50696507,"100,0"
38448056,"100,0"
83085136,"100,0"
85544331,"100,0"
19560192,..
21363125,..
78659008,"97,2"
18091973,"94,7"
88624631,"100,0"
35390185,..
40829056,..
65662401,"98,2"
75344502,"100,0"
32580162,"100,0"
61547652,"97,9"
62490359,"100,0"
64725297,"89,7"
43362941,"91,3"
23457902,..
27597104,"91,3"
77823650,"100,0"
52634142,"100,0"
32705515,"94,7"
23306658,"100,0"
26167236,..
11185244,"100,0"
56211717,"95,0"
32042066,..
92814975,"100,0"
20984584,..
61823258,..
39178171,"96,6"
25745773,"95,6"
43284031,"100,0"
26267406,..
53180719,..
56267421,"100,0"
34990065,"98,2"
32003298,"100,0"
42517257,"96,9"
86896907,"93,5"
14292382,"97,7"
54764253,"100,0"
97104132,"100,0"
46332927,"100,0"
86319615,"87,5"
22446331,"100,0"
76903284,..
34222422,..
98815582,"96,0"
59026584,"96,7"
52333875,"97,7"
92489953,"92,6"
82888663,"100,0"
11275959,"96,9"
50615280,"100,0"
19035583,"100,0"
80280597,..
89630851,..
14586562,..
65234368,"100,0"
76942525,..
25698509,"100,0"
16496466,..
65265211,..
61175914,..
63451147,"100,0"
31112935,"100,0"
20173336,"100,0"
38544187,"100,0"
23517683,"94,7"
88956420,..
14677676,"100,0"
98032567,..
25955541,"100,0"
24501884,"100,0"
25847233,"100,0"
34421265,"100,0"
33249781,"95,2"
64693272,..
61004230,"95,8"
71262305,..
55795961,..
84947634,..
48009865,"95,0"
18208087,"91,7"
19464342,..
60743463,..
32960825,"95,7"
91748148,"100,0"
42022406,..
65192707,"98,4"
43634528,"100,0"
53400472,"92,9"
97758137,"95,2"
26334561,"97,6"
40386043,"100,0"
59483268,"90,0"
21663998,"98,9"
20595770,"100,0"
45164827,"95,5"
34153869,"100,0"
17846181,..
75082798,"100,0"
34637764,"95,8"
48434184,"100,0"
95684185,"100,0"
17008320,"100,0"
25720752,"96,3"
55155562,"92,3"
23164911,"98,7"
19981611,..
19586169,..
24273261,..
59455288,..
25677996,"100,0"
35063170,"100,0"
31279294,..
36782335,"95,9"
23897040,..
20666515,"100,0"
54965510,"100,0"
84835666,"92,9"
64740897,..
78979604,..
85068812,..
78397312,"100,0"
89837629,"96,9"
12994441,"100,0"
88774402,"100,0"
75141151,..
84306392,"99,4"
26627862,"100,0"
72517762,..
38684438,"100,0"
35647481,"98,6"
69983740,"100,0"
66491596,"100,0"
12052268,"92,6"
71597051,"100,0"
40690520,"100,0"
21505555,"100,0"
70066748,"97,5"
19207279,"100,0"
53640774,"100,0"
72127035,"100,0"
74148070,"100,0"
19051089,"100,0"
98052678,"100,0"
16313848,"100,0"
11294673,"100,0"
86327236,..
83137205,"100,0"
54172830,"100,0"
65136104,..
56330385,..
20228162,"100,0"
53462953,"100,0"
60730660,"100,0"
82592568,"100,0"
78875918,"98,4"
86385479,..
49862313,"100,0"
42859669,"100,0"
99592025,"100,0"
47550455,"100,0"
47046103,"90,9"
58125096,"100,0"
82914148,..
20620556,..
17173461,..
30468157,"100,0"
61528940,"98,3"
92858957,"100,0"
86296935,..
44113417,"100,0"
39555838,..
85214294,..
82084961,"91,9"
51210136,"100,0"
80686587,"93,1"
91984508,"97,1"
40667807,"100,0"
88466776,"100,0"
57942242,"100,0"
77688926,"100,0"
29032715,"93,1"
48931433,"100,0"
96024712,"98,6"
30458073,..
27115998,"100,0"
79516949,"100,0"
87207941,"90,9"
46574937,"99,2"
63791419,"100,0"
81619482,"100,0"
90006712,"100,0"
39149668,"100,0"
38233622,"100,0"
48722826,"95,5"
98239050,"100,0"
61547652,..
87034307,"98,8"
78872213,"100,0"
76860623,"100,0"
64160122,"100,0"
56947954,"100,0"
72022487,..
71512894,"100,0"
28248021,"100,0"
44417214,"93,3"
88776535,"97,7"
71043974,"98,9"
57777751,..
89807183,"98,0"
96818167,"100,0"
67300857,"100,0"
99279503,..
63653488,..
84476205,"100,0"
69240218,..
12934438,"99,3"
43313366,"100,0"
82002016,"100,0"
23306658,"100,0"
69306209,"100,0"
94090461,"100,0"
80931789,"98,0"
69807202,"100,0"
75939593,"100,0"
56639389,"100,0"
95700485,"100,0"
53896162,"98,4"
17779637,"89,5"
66824652,..
49168016,"100,0"
60873719,"94,3"
21938183,"100,0"
69063711,..
12926770,"95,2"
68748767,..
23548714,"88,2"
48593439,"81,3"
91773491,"76,9"
30361243,"96,1"
25596917,"100,0"
65722876,"100,0"
65381163,"92,0"
84424083,"100,0"
78231062,"100,0"
10481541,"100,0"
68381790,"100,0"
13006857,"100,0"
16956086,"100,0"
58187973,"100,0"
31870541,..
44672598,"100,0"
31822012,..
83161201,"100,0"
16702464,..
36252055,"100,0"
58907711,"100,0"
71541108,"100,0"
69471748,..
76485705,"98,2"
93239262,"100,0"
75575321,"94,6"
24194577,..
51955293,"100,0"
51736304,"100,0"
95785055,"100,0"
68655578,"100,0"
37054246,..
39199869,"100,0"
59655752,"91,7"
41555549,..
81876614,"100,0"
67071618,..
75324351,..
61229217,"100,0"
59575030,"100,0"
77440824,"100,0"
14292382,"100,0"
87859089,"100,0"
98908403,"100,0"
16493131,"100,0"
83272868,"100,0"
45552626,"94,3"
16748680,"100,0"
65674821,"100,0"
38048202,"100,0"
65320354,"100,0"
76903284,"94,7"
49141105,"92,3"
26996566,..
27704246,"98,3"
69747871,..
79346084,"100,0"
14448619,"100,0"
43565270,"95,7"
52791537,"100,0"
85819857,"100,0"
54117171,"100,0"
48120273,"95,5"
94167577,"76,0"
53903798,..
69650864,"100,0"
41938272,"94,1"
76054399,"97,0"
60142020,..
70811222,..
17911161,"90,5"
35084976,"100,0"
77632411,"100,0"
49068301,"93,8"
38195284,"100,0"
97510495,"100,0"
89461767,"94,1"
94717858,"100,0"
53760158,"100,0"
37802196,..
36288955,"100,0"
74812809,"100,0"
88839172,"97,9"
95618280,"92,2"
26326048,"100,0"
37839488,"96,2"
59796774,..
75600007,"100,0"
73812226,"97,1"
82964090,"99,4"
24339566,"97,9"
65458415,..
52333875,"100,0"
69543519,"96,2"
24759907,"76,0"
31315191,"88,5"
56670842,"100,0"
48555205,"87,5"
31313926,..
30312720,"100,0"
32116280,..
53175499,"100,0"
52153758,"100,0"
22116645,"98,0"
30167976,"100,0"
50104466,..
28004794,..
32071849,"100,0"
41099519,"91,7"
59386837,..
21382451,"96,8"
43873969,"100,0"
24993048,"87,5"
66273269,..
11275959,"100,0"
58518163,..
37912396,"100,0"
45593337,"85,7"
10226870,"100,0"
32057701,"100,0"
30615080,"84,0"
70543431,..
23476801,..
86351879,"100,0"
74322969,..
90260899,..
31057219,"100,0"
27079521,"100,0"
64579522,..
34381901,"100,0"
55150847,"94,3"
53069733,"100,0"
99394620,"100,0"
76448076,"95,2"
84329061,"100,0"
82718660,..
31486865,"100,0"
97265732,"100,0"
61720981,"100,0"
98651664,"98,7"
33657492,"100,0"
37078868,..
16130958,"100,0"
77713695,"100,0"
16218090,"100,0"
23544320,"100,0"
49136871,..
20855811,"93,3"
53923398,"88,0"
74560191,..
47844862,"100,0"
72984079,"100,0"
52048443,..
61674097,..
32550660,"99,2"
93488613,..
45600034,..
59599256,"98,9"
26957025,"99,3"
90509211,..
11953769,.
50393060,..
95340745,..
54004368,"100,0"
31975673,"100,0"
82251333,"100,0"
63931325,..
57391913,"95,2"
46148350,"88,9"
50133877,"100,0"
74919147,"100,0"
24277564,..
44412461,"99,3"
18217765,"98,0"
49576295,"100,0"
49170638,"100,0"
25379974,..
88025221,"99,3"
18042101,"93,8"
56041699,..
70955448,"100,0"
46707989,"95,5"
61176909,"100,0"
21778322,"100,0"
62612992,"89,7"
94975733,"100,0"
56802300,..
15149235,"100,0"
13981977,..
67058407,"76,5"
15791044,"100,0"
64908550,"100,0"
77358716,"100,0"
92192566,..
56886667,"100,0"
65421426,"95,1"
62394916,..
72071234,"100,0"
64693272,..
65833454,"100,0"
34988313,"97,8"
38880984,"98,1"
18686599,"100,0"
47559319,"90,9"
20752831,"75,0"
51023367,..
34739511,"100,0"
52690153,..
61004230,..
19464342,..
43609520,..
83474173,"100,0"
91487291,..
88445871,"100,0"
23424275,"100,0"
40386043,..
33685428,..
75082798,..
34637764,"100,0"
15077883,..
19647256,"100,0"
16361868,..
19586169,..
25679488,"100,0"
31279294,..
36782335,..
90551279,"100,0"
93062368,..
15414001,"96,4"
38311488,"100,0"
74148070,..
32671805,"100,0"
79606767,..
65136104,..
80327946,"97,6"
86385479,..
70923626,..
47550455,..
20620556,..
19560192,..
46660042,..
40810950,"92,6"
17849518,..
66132676,"96,2"
19741742,..
97270136,"100,0"
30530571,"100,0"
11673760,"90,0"
38400227,"92,3"
60209222,"100,0"
23350817,..
87262566,..
41844601,"100,0"
57397381,"100,0"
72022487,..
44417214,"100,0"
86158933,"100,0"
78287294,"100,0"
32705515,"100,0"
23306658,..
31740319,"100,0"
63035915,"90,6"
50821167,..
92814975,..
68748767,..
20984584,..
11608031,"100,0"
76007769,"100,0"
88894245,..
47884009,"100,0"
75340089,..
31796890,..
69471748,"95,2"
60424371,"90,5"
37054246,..
18711877,..
28025244,..
16493131,..
48304166,..
68597767,..
38048202,..
40575001,..
12496135,..
42060237,..
56653353,"100,0"
31998226,..
24397215,"97,7"
30677562,"100,0"
79845033,..
21627442,"100,0"
16931486,..
19306558,..
37912396,..
29159460,..
89630851,"84,6"
69302313,..
27079521,..
14853321,..
92949043,"100,0"
71969230,..
61720981,..
16496466,..
62300682,"100,0"
61175914,..
61197669,..
37316242,"100,0"
54599691,.
27106031,..
63931325,..
57391913,"100,0"
70803636,"100,0"
14799321,"100,0"
16720048,"100,0"
31380193,..
92816527,..
15149235,..
82160887,..
15933512,"100,0"
12198363,..
18072172,..
85188855,..
39528347,..
53279140,..
56187883,..
51023367,..
68229719,"100,0"
71262305,"100,0"
55795961,..
84947634,..
48009865,"100,0"
82840198,"100,0"
19464342,..
60743463,..
97968599,"96,8"
42218661,..
74434644,"90,9"
36263479,"98,7"
19150273,"90,9"
53400472,..
97758137,..
26334561,"95,5"
40386043,"95,7"
59483268,"94,7"
32879845,"100,0"
88573795,..
20595770,"96,3"
82814120,"100,0"
45164827,"100,0"
10924758,"93,8"
34153869,"100,0"
17846181,..
75082798,"100,0"
23555409,"98,3"
72266906,"96,2"
34637764,..
19912478,"98,4"
15077883,"100,0"
48434184,"89,5"
51138448,"90,9"
93939982,"100,0"
25720752,"97,0"
55155562,"85,2"
31533003,"100,0"
16361868,.
19981611,..
19586169,"92,9"
24273261,"100,0"
59455288,..
25679488,"100,0"
35063170,..
31279294,..
36782335,"100,0"
20666515,"100,0"
21648755,"98,8"
11111710,..
49616977,"100,0"
54965510,"96,9"
54164490,"96,0"
20319353,"74,4"
92194545,"100,0"
64740897,..
78979604,..
85068812,..
78397312,"98,4"
36444853,"81,5"
89837629,"79,5"
12994441,"94,1"
88774402,"98,3"
75141151,"94,3"
28627819,"94,2"
26627862,"94,1"
48847282,"91,1"
72517762,..
38684438,"98,0"
31251822,"96,2"
90099336,..
69983740,"100,0"
12052268,"91,7"
71597051,"100,0"
40690520,"100,0"
97382366,"88,0"
10638939,..
21052710,"100,0"
88834120,"94,7"
19207279,"100,0"
53640774,"95,7"
72127035,"100,0"
68734112,"96,9"
92507006,"98,6"
44653962,"100,0"
50198492,"96,5"
16313848,"86,2"
11294673,"100,0"
86327236,..
41745951,"100,0"
83137205,"83,3"
28398531,..
66335258,"100,0"
54172830,"85,0"
75458014,"94,1"
65136104,..
56330385,"93,8"
20228162,"100,0"
53462953,"92,0"
60730660,"100,0"
82592568,"100,0"
86385479,..
49862313,"96,0"
99838438,..
42859669,"84,2"
99592025,"100,0"
34247736,"100,0"
76877530,..
47046103,..
58125096,"84,6"
82914148,..
20620556,"100,0"
17173461,..
30468157,"93,5"
66861851,"98,4"
92858957,"94,9"
44113417,"100,0"
67783774,..
39555838,..
85214294,..
82084961,"100,0"
73829818,"100,0"
18881773,..
78295411,"91,0"
12279302,"86,4"
50500028,"92,9"
18091973,"100,0"
88466776,"100,0"
40634612,"91,7"
37358234,"92,3"
21008461,"98,3"
53893730,"94,5"
42573391,..
64574972,"95,8"
45830583,..
48931433,"98,0"
30530571,"98,1"
78839208,"100,0"
30458073,.
68920727,"100,0"
27115998,"89,3"
79516949,"100,0"
96684210,"97,6"
87207941,"96,2"
23836342,"87,2"
12395564,"100,0"
39149668,"100,0"
48722826,"94,4"
40766349,"100,0"
67554405,"100,0"
73944169,"100,0"
94455820,..
62104139,"90,4"
78872213,"100,0"
58191646,"98,9"
63179610,"82,6"
64569393,"100,0"
48217580,"96,4"
57397381,"94,6"
72022487,"100,0"
71512894,"100,0"
28248021,"91,7"
44417214,"100,0"
25025681,"92,7"
71043974,"93,5"
57777751,..
61161774,"95,4"
75914181,"91,7"
99279503,"81,3"
63653488,..
25392789,"97,4"
69240218,"88,9"
38460895,"88,9"
31199511,"100,0"
43313366,"100,0"
37550979,..
70137084,"96,2"
23306658,"100,0"
11102578,"97,3"
17944628,"93,8"
94090461,"100,0"
64648904,"100,0"
75939593,"96,2"
26324896,"100,0"
56639389,"98,3"
95700485,"95,0"
53896162,"96,5"
17779637,"100,0"
71929526,..
60873719,"100,0"
28085125,"100,0"
21938183,"95,2"
69063711,..
77609073,..
35894996,"81,0"
12926770,"94,1"
68748767,"75,0"
23548714,"85,0"
48593439,"88,5"
91773491,"92,0"
30361243,"97,3"
25596917,"98,2"
65722876,"96,2"
65381163,"94,6"
31155312,"57,6"
84424083,"98,6"
78231062,"100,0"
10481541,"95,8"
68381790,"100,0"
13006857,"100,0"
16956086,"100,0"
58187973,..
31870541,"100,0"
44672598,"100,0"
31822012,"100,0"
99356671,..
16702464,..
29449669,"100,0"
62855448,"92,0"
91812793,"98,9"
58907711,"100,0"
68285560,"100,0"
58544422,"97,6"
69471748,"91,7"
49750031,"98,0"
93239262,"100,0"
75575321,"100,0"
28023078,"93,8"
24194577,..
57690933,"98,5"
12130801,"95,5"
95785055,"100,0"
68741484,"94,4"
37054246,"100,0"
72421673,"100,0"
15763669,..
59655752,"100,0"
41555549,"100,0"
85459854,"97,9"
67071618,..
75324351,..
61229217,"100,0"
18617410,"82,8"
40338843,"100,0"
14292382,"100,0"
87859089,"100,0"
98908403,"90,5"
16493131,"96,6"
83272868,"100,0"
11526364,"94,1"
45552626,"100,0"
16748680,"100,0"
92332557,"76,5"
78690637,"91,9"
30279258,"98,8"
76903284,"88,5"
49141105,"96,0"
18974693,"99,2"
26996566,..
69747871,..
31151740,"100,0"
79346084,"90,9"
89816391,"100,0"
43565270,"92,1"
77176811,"97,4"
52791537,"100,0"
52942981,"94,1"
48120273,"96,4"
94167577,"80,8"
27023528,"81,3"
53903798,"73,7"
97770837,"95,6"
69650864,"100,0"
59581397,"100,0"
41938272,"97,7"
29423248,"98,8"
33132452,"97,1"
70811222,..
17911161,"74,3"
35084976,..
77632411,"100,0"
49068301,"89,5"
59898194,"100,0"
38195284,"94,3"
97510495,"98,1"
89461767,"100,0"
94717858,"96,6"
36288955,"100,0"
74812809,"100,0"
88839172,"100,0"
48412612,"95,7"
75075402,"93,4"
26326048,"86,4"
37839488,"92,7"
59796774,..
17675502,..
75600007,"91,9"
73812226,"95,0"
88955893,"100,0"
63943560,"87,5"
85516596,"94,1"
16784385,"92,6"
89963319,..
24339566,"96,6"
65458415,..
95154882,..
28519815,"100,0"
69543519,..
24759907,"85,5"
31315191,"93,8"
42775003,"100,0"
48555205,"98,4"
32116280,..
57143976,"97,4"
53175499,..
64388538,"100,0"
52153758,"100,0"
22116645,..
99755443,"100,0"
30167976,..
50104466,..
28004794,..
32071849,"100,0"
79845033,"100,0"
41099519,"95,5"
59386837,..
21382451,"96,8"
36769815,..
43873969,"96,4"
35301145,"90,0"
59942080,"92,9"
66273269,"100,0"
11275959,..
58518163,"92,3"
37912396,"100,0"
45593337,"94,1"
19839859,..
30615080,"76,3"
25178582,"100,0"
23476801,..
56041144,"97,6"
74322969,"100,0"
90260899,"78,9"
31057219,"100,0"
27079521,"100,0"
64579522,"100,0"
34381901,"95,2"
55150847,..
90076461,"94,6"
53069733,"92,3"
95368476,"95,9"
76448076,.
86488203,"98,2"
25156286,"100,0"
28081446,"100,0"
92949043,"100,0"
91048178,"93,3"
82718660,..
12399380,..
31486865,"98,9"
97265732,"98,1"
61720981,"100,0"
50424828,..
47393891,"92,0"
48414975,"100,0"
47108751,..
33657492,"100,0"
82195565,"100,0"
77713695,"100,0"
64667996,"97,2"
23544320,"100,0"
69040241,..
63993414,..
20855811,"94,1"
53923398,"93,0"
74560191,..
47844862,"95,0"
72984079,"72,7"
36480690,"89,5"
32995170,"91,3"
52048443,..
61674097,"96,2"
32550660,"100,0"
93488613,"86,7"
45600034,..
59599256,"99,0"
26957025,"98,9"
90509211,"100,0"
50393060,"95,7"
85788659,"84,6"
95340745,..
59521477,..
92442684,"100,0"
54599691,"100,0"
31975673,"100,0"
99864908,"97,0"
63931325,..
57391913,"100,0"
46148350,"100,0"
49868916,"100,0"
74919147,"92,3"
78389879,"92,3"
24277564,..
44412461,"98,4"
36355200,"100,0"
70803636,"98,2"
77712952,"92,5"
10433896,"97,3"
49170638,"88,9"
46379730,"95,8"
25379974,"90,9"
88025221,"98,8"
18042101,"100,0"
56041699,..
45111086,"100,0"
70955448,"98,5"
67924816,"99,1"
56084099,..
13960635,"98,7"
61176909,"100,0"
21778322,"91,7"
85485803,"93,2"
88429477,"97,7"
56802300,"100,0"
15149235,"94,1"
24538846,"100,0"
67058407,"77,8"
15791044,"100,0"
65392939,"95,9"
77358716,"100,0"
49739986,"87,5"
92192566,"93,9"
56886667,"99,0"
64648566,"92,9"
65421426,"93,9"
62394916,"100,0"
72071234,"100,0"
15933512,"97,1"
64693272,..
18072172,..
65833454,..
28045567,"98,8"
18686599,"100,0"
93779220,"98,2"
80785976,"92,9"
47559319,"90,9"
56187883,"100,0"
20752831,"80,8"
51023367,..
52690153,..
36782335,..
96279444,"100,0"
19560192,..
31657916,..
85800840,"100,0"
20061769,"100,0"
77358716,"100,0"
18345915,"100,0"
71262305,"100,0"
55795961,..
48009865,"100,0"
18208087,"87,5"
60743463,..
32960825,"100,0"
91748148,"96,3"
42022406,"78,9"
65192707,"98,0"
69018222,"85,7"
12889940,"98,1"
40386043,"100,0"
21663998,"100,0"
88259298,"90,0"
17846181,..
75082798,"100,0"
23555409,"100,0"
30341162,"100,0"
16950252,"100,0"
15077883,..
48434184,..
56421429,"100,0"
17008320,"100,0"
25720752,"100,0"
55155562,"100,0"
23164911,"100,0"
36680097,..
95683850,"100,0"
89888648,"97,9"
35063170,"91,7"
31279294,..
36782335,"100,0"
23897040,..
37906565,..
90551279,"95,1"
69686851,..
85068812,..
16819383,"91,7"
89837629,"94,4"
72517762,.
79094701,"100,0"
66491596,"100,0"
12052268,"100,0"
53231578,"98,5"
96279444,"94,5"
40690520,"100,0"
35006050,"93,6"
21052710,"100,0"
58502307,"100,0"
97177328,"93,8"
70969714,"96,6"
81993306,"92,1"
47264019,"100,0"
16313848,"93,8"
86327236,..
28398531,"93,3"
79033948,"100,0"
68240485,"100,0"
78875918,"95,0"
86385479,..
49862313,..
99838438,"97,1"
42859669,"90,9"
99592025,"100,0"
47550455,"100,0"
58125096,"100,0"
30468157,"96,4"
72206824,"100,0"
92858957,"98,3"
44113417,"96,2"
39555838,..
82084961,"94,3"
46162400,"100,0"
67279263,"100,0"
18594470,"90,2"
40667807,..
88466776,..
40634612,..
14508922,"98,9"
29032715,"93,1"
19909435,"100,0"
96024712,"100,0"
27115998,"100,0"
41867682,"87,5"
79516949,"90,5"
46574937,"97,7"
39805497,"100,0"
81619482,"100,0"
90006712,..
39149668,..
48722826,"84,6"
53691739,"100,0"
43251309,"100,0"
87034307,"94,6"
78872213,..
80405898,"98,4"
51620045,"100,0"
86888278,..
56947954,"96,3"
72022487,"100,0"
71512894,"80,0"
28248021,..
44417214,"100,0"
88776535,"100,0"
71043974,"100,0"
89807183,"96,0"
39302565,"92,9"
79527481,"97,0"
69240218,..
86787111,"92,9"
77823650,..
82002016,"100,0"
97535124,"100,0"
69306209,"100,0"
12954099,"97,1"
90473340,"100,0"
51449748,"88,9"
12613085,"100,0"
53896162,"99,4"
66824652,"95,0"
49168016,"100,0"
60873719,"100,0"
69063711,..
77609073,..
52129378,"97,1"
65381163,"89,9"
68381790,..
13006857,"100,0"
16956086,"100,0"
31870541,"100,0"
44672598,"100,0"
83161201,"100,0"
16702464,..
29449669,"93,1"
36252055,"97,8"
14355031,"100,0"
53832505,"95,1"
69471748,..
43284031,"96,7"
26267406,..
51955293,"100,0"
51736304,"100,0"
44285075,..
68655578,"93,5"
37054246,..
39199869,"96,8"
88750078,"100,0"
41555549,"100,0"
81876614,"100,0"
67071618,"100,0"
75324351,..
59575030,"94,7"
77440824,"100,0"
51981332,"100,0"
87859089,..
98908403,"90,9"
16493131,"100,0"
11526364,"100,0"
38048202,"100,0"
26671095,"100,0"
65320354,"100,0"
76903284,"100,0"
15870428,"100,0"
26750052,"98,9"
12546590,"100,0"
54117171,"100,0"
94167577,"90,7"
27023528,"95,8"
17911161,"91,7"
35084976,..
49068301,"81,3"
94717858,"96,9"
46256929,"97,8"
73812226,"100,0"
15390992,"99,3"
63943560,"93,3"
78433202,"94,9"
31313926,"92,3"
30312720,"100,0"
32116280,"100,0"
57143976,"96,7"
93367005,"100,0"
50104466,..
79845033,"92,9"
41099519,..
59386837,..
17276047,"100,0"
48244956,"86,4"
13084253,"97,4"
58518163,..
27993549,"100,0"
37912396,..
45593337,"96,8"
67628478,"100,0"
37517404,..
25178582,"76,9"
86351879,..
74322969,..
90260899,..
31057219,"92,3"
27079521,"100,0"
64579522,..
53069733,"100,0"
99394620,"100,0"
31537066,"100,0"
21400668,"100,0"
84329061,"95,6"
91048178,"100,0"
31486865,"100,0"
97265732,"100,0"
61720981,"99,0"
82931004,..
28829503,"100,0"
33657492,"91,7"
33596572,"100,0"
57668673,"100,0"
20855811,"95,7"
53923398,"94,4"
72984079,"100,0"
36480690,"100,0"
52048443,"100,0"
50393060,"100,0"
95340745,..
59521477,..
66095163,"81,0"
54004368,"96,6"
31975673,"90,0"
59463950,"100,0"
63931325,..
75374280,"100,0"
46148350,..
50133877,"100,0"
44412461,"100,0"
18217765,"96,6"
66028861,"100,0"
10433896,"100,0"
43154449,"100,0"
68824244,"100,0"
43479922,"95,5"
28391147,"98,5"
62612992,"88,9"
94975733,..
56802300,..
15149235,..
13981977,..
67058407,..
15791044,..
65392939,"100,0"
29225010,"93,8"
24349146,"98,4"
83605345,..
64693272,..
18072172,..
20768651,"100,0"
28872974,"94,6"
80785976,..
21532545,..
20752831,"100,0"
34739511,"100,0"
68824244,..
68564903,"100,0"
88445871,"92,9"
98132436,"100,0"
59483268,..
12154972,"100,0"
59734510,..
59455288,..
89888648,..
36782335,..
20666515,..
90551279,"100,0"
93062368,..
90267145,..
16819383,..
51321260,"97,3"
88556189,..
31843016,..
87764775,..
16313848,..
65136104,..
69241230,..
80327946,"100,0"
86385479,..
42859669,"86,4"
92905347,"100,0"
30329172,..
19560192,..
82084961,"78,6"
73829818,"100,0"
14508922,..
19741742,..
19909435,"100,0"
85800840,..
39583059,"100,0"
38645259,..
38400227,"100,0"
86473502,..
73567152,"100,0"
23457902,..
72022487,..
44417214,..
86724994,..
78287294,..
81551726,..
76195214,..
82826083,"100,0"
26167236,..
63035915,"100,0"
17119840,"100,0"
20984584,..
25648215,..
68006362,"80,8"
86762103,..
58187973,..
88894245,..
22220001,..
72891848,..
48862305,"96,0"
26267406,..
53180719,..
15609112,"100,0"
62216381,..
85459854,"100,0"
41697930,"100,0"
78690637,..
97835550,..
42911621,"100,0"
42060237,..
14926020,"84,2"
31998226,..
79829846,"92,9"
41631104,..
16931486,..
19839859,..
43601850,..
96414537,..
99394620,..
84329061,"100,0"
65265211,..
61647360,..
45541222,"100,0"
91905819,..
54882637,..
72984079,"58,8"
69865450,..
49872493,..
54467211,"100,0"
82251333,..
34002355,"100,0"
10342448,..
60088179,"93,8"
90290154,"90,9"
18691102,..
24349146,"95,2"
47692481,..
18072172,..
29744774,..
32239920,..
68229719,"100,0"
84947634,..
68564903,"94,1"
82840198,..
32960825,"100,0"
83474173,"100,0"
74434644,"100,0"
93281974,"97,1"
23424275,..
19150273,..
26334561,"89,5"
59483268,..
73098153,"100,0"
17846181,..
75082798,..
34637764,"97,1"
15077883,..
48434184,..
88850910,"93,3"
25720752,"100,0"
31533003,..
31429031,"100,0"
19586169,..
95683850,"100,0"
59455288,..
25677996,..
36782335,"100,0"
37906565,..
90551279,"100,0"
90267145,..
72998905,"100,0"
96590873,"100,0"
88556189,"100,0"
72127035,..
85003442,"100,0"
44653962,"100,0"
87764775,..
48438396,"85,4"
32671805,..
16313848,"100,0"
11294673,..
66335258,..
78875918,"100,0"
78023197,"100,0"
70923626,..
92905347,..
34247736,"85,7"
38167912,"100,0"
19560192,..
46660042,"100,0"
85214294,..
40037982,"97,8"
12279302,"100,0"
40667807,..
80762863,"100,0"
31657916,..
64574972,"92,3"
48931433,"100,0"
96024712,..
40829056,..
38645259,..
11673760,"95,0"
63791419,"95,5"
46145886,..
27041885,"100,0"
97596286,"94,1"
67554405,"96,6"
86473502,..
84286698,..
76860623,"100,0"
57397381,"93,3"
72022487,"100,0"
28248021,..
44417214,..
14102256,"100,0"
75914181,"94,1"
99279503,"100,0"
76195214,"90,9"
21901328,"94,7"
23306658,..
31740319,"100,0"
69807202,"100,0"
63035915,"100,0"
32042066,"100,0"
92814975,..
35894996,"100,0"
20984584,..
25648215,"91,7"
68006362,"100,0"
13006857,"100,0"
16956086,"100,0"
71160225,..
75340089,..
36670439,"100,0"
22220001,..
99356671,"78,6"
16702464,..
72891848,..
71541108,"100,0"
28023078,"100,0"
13963517,..
51955293,"100,0"
12130801,..
53180719,"100,0"
68741484,..
31179045,"100,0"
41555549,..
18711877,"100,0"
75324351,..
70376604,"100,0"
14292382,..
16493131,"100,0"
48304166,..
65674821,"100,0"
38048202,"100,0"
87303004,"100,0"
97835550,..
26508763,"100,0"
14504503,..
16198647,"100,0"
12496135,..
76903284,"84,6"
68649663,"100,0"
81997762,..
42060237,..
53903798,"100,0"
97770837,"88,9"
33132452,"87,5"
59898194,..
95618280,"81,8"
65458415,..
16501673,..
59386837,..
16931486,..
32321364,"90,9"
27993549,..
37912396,..
90312942,"100,0"
19839859,..
29159460,..
43601850,..
14586562,..
69302313,"100,0"
31057219,"100,0"
64579522,..
34381901,..
96414537,..
31537066,"100,0"
84329061,"95,0"
71969230,..
61720981,"100,0"
50424828,"97,6"
65265211,..
97191332,"96,6"
33657492,..
17812651,"100,0"
22239675,"81,0"
59599256,"100,0"
49872493,..
11953769,..
50393060,..
95340745,..
92442684,"88,2"
54599691,"90,9"
54467211,..
99864908,"100,0"
63931325,..
46148350,..
49868916,"100,0"
84908877,..
24277564,..
36355200,"93,8"
77835341,"91,7"
77712952,"90,0"
56041699,"100,0"
90685868,"100,0"
60088179,"92,0"
21778322,"100,0"
90290154,..
25847233,"100,0"
16848652,..
56802300,..
77379848,..
67422309,..
15791044,..
65421426,"94,4"
12198363,..
47692481,..
64693272,..
89690587,"96,4"
87112995,"100,0"
51023367,..
52690153,..
38683336,"100,0"
